[0.313s] [34mcolcon[0m [1;30mDEBUG[0m [32mCommand line arguments: ['/usr/bin/colcon', 'build', '--cmake-args', '-DCMAKE_EXPORT_COMPILE_COMMANDS=ON'][0m
[0.314s] [34mcolcon[0m [1;30mDEBUG[0m [32mParsed command line arguments: Namespace(log_base=None, log_level=None, verb_name='build', build_base='build', install_base='install', merge_install=False, symlink_install=False, test_result_base=None, continue_on_error=False, executor='parallel', parallel_workers=8, event_handlers=None, ignore_user_meta=False, metas=['./colcon.meta'], base_paths=['.'], packages_ignore=None, packages_ignore_regex=None, paths=None, packages_up_to=None, packages_up_to_regex=None, packages_above=None, packages_above_and_dependencies=None, packages_above_depth=None, packages_select_by_dep=None, packages_skip_by_dep=None, packages_skip_up_to=None, packages_select_build_failed=False, packages_skip_build_finished=False, packages_select_test_failures=False, packages_skip_test_passed=False, packages_select=None, packages_skip=None, packages_select_regex=None, packages_skip_regex=None, packages_start=None, packages_end=None, allow_overriding=[], cmake_args=['-DCMAKE_EXPORT_COMPILE_COMMANDS=ON'], cmake_target=None, cmake_target_skip_unavailable=False, cmake_clean_cache=False, cmake_clean_first=False, cmake_force_configure=False, ament_cmake_args=None, catkin_cmake_args=None, catkin_skip_building_tests=False, mixin_files=None, mixin=None, verb_parser=<colcon_mixin.mixin.mixin_argument.MixinArgumentDecorator object at 0x77b5fe53b250>, verb_extension=<colcon_core.verb.build.BuildVerb object at 0x77b5fe690820>, main=<bound method BuildVerb.main of <colcon_core.verb.build.BuildVerb object at 0x77b5fe690820>>, mixin_verb=('build',))[0m
[0.440s] [34mcolcon.colcon_core.package_discovery[0m [1;30mLevel 1[0m discover_packages(colcon_meta) check parameters
[0.440s] [34mcolcon.colcon_core.package_discovery[0m [1;30mLevel 1[0m discover_packages(recursive) check parameters
[0.441s] [34mcolcon.colcon_core.package_discovery[0m [1;30mLevel 1[0m discover_packages(ignore) check parameters
[0.441s] [34mcolcon.colcon_core.package_discovery[0m [1;30mLevel 1[0m discover_packages(path) check parameters
[0.441s] [34mcolcon.colcon_core.package_discovery[0m [1;30mLevel 1[0m discover_packages(colcon_meta) discover
[0.441s] [34mcolcon.colcon_core.package_discovery[0m [1;30mLevel 1[0m discover_packages(recursive) discover
[0.441s] [34mcolcon.colcon_core.package_discovery[0m [1;30mINFO[0m Crawling recursively for packages in '/home/gadzz/vtol_ws'
[0.441s] [34mcolcon.colcon_core.package_identification[0m [1;30mLevel 1[0m _identify(.) by extensions ['ignore', 'ignore_ament_install']
[0.442s] [34mcolcon.colcon_core.package_identification[0m [1;30mLevel 1[0m _identify(.) by extension 'ignore'
[0.442s] [34mcolcon.colcon_core.package_identification[0m [1;30mLevel 1[0m _identify(.) by extension 'ignore_ament_install'
[0.442s] [34mcolcon.colcon_core.package_identification[0m [1;30mLevel 1[0m _identify(.) by extensions ['colcon_pkg']
[0.442s] [34mcolcon.colcon_core.package_identification[0m [1;30mLevel 1[0m _identify(.) by extension 'colcon_pkg'
[0.442s] [34mcolcon.colcon_core.package_identification[0m [1;30mLevel 1[0m _identify(.) by extensions ['colcon_meta']
[0.442s] [34mcolcon.colcon_core.package_identification[0m [1;30mLevel 1[0m _identify(.) by extension 'colcon_meta'
[0.442s] [34mcolcon.colcon_core.package_identification[0m [1;30mLevel 1[0m _identify(.) by extensions ['ros']
[0.442s] [34mcolcon.colcon_core.package_identification[0m [1;30mLevel 1[0m _identify(.) by extension 'ros'
[0.471s] [34mcolcon.colcon_core.package_identification[0m [1;30mLevel 1[0m _identify(.) by extensions ['cmake', 'python']
[0.472s] [34mcolcon.colcon_core.package_identification[0m [1;30mLevel 1[0m _identify(.) by extension 'cmake'
[0.472s] [34mcolcon.colcon_core.package_identification[0m [1;30mLevel 1[0m _identify(.) by extension 'python'
[0.472s] [34mcolcon.colcon_core.package_identification[0m [1;30mLevel 1[0m _identify(.) by extensions ['python_setup_py']
[0.472s] [34mcolcon.colcon_core.package_identification[0m [1;30mLevel 1[0m _identify(.) by extension 'python_setup_py'
[0.472s] [34mcolcon.colcon_core.package_identification[0m [1;30mLevel 1[0m _identify(build) by extensions ['ignore', 'ignore_ament_install']
[0.472s] [34mcolcon.colcon_core.package_identification[0m [1;30mLevel 1[0m _identify(build) by extension 'ignore'
[0.472s] [34mcolcon.colcon_core.package_identification[0m [1;30mLevel 1[0m _identify(build) ignored
[0.472s] [34mcolcon.colcon_core.package_identification[0m [1;30mLevel 1[0m _identify(install) by extensions ['ignore', 'ignore_ament_install']
[0.473s] [34mcolcon.colcon_core.package_identification[0m [1;30mLevel 1[0m _identify(install) by extension 'ignore'
[0.473s] [34mcolcon.colcon_core.package_identification[0m [1;30mLevel 1[0m _identify(install) ignored
[0.473s] [34mcolcon.colcon_core.package_identification[0m [1;30mLevel 1[0m _identify(log) by extensions ['ignore', 'ignore_ament_install']
[0.473s] [34mcolcon.colcon_core.package_identification[0m [1;30mLevel 1[0m _identify(log) by extension 'ignore'
[0.473s] [34mcolcon.colcon_core.package_identification[0m [1;30mLevel 1[0m _identify(log) ignored
[0.473s] [34mcolcon.colcon_core.package_identification[0m [1;30mLevel 1[0m _identify(logs) by extensions ['ignore', 'ignore_ament_install']
[0.473s] [34mcolcon.colcon_core.package_identification[0m [1;30mLevel 1[0m _identify(logs) by extension 'ignore'
[0.473s] [34mcolcon.colcon_core.package_identification[0m [1;30mLevel 1[0m _identify(logs) by extension 'ignore_ament_install'
[0.473s] [34mcolcon.colcon_core.package_identification[0m [1;30mLevel 1[0m _identify(logs) by extensions ['colcon_pkg']
[0.473s] [34mcolcon.colcon_core.package_identification[0m [1;30mLevel 1[0m _identify(logs) by extension 'colcon_pkg'
[0.473s] [34mcolcon.colcon_core.package_identification[0m [1;30mLevel 1[0m _identify(logs) by extensions ['colcon_meta']
[0.473s] [34mcolcon.colcon_core.package_identification[0m [1;30mLevel 1[0m _identify(logs) by extension 'colcon_meta'
[0.473s] [34mcolcon.colcon_core.package_identification[0m [1;30mLevel 1[0m _identify(logs) by extensions ['ros']
[0.474s] [34mcolcon.colcon_core.package_identification[0m [1;30mLevel 1[0m _identify(logs) by extension 'ros'
[0.474s] [34mcolcon.colcon_core.package_identification[0m [1;30mLevel 1[0m _identify(logs) by extensions ['cmake', 'python']
[0.474s] [34mcolcon.colcon_core.package_identification[0m [1;30mLevel 1[0m _identify(logs) by extension 'cmake'
[0.474s] [34mcolcon.colcon_core.package_identification[0m [1;30mLevel 1[0m _identify(logs) by extension 'python'
[0.474s] [34mcolcon.colcon_core.package_identification[0m [1;30mLevel 1[0m _identify(logs) by extensions ['python_setup_py']
[0.474s] [34mcolcon.colcon_core.package_identification[0m [1;30mLevel 1[0m _identify(logs) by extension 'python_setup_py'
[0.474s] [34mcolcon.colcon_core.package_identification[0m [1;30mLevel 1[0m _identify(src) by extensions ['ignore', 'ignore_ament_install']
[0.474s] [34mcolcon.colcon_core.package_identification[0m [1;30mLevel 1[0m _identify(src) by extension 'ignore'
[0.474s] [34mcolcon.colcon_core.package_identification[0m [1;30mLevel 1[0m _identify(src) by extension 'ignore_ament_install'
[0.474s] [34mcolcon.colcon_core.package_identification[0m [1;30mLevel 1[0m _identify(src) by extensions ['colcon_pkg']
[0.474s] [34mcolcon.colcon_core.package_identification[0m [1;30mLevel 1[0m _identify(src) by extension 'colcon_pkg'
[0.474s] [34mcolcon.colcon_core.package_identification[0m [1;30mLevel 1[0m _identify(src) by extensions ['colcon_meta']
[0.474s] [34mcolcon.colcon_core.package_identification[0m [1;30mLevel 1[0m _identify(src) by extension 'colcon_meta'
[0.474s] [34mcolcon.colcon_core.package_identification[0m [1;30mLevel 1[0m _identify(src) by extensions ['ros']
[0.474s] [34mcolcon.colcon_core.package_identification[0m [1;30mLevel 1[0m _identify(src) by extension 'ros'
[0.474s] [34mcolcon.colcon_core.package_identification[0m [1;30mLevel 1[0m _identify(src) by extensions ['cmake', 'python']
[0.474s] [34mcolcon.colcon_core.package_identification[0m [1;30mLevel 1[0m _identify(src) by extension 'cmake'
[0.474s] [34mcolcon.colcon_core.package_identification[0m [1;30mLevel 1[0m _identify(src) by extension 'python'
[0.474s] [34mcolcon.colcon_core.package_identification[0m [1;30mLevel 1[0m _identify(src) by extensions ['python_setup_py']
[0.474s] [34mcolcon.colcon_core.package_identification[0m [1;30mLevel 1[0m _identify(src) by extension 'python_setup_py'
[0.474s] [34mcolcon.colcon_core.package_identification[0m [1;30mLevel 1[0m _identify(src/mission_center) by extensions ['ignore', 'ignore_ament_install']
[0.474s] [34mcolcon.colcon_core.package_identification[0m [1;30mLevel 1[0m _identify(src/mission_center) by extension 'ignore'
[0.475s] [34mcolcon.colcon_core.package_identification[0m [1;30mLevel 1[0m _identify(src/mission_center) by extension 'ignore_ament_install'
[0.475s] [34mcolcon.colcon_core.package_identification[0m [1;30mLevel 1[0m _identify(src/mission_center) by extensions ['colcon_pkg']
[0.475s] [34mcolcon.colcon_core.package_identification[0m [1;30mLevel 1[0m _identify(src/mission_center) by extension 'colcon_pkg'
[0.475s] [34mcolcon.colcon_core.package_identification[0m [1;30mLevel 1[0m _identify(src/mission_center) by extensions ['colcon_meta']
[0.475s] [34mcolcon.colcon_core.package_identification[0m [1;30mLevel 1[0m _identify(src/mission_center) by extension 'colcon_meta'
[0.475s] [34mcolcon.colcon_core.package_identification[0m [1;30mLevel 1[0m _identify(src/mission_center) by extensions ['ros']
[0.475s] [34mcolcon.colcon_core.package_identification[0m [1;30mLevel 1[0m _identify(src/mission_center) by extension 'ros'
[0.485s] [34mcolcon.colcon_core.package_identification[0m [1;30mDEBUG[0m [32mPackage 'src/mission_center' with type 'ros.ament_cmake' and name 'mission_center'[0m
[0.485s] [34mcolcon.colcon_core.package_identification[0m [1;30mLevel 1[0m _identify(src/px4_msgs) by extensions ['ignore', 'ignore_ament_install']
[0.486s] [34mcolcon.colcon_core.package_identification[0m [1;30mLevel 1[0m _identify(src/px4_msgs) by extension 'ignore'
[0.486s] [34mcolcon.colcon_core.package_identification[0m [1;30mLevel 1[0m _identify(src/px4_msgs) by extension 'ignore_ament_install'
[0.486s] [34mcolcon.colcon_core.package_identification[0m [1;30mLevel 1[0m _identify(src/px4_msgs) by extensions ['colcon_pkg']
[0.486s] [34mcolcon.colcon_core.package_identification[0m [1;30mLevel 1[0m _identify(src/px4_msgs) by extension 'colcon_pkg'
[0.486s] [34mcolcon.colcon_core.package_identification[0m [1;30mLevel 1[0m _identify(src/px4_msgs) by extensions ['colcon_meta']
[0.486s] [34mcolcon.colcon_core.package_identification[0m [1;30mLevel 1[0m _identify(src/px4_msgs) by extension 'colcon_meta'
[0.486s] [34mcolcon.colcon_core.package_identification[0m [1;30mLevel 1[0m _identify(src/px4_msgs) by extensions ['ros']
[0.486s] [34mcolcon.colcon_core.package_identification[0m [1;30mLevel 1[0m _identify(src/px4_msgs) by extension 'ros'
[0.488s] [34mcolcon.colcon_core.package_identification[0m [1;30mDEBUG[0m [32mPackage 'src/px4_msgs' with type 'ros.ament_cmake' and name 'px4_msgs'[0m
[0.488s] [34mcolcon.colcon_core.package_identification[0m [1;30mLevel 1[0m _identify(src/px4_ros_com) by extensions ['ignore', 'ignore_ament_install']
[0.489s] [34mcolcon.colcon_core.package_identification[0m [1;30mLevel 1[0m _identify(src/px4_ros_com) by extension 'ignore'
[0.489s] [34mcolcon.colcon_core.package_identification[0m [1;30mLevel 1[0m _identify(src/px4_ros_com) by extension 'ignore_ament_install'
[0.489s] [34mcolcon.colcon_core.package_identification[0m [1;30mLevel 1[0m _identify(src/px4_ros_com) by extensions ['colcon_pkg']
[0.489s] [34mcolcon.colcon_core.package_identification[0m [1;30mLevel 1[0m _identify(src/px4_ros_com) by extension 'colcon_pkg'
[0.489s] [34mcolcon.colcon_core.package_identification[0m [1;30mLevel 1[0m _identify(src/px4_ros_com) by extensions ['colcon_meta']
[0.489s] [34mcolcon.colcon_core.package_identification[0m [1;30mLevel 1[0m _identify(src/px4_ros_com) by extension 'colcon_meta'
[0.489s] [34mcolcon.colcon_core.package_identification[0m [1;30mLevel 1[0m _identify(src/px4_ros_com) by extensions ['ros']
[0.489s] [34mcolcon.colcon_core.package_identification[0m [1;30mLevel 1[0m _identify(src/px4_ros_com) by extension 'ros'
[0.492s] [34mcolcon.colcon_core.package_identification[0m [1;30mDEBUG[0m [32mPackage 'src/px4_ros_com' with type 'ros.ament_cmake' and name 'px4_ros_com'[0m
[0.493s] [34mcolcon.colcon_core.package_identification[0m [1;30mLevel 1[0m _identify(src/ros2-keyboard) by extensions ['ignore', 'ignore_ament_install']
[0.493s] [34mcolcon.colcon_core.package_identification[0m [1;30mLevel 1[0m _identify(src/ros2-keyboard) by extension 'ignore'
[0.493s] [34mcolcon.colcon_core.package_identification[0m [1;30mLevel 1[0m _identify(src/ros2-keyboard) by extension 'ignore_ament_install'
[0.493s] [34mcolcon.colcon_core.package_identification[0m [1;30mLevel 1[0m _identify(src/ros2-keyboard) by extensions ['colcon_pkg']
[0.493s] [34mcolcon.colcon_core.package_identification[0m [1;30mLevel 1[0m _identify(src/ros2-keyboard) by extension 'colcon_pkg'
[0.493s] [34mcolcon.colcon_core.package_identification[0m [1;30mLevel 1[0m _identify(src/ros2-keyboard) by extensions ['colcon_meta']
[0.493s] [34mcolcon.colcon_core.package_identification[0m [1;30mLevel 1[0m _identify(src/ros2-keyboard) by extension 'colcon_meta'
[0.494s] [34mcolcon.colcon_core.package_identification[0m [1;30mLevel 1[0m _identify(src/ros2-keyboard) by extensions ['ros']
[0.494s] [34mcolcon.colcon_core.package_identification[0m [1;30mLevel 1[0m _identify(src/ros2-keyboard) by extension 'ros'
[0.494s] [34mcolcon.colcon_core.package_identification[0m [1;30mLevel 1[0m _identify(src/ros2-keyboard) by extensions ['cmake', 'python']
[0.494s] [34mcolcon.colcon_core.package_identification[0m [1;30mLevel 1[0m _identify(src/ros2-keyboard) by extension 'cmake'
[0.494s] [34mcolcon.colcon_core.package_identification[0m [1;30mLevel 1[0m _identify(src/ros2-keyboard) by extension 'python'
[0.494s] [34mcolcon.colcon_core.package_identification[0m [1;30mLevel 1[0m _identify(src/ros2-keyboard) by extensions ['python_setup_py']
[0.494s] [34mcolcon.colcon_core.package_identification[0m [1;30mLevel 1[0m _identify(src/ros2-keyboard) by extension 'python_setup_py'
[0.494s] [34mcolcon.colcon_core.package_identification[0m [1;30mLevel 1[0m _identify(src/ros2-keyboard/keyboard) by extensions ['ignore', 'ignore_ament_install']
[0.494s] [34mcolcon.colcon_core.package_identification[0m [1;30mLevel 1[0m _identify(src/ros2-keyboard/keyboard) by extension 'ignore'
[0.494s] [34mcolcon.colcon_core.package_identification[0m [1;30mLevel 1[0m _identify(src/ros2-keyboard/keyboard) by extension 'ignore_ament_install'
[0.494s] [34mcolcon.colcon_core.package_identification[0m [1;30mLevel 1[0m _identify(src/ros2-keyboard/keyboard) by extensions ['colcon_pkg']
[0.494s] [34mcolcon.colcon_core.package_identification[0m [1;30mLevel 1[0m _identify(src/ros2-keyboard/keyboard) by extension 'colcon_pkg'
[0.494s] [34mcolcon.colcon_core.package_identification[0m [1;30mLevel 1[0m _identify(src/ros2-keyboard/keyboard) by extensions ['colcon_meta']
[0.494s] [34mcolcon.colcon_core.package_identification[0m [1;30mLevel 1[0m _identify(src/ros2-keyboard/keyboard) by extension 'colcon_meta'
[0.495s] [34mcolcon.colcon_core.package_identification[0m [1;30mLevel 1[0m _identify(src/ros2-keyboard/keyboard) by extensions ['ros']
[0.495s] [34mcolcon.colcon_core.package_identification[0m [1;30mLevel 1[0m _identify(src/ros2-keyboard/keyboard) by extension 'ros'
[0.496s] [34mcolcon.colcon_core.package_identification[0m [1;30mDEBUG[0m [32mPackage 'src/ros2-keyboard/keyboard' with type 'ros.ament_cmake' and name 'keyboard'[0m
[0.497s] [34mcolcon.colcon_core.package_identification[0m [1;30mLevel 1[0m _identify(src/ros2-keyboard/keyboard_msgs) by extensions ['ignore', 'ignore_ament_install']
[0.497s] [34mcolcon.colcon_core.package_identification[0m [1;30mLevel 1[0m _identify(src/ros2-keyboard/keyboard_msgs) by extension 'ignore'
[0.497s] [34mcolcon.colcon_core.package_identification[0m [1;30mLevel 1[0m _identify(src/ros2-keyboard/keyboard_msgs) by extension 'ignore_ament_install'
[0.497s] [34mcolcon.colcon_core.package_identification[0m [1;30mLevel 1[0m _identify(src/ros2-keyboard/keyboard_msgs) by extensions ['colcon_pkg']
[0.497s] [34mcolcon.colcon_core.package_identification[0m [1;30mLevel 1[0m _identify(src/ros2-keyboard/keyboard_msgs) by extension 'colcon_pkg'
[0.497s] [34mcolcon.colcon_core.package_identification[0m [1;30mLevel 1[0m _identify(src/ros2-keyboard/keyboard_msgs) by extensions ['colcon_meta']
[0.497s] [34mcolcon.colcon_core.package_identification[0m [1;30mLevel 1[0m _identify(src/ros2-keyboard/keyboard_msgs) by extension 'colcon_meta'
[0.497s] [34mcolcon.colcon_core.package_identification[0m [1;30mLevel 1[0m _identify(src/ros2-keyboard/keyboard_msgs) by extensions ['ros']
[0.497s] [34mcolcon.colcon_core.package_identification[0m [1;30mLevel 1[0m _identify(src/ros2-keyboard/keyboard_msgs) by extension 'ros'
[0.499s] [34mcolcon.colcon_core.package_identification[0m [1;30mDEBUG[0m [32mPackage 'src/ros2-keyboard/keyboard_msgs' with type 'ros.ament_cmake' and name 'keyboard_msgs'[0m
[0.499s] [34mcolcon.colcon_core.package_identification[0m [1;30mLevel 1[0m _identify(terrain) by extensions ['ignore', 'ignore_ament_install']
[0.500s] [34mcolcon.colcon_core.package_identification[0m [1;30mLevel 1[0m _identify(terrain) by extension 'ignore'
[0.500s] [34mcolcon.colcon_core.package_identification[0m [1;30mLevel 1[0m _identify(terrain) by extension 'ignore_ament_install'
[0.500s] [34mcolcon.colcon_core.package_identification[0m [1;30mLevel 1[0m _identify(terrain) by extensions ['colcon_pkg']
[0.500s] [34mcolcon.colcon_core.package_identification[0m [1;30mLevel 1[0m _identify(terrain) by extension 'colcon_pkg'
[0.500s] [34mcolcon.colcon_core.package_identification[0m [1;30mLevel 1[0m _identify(terrain) by extensions ['colcon_meta']
[0.500s] [34mcolcon.colcon_core.package_identification[0m [1;30mLevel 1[0m _identify(terrain) by extension 'colcon_meta'
[0.500s] [34mcolcon.colcon_core.package_identification[0m [1;30mLevel 1[0m _identify(terrain) by extensions ['ros']
[0.500s] [34mcolcon.colcon_core.package_identification[0m [1;30mLevel 1[0m _identify(terrain) by extension 'ros'
[0.500s] [34mcolcon.colcon_core.package_identification[0m [1;30mLevel 1[0m _identify(terrain) by extensions ['cmake', 'python']
[0.500s] [34mcolcon.colcon_core.package_identification[0m [1;30mLevel 1[0m _identify(terrain) by extension 'cmake'
[0.500s] [34mcolcon.colcon_core.package_identification[0m [1;30mLevel 1[0m _identify(terrain) by extension 'python'
[0.500s] [34mcolcon.colcon_core.package_identification[0m [1;30mLevel 1[0m _identify(terrain) by extensions ['python_setup_py']
[0.500s] [34mcolcon.colcon_core.package_identification[0m [1;30mLevel 1[0m _identify(terrain) by extension 'python_setup_py'
[0.501s] [34mcolcon.colcon_core.package_identification[0m [1;30mLevel 1[0m _identify(vtol_ws) by extensions ['ignore', 'ignore_ament_install']
[0.501s] [34mcolcon.colcon_core.package_identification[0m [1;30mLevel 1[0m _identify(vtol_ws) by extension 'ignore'
[0.501s] [34mcolcon.colcon_core.package_identification[0m [1;30mLevel 1[0m _identify(vtol_ws) by extension 'ignore_ament_install'
[0.501s] [34mcolcon.colcon_core.package_identification[0m [1;30mLevel 1[0m _identify(vtol_ws) by extensions ['colcon_pkg']
[0.501s] [34mcolcon.colcon_core.package_identification[0m [1;30mLevel 1[0m _identify(vtol_ws) by extension 'colcon_pkg'
[0.501s] [34mcolcon.colcon_core.package_identification[0m [1;30mLevel 1[0m _identify(vtol_ws) by extensions ['colcon_meta']
[0.501s] [34mcolcon.colcon_core.package_identification[0m [1;30mLevel 1[0m _identify(vtol_ws) by extension 'colcon_meta'
[0.501s] [34mcolcon.colcon_core.package_identification[0m [1;30mLevel 1[0m _identify(vtol_ws) by extensions ['ros']
[0.501s] [34mcolcon.colcon_core.package_identification[0m [1;30mLevel 1[0m _identify(vtol_ws) by extension 'ros'
[0.501s] [34mcolcon.colcon_core.package_identification[0m [1;30mLevel 1[0m _identify(vtol_ws) by extensions ['cmake', 'python']
[0.501s] [34mcolcon.colcon_core.package_identification[0m [1;30mLevel 1[0m _identify(vtol_ws) by extension 'cmake'
[0.501s] [34mcolcon.colcon_core.package_identification[0m [1;30mLevel 1[0m _identify(vtol_ws) by extension 'python'
[0.501s] [34mcolcon.colcon_core.package_identification[0m [1;30mLevel 1[0m _identify(vtol_ws) by extensions ['python_setup_py']
[0.501s] [34mcolcon.colcon_core.package_identification[0m [1;30mLevel 1[0m _identify(vtol_ws) by extension 'python_setup_py'
[0.502s] [34mcolcon.colcon_core.package_identification[0m [1;30mLevel 1[0m _identify(vtol_ws/branches) by extensions ['ignore', 'ignore_ament_install']
[0.502s] [34mcolcon.colcon_core.package_identification[0m [1;30mLevel 1[0m _identify(vtol_ws/branches) by extension 'ignore'
[0.502s] [34mcolcon.colcon_core.package_identification[0m [1;30mLevel 1[0m _identify(vtol_ws/branches) by extension 'ignore_ament_install'
[0.502s] [34mcolcon.colcon_core.package_identification[0m [1;30mLevel 1[0m _identify(vtol_ws/branches) by extensions ['colcon_pkg']
[0.502s] [34mcolcon.colcon_core.package_identification[0m [1;30mLevel 1[0m _identify(vtol_ws/branches) by extension 'colcon_pkg'
[0.502s] [34mcolcon.colcon_core.package_identification[0m [1;30mLevel 1[0m _identify(vtol_ws/branches) by extensions ['colcon_meta']
[0.502s] [34mcolcon.colcon_core.package_identification[0m [1;30mLevel 1[0m _identify(vtol_ws/branches) by extension 'colcon_meta'
[0.503s] [34mcolcon.colcon_core.package_identification[0m [1;30mLevel 1[0m _identify(vtol_ws/branches) by extensions ['ros']
[0.503s] [34mcolcon.colcon_core.package_identification[0m [1;30mLevel 1[0m _identify(vtol_ws/branches) by extension 'ros'
[0.503s] [34mcolcon.colcon_core.package_identification[0m [1;30mLevel 1[0m _identify(vtol_ws/branches) by extensions ['cmake', 'python']
[0.503s] [34mcolcon.colcon_core.package_identification[0m [1;30mLevel 1[0m _identify(vtol_ws/branches) by extension 'cmake'
[0.503s] [34mcolcon.colcon_core.package_identification[0m [1;30mLevel 1[0m _identify(vtol_ws/branches) by extension 'python'
[0.503s] [34mcolcon.colcon_core.package_identification[0m [1;30mLevel 1[0m _identify(vtol_ws/branches) by extensions ['python_setup_py']
[0.503s] [34mcolcon.colcon_core.package_identification[0m [1;30mLevel 1[0m _identify(vtol_ws/branches) by extension 'python_setup_py'
[0.503s] [34mcolcon.colcon_core.package_identification[0m [1;30mLevel 1[0m _identify(vtol_ws/hooks) by extensions ['ignore', 'ignore_ament_install']
[0.504s] [34mcolcon.colcon_core.package_identification[0m [1;30mLevel 1[0m _identify(vtol_ws/hooks) by extension 'ignore'
[0.504s] [34mcolcon.colcon_core.package_identification[0m [1;30mLevel 1[0m _identify(vtol_ws/hooks) by extension 'ignore_ament_install'
[0.504s] [34mcolcon.colcon_core.package_identification[0m [1;30mLevel 1[0m _identify(vtol_ws/hooks) by extensions ['colcon_pkg']
[0.504s] [34mcolcon.colcon_core.package_identification[0m [1;30mLevel 1[0m _identify(vtol_ws/hooks) by extension 'colcon_pkg'
[0.504s] [34mcolcon.colcon_core.package_identification[0m [1;30mLevel 1[0m _identify(vtol_ws/hooks) by extensions ['colcon_meta']
[0.504s] [34mcolcon.colcon_core.package_identification[0m [1;30mLevel 1[0m _identify(vtol_ws/hooks) by extension 'colcon_meta'
[0.504s] [34mcolcon.colcon_core.package_identification[0m [1;30mLevel 1[0m _identify(vtol_ws/hooks) by extensions ['ros']
[0.504s] [34mcolcon.colcon_core.package_identification[0m [1;30mLevel 1[0m _identify(vtol_ws/hooks) by extension 'ros'
[0.504s] [34mcolcon.colcon_core.package_identification[0m [1;30mLevel 1[0m _identify(vtol_ws/hooks) by extensions ['cmake', 'python']
[0.504s] [34mcolcon.colcon_core.package_identification[0m [1;30mLevel 1[0m _identify(vtol_ws/hooks) by extension 'cmake'
[0.504s] [34mcolcon.colcon_core.package_identification[0m [1;30mLevel 1[0m _identify(vtol_ws/hooks) by extension 'python'
[0.504s] [34mcolcon.colcon_core.package_identification[0m [1;30mLevel 1[0m _identify(vtol_ws/hooks) by extensions ['python_setup_py']
[0.504s] [34mcolcon.colcon_core.package_identification[0m [1;30mLevel 1[0m _identify(vtol_ws/hooks) by extension 'python_setup_py'
[0.505s] [34mcolcon.colcon_core.package_identification[0m [1;30mLevel 1[0m _identify(vtol_ws/info) by extensions ['ignore', 'ignore_ament_install']
[0.505s] [34mcolcon.colcon_core.package_identification[0m [1;30mLevel 1[0m _identify(vtol_ws/info) by extension 'ignore'
[0.505s] [34mcolcon.colcon_core.package_identification[0m [1;30mLevel 1[0m _identify(vtol_ws/info) by extension 'ignore_ament_install'
[0.505s] [34mcolcon.colcon_core.package_identification[0m [1;30mLevel 1[0m _identify(vtol_ws/info) by extensions ['colcon_pkg']
[0.505s] [34mcolcon.colcon_core.package_identification[0m [1;30mLevel 1[0m _identify(vtol_ws/info) by extension 'colcon_pkg'
[0.505s] [34mcolcon.colcon_core.package_identification[0m [1;30mLevel 1[0m _identify(vtol_ws/info) by extensions ['colcon_meta']
[0.505s] [34mcolcon.colcon_core.package_identification[0m [1;30mLevel 1[0m _identify(vtol_ws/info) by extension 'colcon_meta'
[0.505s] [34mcolcon.colcon_core.package_identification[0m [1;30mLevel 1[0m _identify(vtol_ws/info) by extensions ['ros']
[0.505s] [34mcolcon.colcon_core.package_identification[0m [1;30mLevel 1[0m _identify(vtol_ws/info) by extension 'ros'
[0.506s] [34mcolcon.colcon_core.package_identification[0m [1;30mLevel 1[0m _identify(vtol_ws/info) by extensions ['cmake', 'python']
[0.506s] [34mcolcon.colcon_core.package_identification[0m [1;30mLevel 1[0m _identify(vtol_ws/info) by extension 'cmake'
[0.506s] [34mcolcon.colcon_core.package_identification[0m [1;30mLevel 1[0m _identify(vtol_ws/info) by extension 'python'
[0.506s] [34mcolcon.colcon_core.package_identification[0m [1;30mLevel 1[0m _identify(vtol_ws/info) by extensions ['python_setup_py']
[0.506s] [34mcolcon.colcon_core.package_identification[0m [1;30mLevel 1[0m _identify(vtol_ws/info) by extension 'python_setup_py'
[0.506s] [34mcolcon.colcon_core.package_identification[0m [1;30mLevel 1[0m _identify(vtol_ws/logs) by extensions ['ignore', 'ignore_ament_install']
[0.506s] [34mcolcon.colcon_core.package_identification[0m [1;30mLevel 1[0m _identify(vtol_ws/logs) by extension 'ignore'
[0.506s] [34mcolcon.colcon_core.package_identification[0m [1;30mLevel 1[0m _identify(vtol_ws/logs) by extension 'ignore_ament_install'
[0.506s] [34mcolcon.colcon_core.package_identification[0m [1;30mLevel 1[0m _identify(vtol_ws/logs) by extensions ['colcon_pkg']
[0.506s] [34mcolcon.colcon_core.package_identification[0m [1;30mLevel 1[0m _identify(vtol_ws/logs) by extension 'colcon_pkg'
[0.506s] [34mcolcon.colcon_core.package_identification[0m [1;30mLevel 1[0m _identify(vtol_ws/logs) by extensions ['colcon_meta']
[0.506s] [34mcolcon.colcon_core.package_identification[0m [1;30mLevel 1[0m _identify(vtol_ws/logs) by extension 'colcon_meta'
[0.506s] [34mcolcon.colcon_core.package_identification[0m [1;30mLevel 1[0m _identify(vtol_ws/logs) by extensions ['ros']
[0.506s] [34mcolcon.colcon_core.package_identification[0m [1;30mLevel 1[0m _identify(vtol_ws/logs) by extension 'ros'
[0.507s] [34mcolcon.colcon_core.package_identification[0m [1;30mLevel 1[0m _identify(vtol_ws/logs) by extensions ['cmake', 'python']
[0.507s] [34mcolcon.colcon_core.package_identification[0m [1;30mLevel 1[0m _identify(vtol_ws/logs) by extension 'cmake'
[0.507s] [34mcolcon.colcon_core.package_identification[0m [1;30mLevel 1[0m _identify(vtol_ws/logs) by extension 'python'
[0.507s] [34mcolcon.colcon_core.package_identification[0m [1;30mLevel 1[0m _identify(vtol_ws/logs) by extensions ['python_setup_py']
[0.507s] [34mcolcon.colcon_core.package_identification[0m [1;30mLevel 1[0m _identify(vtol_ws/logs) by extension 'python_setup_py'
[0.507s] [34mcolcon.colcon_core.package_identification[0m [1;30mLevel 1[0m _identify(vtol_ws/logs/refs) by extensions ['ignore', 'ignore_ament_install']
[0.507s] [34mcolcon.colcon_core.package_identification[0m [1;30mLevel 1[0m _identify(vtol_ws/logs/refs) by extension 'ignore'
[0.507s] [34mcolcon.colcon_core.package_identification[0m [1;30mLevel 1[0m _identify(vtol_ws/logs/refs) by extension 'ignore_ament_install'
[0.507s] [34mcolcon.colcon_core.package_identification[0m [1;30mLevel 1[0m _identify(vtol_ws/logs/refs) by extensions ['colcon_pkg']
[0.507s] [34mcolcon.colcon_core.package_identification[0m [1;30mLevel 1[0m _identify(vtol_ws/logs/refs) by extension 'colcon_pkg'
[0.507s] [34mcolcon.colcon_core.package_identification[0m [1;30mLevel 1[0m _identify(vtol_ws/logs/refs) by extensions ['colcon_meta']
[0.507s] [34mcolcon.colcon_core.package_identification[0m [1;30mLevel 1[0m _identify(vtol_ws/logs/refs) by extension 'colcon_meta'
[0.507s] [34mcolcon.colcon_core.package_identification[0m [1;30mLevel 1[0m _identify(vtol_ws/logs/refs) by extensions ['ros']
[0.507s] [34mcolcon.colcon_core.package_identification[0m [1;30mLevel 1[0m _identify(vtol_ws/logs/refs) by extension 'ros'
[0.507s] [34mcolcon.colcon_core.package_identification[0m [1;30mLevel 1[0m _identify(vtol_ws/logs/refs) by extensions ['cmake', 'python']
[0.507s] [34mcolcon.colcon_core.package_identification[0m [1;30mLevel 1[0m _identify(vtol_ws/logs/refs) by extension 'cmake'
[0.507s] [34mcolcon.colcon_core.package_identification[0m [1;30mLevel 1[0m _identify(vtol_ws/logs/refs) by extension 'python'
[0.508s] [34mcolcon.colcon_core.package_identification[0m [1;30mLevel 1[0m _identify(vtol_ws/logs/refs) by extensions ['python_setup_py']
[0.508s] [34mcolcon.colcon_core.package_identification[0m [1;30mLevel 1[0m _identify(vtol_ws/logs/refs) by extension 'python_setup_py'
[0.508s] [34mcolcon.colcon_core.package_identification[0m [1;30mLevel 1[0m _identify(vtol_ws/logs/refs/heads) by extensions ['ignore', 'ignore_ament_install']
[0.508s] [34mcolcon.colcon_core.package_identification[0m [1;30mLevel 1[0m _identify(vtol_ws/logs/refs/heads) by extension 'ignore'
[0.508s] [34mcolcon.colcon_core.package_identification[0m [1;30mLevel 1[0m _identify(vtol_ws/logs/refs/heads) by extension 'ignore_ament_install'
[0.508s] [34mcolcon.colcon_core.package_identification[0m [1;30mLevel 1[0m _identify(vtol_ws/logs/refs/heads) by extensions ['colcon_pkg']
[0.508s] [34mcolcon.colcon_core.package_identification[0m [1;30mLevel 1[0m _identify(vtol_ws/logs/refs/heads) by extension 'colcon_pkg'
[0.508s] [34mcolcon.colcon_core.package_identification[0m [1;30mLevel 1[0m _identify(vtol_ws/logs/refs/heads) by extensions ['colcon_meta']
[0.508s] [34mcolcon.colcon_core.package_identification[0m [1;30mLevel 1[0m _identify(vtol_ws/logs/refs/heads) by extension 'colcon_meta'
[0.508s] [34mcolcon.colcon_core.package_identification[0m [1;30mLevel 1[0m _identify(vtol_ws/logs/refs/heads) by extensions ['ros']
[0.508s] [34mcolcon.colcon_core.package_identification[0m [1;30mLevel 1[0m _identify(vtol_ws/logs/refs/heads) by extension 'ros'
[0.508s] [34mcolcon.colcon_core.package_identification[0m [1;30mLevel 1[0m _identify(vtol_ws/logs/refs/heads) by extensions ['cmake', 'python']
[0.508s] [34mcolcon.colcon_core.package_identification[0m [1;30mLevel 1[0m _identify(vtol_ws/logs/refs/heads) by extension 'cmake'
[0.508s] [34mcolcon.colcon_core.package_identification[0m [1;30mLevel 1[0m _identify(vtol_ws/logs/refs/heads) by extension 'python'
[0.508s] [34mcolcon.colcon_core.package_identification[0m [1;30mLevel 1[0m _identify(vtol_ws/logs/refs/heads) by extensions ['python_setup_py']
[0.508s] [34mcolcon.colcon_core.package_identification[0m [1;30mLevel 1[0m _identify(vtol_ws/logs/refs/heads) by extension 'python_setup_py'
[0.509s] [34mcolcon.colcon_core.package_identification[0m [1;30mLevel 1[0m _identify(vtol_ws/logs/refs/remotes) by extensions ['ignore', 'ignore_ament_install']
[0.509s] [34mcolcon.colcon_core.package_identification[0m [1;30mLevel 1[0m _identify(vtol_ws/logs/refs/remotes) by extension 'ignore'
[0.509s] [34mcolcon.colcon_core.package_identification[0m [1;30mLevel 1[0m _identify(vtol_ws/logs/refs/remotes) by extension 'ignore_ament_install'
[0.509s] [34mcolcon.colcon_core.package_identification[0m [1;30mLevel 1[0m _identify(vtol_ws/logs/refs/remotes) by extensions ['colcon_pkg']
[0.509s] [34mcolcon.colcon_core.package_identification[0m [1;30mLevel 1[0m _identify(vtol_ws/logs/refs/remotes) by extension 'colcon_pkg'
[0.509s] [34mcolcon.colcon_core.package_identification[0m [1;30mLevel 1[0m _identify(vtol_ws/logs/refs/remotes) by extensions ['colcon_meta']
[0.509s] [34mcolcon.colcon_core.package_identification[0m [1;30mLevel 1[0m _identify(vtol_ws/logs/refs/remotes) by extension 'colcon_meta'
[0.509s] [34mcolcon.colcon_core.package_identification[0m [1;30mLevel 1[0m _identify(vtol_ws/logs/refs/remotes) by extensions ['ros']
[0.509s] [34mcolcon.colcon_core.package_identification[0m [1;30mLevel 1[0m _identify(vtol_ws/logs/refs/remotes) by extension 'ros'
[0.509s] [34mcolcon.colcon_core.package_identification[0m [1;30mLevel 1[0m _identify(vtol_ws/logs/refs/remotes) by extensions ['cmake', 'python']
[0.509s] [34mcolcon.colcon_core.package_identification[0m [1;30mLevel 1[0m _identify(vtol_ws/logs/refs/remotes) by extension 'cmake'
[0.510s] [34mcolcon.colcon_core.package_identification[0m [1;30mLevel 1[0m _identify(vtol_ws/logs/refs/remotes) by extension 'python'
[0.510s] [34mcolcon.colcon_core.package_identification[0m [1;30mLevel 1[0m _identify(vtol_ws/logs/refs/remotes) by extensions ['python_setup_py']
[0.510s] [34mcolcon.colcon_core.package_identification[0m [1;30mLevel 1[0m _identify(vtol_ws/logs/refs/remotes) by extension 'python_setup_py'
[0.510s] [34mcolcon.colcon_core.package_identification[0m [1;30mLevel 1[0m _identify(vtol_ws/logs/refs/remotes/origin) by extensions ['ignore', 'ignore_ament_install']
[0.510s] [34mcolcon.colcon_core.package_identification[0m [1;30mLevel 1[0m _identify(vtol_ws/logs/refs/remotes/origin) by extension 'ignore'
[0.510s] [34mcolcon.colcon_core.package_identification[0m [1;30mLevel 1[0m _identify(vtol_ws/logs/refs/remotes/origin) by extension 'ignore_ament_install'
[0.510s] [34mcolcon.colcon_core.package_identification[0m [1;30mLevel 1[0m _identify(vtol_ws/logs/refs/remotes/origin) by extensions ['colcon_pkg']
[0.510s] [34mcolcon.colcon_core.package_identification[0m [1;30mLevel 1[0m _identify(vtol_ws/logs/refs/remotes/origin) by extension 'colcon_pkg'
[0.510s] [34mcolcon.colcon_core.package_identification[0m [1;30mLevel 1[0m _identify(vtol_ws/logs/refs/remotes/origin) by extensions ['colcon_meta']
[0.510s] [34mcolcon.colcon_core.package_identification[0m [1;30mLevel 1[0m _identify(vtol_ws/logs/refs/remotes/origin) by extension 'colcon_meta'
[0.511s] [34mcolcon.colcon_core.package_identification[0m [1;30mLevel 1[0m _identify(vtol_ws/logs/refs/remotes/origin) by extensions ['ros']
[0.511s] [34mcolcon.colcon_core.package_identification[0m [1;30mLevel 1[0m _identify(vtol_ws/logs/refs/remotes/origin) by extension 'ros'
[0.511s] [34mcolcon.colcon_core.package_identification[0m [1;30mLevel 1[0m _identify(vtol_ws/logs/refs/remotes/origin) by extensions ['cmake', 'python']
[0.511s] [34mcolcon.colcon_core.package_identification[0m [1;30mLevel 1[0m _identify(vtol_ws/logs/refs/remotes/origin) by extension 'cmake'
[0.511s] [34mcolcon.colcon_core.package_identification[0m [1;30mLevel 1[0m _identify(vtol_ws/logs/refs/remotes/origin) by extension 'python'
[0.511s] [34mcolcon.colcon_core.package_identification[0m [1;30mLevel 1[0m _identify(vtol_ws/logs/refs/remotes/origin) by extensions ['python_setup_py']
[0.511s] [34mcolcon.colcon_core.package_identification[0m [1;30mLevel 1[0m _identify(vtol_ws/logs/refs/remotes/origin) by extension 'python_setup_py'
[0.511s] [34mcolcon.colcon_core.package_identification[0m [1;30mLevel 1[0m _identify(vtol_ws/objects) by extensions ['ignore', 'ignore_ament_install']
[0.511s] [34mcolcon.colcon_core.package_identification[0m [1;30mLevel 1[0m _identify(vtol_ws/objects) by extension 'ignore'
[0.511s] [34mcolcon.colcon_core.package_identification[0m [1;30mLevel 1[0m _identify(vtol_ws/objects) by extension 'ignore_ament_install'
[0.511s] [34mcolcon.colcon_core.package_identification[0m [1;30mLevel 1[0m _identify(vtol_ws/objects) by extensions ['colcon_pkg']
[0.511s] [34mcolcon.colcon_core.package_identification[0m [1;30mLevel 1[0m _identify(vtol_ws/objects) by extension 'colcon_pkg'
[0.511s] [34mcolcon.colcon_core.package_identification[0m [1;30mLevel 1[0m _identify(vtol_ws/objects) by extensions ['colcon_meta']
[0.511s] [34mcolcon.colcon_core.package_identification[0m [1;30mLevel 1[0m _identify(vtol_ws/objects) by extension 'colcon_meta'
[0.512s] [34mcolcon.colcon_core.package_identification[0m [1;30mLevel 1[0m _identify(vtol_ws/objects) by extensions ['ros']
[0.512s] [34mcolcon.colcon_core.package_identification[0m [1;30mLevel 1[0m _identify(vtol_ws/objects) by extension 'ros'
[0.512s] [34mcolcon.colcon_core.package_identification[0m [1;30mLevel 1[0m _identify(vtol_ws/objects) by extensions ['cmake', 'python']
[0.512s] [34mcolcon.colcon_core.package_identification[0m [1;30mLevel 1[0m _identify(vtol_ws/objects) by extension 'cmake'
[0.512s] [34mcolcon.colcon_core.package_identification[0m [1;30mLevel 1[0m _identify(vtol_ws/objects) by extension 'python'
[0.512s] [34mcolcon.colcon_core.package_identification[0m [1;30mLevel 1[0m _identify(vtol_ws/objects) by extensions ['python_setup_py']
[0.512s] [34mcolcon.colcon_core.package_identification[0m [1;30mLevel 1[0m _identify(vtol_ws/objects) by extension 'python_setup_py'
[0.512s] [34mcolcon.colcon_core.package_identification[0m [1;30mLevel 1[0m _identify(vtol_ws/objects/00) by extensions ['ignore', 'ignore_ament_install']
[0.512s] [34mcolcon.colcon_core.package_identification[0m [1;30mLevel 1[0m _identify(vtol_ws/objects/00) by extension 'ignore'
[0.512s] [34mcolcon.colcon_core.package_identification[0m [1;30mLevel 1[0m _identify(vtol_ws/objects/00) by extension 'ignore_ament_install'
[0.512s] [34mcolcon.colcon_core.package_identification[0m [1;30mLevel 1[0m _identify(vtol_ws/objects/00) by extensions ['colcon_pkg']
[0.512s] [34mcolcon.colcon_core.package_identification[0m [1;30mLevel 1[0m _identify(vtol_ws/objects/00) by extension 'colcon_pkg'
[0.512s] [34mcolcon.colcon_core.package_identification[0m [1;30mLevel 1[0m _identify(vtol_ws/objects/00) by extensions ['colcon_meta']
[0.512s] [34mcolcon.colcon_core.package_identification[0m [1;30mLevel 1[0m _identify(vtol_ws/objects/00) by extension 'colcon_meta'
[0.512s] [34mcolcon.colcon_core.package_identification[0m [1;30mLevel 1[0m _identify(vtol_ws/objects/00) by extensions ['ros']
[0.512s] [34mcolcon.colcon_core.package_identification[0m [1;30mLevel 1[0m _identify(vtol_ws/objects/00) by extension 'ros'
[0.512s] [34mcolcon.colcon_core.package_identification[0m [1;30mLevel 1[0m _identify(vtol_ws/objects/00) by extensions ['cmake', 'python']
[0.512s] [34mcolcon.colcon_core.package_identification[0m [1;30mLevel 1[0m _identify(vtol_ws/objects/00) by extension 'cmake'
[0.513s] [34mcolcon.colcon_core.package_identification[0m [1;30mLevel 1[0m _identify(vtol_ws/objects/00) by extension 'python'
[0.513s] [34mcolcon.colcon_core.package_identification[0m [1;30mLevel 1[0m _identify(vtol_ws/objects/00) by extensions ['python_setup_py']
[0.513s] [34mcolcon.colcon_core.package_identification[0m [1;30mLevel 1[0m _identify(vtol_ws/objects/00) by extension 'python_setup_py'
[0.513s] [34mcolcon.colcon_core.package_identification[0m [1;30mLevel 1[0m _identify(vtol_ws/objects/03) by extensions ['ignore', 'ignore_ament_install']
[0.513s] [34mcolcon.colcon_core.package_identification[0m [1;30mLevel 1[0m _identify(vtol_ws/objects/03) by extension 'ignore'
[0.513s] [34mcolcon.colcon_core.package_identification[0m [1;30mLevel 1[0m _identify(vtol_ws/objects/03) by extension 'ignore_ament_install'
[0.513s] [34mcolcon.colcon_core.package_identification[0m [1;30mLevel 1[0m _identify(vtol_ws/objects/03) by extensions ['colcon_pkg']
[0.513s] [34mcolcon.colcon_core.package_identification[0m [1;30mLevel 1[0m _identify(vtol_ws/objects/03) by extension 'colcon_pkg'
[0.513s] [34mcolcon.colcon_core.package_identification[0m [1;30mLevel 1[0m _identify(vtol_ws/objects/03) by extensions ['colcon_meta']
[0.513s] [34mcolcon.colcon_core.package_identification[0m [1;30mLevel 1[0m _identify(vtol_ws/objects/03) by extension 'colcon_meta'
[0.513s] [34mcolcon.colcon_core.package_identification[0m [1;30mLevel 1[0m _identify(vtol_ws/objects/03) by extensions ['ros']
[0.513s] [34mcolcon.colcon_core.package_identification[0m [1;30mLevel 1[0m _identify(vtol_ws/objects/03) by extension 'ros'
[0.513s] [34mcolcon.colcon_core.package_identification[0m [1;30mLevel 1[0m _identify(vtol_ws/objects/03) by extensions ['cmake', 'python']
[0.513s] [34mcolcon.colcon_core.package_identification[0m [1;30mLevel 1[0m _identify(vtol_ws/objects/03) by extension 'cmake'
[0.513s] [34mcolcon.colcon_core.package_identification[0m [1;30mLevel 1[0m _identify(vtol_ws/objects/03) by extension 'python'
[0.513s] [34mcolcon.colcon_core.package_identification[0m [1;30mLevel 1[0m _identify(vtol_ws/objects/03) by extensions ['python_setup_py']
[0.514s] [34mcolcon.colcon_core.package_identification[0m [1;30mLevel 1[0m _identify(vtol_ws/objects/03) by extension 'python_setup_py'
[0.514s] [34mcolcon.colcon_core.package_identification[0m [1;30mLevel 1[0m _identify(vtol_ws/objects/05) by extensions ['ignore', 'ignore_ament_install']
[0.514s] [34mcolcon.colcon_core.package_identification[0m [1;30mLevel 1[0m _identify(vtol_ws/objects/05) by extension 'ignore'
[0.514s] [34mcolcon.colcon_core.package_identification[0m [1;30mLevel 1[0m _identify(vtol_ws/objects/05) by extension 'ignore_ament_install'
[0.514s] [34mcolcon.colcon_core.package_identification[0m [1;30mLevel 1[0m _identify(vtol_ws/objects/05) by extensions ['colcon_pkg']
[0.514s] [34mcolcon.colcon_core.package_identification[0m [1;30mLevel 1[0m _identify(vtol_ws/objects/05) by extension 'colcon_pkg'
[0.514s] [34mcolcon.colcon_core.package_identification[0m [1;30mLevel 1[0m _identify(vtol_ws/objects/05) by extensions ['colcon_meta']
[0.514s] [34mcolcon.colcon_core.package_identification[0m [1;30mLevel 1[0m _identify(vtol_ws/objects/05) by extension 'colcon_meta'
[0.514s] [34mcolcon.colcon_core.package_identification[0m [1;30mLevel 1[0m _identify(vtol_ws/objects/05) by extensions ['ros']
[0.514s] [34mcolcon.colcon_core.package_identification[0m [1;30mLevel 1[0m _identify(vtol_ws/objects/05) by extension 'ros'
[0.514s] [34mcolcon.colcon_core.package_identification[0m [1;30mLevel 1[0m _identify(vtol_ws/objects/05) by extensions ['cmake', 'python']
[0.514s] [34mcolcon.colcon_core.package_identification[0m [1;30mLevel 1[0m _identify(vtol_ws/objects/05) by extension 'cmake'
[0.514s] [34mcolcon.colcon_core.package_identification[0m [1;30mLevel 1[0m _identify(vtol_ws/objects/05) by extension 'python'
[0.514s] [34mcolcon.colcon_core.package_identification[0m [1;30mLevel 1[0m _identify(vtol_ws/objects/05) by extensions ['python_setup_py']
[0.515s] [34mcolcon.colcon_core.package_identification[0m [1;30mLevel 1[0m _identify(vtol_ws/objects/05) by extension 'python_setup_py'
[0.515s] [34mcolcon.colcon_core.package_identification[0m [1;30mLevel 1[0m _identify(vtol_ws/objects/0b) by extensions ['ignore', 'ignore_ament_install']
[0.515s] [34mcolcon.colcon_core.package_identification[0m [1;30mLevel 1[0m _identify(vtol_ws/objects/0b) by extension 'ignore'
[0.515s] [34mcolcon.colcon_core.package_identification[0m [1;30mLevel 1[0m _identify(vtol_ws/objects/0b) by extension 'ignore_ament_install'
[0.515s] [34mcolcon.colcon_core.package_identification[0m [1;30mLevel 1[0m _identify(vtol_ws/objects/0b) by extensions ['colcon_pkg']
[0.515s] [34mcolcon.colcon_core.package_identification[0m [1;30mLevel 1[0m _identify(vtol_ws/objects/0b) by extension 'colcon_pkg'
[0.515s] [34mcolcon.colcon_core.package_identification[0m [1;30mLevel 1[0m _identify(vtol_ws/objects/0b) by extensions ['colcon_meta']
[0.515s] [34mcolcon.colcon_core.package_identification[0m [1;30mLevel 1[0m _identify(vtol_ws/objects/0b) by extension 'colcon_meta'
[0.515s] [34mcolcon.colcon_core.package_identification[0m [1;30mLevel 1[0m _identify(vtol_ws/objects/0b) by extensions ['ros']
[0.515s] [34mcolcon.colcon_core.package_identification[0m [1;30mLevel 1[0m _identify(vtol_ws/objects/0b) by extension 'ros'
[0.515s] [34mcolcon.colcon_core.package_identification[0m [1;30mLevel 1[0m _identify(vtol_ws/objects/0b) by extensions ['cmake', 'python']
[0.515s] [34mcolcon.colcon_core.package_identification[0m [1;30mLevel 1[0m _identify(vtol_ws/objects/0b) by extension 'cmake'
[0.515s] [34mcolcon.colcon_core.package_identification[0m [1;30mLevel 1[0m _identify(vtol_ws/objects/0b) by extension 'python'
[0.515s] [34mcolcon.colcon_core.package_identification[0m [1;30mLevel 1[0m _identify(vtol_ws/objects/0b) by extensions ['python_setup_py']
[0.515s] [34mcolcon.colcon_core.package_identification[0m [1;30mLevel 1[0m _identify(vtol_ws/objects/0b) by extension 'python_setup_py'
[0.516s] [34mcolcon.colcon_core.package_identification[0m [1;30mLevel 1[0m _identify(vtol_ws/objects/18) by extensions ['ignore', 'ignore_ament_install']
[0.516s] [34mcolcon.colcon_core.package_identification[0m [1;30mLevel 1[0m _identify(vtol_ws/objects/18) by extension 'ignore'
[0.516s] [34mcolcon.colcon_core.package_identification[0m [1;30mLevel 1[0m _identify(vtol_ws/objects/18) by extension 'ignore_ament_install'
[0.516s] [34mcolcon.colcon_core.package_identification[0m [1;30mLevel 1[0m _identify(vtol_ws/objects/18) by extensions ['colcon_pkg']
[0.516s] [34mcolcon.colcon_core.package_identification[0m [1;30mLevel 1[0m _identify(vtol_ws/objects/18) by extension 'colcon_pkg'
[0.516s] [34mcolcon.colcon_core.package_identification[0m [1;30mLevel 1[0m _identify(vtol_ws/objects/18) by extensions ['colcon_meta']
[0.516s] [34mcolcon.colcon_core.package_identification[0m [1;30mLevel 1[0m _identify(vtol_ws/objects/18) by extension 'colcon_meta'
[0.516s] [34mcolcon.colcon_core.package_identification[0m [1;30mLevel 1[0m _identify(vtol_ws/objects/18) by extensions ['ros']
[0.516s] [34mcolcon.colcon_core.package_identification[0m [1;30mLevel 1[0m _identify(vtol_ws/objects/18) by extension 'ros'
[0.516s] [34mcolcon.colcon_core.package_identification[0m [1;30mLevel 1[0m _identify(vtol_ws/objects/18) by extensions ['cmake', 'python']
[0.517s] [34mcolcon.colcon_core.package_identification[0m [1;30mLevel 1[0m _identify(vtol_ws/objects/18) by extension 'cmake'
[0.517s] [34mcolcon.colcon_core.package_identification[0m [1;30mLevel 1[0m _identify(vtol_ws/objects/18) by extension 'python'
[0.517s] [34mcolcon.colcon_core.package_identification[0m [1;30mLevel 1[0m _identify(vtol_ws/objects/18) by extensions ['python_setup_py']
[0.517s] [34mcolcon.colcon_core.package_identification[0m [1;30mLevel 1[0m _identify(vtol_ws/objects/18) by extension 'python_setup_py'
[0.517s] [34mcolcon.colcon_core.package_identification[0m [1;30mLevel 1[0m _identify(vtol_ws/objects/1d) by extensions ['ignore', 'ignore_ament_install']
[0.517s] [34mcolcon.colcon_core.package_identification[0m [1;30mLevel 1[0m _identify(vtol_ws/objects/1d) by extension 'ignore'
[0.518s] [34mcolcon.colcon_core.package_identification[0m [1;30mLevel 1[0m _identify(vtol_ws/objects/1d) by extension 'ignore_ament_install'
[0.518s] [34mcolcon.colcon_core.package_identification[0m [1;30mLevel 1[0m _identify(vtol_ws/objects/1d) by extensions ['colcon_pkg']
[0.518s] [34mcolcon.colcon_core.package_identification[0m [1;30mLevel 1[0m _identify(vtol_ws/objects/1d) by extension 'colcon_pkg'
[0.518s] [34mcolcon.colcon_core.package_identification[0m [1;30mLevel 1[0m _identify(vtol_ws/objects/1d) by extensions ['colcon_meta']
[0.518s] [34mcolcon.colcon_core.package_identification[0m [1;30mLevel 1[0m _identify(vtol_ws/objects/1d) by extension 'colcon_meta'
[0.518s] [34mcolcon.colcon_core.package_identification[0m [1;30mLevel 1[0m _identify(vtol_ws/objects/1d) by extensions ['ros']
[0.518s] [34mcolcon.colcon_core.package_identification[0m [1;30mLevel 1[0m _identify(vtol_ws/objects/1d) by extension 'ros'
[0.518s] [34mcolcon.colcon_core.package_identification[0m [1;30mLevel 1[0m _identify(vtol_ws/objects/1d) by extensions ['cmake', 'python']
[0.518s] [34mcolcon.colcon_core.package_identification[0m [1;30mLevel 1[0m _identify(vtol_ws/objects/1d) by extension 'cmake'
[0.519s] [34mcolcon.colcon_core.package_identification[0m [1;30mLevel 1[0m _identify(vtol_ws/objects/1d) by extension 'python'
[0.519s] [34mcolcon.colcon_core.package_identification[0m [1;30mLevel 1[0m _identify(vtol_ws/objects/1d) by extensions ['python_setup_py']
[0.519s] [34mcolcon.colcon_core.package_identification[0m [1;30mLevel 1[0m _identify(vtol_ws/objects/1d) by extension 'python_setup_py'
[0.519s] [34mcolcon.colcon_core.package_identification[0m [1;30mLevel 1[0m _identify(vtol_ws/objects/21) by extensions ['ignore', 'ignore_ament_install']
[0.519s] [34mcolcon.colcon_core.package_identification[0m [1;30mLevel 1[0m _identify(vtol_ws/objects/21) by extension 'ignore'
[0.520s] [34mcolcon.colcon_core.package_identification[0m [1;30mLevel 1[0m _identify(vtol_ws/objects/21) by extension 'ignore_ament_install'
[0.520s] [34mcolcon.colcon_core.package_identification[0m [1;30mLevel 1[0m _identify(vtol_ws/objects/21) by extensions ['colcon_pkg']
[0.520s] [34mcolcon.colcon_core.package_identification[0m [1;30mLevel 1[0m _identify(vtol_ws/objects/21) by extension 'colcon_pkg'
[0.520s] [34mcolcon.colcon_core.package_identification[0m [1;30mLevel 1[0m _identify(vtol_ws/objects/21) by extensions ['colcon_meta']
[0.520s] [34mcolcon.colcon_core.package_identification[0m [1;30mLevel 1[0m _identify(vtol_ws/objects/21) by extension 'colcon_meta'
[0.520s] [34mcolcon.colcon_core.package_identification[0m [1;30mLevel 1[0m _identify(vtol_ws/objects/21) by extensions ['ros']
[0.520s] [34mcolcon.colcon_core.package_identification[0m [1;30mLevel 1[0m _identify(vtol_ws/objects/21) by extension 'ros'
[0.520s] [34mcolcon.colcon_core.package_identification[0m [1;30mLevel 1[0m _identify(vtol_ws/objects/21) by extensions ['cmake', 'python']
[0.520s] [34mcolcon.colcon_core.package_identification[0m [1;30mLevel 1[0m _identify(vtol_ws/objects/21) by extension 'cmake'
[0.520s] [34mcolcon.colcon_core.package_identification[0m [1;30mLevel 1[0m _identify(vtol_ws/objects/21) by extension 'python'
[0.520s] [34mcolcon.colcon_core.package_identification[0m [1;30mLevel 1[0m _identify(vtol_ws/objects/21) by extensions ['python_setup_py']
[0.520s] [34mcolcon.colcon_core.package_identification[0m [1;30mLevel 1[0m _identify(vtol_ws/objects/21) by extension 'python_setup_py'
[0.520s] [34mcolcon.colcon_core.package_identification[0m [1;30mLevel 1[0m _identify(vtol_ws/objects/22) by extensions ['ignore', 'ignore_ament_install']
[0.521s] [34mcolcon.colcon_core.package_identification[0m [1;30mLevel 1[0m _identify(vtol_ws/objects/22) by extension 'ignore'
[0.521s] [34mcolcon.colcon_core.package_identification[0m [1;30mLevel 1[0m _identify(vtol_ws/objects/22) by extension 'ignore_ament_install'
[0.521s] [34mcolcon.colcon_core.package_identification[0m [1;30mLevel 1[0m _identify(vtol_ws/objects/22) by extensions ['colcon_pkg']
[0.521s] [34mcolcon.colcon_core.package_identification[0m [1;30mLevel 1[0m _identify(vtol_ws/objects/22) by extension 'colcon_pkg'
[0.521s] [34mcolcon.colcon_core.package_identification[0m [1;30mLevel 1[0m _identify(vtol_ws/objects/22) by extensions ['colcon_meta']
[0.521s] [34mcolcon.colcon_core.package_identification[0m [1;30mLevel 1[0m _identify(vtol_ws/objects/22) by extension 'colcon_meta'
[0.521s] [34mcolcon.colcon_core.package_identification[0m [1;30mLevel 1[0m _identify(vtol_ws/objects/22) by extensions ['ros']
[0.521s] [34mcolcon.colcon_core.package_identification[0m [1;30mLevel 1[0m _identify(vtol_ws/objects/22) by extension 'ros'
[0.522s] [34mcolcon.colcon_core.package_identification[0m [1;30mLevel 1[0m _identify(vtol_ws/objects/22) by extensions ['cmake', 'python']
[0.522s] [34mcolcon.colcon_core.package_identification[0m [1;30mLevel 1[0m _identify(vtol_ws/objects/22) by extension 'cmake'
[0.522s] [34mcolcon.colcon_core.package_identification[0m [1;30mLevel 1[0m _identify(vtol_ws/objects/22) by extension 'python'
[0.522s] [34mcolcon.colcon_core.package_identification[0m [1;30mLevel 1[0m _identify(vtol_ws/objects/22) by extensions ['python_setup_py']
[0.522s] [34mcolcon.colcon_core.package_identification[0m [1;30mLevel 1[0m _identify(vtol_ws/objects/22) by extension 'python_setup_py'
[0.523s] [34mcolcon.colcon_core.package_identification[0m [1;30mLevel 1[0m _identify(vtol_ws/objects/25) by extensions ['ignore', 'ignore_ament_install']
[0.523s] [34mcolcon.colcon_core.package_identification[0m [1;30mLevel 1[0m _identify(vtol_ws/objects/25) by extension 'ignore'
[0.523s] [34mcolcon.colcon_core.package_identification[0m [1;30mLevel 1[0m _identify(vtol_ws/objects/25) by extension 'ignore_ament_install'
[0.523s] [34mcolcon.colcon_core.package_identification[0m [1;30mLevel 1[0m _identify(vtol_ws/objects/25) by extensions ['colcon_pkg']
[0.523s] [34mcolcon.colcon_core.package_identification[0m [1;30mLevel 1[0m _identify(vtol_ws/objects/25) by extension 'colcon_pkg'
[0.523s] [34mcolcon.colcon_core.package_identification[0m [1;30mLevel 1[0m _identify(vtol_ws/objects/25) by extensions ['colcon_meta']
[0.523s] [34mcolcon.colcon_core.package_identification[0m [1;30mLevel 1[0m _identify(vtol_ws/objects/25) by extension 'colcon_meta'
[0.523s] [34mcolcon.colcon_core.package_identification[0m [1;30mLevel 1[0m _identify(vtol_ws/objects/25) by extensions ['ros']
[0.523s] [34mcolcon.colcon_core.package_identification[0m [1;30mLevel 1[0m _identify(vtol_ws/objects/25) by extension 'ros'
[0.524s] [34mcolcon.colcon_core.package_identification[0m [1;30mLevel 1[0m _identify(vtol_ws/objects/25) by extensions ['cmake', 'python']
[0.524s] [34mcolcon.colcon_core.package_identification[0m [1;30mLevel 1[0m _identify(vtol_ws/objects/25) by extension 'cmake'
[0.524s] [34mcolcon.colcon_core.package_identification[0m [1;30mLevel 1[0m _identify(vtol_ws/objects/25) by extension 'python'
[0.524s] [34mcolcon.colcon_core.package_identification[0m [1;30mLevel 1[0m _identify(vtol_ws/objects/25) by extensions ['python_setup_py']
[0.524s] [34mcolcon.colcon_core.package_identification[0m [1;30mLevel 1[0m _identify(vtol_ws/objects/25) by extension 'python_setup_py'
[0.524s] [34mcolcon.colcon_core.package_identification[0m [1;30mLevel 1[0m _identify(vtol_ws/objects/2b) by extensions ['ignore', 'ignore_ament_install']
[0.524s] [34mcolcon.colcon_core.package_identification[0m [1;30mLevel 1[0m _identify(vtol_ws/objects/2b) by extension 'ignore'
[0.524s] [34mcolcon.colcon_core.package_identification[0m [1;30mLevel 1[0m _identify(vtol_ws/objects/2b) by extension 'ignore_ament_install'
[0.524s] [34mcolcon.colcon_core.package_identification[0m [1;30mLevel 1[0m _identify(vtol_ws/objects/2b) by extensions ['colcon_pkg']
[0.524s] [34mcolcon.colcon_core.package_identification[0m [1;30mLevel 1[0m _identify(vtol_ws/objects/2b) by extension 'colcon_pkg'
[0.525s] [34mcolcon.colcon_core.package_identification[0m [1;30mLevel 1[0m _identify(vtol_ws/objects/2b) by extensions ['colcon_meta']
[0.525s] [34mcolcon.colcon_core.package_identification[0m [1;30mLevel 1[0m _identify(vtol_ws/objects/2b) by extension 'colcon_meta'
[0.525s] [34mcolcon.colcon_core.package_identification[0m [1;30mLevel 1[0m _identify(vtol_ws/objects/2b) by extensions ['ros']
[0.525s] [34mcolcon.colcon_core.package_identification[0m [1;30mLevel 1[0m _identify(vtol_ws/objects/2b) by extension 'ros'
[0.525s] [34mcolcon.colcon_core.package_identification[0m [1;30mLevel 1[0m _identify(vtol_ws/objects/2b) by extensions ['cmake', 'python']
[0.525s] [34mcolcon.colcon_core.package_identification[0m [1;30mLevel 1[0m _identify(vtol_ws/objects/2b) by extension 'cmake'
[0.525s] [34mcolcon.colcon_core.package_identification[0m [1;30mLevel 1[0m _identify(vtol_ws/objects/2b) by extension 'python'
[0.525s] [34mcolcon.colcon_core.package_identification[0m [1;30mLevel 1[0m _identify(vtol_ws/objects/2b) by extensions ['python_setup_py']
[0.525s] [34mcolcon.colcon_core.package_identification[0m [1;30mLevel 1[0m _identify(vtol_ws/objects/2b) by extension 'python_setup_py'
[0.526s] [34mcolcon.colcon_core.package_identification[0m [1;30mLevel 1[0m _identify(vtol_ws/objects/31) by extensions ['ignore', 'ignore_ament_install']
[0.526s] [34mcolcon.colcon_core.package_identification[0m [1;30mLevel 1[0m _identify(vtol_ws/objects/31) by extension 'ignore'
[0.526s] [34mcolcon.colcon_core.package_identification[0m [1;30mLevel 1[0m _identify(vtol_ws/objects/31) by extension 'ignore_ament_install'
[0.526s] [34mcolcon.colcon_core.package_identification[0m [1;30mLevel 1[0m _identify(vtol_ws/objects/31) by extensions ['colcon_pkg']
[0.526s] [34mcolcon.colcon_core.package_identification[0m [1;30mLevel 1[0m _identify(vtol_ws/objects/31) by extension 'colcon_pkg'
[0.526s] [34mcolcon.colcon_core.package_identification[0m [1;30mLevel 1[0m _identify(vtol_ws/objects/31) by extensions ['colcon_meta']
[0.526s] [34mcolcon.colcon_core.package_identification[0m [1;30mLevel 1[0m _identify(vtol_ws/objects/31) by extension 'colcon_meta'
[0.526s] [34mcolcon.colcon_core.package_identification[0m [1;30mLevel 1[0m _identify(vtol_ws/objects/31) by extensions ['ros']
[0.526s] [34mcolcon.colcon_core.package_identification[0m [1;30mLevel 1[0m _identify(vtol_ws/objects/31) by extension 'ros'
[0.527s] [34mcolcon.colcon_core.package_identification[0m [1;30mLevel 1[0m _identify(vtol_ws/objects/31) by extensions ['cmake', 'python']
[0.527s] [34mcolcon.colcon_core.package_identification[0m [1;30mLevel 1[0m _identify(vtol_ws/objects/31) by extension 'cmake'
[0.527s] [34mcolcon.colcon_core.package_identification[0m [1;30mLevel 1[0m _identify(vtol_ws/objects/31) by extension 'python'
[0.527s] [34mcolcon.colcon_core.package_identification[0m [1;30mLevel 1[0m _identify(vtol_ws/objects/31) by extensions ['python_setup_py']
[0.527s] [34mcolcon.colcon_core.package_identification[0m [1;30mLevel 1[0m _identify(vtol_ws/objects/31) by extension 'python_setup_py'
[0.527s] [34mcolcon.colcon_core.package_identification[0m [1;30mLevel 1[0m _identify(vtol_ws/objects/32) by extensions ['ignore', 'ignore_ament_install']
[0.527s] [34mcolcon.colcon_core.package_identification[0m [1;30mLevel 1[0m _identify(vtol_ws/objects/32) by extension 'ignore'
[0.527s] [34mcolcon.colcon_core.package_identification[0m [1;30mLevel 1[0m _identify(vtol_ws/objects/32) by extension 'ignore_ament_install'
[0.528s] [34mcolcon.colcon_core.package_identification[0m [1;30mLevel 1[0m _identify(vtol_ws/objects/32) by extensions ['colcon_pkg']
[0.528s] [34mcolcon.colcon_core.package_identification[0m [1;30mLevel 1[0m _identify(vtol_ws/objects/32) by extension 'colcon_pkg'
[0.528s] [34mcolcon.colcon_core.package_identification[0m [1;30mLevel 1[0m _identify(vtol_ws/objects/32) by extensions ['colcon_meta']
[0.528s] [34mcolcon.colcon_core.package_identification[0m [1;30mLevel 1[0m _identify(vtol_ws/objects/32) by extension 'colcon_meta'
[0.528s] [34mcolcon.colcon_core.package_identification[0m [1;30mLevel 1[0m _identify(vtol_ws/objects/32) by extensions ['ros']
[0.528s] [34mcolcon.colcon_core.package_identification[0m [1;30mLevel 1[0m _identify(vtol_ws/objects/32) by extension 'ros'
[0.528s] [34mcolcon.colcon_core.package_identification[0m [1;30mLevel 1[0m _identify(vtol_ws/objects/32) by extensions ['cmake', 'python']
[0.528s] [34mcolcon.colcon_core.package_identification[0m [1;30mLevel 1[0m _identify(vtol_ws/objects/32) by extension 'cmake'
[0.528s] [34mcolcon.colcon_core.package_identification[0m [1;30mLevel 1[0m _identify(vtol_ws/objects/32) by extension 'python'
[0.528s] [34mcolcon.colcon_core.package_identification[0m [1;30mLevel 1[0m _identify(vtol_ws/objects/32) by extensions ['python_setup_py']
[0.528s] [34mcolcon.colcon_core.package_identification[0m [1;30mLevel 1[0m _identify(vtol_ws/objects/32) by extension 'python_setup_py'
[0.528s] [34mcolcon.colcon_core.package_identification[0m [1;30mLevel 1[0m _identify(vtol_ws/objects/36) by extensions ['ignore', 'ignore_ament_install']
[0.528s] [34mcolcon.colcon_core.package_identification[0m [1;30mLevel 1[0m _identify(vtol_ws/objects/36) by extension 'ignore'
[0.528s] [34mcolcon.colcon_core.package_identification[0m [1;30mLevel 1[0m _identify(vtol_ws/objects/36) by extension 'ignore_ament_install'
[0.529s] [34mcolcon.colcon_core.package_identification[0m [1;30mLevel 1[0m _identify(vtol_ws/objects/36) by extensions ['colcon_pkg']
[0.529s] [34mcolcon.colcon_core.package_identification[0m [1;30mLevel 1[0m _identify(vtol_ws/objects/36) by extension 'colcon_pkg'
[0.529s] [34mcolcon.colcon_core.package_identification[0m [1;30mLevel 1[0m _identify(vtol_ws/objects/36) by extensions ['colcon_meta']
[0.529s] [34mcolcon.colcon_core.package_identification[0m [1;30mLevel 1[0m _identify(vtol_ws/objects/36) by extension 'colcon_meta'
[0.529s] [34mcolcon.colcon_core.package_identification[0m [1;30mLevel 1[0m _identify(vtol_ws/objects/36) by extensions ['ros']
[0.529s] [34mcolcon.colcon_core.package_identification[0m [1;30mLevel 1[0m _identify(vtol_ws/objects/36) by extension 'ros'
[0.529s] [34mcolcon.colcon_core.package_identification[0m [1;30mLevel 1[0m _identify(vtol_ws/objects/36) by extensions ['cmake', 'python']
[0.529s] [34mcolcon.colcon_core.package_identification[0m [1;30mLevel 1[0m _identify(vtol_ws/objects/36) by extension 'cmake'
[0.529s] [34mcolcon.colcon_core.package_identification[0m [1;30mLevel 1[0m _identify(vtol_ws/objects/36) by extension 'python'
[0.529s] [34mcolcon.colcon_core.package_identification[0m [1;30mLevel 1[0m _identify(vtol_ws/objects/36) by extensions ['python_setup_py']
[0.529s] [34mcolcon.colcon_core.package_identification[0m [1;30mLevel 1[0m _identify(vtol_ws/objects/36) by extension 'python_setup_py'
[0.530s] [34mcolcon.colcon_core.package_identification[0m [1;30mLevel 1[0m _identify(vtol_ws/objects/44) by extensions ['ignore', 'ignore_ament_install']
[0.530s] [34mcolcon.colcon_core.package_identification[0m [1;30mLevel 1[0m _identify(vtol_ws/objects/44) by extension 'ignore'
[0.530s] [34mcolcon.colcon_core.package_identification[0m [1;30mLevel 1[0m _identify(vtol_ws/objects/44) by extension 'ignore_ament_install'
[0.530s] [34mcolcon.colcon_core.package_identification[0m [1;30mLevel 1[0m _identify(vtol_ws/objects/44) by extensions ['colcon_pkg']
[0.530s] [34mcolcon.colcon_core.package_identification[0m [1;30mLevel 1[0m _identify(vtol_ws/objects/44) by extension 'colcon_pkg'
[0.530s] [34mcolcon.colcon_core.package_identification[0m [1;30mLevel 1[0m _identify(vtol_ws/objects/44) by extensions ['colcon_meta']
[0.530s] [34mcolcon.colcon_core.package_identification[0m [1;30mLevel 1[0m _identify(vtol_ws/objects/44) by extension 'colcon_meta'
[0.530s] [34mcolcon.colcon_core.package_identification[0m [1;30mLevel 1[0m _identify(vtol_ws/objects/44) by extensions ['ros']
[0.530s] [34mcolcon.colcon_core.package_identification[0m [1;30mLevel 1[0m _identify(vtol_ws/objects/44) by extension 'ros'
[0.530s] [34mcolcon.colcon_core.package_identification[0m [1;30mLevel 1[0m _identify(vtol_ws/objects/44) by extensions ['cmake', 'python']
[0.530s] [34mcolcon.colcon_core.package_identification[0m [1;30mLevel 1[0m _identify(vtol_ws/objects/44) by extension 'cmake'
[0.530s] [34mcolcon.colcon_core.package_identification[0m [1;30mLevel 1[0m _identify(vtol_ws/objects/44) by extension 'python'
[0.530s] [34mcolcon.colcon_core.package_identification[0m [1;30mLevel 1[0m _identify(vtol_ws/objects/44) by extensions ['python_setup_py']
[0.530s] [34mcolcon.colcon_core.package_identification[0m [1;30mLevel 1[0m _identify(vtol_ws/objects/44) by extension 'python_setup_py'
[0.531s] [34mcolcon.colcon_core.package_identification[0m [1;30mLevel 1[0m _identify(vtol_ws/objects/48) by extensions ['ignore', 'ignore_ament_install']
[0.531s] [34mcolcon.colcon_core.package_identification[0m [1;30mLevel 1[0m _identify(vtol_ws/objects/48) by extension 'ignore'
[0.531s] [34mcolcon.colcon_core.package_identification[0m [1;30mLevel 1[0m _identify(vtol_ws/objects/48) by extension 'ignore_ament_install'
[0.531s] [34mcolcon.colcon_core.package_identification[0m [1;30mLevel 1[0m _identify(vtol_ws/objects/48) by extensions ['colcon_pkg']
[0.531s] [34mcolcon.colcon_core.package_identification[0m [1;30mLevel 1[0m _identify(vtol_ws/objects/48) by extension 'colcon_pkg'
[0.531s] [34mcolcon.colcon_core.package_identification[0m [1;30mLevel 1[0m _identify(vtol_ws/objects/48) by extensions ['colcon_meta']
[0.531s] [34mcolcon.colcon_core.package_identification[0m [1;30mLevel 1[0m _identify(vtol_ws/objects/48) by extension 'colcon_meta'
[0.531s] [34mcolcon.colcon_core.package_identification[0m [1;30mLevel 1[0m _identify(vtol_ws/objects/48) by extensions ['ros']
[0.531s] [34mcolcon.colcon_core.package_identification[0m [1;30mLevel 1[0m _identify(vtol_ws/objects/48) by extension 'ros'
[0.531s] [34mcolcon.colcon_core.package_identification[0m [1;30mLevel 1[0m _identify(vtol_ws/objects/48) by extensions ['cmake', 'python']
[0.531s] [34mcolcon.colcon_core.package_identification[0m [1;30mLevel 1[0m _identify(vtol_ws/objects/48) by extension 'cmake'
[0.531s] [34mcolcon.colcon_core.package_identification[0m [1;30mLevel 1[0m _identify(vtol_ws/objects/48) by extension 'python'
[0.531s] [34mcolcon.colcon_core.package_identification[0m [1;30mLevel 1[0m _identify(vtol_ws/objects/48) by extensions ['python_setup_py']
[0.531s] [34mcolcon.colcon_core.package_identification[0m [1;30mLevel 1[0m _identify(vtol_ws/objects/48) by extension 'python_setup_py'
[0.532s] [34mcolcon.colcon_core.package_identification[0m [1;30mLevel 1[0m _identify(vtol_ws/objects/49) by extensions ['ignore', 'ignore_ament_install']
[0.532s] [34mcolcon.colcon_core.package_identification[0m [1;30mLevel 1[0m _identify(vtol_ws/objects/49) by extension 'ignore'
[0.532s] [34mcolcon.colcon_core.package_identification[0m [1;30mLevel 1[0m _identify(vtol_ws/objects/49) by extension 'ignore_ament_install'
[0.532s] [34mcolcon.colcon_core.package_identification[0m [1;30mLevel 1[0m _identify(vtol_ws/objects/49) by extensions ['colcon_pkg']
[0.532s] [34mcolcon.colcon_core.package_identification[0m [1;30mLevel 1[0m _identify(vtol_ws/objects/49) by extension 'colcon_pkg'
[0.532s] [34mcolcon.colcon_core.package_identification[0m [1;30mLevel 1[0m _identify(vtol_ws/objects/49) by extensions ['colcon_meta']
[0.532s] [34mcolcon.colcon_core.package_identification[0m [1;30mLevel 1[0m _identify(vtol_ws/objects/49) by extension 'colcon_meta'
[0.532s] [34mcolcon.colcon_core.package_identification[0m [1;30mLevel 1[0m _identify(vtol_ws/objects/49) by extensions ['ros']
[0.532s] [34mcolcon.colcon_core.package_identification[0m [1;30mLevel 1[0m _identify(vtol_ws/objects/49) by extension 'ros'
[0.533s] [34mcolcon.colcon_core.package_identification[0m [1;30mLevel 1[0m _identify(vtol_ws/objects/49) by extensions ['cmake', 'python']
[0.533s] [34mcolcon.colcon_core.package_identification[0m [1;30mLevel 1[0m _identify(vtol_ws/objects/49) by extension 'cmake'
[0.533s] [34mcolcon.colcon_core.package_identification[0m [1;30mLevel 1[0m _identify(vtol_ws/objects/49) by extension 'python'
[0.533s] [34mcolcon.colcon_core.package_identification[0m [1;30mLevel 1[0m _identify(vtol_ws/objects/49) by extensions ['python_setup_py']
[0.533s] [34mcolcon.colcon_core.package_identification[0m [1;30mLevel 1[0m _identify(vtol_ws/objects/49) by extension 'python_setup_py'
[0.533s] [34mcolcon.colcon_core.package_identification[0m [1;30mLevel 1[0m _identify(vtol_ws/objects/4e) by extensions ['ignore', 'ignore_ament_install']
[0.534s] [34mcolcon.colcon_core.package_identification[0m [1;30mLevel 1[0m _identify(vtol_ws/objects/4e) by extension 'ignore'
[0.534s] [34mcolcon.colcon_core.package_identification[0m [1;30mLevel 1[0m _identify(vtol_ws/objects/4e) by extension 'ignore_ament_install'
[0.534s] [34mcolcon.colcon_core.package_identification[0m [1;30mLevel 1[0m _identify(vtol_ws/objects/4e) by extensions ['colcon_pkg']
[0.534s] [34mcolcon.colcon_core.package_identification[0m [1;30mLevel 1[0m _identify(vtol_ws/objects/4e) by extension 'colcon_pkg'
[0.534s] [34mcolcon.colcon_core.package_identification[0m [1;30mLevel 1[0m _identify(vtol_ws/objects/4e) by extensions ['colcon_meta']
[0.534s] [34mcolcon.colcon_core.package_identification[0m [1;30mLevel 1[0m _identify(vtol_ws/objects/4e) by extension 'colcon_meta'
[0.534s] [34mcolcon.colcon_core.package_identification[0m [1;30mLevel 1[0m _identify(vtol_ws/objects/4e) by extensions ['ros']
[0.534s] [34mcolcon.colcon_core.package_identification[0m [1;30mLevel 1[0m _identify(vtol_ws/objects/4e) by extension 'ros'
[0.534s] [34mcolcon.colcon_core.package_identification[0m [1;30mLevel 1[0m _identify(vtol_ws/objects/4e) by extensions ['cmake', 'python']
[0.535s] [34mcolcon.colcon_core.package_identification[0m [1;30mLevel 1[0m _identify(vtol_ws/objects/4e) by extension 'cmake'
[0.535s] [34mcolcon.colcon_core.package_identification[0m [1;30mLevel 1[0m _identify(vtol_ws/objects/4e) by extension 'python'
[0.535s] [34mcolcon.colcon_core.package_identification[0m [1;30mLevel 1[0m _identify(vtol_ws/objects/4e) by extensions ['python_setup_py']
[0.535s] [34mcolcon.colcon_core.package_identification[0m [1;30mLevel 1[0m _identify(vtol_ws/objects/4e) by extension 'python_setup_py'
[0.535s] [34mcolcon.colcon_core.package_identification[0m [1;30mLevel 1[0m _identify(vtol_ws/objects/56) by extensions ['ignore', 'ignore_ament_install']
[0.535s] [34mcolcon.colcon_core.package_identification[0m [1;30mLevel 1[0m _identify(vtol_ws/objects/56) by extension 'ignore'
[0.535s] [34mcolcon.colcon_core.package_identification[0m [1;30mLevel 1[0m _identify(vtol_ws/objects/56) by extension 'ignore_ament_install'
[0.535s] [34mcolcon.colcon_core.package_identification[0m [1;30mLevel 1[0m _identify(vtol_ws/objects/56) by extensions ['colcon_pkg']
[0.535s] [34mcolcon.colcon_core.package_identification[0m [1;30mLevel 1[0m _identify(vtol_ws/objects/56) by extension 'colcon_pkg'
[0.535s] [34mcolcon.colcon_core.package_identification[0m [1;30mLevel 1[0m _identify(vtol_ws/objects/56) by extensions ['colcon_meta']
[0.536s] [34mcolcon.colcon_core.package_identification[0m [1;30mLevel 1[0m _identify(vtol_ws/objects/56) by extension 'colcon_meta'
[0.536s] [34mcolcon.colcon_core.package_identification[0m [1;30mLevel 1[0m _identify(vtol_ws/objects/56) by extensions ['ros']
[0.536s] [34mcolcon.colcon_core.package_identification[0m [1;30mLevel 1[0m _identify(vtol_ws/objects/56) by extension 'ros'
[0.536s] [34mcolcon.colcon_core.package_identification[0m [1;30mLevel 1[0m _identify(vtol_ws/objects/56) by extensions ['cmake', 'python']
[0.536s] [34mcolcon.colcon_core.package_identification[0m [1;30mLevel 1[0m _identify(vtol_ws/objects/56) by extension 'cmake'
[0.536s] [34mcolcon.colcon_core.package_identification[0m [1;30mLevel 1[0m _identify(vtol_ws/objects/56) by extension 'python'
[0.536s] [34mcolcon.colcon_core.package_identification[0m [1;30mLevel 1[0m _identify(vtol_ws/objects/56) by extensions ['python_setup_py']
[0.536s] [34mcolcon.colcon_core.package_identification[0m [1;30mLevel 1[0m _identify(vtol_ws/objects/56) by extension 'python_setup_py'
[0.536s] [34mcolcon.colcon_core.package_identification[0m [1;30mLevel 1[0m _identify(vtol_ws/objects/57) by extensions ['ignore', 'ignore_ament_install']
[0.537s] [34mcolcon.colcon_core.package_identification[0m [1;30mLevel 1[0m _identify(vtol_ws/objects/57) by extension 'ignore'
[0.537s] [34mcolcon.colcon_core.package_identification[0m [1;30mLevel 1[0m _identify(vtol_ws/objects/57) by extension 'ignore_ament_install'
[0.537s] [34mcolcon.colcon_core.package_identification[0m [1;30mLevel 1[0m _identify(vtol_ws/objects/57) by extensions ['colcon_pkg']
[0.537s] [34mcolcon.colcon_core.package_identification[0m [1;30mLevel 1[0m _identify(vtol_ws/objects/57) by extension 'colcon_pkg'
[0.537s] [34mcolcon.colcon_core.package_identification[0m [1;30mLevel 1[0m _identify(vtol_ws/objects/57) by extensions ['colcon_meta']
[0.537s] [34mcolcon.colcon_core.package_identification[0m [1;30mLevel 1[0m _identify(vtol_ws/objects/57) by extension 'colcon_meta'
[0.537s] [34mcolcon.colcon_core.package_identification[0m [1;30mLevel 1[0m _identify(vtol_ws/objects/57) by extensions ['ros']
[0.537s] [34mcolcon.colcon_core.package_identification[0m [1;30mLevel 1[0m _identify(vtol_ws/objects/57) by extension 'ros'
[0.537s] [34mcolcon.colcon_core.package_identification[0m [1;30mLevel 1[0m _identify(vtol_ws/objects/57) by extensions ['cmake', 'python']
[0.537s] [34mcolcon.colcon_core.package_identification[0m [1;30mLevel 1[0m _identify(vtol_ws/objects/57) by extension 'cmake'
[0.537s] [34mcolcon.colcon_core.package_identification[0m [1;30mLevel 1[0m _identify(vtol_ws/objects/57) by extension 'python'
[0.538s] [34mcolcon.colcon_core.package_identification[0m [1;30mLevel 1[0m _identify(vtol_ws/objects/57) by extensions ['python_setup_py']
[0.538s] [34mcolcon.colcon_core.package_identification[0m [1;30mLevel 1[0m _identify(vtol_ws/objects/57) by extension 'python_setup_py'
[0.538s] [34mcolcon.colcon_core.package_identification[0m [1;30mLevel 1[0m _identify(vtol_ws/objects/5a) by extensions ['ignore', 'ignore_ament_install']
[0.538s] [34mcolcon.colcon_core.package_identification[0m [1;30mLevel 1[0m _identify(vtol_ws/objects/5a) by extension 'ignore'
[0.538s] [34mcolcon.colcon_core.package_identification[0m [1;30mLevel 1[0m _identify(vtol_ws/objects/5a) by extension 'ignore_ament_install'
[0.538s] [34mcolcon.colcon_core.package_identification[0m [1;30mLevel 1[0m _identify(vtol_ws/objects/5a) by extensions ['colcon_pkg']
[0.538s] [34mcolcon.colcon_core.package_identification[0m [1;30mLevel 1[0m _identify(vtol_ws/objects/5a) by extension 'colcon_pkg'
[0.538s] [34mcolcon.colcon_core.package_identification[0m [1;30mLevel 1[0m _identify(vtol_ws/objects/5a) by extensions ['colcon_meta']
[0.538s] [34mcolcon.colcon_core.package_identification[0m [1;30mLevel 1[0m _identify(vtol_ws/objects/5a) by extension 'colcon_meta'
[0.538s] [34mcolcon.colcon_core.package_identification[0m [1;30mLevel 1[0m _identify(vtol_ws/objects/5a) by extensions ['ros']
[0.538s] [34mcolcon.colcon_core.package_identification[0m [1;30mLevel 1[0m _identify(vtol_ws/objects/5a) by extension 'ros'
[0.538s] [34mcolcon.colcon_core.package_identification[0m [1;30mLevel 1[0m _identify(vtol_ws/objects/5a) by extensions ['cmake', 'python']
[0.538s] [34mcolcon.colcon_core.package_identification[0m [1;30mLevel 1[0m _identify(vtol_ws/objects/5a) by extension 'cmake'
[0.539s] [34mcolcon.colcon_core.package_identification[0m [1;30mLevel 1[0m _identify(vtol_ws/objects/5a) by extension 'python'
[0.539s] [34mcolcon.colcon_core.package_identification[0m [1;30mLevel 1[0m _identify(vtol_ws/objects/5a) by extensions ['python_setup_py']
[0.539s] [34mcolcon.colcon_core.package_identification[0m [1;30mLevel 1[0m _identify(vtol_ws/objects/5a) by extension 'python_setup_py'
[0.539s] [34mcolcon.colcon_core.package_identification[0m [1;30mLevel 1[0m _identify(vtol_ws/objects/5f) by extensions ['ignore', 'ignore_ament_install']
[0.539s] [34mcolcon.colcon_core.package_identification[0m [1;30mLevel 1[0m _identify(vtol_ws/objects/5f) by extension 'ignore'
[0.539s] [34mcolcon.colcon_core.package_identification[0m [1;30mLevel 1[0m _identify(vtol_ws/objects/5f) by extension 'ignore_ament_install'
[0.539s] [34mcolcon.colcon_core.package_identification[0m [1;30mLevel 1[0m _identify(vtol_ws/objects/5f) by extensions ['colcon_pkg']
[0.539s] [34mcolcon.colcon_core.package_identification[0m [1;30mLevel 1[0m _identify(vtol_ws/objects/5f) by extension 'colcon_pkg'
[0.539s] [34mcolcon.colcon_core.package_identification[0m [1;30mLevel 1[0m _identify(vtol_ws/objects/5f) by extensions ['colcon_meta']
[0.539s] [34mcolcon.colcon_core.package_identification[0m [1;30mLevel 1[0m _identify(vtol_ws/objects/5f) by extension 'colcon_meta'
[0.540s] [34mcolcon.colcon_core.package_identification[0m [1;30mLevel 1[0m _identify(vtol_ws/objects/5f) by extensions ['ros']
[0.540s] [34mcolcon.colcon_core.package_identification[0m [1;30mLevel 1[0m _identify(vtol_ws/objects/5f) by extension 'ros'
[0.540s] [34mcolcon.colcon_core.package_identification[0m [1;30mLevel 1[0m _identify(vtol_ws/objects/5f) by extensions ['cmake', 'python']
[0.540s] [34mcolcon.colcon_core.package_identification[0m [1;30mLevel 1[0m _identify(vtol_ws/objects/5f) by extension 'cmake'
[0.540s] [34mcolcon.colcon_core.package_identification[0m [1;30mLevel 1[0m _identify(vtol_ws/objects/5f) by extension 'python'
[0.540s] [34mcolcon.colcon_core.package_identification[0m [1;30mLevel 1[0m _identify(vtol_ws/objects/5f) by extensions ['python_setup_py']
[0.540s] [34mcolcon.colcon_core.package_identification[0m [1;30mLevel 1[0m _identify(vtol_ws/objects/5f) by extension 'python_setup_py'
[0.540s] [34mcolcon.colcon_core.package_identification[0m [1;30mLevel 1[0m _identify(vtol_ws/objects/60) by extensions ['ignore', 'ignore_ament_install']
[0.540s] [34mcolcon.colcon_core.package_identification[0m [1;30mLevel 1[0m _identify(vtol_ws/objects/60) by extension 'ignore'
[0.541s] [34mcolcon.colcon_core.package_identification[0m [1;30mLevel 1[0m _identify(vtol_ws/objects/60) by extension 'ignore_ament_install'
[0.541s] [34mcolcon.colcon_core.package_identification[0m [1;30mLevel 1[0m _identify(vtol_ws/objects/60) by extensions ['colcon_pkg']
[0.541s] [34mcolcon.colcon_core.package_identification[0m [1;30mLevel 1[0m _identify(vtol_ws/objects/60) by extension 'colcon_pkg'
[0.541s] [34mcolcon.colcon_core.package_identification[0m [1;30mLevel 1[0m _identify(vtol_ws/objects/60) by extensions ['colcon_meta']
[0.541s] [34mcolcon.colcon_core.package_identification[0m [1;30mLevel 1[0m _identify(vtol_ws/objects/60) by extension 'colcon_meta'
[0.541s] [34mcolcon.colcon_core.package_identification[0m [1;30mLevel 1[0m _identify(vtol_ws/objects/60) by extensions ['ros']
[0.541s] [34mcolcon.colcon_core.package_identification[0m [1;30mLevel 1[0m _identify(vtol_ws/objects/60) by extension 'ros'
[0.541s] [34mcolcon.colcon_core.package_identification[0m [1;30mLevel 1[0m _identify(vtol_ws/objects/60) by extensions ['cmake', 'python']
[0.541s] [34mcolcon.colcon_core.package_identification[0m [1;30mLevel 1[0m _identify(vtol_ws/objects/60) by extension 'cmake'
[0.541s] [34mcolcon.colcon_core.package_identification[0m [1;30mLevel 1[0m _identify(vtol_ws/objects/60) by extension 'python'
[0.541s] [34mcolcon.colcon_core.package_identification[0m [1;30mLevel 1[0m _identify(vtol_ws/objects/60) by extensions ['python_setup_py']
[0.541s] [34mcolcon.colcon_core.package_identification[0m [1;30mLevel 1[0m _identify(vtol_ws/objects/60) by extension 'python_setup_py'
[0.541s] [34mcolcon.colcon_core.package_identification[0m [1;30mLevel 1[0m _identify(vtol_ws/objects/62) by extensions ['ignore', 'ignore_ament_install']
[0.542s] [34mcolcon.colcon_core.package_identification[0m [1;30mLevel 1[0m _identify(vtol_ws/objects/62) by extension 'ignore'
[0.542s] [34mcolcon.colcon_core.package_identification[0m [1;30mLevel 1[0m _identify(vtol_ws/objects/62) by extension 'ignore_ament_install'
[0.542s] [34mcolcon.colcon_core.package_identification[0m [1;30mLevel 1[0m _identify(vtol_ws/objects/62) by extensions ['colcon_pkg']
[0.542s] [34mcolcon.colcon_core.package_identification[0m [1;30mLevel 1[0m _identify(vtol_ws/objects/62) by extension 'colcon_pkg'
[0.542s] [34mcolcon.colcon_core.package_identification[0m [1;30mLevel 1[0m _identify(vtol_ws/objects/62) by extensions ['colcon_meta']
[0.542s] [34mcolcon.colcon_core.package_identification[0m [1;30mLevel 1[0m _identify(vtol_ws/objects/62) by extension 'colcon_meta'
[0.542s] [34mcolcon.colcon_core.package_identification[0m [1;30mLevel 1[0m _identify(vtol_ws/objects/62) by extensions ['ros']
[0.542s] [34mcolcon.colcon_core.package_identification[0m [1;30mLevel 1[0m _identify(vtol_ws/objects/62) by extension 'ros'
[0.542s] [34mcolcon.colcon_core.package_identification[0m [1;30mLevel 1[0m _identify(vtol_ws/objects/62) by extensions ['cmake', 'python']
[0.542s] [34mcolcon.colcon_core.package_identification[0m [1;30mLevel 1[0m _identify(vtol_ws/objects/62) by extension 'cmake'
[0.542s] [34mcolcon.colcon_core.package_identification[0m [1;30mLevel 1[0m _identify(vtol_ws/objects/62) by extension 'python'
[0.542s] [34mcolcon.colcon_core.package_identification[0m [1;30mLevel 1[0m _identify(vtol_ws/objects/62) by extensions ['python_setup_py']
[0.542s] [34mcolcon.colcon_core.package_identification[0m [1;30mLevel 1[0m _identify(vtol_ws/objects/62) by extension 'python_setup_py'
[0.543s] [34mcolcon.colcon_core.package_identification[0m [1;30mLevel 1[0m _identify(vtol_ws/objects/63) by extensions ['ignore', 'ignore_ament_install']
[0.543s] [34mcolcon.colcon_core.package_identification[0m [1;30mLevel 1[0m _identify(vtol_ws/objects/63) by extension 'ignore'
[0.543s] [34mcolcon.colcon_core.package_identification[0m [1;30mLevel 1[0m _identify(vtol_ws/objects/63) by extension 'ignore_ament_install'
[0.543s] [34mcolcon.colcon_core.package_identification[0m [1;30mLevel 1[0m _identify(vtol_ws/objects/63) by extensions ['colcon_pkg']
[0.543s] [34mcolcon.colcon_core.package_identification[0m [1;30mLevel 1[0m _identify(vtol_ws/objects/63) by extension 'colcon_pkg'
[0.543s] [34mcolcon.colcon_core.package_identification[0m [1;30mLevel 1[0m _identify(vtol_ws/objects/63) by extensions ['colcon_meta']
[0.543s] [34mcolcon.colcon_core.package_identification[0m [1;30mLevel 1[0m _identify(vtol_ws/objects/63) by extension 'colcon_meta'
[0.544s] [34mcolcon.colcon_core.package_identification[0m [1;30mLevel 1[0m _identify(vtol_ws/objects/63) by extensions ['ros']
[0.544s] [34mcolcon.colcon_core.package_identification[0m [1;30mLevel 1[0m _identify(vtol_ws/objects/63) by extension 'ros'
[0.544s] [34mcolcon.colcon_core.package_identification[0m [1;30mLevel 1[0m _identify(vtol_ws/objects/63) by extensions ['cmake', 'python']
[0.544s] [34mcolcon.colcon_core.package_identification[0m [1;30mLevel 1[0m _identify(vtol_ws/objects/63) by extension 'cmake'
[0.544s] [34mcolcon.colcon_core.package_identification[0m [1;30mLevel 1[0m _identify(vtol_ws/objects/63) by extension 'python'
[0.544s] [34mcolcon.colcon_core.package_identification[0m [1;30mLevel 1[0m _identify(vtol_ws/objects/63) by extensions ['python_setup_py']
[0.544s] [34mcolcon.colcon_core.package_identification[0m [1;30mLevel 1[0m _identify(vtol_ws/objects/63) by extension 'python_setup_py'
[0.544s] [34mcolcon.colcon_core.package_identification[0m [1;30mLevel 1[0m _identify(vtol_ws/objects/65) by extensions ['ignore', 'ignore_ament_install']
[0.544s] [34mcolcon.colcon_core.package_identification[0m [1;30mLevel 1[0m _identify(vtol_ws/objects/65) by extension 'ignore'
[0.544s] [34mcolcon.colcon_core.package_identification[0m [1;30mLevel 1[0m _identify(vtol_ws/objects/65) by extension 'ignore_ament_install'
[0.544s] [34mcolcon.colcon_core.package_identification[0m [1;30mLevel 1[0m _identify(vtol_ws/objects/65) by extensions ['colcon_pkg']
[0.544s] [34mcolcon.colcon_core.package_identification[0m [1;30mLevel 1[0m _identify(vtol_ws/objects/65) by extension 'colcon_pkg'
[0.544s] [34mcolcon.colcon_core.package_identification[0m [1;30mLevel 1[0m _identify(vtol_ws/objects/65) by extensions ['colcon_meta']
[0.544s] [34mcolcon.colcon_core.package_identification[0m [1;30mLevel 1[0m _identify(vtol_ws/objects/65) by extension 'colcon_meta'
[0.544s] [34mcolcon.colcon_core.package_identification[0m [1;30mLevel 1[0m _identify(vtol_ws/objects/65) by extensions ['ros']
[0.544s] [34mcolcon.colcon_core.package_identification[0m [1;30mLevel 1[0m _identify(vtol_ws/objects/65) by extension 'ros'
[0.545s] [34mcolcon.colcon_core.package_identification[0m [1;30mLevel 1[0m _identify(vtol_ws/objects/65) by extensions ['cmake', 'python']
[0.545s] [34mcolcon.colcon_core.package_identification[0m [1;30mLevel 1[0m _identify(vtol_ws/objects/65) by extension 'cmake'
[0.545s] [34mcolcon.colcon_core.package_identification[0m [1;30mLevel 1[0m _identify(vtol_ws/objects/65) by extension 'python'
[0.545s] [34mcolcon.colcon_core.package_identification[0m [1;30mLevel 1[0m _identify(vtol_ws/objects/65) by extensions ['python_setup_py']
[0.545s] [34mcolcon.colcon_core.package_identification[0m [1;30mLevel 1[0m _identify(vtol_ws/objects/65) by extension 'python_setup_py'
[0.545s] [34mcolcon.colcon_core.package_identification[0m [1;30mLevel 1[0m _identify(vtol_ws/objects/66) by extensions ['ignore', 'ignore_ament_install']
[0.545s] [34mcolcon.colcon_core.package_identification[0m [1;30mLevel 1[0m _identify(vtol_ws/objects/66) by extension 'ignore'
[0.545s] [34mcolcon.colcon_core.package_identification[0m [1;30mLevel 1[0m _identify(vtol_ws/objects/66) by extension 'ignore_ament_install'
[0.545s] [34mcolcon.colcon_core.package_identification[0m [1;30mLevel 1[0m _identify(vtol_ws/objects/66) by extensions ['colcon_pkg']
[0.545s] [34mcolcon.colcon_core.package_identification[0m [1;30mLevel 1[0m _identify(vtol_ws/objects/66) by extension 'colcon_pkg'
[0.545s] [34mcolcon.colcon_core.package_identification[0m [1;30mLevel 1[0m _identify(vtol_ws/objects/66) by extensions ['colcon_meta']
[0.545s] [34mcolcon.colcon_core.package_identification[0m [1;30mLevel 1[0m _identify(vtol_ws/objects/66) by extension 'colcon_meta'
[0.545s] [34mcolcon.colcon_core.package_identification[0m [1;30mLevel 1[0m _identify(vtol_ws/objects/66) by extensions ['ros']
[0.545s] [34mcolcon.colcon_core.package_identification[0m [1;30mLevel 1[0m _identify(vtol_ws/objects/66) by extension 'ros'
[0.545s] [34mcolcon.colcon_core.package_identification[0m [1;30mLevel 1[0m _identify(vtol_ws/objects/66) by extensions ['cmake', 'python']
[0.546s] [34mcolcon.colcon_core.package_identification[0m [1;30mLevel 1[0m _identify(vtol_ws/objects/66) by extension 'cmake'
[0.546s] [34mcolcon.colcon_core.package_identification[0m [1;30mLevel 1[0m _identify(vtol_ws/objects/66) by extension 'python'
[0.546s] [34mcolcon.colcon_core.package_identification[0m [1;30mLevel 1[0m _identify(vtol_ws/objects/66) by extensions ['python_setup_py']
[0.546s] [34mcolcon.colcon_core.package_identification[0m [1;30mLevel 1[0m _identify(vtol_ws/objects/66) by extension 'python_setup_py'
[0.547s] [34mcolcon.colcon_core.package_identification[0m [1;30mLevel 1[0m _identify(vtol_ws/objects/68) by extensions ['ignore', 'ignore_ament_install']
[0.547s] [34mcolcon.colcon_core.package_identification[0m [1;30mLevel 1[0m _identify(vtol_ws/objects/68) by extension 'ignore'
[0.547s] [34mcolcon.colcon_core.package_identification[0m [1;30mLevel 1[0m _identify(vtol_ws/objects/68) by extension 'ignore_ament_install'
[0.547s] [34mcolcon.colcon_core.package_identification[0m [1;30mLevel 1[0m _identify(vtol_ws/objects/68) by extensions ['colcon_pkg']
[0.547s] [34mcolcon.colcon_core.package_identification[0m [1;30mLevel 1[0m _identify(vtol_ws/objects/68) by extension 'colcon_pkg'
[0.547s] [34mcolcon.colcon_core.package_identification[0m [1;30mLevel 1[0m _identify(vtol_ws/objects/68) by extensions ['colcon_meta']
[0.547s] [34mcolcon.colcon_core.package_identification[0m [1;30mLevel 1[0m _identify(vtol_ws/objects/68) by extension 'colcon_meta'
[0.547s] [34mcolcon.colcon_core.package_identification[0m [1;30mLevel 1[0m _identify(vtol_ws/objects/68) by extensions ['ros']
[0.547s] [34mcolcon.colcon_core.package_identification[0m [1;30mLevel 1[0m _identify(vtol_ws/objects/68) by extension 'ros'
[0.547s] [34mcolcon.colcon_core.package_identification[0m [1;30mLevel 1[0m _identify(vtol_ws/objects/68) by extensions ['cmake', 'python']
[0.548s] [34mcolcon.colcon_core.package_identification[0m [1;30mLevel 1[0m _identify(vtol_ws/objects/68) by extension 'cmake'
[0.548s] [34mcolcon.colcon_core.package_identification[0m [1;30mLevel 1[0m _identify(vtol_ws/objects/68) by extension 'python'
[0.548s] [34mcolcon.colcon_core.package_identification[0m [1;30mLevel 1[0m _identify(vtol_ws/objects/68) by extensions ['python_setup_py']
[0.548s] [34mcolcon.colcon_core.package_identification[0m [1;30mLevel 1[0m _identify(vtol_ws/objects/68) by extension 'python_setup_py'
[0.548s] [34mcolcon.colcon_core.package_identification[0m [1;30mLevel 1[0m _identify(vtol_ws/objects/6d) by extensions ['ignore', 'ignore_ament_install']
[0.548s] [34mcolcon.colcon_core.package_identification[0m [1;30mLevel 1[0m _identify(vtol_ws/objects/6d) by extension 'ignore'
[0.549s] [34mcolcon.colcon_core.package_identification[0m [1;30mLevel 1[0m _identify(vtol_ws/objects/6d) by extension 'ignore_ament_install'
[0.549s] [34mcolcon.colcon_core.package_identification[0m [1;30mLevel 1[0m _identify(vtol_ws/objects/6d) by extensions ['colcon_pkg']
[0.549s] [34mcolcon.colcon_core.package_identification[0m [1;30mLevel 1[0m _identify(vtol_ws/objects/6d) by extension 'colcon_pkg'
[0.549s] [34mcolcon.colcon_core.package_identification[0m [1;30mLevel 1[0m _identify(vtol_ws/objects/6d) by extensions ['colcon_meta']
[0.549s] [34mcolcon.colcon_core.package_identification[0m [1;30mLevel 1[0m _identify(vtol_ws/objects/6d) by extension 'colcon_meta'
[0.549s] [34mcolcon.colcon_core.package_identification[0m [1;30mLevel 1[0m _identify(vtol_ws/objects/6d) by extensions ['ros']
[0.549s] [34mcolcon.colcon_core.package_identification[0m [1;30mLevel 1[0m _identify(vtol_ws/objects/6d) by extension 'ros'
[0.549s] [34mcolcon.colcon_core.package_identification[0m [1;30mLevel 1[0m _identify(vtol_ws/objects/6d) by extensions ['cmake', 'python']
[0.549s] [34mcolcon.colcon_core.package_identification[0m [1;30mLevel 1[0m _identify(vtol_ws/objects/6d) by extension 'cmake'
[0.549s] [34mcolcon.colcon_core.package_identification[0m [1;30mLevel 1[0m _identify(vtol_ws/objects/6d) by extension 'python'
[0.549s] [34mcolcon.colcon_core.package_identification[0m [1;30mLevel 1[0m _identify(vtol_ws/objects/6d) by extensions ['python_setup_py']
[0.549s] [34mcolcon.colcon_core.package_identification[0m [1;30mLevel 1[0m _identify(vtol_ws/objects/6d) by extension 'python_setup_py'
[0.550s] [34mcolcon.colcon_core.package_identification[0m [1;30mLevel 1[0m _identify(vtol_ws/objects/70) by extensions ['ignore', 'ignore_ament_install']
[0.550s] [34mcolcon.colcon_core.package_identification[0m [1;30mLevel 1[0m _identify(vtol_ws/objects/70) by extension 'ignore'
[0.550s] [34mcolcon.colcon_core.package_identification[0m [1;30mLevel 1[0m _identify(vtol_ws/objects/70) by extension 'ignore_ament_install'
[0.550s] [34mcolcon.colcon_core.package_identification[0m [1;30mLevel 1[0m _identify(vtol_ws/objects/70) by extensions ['colcon_pkg']
[0.550s] [34mcolcon.colcon_core.package_identification[0m [1;30mLevel 1[0m _identify(vtol_ws/objects/70) by extension 'colcon_pkg'
[0.550s] [34mcolcon.colcon_core.package_identification[0m [1;30mLevel 1[0m _identify(vtol_ws/objects/70) by extensions ['colcon_meta']
[0.550s] [34mcolcon.colcon_core.package_identification[0m [1;30mLevel 1[0m _identify(vtol_ws/objects/70) by extension 'colcon_meta'
[0.550s] [34mcolcon.colcon_core.package_identification[0m [1;30mLevel 1[0m _identify(vtol_ws/objects/70) by extensions ['ros']
[0.550s] [34mcolcon.colcon_core.package_identification[0m [1;30mLevel 1[0m _identify(vtol_ws/objects/70) by extension 'ros'
[0.550s] [34mcolcon.colcon_core.package_identification[0m [1;30mLevel 1[0m _identify(vtol_ws/objects/70) by extensions ['cmake', 'python']
[0.550s] [34mcolcon.colcon_core.package_identification[0m [1;30mLevel 1[0m _identify(vtol_ws/objects/70) by extension 'cmake'
[0.550s] [34mcolcon.colcon_core.package_identification[0m [1;30mLevel 1[0m _identify(vtol_ws/objects/70) by extension 'python'
[0.550s] [34mcolcon.colcon_core.package_identification[0m [1;30mLevel 1[0m _identify(vtol_ws/objects/70) by extensions ['python_setup_py']
[0.550s] [34mcolcon.colcon_core.package_identification[0m [1;30mLevel 1[0m _identify(vtol_ws/objects/70) by extension 'python_setup_py'
[0.551s] [34mcolcon.colcon_core.package_identification[0m [1;30mLevel 1[0m _identify(vtol_ws/objects/71) by extensions ['ignore', 'ignore_ament_install']
[0.551s] [34mcolcon.colcon_core.package_identification[0m [1;30mLevel 1[0m _identify(vtol_ws/objects/71) by extension 'ignore'
[0.551s] [34mcolcon.colcon_core.package_identification[0m [1;30mLevel 1[0m _identify(vtol_ws/objects/71) by extension 'ignore_ament_install'
[0.551s] [34mcolcon.colcon_core.package_identification[0m [1;30mLevel 1[0m _identify(vtol_ws/objects/71) by extensions ['colcon_pkg']
[0.551s] [34mcolcon.colcon_core.package_identification[0m [1;30mLevel 1[0m _identify(vtol_ws/objects/71) by extension 'colcon_pkg'
[0.551s] [34mcolcon.colcon_core.package_identification[0m [1;30mLevel 1[0m _identify(vtol_ws/objects/71) by extensions ['colcon_meta']
[0.551s] [34mcolcon.colcon_core.package_identification[0m [1;30mLevel 1[0m _identify(vtol_ws/objects/71) by extension 'colcon_meta'
[0.551s] [34mcolcon.colcon_core.package_identification[0m [1;30mLevel 1[0m _identify(vtol_ws/objects/71) by extensions ['ros']
[0.551s] [34mcolcon.colcon_core.package_identification[0m [1;30mLevel 1[0m _identify(vtol_ws/objects/71) by extension 'ros'
[0.552s] [34mcolcon.colcon_core.package_identification[0m [1;30mLevel 1[0m _identify(vtol_ws/objects/71) by extensions ['cmake', 'python']
[0.552s] [34mcolcon.colcon_core.package_identification[0m [1;30mLevel 1[0m _identify(vtol_ws/objects/71) by extension 'cmake'
[0.552s] [34mcolcon.colcon_core.package_identification[0m [1;30mLevel 1[0m _identify(vtol_ws/objects/71) by extension 'python'
[0.552s] [34mcolcon.colcon_core.package_identification[0m [1;30mLevel 1[0m _identify(vtol_ws/objects/71) by extensions ['python_setup_py']
[0.552s] [34mcolcon.colcon_core.package_identification[0m [1;30mLevel 1[0m _identify(vtol_ws/objects/71) by extension 'python_setup_py'
[0.552s] [34mcolcon.colcon_core.package_identification[0m [1;30mLevel 1[0m _identify(vtol_ws/objects/74) by extensions ['ignore', 'ignore_ament_install']
[0.552s] [34mcolcon.colcon_core.package_identification[0m [1;30mLevel 1[0m _identify(vtol_ws/objects/74) by extension 'ignore'
[0.552s] [34mcolcon.colcon_core.package_identification[0m [1;30mLevel 1[0m _identify(vtol_ws/objects/74) by extension 'ignore_ament_install'
[0.552s] [34mcolcon.colcon_core.package_identification[0m [1;30mLevel 1[0m _identify(vtol_ws/objects/74) by extensions ['colcon_pkg']
[0.552s] [34mcolcon.colcon_core.package_identification[0m [1;30mLevel 1[0m _identify(vtol_ws/objects/74) by extension 'colcon_pkg'
[0.552s] [34mcolcon.colcon_core.package_identification[0m [1;30mLevel 1[0m _identify(vtol_ws/objects/74) by extensions ['colcon_meta']
[0.552s] [34mcolcon.colcon_core.package_identification[0m [1;30mLevel 1[0m _identify(vtol_ws/objects/74) by extension 'colcon_meta'
[0.552s] [34mcolcon.colcon_core.package_identification[0m [1;30mLevel 1[0m _identify(vtol_ws/objects/74) by extensions ['ros']
[0.553s] [34mcolcon.colcon_core.package_identification[0m [1;30mLevel 1[0m _identify(vtol_ws/objects/74) by extension 'ros'
[0.553s] [34mcolcon.colcon_core.package_identification[0m [1;30mLevel 1[0m _identify(vtol_ws/objects/74) by extensions ['cmake', 'python']
[0.553s] [34mcolcon.colcon_core.package_identification[0m [1;30mLevel 1[0m _identify(vtol_ws/objects/74) by extension 'cmake'
[0.553s] [34mcolcon.colcon_core.package_identification[0m [1;30mLevel 1[0m _identify(vtol_ws/objects/74) by extension 'python'
[0.553s] [34mcolcon.colcon_core.package_identification[0m [1;30mLevel 1[0m _identify(vtol_ws/objects/74) by extensions ['python_setup_py']
[0.553s] [34mcolcon.colcon_core.package_identification[0m [1;30mLevel 1[0m _identify(vtol_ws/objects/74) by extension 'python_setup_py'
[0.553s] [34mcolcon.colcon_core.package_identification[0m [1;30mLevel 1[0m _identify(vtol_ws/objects/78) by extensions ['ignore', 'ignore_ament_install']
[0.553s] [34mcolcon.colcon_core.package_identification[0m [1;30mLevel 1[0m _identify(vtol_ws/objects/78) by extension 'ignore'
[0.554s] [34mcolcon.colcon_core.package_identification[0m [1;30mLevel 1[0m _identify(vtol_ws/objects/78) by extension 'ignore_ament_install'
[0.554s] [34mcolcon.colcon_core.package_identification[0m [1;30mLevel 1[0m _identify(vtol_ws/objects/78) by extensions ['colcon_pkg']
[0.554s] [34mcolcon.colcon_core.package_identification[0m [1;30mLevel 1[0m _identify(vtol_ws/objects/78) by extension 'colcon_pkg'
[0.554s] [34mcolcon.colcon_core.package_identification[0m [1;30mLevel 1[0m _identify(vtol_ws/objects/78) by extensions ['colcon_meta']
[0.554s] [34mcolcon.colcon_core.package_identification[0m [1;30mLevel 1[0m _identify(vtol_ws/objects/78) by extension 'colcon_meta'
[0.554s] [34mcolcon.colcon_core.package_identification[0m [1;30mLevel 1[0m _identify(vtol_ws/objects/78) by extensions ['ros']
[0.554s] [34mcolcon.colcon_core.package_identification[0m [1;30mLevel 1[0m _identify(vtol_ws/objects/78) by extension 'ros'
[0.554s] [34mcolcon.colcon_core.package_identification[0m [1;30mLevel 1[0m _identify(vtol_ws/objects/78) by extensions ['cmake', 'python']
[0.554s] [34mcolcon.colcon_core.package_identification[0m [1;30mLevel 1[0m _identify(vtol_ws/objects/78) by extension 'cmake'
[0.554s] [34mcolcon.colcon_core.package_identification[0m [1;30mLevel 1[0m _identify(vtol_ws/objects/78) by extension 'python'
[0.554s] [34mcolcon.colcon_core.package_identification[0m [1;30mLevel 1[0m _identify(vtol_ws/objects/78) by extensions ['python_setup_py']
[0.554s] [34mcolcon.colcon_core.package_identification[0m [1;30mLevel 1[0m _identify(vtol_ws/objects/78) by extension 'python_setup_py'
[0.555s] [34mcolcon.colcon_core.package_identification[0m [1;30mLevel 1[0m _identify(vtol_ws/objects/79) by extensions ['ignore', 'ignore_ament_install']
[0.555s] [34mcolcon.colcon_core.package_identification[0m [1;30mLevel 1[0m _identify(vtol_ws/objects/79) by extension 'ignore'
[0.555s] [34mcolcon.colcon_core.package_identification[0m [1;30mLevel 1[0m _identify(vtol_ws/objects/79) by extension 'ignore_ament_install'
[0.555s] [34mcolcon.colcon_core.package_identification[0m [1;30mLevel 1[0m _identify(vtol_ws/objects/79) by extensions ['colcon_pkg']
[0.555s] [34mcolcon.colcon_core.package_identification[0m [1;30mLevel 1[0m _identify(vtol_ws/objects/79) by extension 'colcon_pkg'
[0.555s] [34mcolcon.colcon_core.package_identification[0m [1;30mLevel 1[0m _identify(vtol_ws/objects/79) by extensions ['colcon_meta']
[0.555s] [34mcolcon.colcon_core.package_identification[0m [1;30mLevel 1[0m _identify(vtol_ws/objects/79) by extension 'colcon_meta'
[0.555s] [34mcolcon.colcon_core.package_identification[0m [1;30mLevel 1[0m _identify(vtol_ws/objects/79) by extensions ['ros']
[0.555s] [34mcolcon.colcon_core.package_identification[0m [1;30mLevel 1[0m _identify(vtol_ws/objects/79) by extension 'ros'
[0.555s] [34mcolcon.colcon_core.package_identification[0m [1;30mLevel 1[0m _identify(vtol_ws/objects/79) by extensions ['cmake', 'python']
[0.555s] [34mcolcon.colcon_core.package_identification[0m [1;30mLevel 1[0m _identify(vtol_ws/objects/79) by extension 'cmake'
[0.555s] [34mcolcon.colcon_core.package_identification[0m [1;30mLevel 1[0m _identify(vtol_ws/objects/79) by extension 'python'
[0.555s] [34mcolcon.colcon_core.package_identification[0m [1;30mLevel 1[0m _identify(vtol_ws/objects/79) by extensions ['python_setup_py']
[0.555s] [34mcolcon.colcon_core.package_identification[0m [1;30mLevel 1[0m _identify(vtol_ws/objects/79) by extension 'python_setup_py'
[0.556s] [34mcolcon.colcon_core.package_identification[0m [1;30mLevel 1[0m _identify(vtol_ws/objects/7b) by extensions ['ignore', 'ignore_ament_install']
[0.556s] [34mcolcon.colcon_core.package_identification[0m [1;30mLevel 1[0m _identify(vtol_ws/objects/7b) by extension 'ignore'
[0.556s] [34mcolcon.colcon_core.package_identification[0m [1;30mLevel 1[0m _identify(vtol_ws/objects/7b) by extension 'ignore_ament_install'
[0.556s] [34mcolcon.colcon_core.package_identification[0m [1;30mLevel 1[0m _identify(vtol_ws/objects/7b) by extensions ['colcon_pkg']
[0.556s] [34mcolcon.colcon_core.package_identification[0m [1;30mLevel 1[0m _identify(vtol_ws/objects/7b) by extension 'colcon_pkg'
[0.556s] [34mcolcon.colcon_core.package_identification[0m [1;30mLevel 1[0m _identify(vtol_ws/objects/7b) by extensions ['colcon_meta']
[0.556s] [34mcolcon.colcon_core.package_identification[0m [1;30mLevel 1[0m _identify(vtol_ws/objects/7b) by extension 'colcon_meta'
[0.556s] [34mcolcon.colcon_core.package_identification[0m [1;30mLevel 1[0m _identify(vtol_ws/objects/7b) by extensions ['ros']
[0.556s] [34mcolcon.colcon_core.package_identification[0m [1;30mLevel 1[0m _identify(vtol_ws/objects/7b) by extension 'ros'
[0.556s] [34mcolcon.colcon_core.package_identification[0m [1;30mLevel 1[0m _identify(vtol_ws/objects/7b) by extensions ['cmake', 'python']
[0.556s] [34mcolcon.colcon_core.package_identification[0m [1;30mLevel 1[0m _identify(vtol_ws/objects/7b) by extension 'cmake'
[0.556s] [34mcolcon.colcon_core.package_identification[0m [1;30mLevel 1[0m _identify(vtol_ws/objects/7b) by extension 'python'
[0.556s] [34mcolcon.colcon_core.package_identification[0m [1;30mLevel 1[0m _identify(vtol_ws/objects/7b) by extensions ['python_setup_py']
[0.556s] [34mcolcon.colcon_core.package_identification[0m [1;30mLevel 1[0m _identify(vtol_ws/objects/7b) by extension 'python_setup_py'
[0.556s] [34mcolcon.colcon_core.package_identification[0m [1;30mLevel 1[0m _identify(vtol_ws/objects/7d) by extensions ['ignore', 'ignore_ament_install']
[0.556s] [34mcolcon.colcon_core.package_identification[0m [1;30mLevel 1[0m _identify(vtol_ws/objects/7d) by extension 'ignore'
[0.557s] [34mcolcon.colcon_core.package_identification[0m [1;30mLevel 1[0m _identify(vtol_ws/objects/7d) by extension 'ignore_ament_install'
[0.557s] [34mcolcon.colcon_core.package_identification[0m [1;30mLevel 1[0m _identify(vtol_ws/objects/7d) by extensions ['colcon_pkg']
[0.557s] [34mcolcon.colcon_core.package_identification[0m [1;30mLevel 1[0m _identify(vtol_ws/objects/7d) by extension 'colcon_pkg'
[0.557s] [34mcolcon.colcon_core.package_identification[0m [1;30mLevel 1[0m _identify(vtol_ws/objects/7d) by extensions ['colcon_meta']
[0.557s] [34mcolcon.colcon_core.package_identification[0m [1;30mLevel 1[0m _identify(vtol_ws/objects/7d) by extension 'colcon_meta'
[0.557s] [34mcolcon.colcon_core.package_identification[0m [1;30mLevel 1[0m _identify(vtol_ws/objects/7d) by extensions ['ros']
[0.557s] [34mcolcon.colcon_core.package_identification[0m [1;30mLevel 1[0m _identify(vtol_ws/objects/7d) by extension 'ros'
[0.557s] [34mcolcon.colcon_core.package_identification[0m [1;30mLevel 1[0m _identify(vtol_ws/objects/7d) by extensions ['cmake', 'python']
[0.557s] [34mcolcon.colcon_core.package_identification[0m [1;30mLevel 1[0m _identify(vtol_ws/objects/7d) by extension 'cmake'
[0.557s] [34mcolcon.colcon_core.package_identification[0m [1;30mLevel 1[0m _identify(vtol_ws/objects/7d) by extension 'python'
[0.557s] [34mcolcon.colcon_core.package_identification[0m [1;30mLevel 1[0m _identify(vtol_ws/objects/7d) by extensions ['python_setup_py']
[0.557s] [34mcolcon.colcon_core.package_identification[0m [1;30mLevel 1[0m _identify(vtol_ws/objects/7d) by extension 'python_setup_py'
[0.557s] [34mcolcon.colcon_core.package_identification[0m [1;30mLevel 1[0m _identify(vtol_ws/objects/7e) by extensions ['ignore', 'ignore_ament_install']
[0.557s] [34mcolcon.colcon_core.package_identification[0m [1;30mLevel 1[0m _identify(vtol_ws/objects/7e) by extension 'ignore'
[0.557s] [34mcolcon.colcon_core.package_identification[0m [1;30mLevel 1[0m _identify(vtol_ws/objects/7e) by extension 'ignore_ament_install'
[0.557s] [34mcolcon.colcon_core.package_identification[0m [1;30mLevel 1[0m _identify(vtol_ws/objects/7e) by extensions ['colcon_pkg']
[0.557s] [34mcolcon.colcon_core.package_identification[0m [1;30mLevel 1[0m _identify(vtol_ws/objects/7e) by extension 'colcon_pkg'
[0.557s] [34mcolcon.colcon_core.package_identification[0m [1;30mLevel 1[0m _identify(vtol_ws/objects/7e) by extensions ['colcon_meta']
[0.557s] [34mcolcon.colcon_core.package_identification[0m [1;30mLevel 1[0m _identify(vtol_ws/objects/7e) by extension 'colcon_meta'
[0.557s] [34mcolcon.colcon_core.package_identification[0m [1;30mLevel 1[0m _identify(vtol_ws/objects/7e) by extensions ['ros']
[0.557s] [34mcolcon.colcon_core.package_identification[0m [1;30mLevel 1[0m _identify(vtol_ws/objects/7e) by extension 'ros'
[0.558s] [34mcolcon.colcon_core.package_identification[0m [1;30mLevel 1[0m _identify(vtol_ws/objects/7e) by extensions ['cmake', 'python']
[0.558s] [34mcolcon.colcon_core.package_identification[0m [1;30mLevel 1[0m _identify(vtol_ws/objects/7e) by extension 'cmake'
[0.558s] [34mcolcon.colcon_core.package_identification[0m [1;30mLevel 1[0m _identify(vtol_ws/objects/7e) by extension 'python'
[0.558s] [34mcolcon.colcon_core.package_identification[0m [1;30mLevel 1[0m _identify(vtol_ws/objects/7e) by extensions ['python_setup_py']
[0.558s] [34mcolcon.colcon_core.package_identification[0m [1;30mLevel 1[0m _identify(vtol_ws/objects/7e) by extension 'python_setup_py'
[0.558s] [34mcolcon.colcon_core.package_identification[0m [1;30mLevel 1[0m _identify(vtol_ws/objects/7f) by extensions ['ignore', 'ignore_ament_install']
[0.558s] [34mcolcon.colcon_core.package_identification[0m [1;30mLevel 1[0m _identify(vtol_ws/objects/7f) by extension 'ignore'
[0.558s] [34mcolcon.colcon_core.package_identification[0m [1;30mLevel 1[0m _identify(vtol_ws/objects/7f) by extension 'ignore_ament_install'
[0.558s] [34mcolcon.colcon_core.package_identification[0m [1;30mLevel 1[0m _identify(vtol_ws/objects/7f) by extensions ['colcon_pkg']
[0.558s] [34mcolcon.colcon_core.package_identification[0m [1;30mLevel 1[0m _identify(vtol_ws/objects/7f) by extension 'colcon_pkg'
[0.558s] [34mcolcon.colcon_core.package_identification[0m [1;30mLevel 1[0m _identify(vtol_ws/objects/7f) by extensions ['colcon_meta']
[0.558s] [34mcolcon.colcon_core.package_identification[0m [1;30mLevel 1[0m _identify(vtol_ws/objects/7f) by extension 'colcon_meta'
[0.558s] [34mcolcon.colcon_core.package_identification[0m [1;30mLevel 1[0m _identify(vtol_ws/objects/7f) by extensions ['ros']
[0.558s] [34mcolcon.colcon_core.package_identification[0m [1;30mLevel 1[0m _identify(vtol_ws/objects/7f) by extension 'ros'
[0.558s] [34mcolcon.colcon_core.package_identification[0m [1;30mLevel 1[0m _identify(vtol_ws/objects/7f) by extensions ['cmake', 'python']
[0.558s] [34mcolcon.colcon_core.package_identification[0m [1;30mLevel 1[0m _identify(vtol_ws/objects/7f) by extension 'cmake'
[0.558s] [34mcolcon.colcon_core.package_identification[0m [1;30mLevel 1[0m _identify(vtol_ws/objects/7f) by extension 'python'
[0.558s] [34mcolcon.colcon_core.package_identification[0m [1;30mLevel 1[0m _identify(vtol_ws/objects/7f) by extensions ['python_setup_py']
[0.558s] [34mcolcon.colcon_core.package_identification[0m [1;30mLevel 1[0m _identify(vtol_ws/objects/7f) by extension 'python_setup_py'
[0.559s] [34mcolcon.colcon_core.package_identification[0m [1;30mLevel 1[0m _identify(vtol_ws/objects/83) by extensions ['ignore', 'ignore_ament_install']
[0.559s] [34mcolcon.colcon_core.package_identification[0m [1;30mLevel 1[0m _identify(vtol_ws/objects/83) by extension 'ignore'
[0.559s] [34mcolcon.colcon_core.package_identification[0m [1;30mLevel 1[0m _identify(vtol_ws/objects/83) by extension 'ignore_ament_install'
[0.559s] [34mcolcon.colcon_core.package_identification[0m [1;30mLevel 1[0m _identify(vtol_ws/objects/83) by extensions ['colcon_pkg']
[0.559s] [34mcolcon.colcon_core.package_identification[0m [1;30mLevel 1[0m _identify(vtol_ws/objects/83) by extension 'colcon_pkg'
[0.559s] [34mcolcon.colcon_core.package_identification[0m [1;30mLevel 1[0m _identify(vtol_ws/objects/83) by extensions ['colcon_meta']
[0.559s] [34mcolcon.colcon_core.package_identification[0m [1;30mLevel 1[0m _identify(vtol_ws/objects/83) by extension 'colcon_meta'
[0.559s] [34mcolcon.colcon_core.package_identification[0m [1;30mLevel 1[0m _identify(vtol_ws/objects/83) by extensions ['ros']
[0.559s] [34mcolcon.colcon_core.package_identification[0m [1;30mLevel 1[0m _identify(vtol_ws/objects/83) by extension 'ros'
[0.559s] [34mcolcon.colcon_core.package_identification[0m [1;30mLevel 1[0m _identify(vtol_ws/objects/83) by extensions ['cmake', 'python']
[0.559s] [34mcolcon.colcon_core.package_identification[0m [1;30mLevel 1[0m _identify(vtol_ws/objects/83) by extension 'cmake'
[0.560s] [34mcolcon.colcon_core.package_identification[0m [1;30mLevel 1[0m _identify(vtol_ws/objects/83) by extension 'python'
[0.560s] [34mcolcon.colcon_core.package_identification[0m [1;30mLevel 1[0m _identify(vtol_ws/objects/83) by extensions ['python_setup_py']
[0.560s] [34mcolcon.colcon_core.package_identification[0m [1;30mLevel 1[0m _identify(vtol_ws/objects/83) by extension 'python_setup_py'
[0.560s] [34mcolcon.colcon_core.package_identification[0m [1;30mLevel 1[0m _identify(vtol_ws/objects/85) by extensions ['ignore', 'ignore_ament_install']
[0.560s] [34mcolcon.colcon_core.package_identification[0m [1;30mLevel 1[0m _identify(vtol_ws/objects/85) by extension 'ignore'
[0.560s] [34mcolcon.colcon_core.package_identification[0m [1;30mLevel 1[0m _identify(vtol_ws/objects/85) by extension 'ignore_ament_install'
[0.560s] [34mcolcon.colcon_core.package_identification[0m [1;30mLevel 1[0m _identify(vtol_ws/objects/85) by extensions ['colcon_pkg']
[0.560s] [34mcolcon.colcon_core.package_identification[0m [1;30mLevel 1[0m _identify(vtol_ws/objects/85) by extension 'colcon_pkg'
[0.560s] [34mcolcon.colcon_core.package_identification[0m [1;30mLevel 1[0m _identify(vtol_ws/objects/85) by extensions ['colcon_meta']
[0.560s] [34mcolcon.colcon_core.package_identification[0m [1;30mLevel 1[0m _identify(vtol_ws/objects/85) by extension 'colcon_meta'
[0.560s] [34mcolcon.colcon_core.package_identification[0m [1;30mLevel 1[0m _identify(vtol_ws/objects/85) by extensions ['ros']
[0.560s] [34mcolcon.colcon_core.package_identification[0m [1;30mLevel 1[0m _identify(vtol_ws/objects/85) by extension 'ros'
[0.560s] [34mcolcon.colcon_core.package_identification[0m [1;30mLevel 1[0m _identify(vtol_ws/objects/85) by extensions ['cmake', 'python']
[0.560s] [34mcolcon.colcon_core.package_identification[0m [1;30mLevel 1[0m _identify(vtol_ws/objects/85) by extension 'cmake'
[0.560s] [34mcolcon.colcon_core.package_identification[0m [1;30mLevel 1[0m _identify(vtol_ws/objects/85) by extension 'python'
[0.560s] [34mcolcon.colcon_core.package_identification[0m [1;30mLevel 1[0m _identify(vtol_ws/objects/85) by extensions ['python_setup_py']
[0.560s] [34mcolcon.colcon_core.package_identification[0m [1;30mLevel 1[0m _identify(vtol_ws/objects/85) by extension 'python_setup_py'
[0.561s] [34mcolcon.colcon_core.package_identification[0m [1;30mLevel 1[0m _identify(vtol_ws/objects/86) by extensions ['ignore', 'ignore_ament_install']
[0.561s] [34mcolcon.colcon_core.package_identification[0m [1;30mLevel 1[0m _identify(vtol_ws/objects/86) by extension 'ignore'
[0.561s] [34mcolcon.colcon_core.package_identification[0m [1;30mLevel 1[0m _identify(vtol_ws/objects/86) by extension 'ignore_ament_install'
[0.561s] [34mcolcon.colcon_core.package_identification[0m [1;30mLevel 1[0m _identify(vtol_ws/objects/86) by extensions ['colcon_pkg']
[0.561s] [34mcolcon.colcon_core.package_identification[0m [1;30mLevel 1[0m _identify(vtol_ws/objects/86) by extension 'colcon_pkg'
[0.561s] [34mcolcon.colcon_core.package_identification[0m [1;30mLevel 1[0m _identify(vtol_ws/objects/86) by extensions ['colcon_meta']
[0.561s] [34mcolcon.colcon_core.package_identification[0m [1;30mLevel 1[0m _identify(vtol_ws/objects/86) by extension 'colcon_meta'
[0.561s] [34mcolcon.colcon_core.package_identification[0m [1;30mLevel 1[0m _identify(vtol_ws/objects/86) by extensions ['ros']
[0.561s] [34mcolcon.colcon_core.package_identification[0m [1;30mLevel 1[0m _identify(vtol_ws/objects/86) by extension 'ros'
[0.561s] [34mcolcon.colcon_core.package_identification[0m [1;30mLevel 1[0m _identify(vtol_ws/objects/86) by extensions ['cmake', 'python']
[0.561s] [34mcolcon.colcon_core.package_identification[0m [1;30mLevel 1[0m _identify(vtol_ws/objects/86) by extension 'cmake'
[0.562s] [34mcolcon.colcon_core.package_identification[0m [1;30mLevel 1[0m _identify(vtol_ws/objects/86) by extension 'python'
[0.562s] [34mcolcon.colcon_core.package_identification[0m [1;30mLevel 1[0m _identify(vtol_ws/objects/86) by extensions ['python_setup_py']
[0.562s] [34mcolcon.colcon_core.package_identification[0m [1;30mLevel 1[0m _identify(vtol_ws/objects/86) by extension 'python_setup_py'
[0.562s] [34mcolcon.colcon_core.package_identification[0m [1;30mLevel 1[0m _identify(vtol_ws/objects/89) by extensions ['ignore', 'ignore_ament_install']
[0.562s] [34mcolcon.colcon_core.package_identification[0m [1;30mLevel 1[0m _identify(vtol_ws/objects/89) by extension 'ignore'
[0.562s] [34mcolcon.colcon_core.package_identification[0m [1;30mLevel 1[0m _identify(vtol_ws/objects/89) by extension 'ignore_ament_install'
[0.562s] [34mcolcon.colcon_core.package_identification[0m [1;30mLevel 1[0m _identify(vtol_ws/objects/89) by extensions ['colcon_pkg']
[0.562s] [34mcolcon.colcon_core.package_identification[0m [1;30mLevel 1[0m _identify(vtol_ws/objects/89) by extension 'colcon_pkg'
[0.562s] [34mcolcon.colcon_core.package_identification[0m [1;30mLevel 1[0m _identify(vtol_ws/objects/89) by extensions ['colcon_meta']
[0.563s] [34mcolcon.colcon_core.package_identification[0m [1;30mLevel 1[0m _identify(vtol_ws/objects/89) by extension 'colcon_meta'
[0.563s] [34mcolcon.colcon_core.package_identification[0m [1;30mLevel 1[0m _identify(vtol_ws/objects/89) by extensions ['ros']
[0.563s] [34mcolcon.colcon_core.package_identification[0m [1;30mLevel 1[0m _identify(vtol_ws/objects/89) by extension 'ros'
[0.563s] [34mcolcon.colcon_core.package_identification[0m [1;30mLevel 1[0m _identify(vtol_ws/objects/89) by extensions ['cmake', 'python']
[0.563s] [34mcolcon.colcon_core.package_identification[0m [1;30mLevel 1[0m _identify(vtol_ws/objects/89) by extension 'cmake'
[0.563s] [34mcolcon.colcon_core.package_identification[0m [1;30mLevel 1[0m _identify(vtol_ws/objects/89) by extension 'python'
[0.563s] [34mcolcon.colcon_core.package_identification[0m [1;30mLevel 1[0m _identify(vtol_ws/objects/89) by extensions ['python_setup_py']
[0.563s] [34mcolcon.colcon_core.package_identification[0m [1;30mLevel 1[0m _identify(vtol_ws/objects/89) by extension 'python_setup_py'
[0.563s] [34mcolcon.colcon_core.package_identification[0m [1;30mLevel 1[0m _identify(vtol_ws/objects/8f) by extensions ['ignore', 'ignore_ament_install']
[0.564s] [34mcolcon.colcon_core.package_identification[0m [1;30mLevel 1[0m _identify(vtol_ws/objects/8f) by extension 'ignore'
[0.564s] [34mcolcon.colcon_core.package_identification[0m [1;30mLevel 1[0m _identify(vtol_ws/objects/8f) by extension 'ignore_ament_install'
[0.564s] [34mcolcon.colcon_core.package_identification[0m [1;30mLevel 1[0m _identify(vtol_ws/objects/8f) by extensions ['colcon_pkg']
[0.564s] [34mcolcon.colcon_core.package_identification[0m [1;30mLevel 1[0m _identify(vtol_ws/objects/8f) by extension 'colcon_pkg'
[0.564s] [34mcolcon.colcon_core.package_identification[0m [1;30mLevel 1[0m _identify(vtol_ws/objects/8f) by extensions ['colcon_meta']
[0.564s] [34mcolcon.colcon_core.package_identification[0m [1;30mLevel 1[0m _identify(vtol_ws/objects/8f) by extension 'colcon_meta'
[0.564s] [34mcolcon.colcon_core.package_identification[0m [1;30mLevel 1[0m _identify(vtol_ws/objects/8f) by extensions ['ros']
[0.564s] [34mcolcon.colcon_core.package_identification[0m [1;30mLevel 1[0m _identify(vtol_ws/objects/8f) by extension 'ros'
[0.564s] [34mcolcon.colcon_core.package_identification[0m [1;30mLevel 1[0m _identify(vtol_ws/objects/8f) by extensions ['cmake', 'python']
[0.564s] [34mcolcon.colcon_core.package_identification[0m [1;30mLevel 1[0m _identify(vtol_ws/objects/8f) by extension 'cmake'
[0.564s] [34mcolcon.colcon_core.package_identification[0m [1;30mLevel 1[0m _identify(vtol_ws/objects/8f) by extension 'python'
[0.564s] [34mcolcon.colcon_core.package_identification[0m [1;30mLevel 1[0m _identify(vtol_ws/objects/8f) by extensions ['python_setup_py']
[0.564s] [34mcolcon.colcon_core.package_identification[0m [1;30mLevel 1[0m _identify(vtol_ws/objects/8f) by extension 'python_setup_py'
[0.565s] [34mcolcon.colcon_core.package_identification[0m [1;30mLevel 1[0m _identify(vtol_ws/objects/92) by extensions ['ignore', 'ignore_ament_install']
[0.565s] [34mcolcon.colcon_core.package_identification[0m [1;30mLevel 1[0m _identify(vtol_ws/objects/92) by extension 'ignore'
[0.565s] [34mcolcon.colcon_core.package_identification[0m [1;30mLevel 1[0m _identify(vtol_ws/objects/92) by extension 'ignore_ament_install'
[0.565s] [34mcolcon.colcon_core.package_identification[0m [1;30mLevel 1[0m _identify(vtol_ws/objects/92) by extensions ['colcon_pkg']
[0.565s] [34mcolcon.colcon_core.package_identification[0m [1;30mLevel 1[0m _identify(vtol_ws/objects/92) by extension 'colcon_pkg'
[0.565s] [34mcolcon.colcon_core.package_identification[0m [1;30mLevel 1[0m _identify(vtol_ws/objects/92) by extensions ['colcon_meta']
[0.565s] [34mcolcon.colcon_core.package_identification[0m [1;30mLevel 1[0m _identify(vtol_ws/objects/92) by extension 'colcon_meta'
[0.566s] [34mcolcon.colcon_core.package_identification[0m [1;30mLevel 1[0m _identify(vtol_ws/objects/92) by extensions ['ros']
[0.566s] [34mcolcon.colcon_core.package_identification[0m [1;30mLevel 1[0m _identify(vtol_ws/objects/92) by extension 'ros'
[0.566s] [34mcolcon.colcon_core.package_identification[0m [1;30mLevel 1[0m _identify(vtol_ws/objects/92) by extensions ['cmake', 'python']
[0.566s] [34mcolcon.colcon_core.package_identification[0m [1;30mLevel 1[0m _identify(vtol_ws/objects/92) by extension 'cmake'
[0.566s] [34mcolcon.colcon_core.package_identification[0m [1;30mLevel 1[0m _identify(vtol_ws/objects/92) by extension 'python'
[0.566s] [34mcolcon.colcon_core.package_identification[0m [1;30mLevel 1[0m _identify(vtol_ws/objects/92) by extensions ['python_setup_py']
[0.566s] [34mcolcon.colcon_core.package_identification[0m [1;30mLevel 1[0m _identify(vtol_ws/objects/92) by extension 'python_setup_py'
[0.567s] [34mcolcon.colcon_core.package_identification[0m [1;30mLevel 1[0m _identify(vtol_ws/objects/96) by extensions ['ignore', 'ignore_ament_install']
[0.567s] [34mcolcon.colcon_core.package_identification[0m [1;30mLevel 1[0m _identify(vtol_ws/objects/96) by extension 'ignore'
[0.567s] [34mcolcon.colcon_core.package_identification[0m [1;30mLevel 1[0m _identify(vtol_ws/objects/96) by extension 'ignore_ament_install'
[0.567s] [34mcolcon.colcon_core.package_identification[0m [1;30mLevel 1[0m _identify(vtol_ws/objects/96) by extensions ['colcon_pkg']
[0.567s] [34mcolcon.colcon_core.package_identification[0m [1;30mLevel 1[0m _identify(vtol_ws/objects/96) by extension 'colcon_pkg'
[0.567s] [34mcolcon.colcon_core.package_identification[0m [1;30mLevel 1[0m _identify(vtol_ws/objects/96) by extensions ['colcon_meta']
[0.567s] [34mcolcon.colcon_core.package_identification[0m [1;30mLevel 1[0m _identify(vtol_ws/objects/96) by extension 'colcon_meta'
[0.567s] [34mcolcon.colcon_core.package_identification[0m [1;30mLevel 1[0m _identify(vtol_ws/objects/96) by extensions ['ros']
[0.567s] [34mcolcon.colcon_core.package_identification[0m [1;30mLevel 1[0m _identify(vtol_ws/objects/96) by extension 'ros'
[0.567s] [34mcolcon.colcon_core.package_identification[0m [1;30mLevel 1[0m _identify(vtol_ws/objects/96) by extensions ['cmake', 'python']
[0.567s] [34mcolcon.colcon_core.package_identification[0m [1;30mLevel 1[0m _identify(vtol_ws/objects/96) by extension 'cmake'
[0.567s] [34mcolcon.colcon_core.package_identification[0m [1;30mLevel 1[0m _identify(vtol_ws/objects/96) by extension 'python'
[0.567s] [34mcolcon.colcon_core.package_identification[0m [1;30mLevel 1[0m _identify(vtol_ws/objects/96) by extensions ['python_setup_py']
[0.567s] [34mcolcon.colcon_core.package_identification[0m [1;30mLevel 1[0m _identify(vtol_ws/objects/96) by extension 'python_setup_py'
[0.568s] [34mcolcon.colcon_core.package_identification[0m [1;30mLevel 1[0m _identify(vtol_ws/objects/9c) by extensions ['ignore', 'ignore_ament_install']
[0.568s] [34mcolcon.colcon_core.package_identification[0m [1;30mLevel 1[0m _identify(vtol_ws/objects/9c) by extension 'ignore'
[0.568s] [34mcolcon.colcon_core.package_identification[0m [1;30mLevel 1[0m _identify(vtol_ws/objects/9c) by extension 'ignore_ament_install'
[0.568s] [34mcolcon.colcon_core.package_identification[0m [1;30mLevel 1[0m _identify(vtol_ws/objects/9c) by extensions ['colcon_pkg']
[0.568s] [34mcolcon.colcon_core.package_identification[0m [1;30mLevel 1[0m _identify(vtol_ws/objects/9c) by extension 'colcon_pkg'
[0.568s] [34mcolcon.colcon_core.package_identification[0m [1;30mLevel 1[0m _identify(vtol_ws/objects/9c) by extensions ['colcon_meta']
[0.568s] [34mcolcon.colcon_core.package_identification[0m [1;30mLevel 1[0m _identify(vtol_ws/objects/9c) by extension 'colcon_meta'
[0.568s] [34mcolcon.colcon_core.package_identification[0m [1;30mLevel 1[0m _identify(vtol_ws/objects/9c) by extensions ['ros']
[0.568s] [34mcolcon.colcon_core.package_identification[0m [1;30mLevel 1[0m _identify(vtol_ws/objects/9c) by extension 'ros'
[0.569s] [34mcolcon.colcon_core.package_identification[0m [1;30mLevel 1[0m _identify(vtol_ws/objects/9c) by extensions ['cmake', 'python']
[0.569s] [34mcolcon.colcon_core.package_identification[0m [1;30mLevel 1[0m _identify(vtol_ws/objects/9c) by extension 'cmake'
[0.569s] [34mcolcon.colcon_core.package_identification[0m [1;30mLevel 1[0m _identify(vtol_ws/objects/9c) by extension 'python'
[0.569s] [34mcolcon.colcon_core.package_identification[0m [1;30mLevel 1[0m _identify(vtol_ws/objects/9c) by extensions ['python_setup_py']
[0.569s] [34mcolcon.colcon_core.package_identification[0m [1;30mLevel 1[0m _identify(vtol_ws/objects/9c) by extension 'python_setup_py'
[0.569s] [34mcolcon.colcon_core.package_identification[0m [1;30mLevel 1[0m _identify(vtol_ws/objects/9e) by extensions ['ignore', 'ignore_ament_install']
[0.569s] [34mcolcon.colcon_core.package_identification[0m [1;30mLevel 1[0m _identify(vtol_ws/objects/9e) by extension 'ignore'
[0.569s] [34mcolcon.colcon_core.package_identification[0m [1;30mLevel 1[0m _identify(vtol_ws/objects/9e) by extension 'ignore_ament_install'
[0.569s] [34mcolcon.colcon_core.package_identification[0m [1;30mLevel 1[0m _identify(vtol_ws/objects/9e) by extensions ['colcon_pkg']
[0.569s] [34mcolcon.colcon_core.package_identification[0m [1;30mLevel 1[0m _identify(vtol_ws/objects/9e) by extension 'colcon_pkg'
[0.569s] [34mcolcon.colcon_core.package_identification[0m [1;30mLevel 1[0m _identify(vtol_ws/objects/9e) by extensions ['colcon_meta']
[0.569s] [34mcolcon.colcon_core.package_identification[0m [1;30mLevel 1[0m _identify(vtol_ws/objects/9e) by extension 'colcon_meta'
[0.569s] [34mcolcon.colcon_core.package_identification[0m [1;30mLevel 1[0m _identify(vtol_ws/objects/9e) by extensions ['ros']
[0.569s] [34mcolcon.colcon_core.package_identification[0m [1;30mLevel 1[0m _identify(vtol_ws/objects/9e) by extension 'ros'
[0.569s] [34mcolcon.colcon_core.package_identification[0m [1;30mLevel 1[0m _identify(vtol_ws/objects/9e) by extensions ['cmake', 'python']
[0.569s] [34mcolcon.colcon_core.package_identification[0m [1;30mLevel 1[0m _identify(vtol_ws/objects/9e) by extension 'cmake'
[0.569s] [34mcolcon.colcon_core.package_identification[0m [1;30mLevel 1[0m _identify(vtol_ws/objects/9e) by extension 'python'
[0.569s] [34mcolcon.colcon_core.package_identification[0m [1;30mLevel 1[0m _identify(vtol_ws/objects/9e) by extensions ['python_setup_py']
[0.569s] [34mcolcon.colcon_core.package_identification[0m [1;30mLevel 1[0m _identify(vtol_ws/objects/9e) by extension 'python_setup_py'
[0.570s] [34mcolcon.colcon_core.package_identification[0m [1;30mLevel 1[0m _identify(vtol_ws/objects/aa) by extensions ['ignore', 'ignore_ament_install']
[0.570s] [34mcolcon.colcon_core.package_identification[0m [1;30mLevel 1[0m _identify(vtol_ws/objects/aa) by extension 'ignore'
[0.570s] [34mcolcon.colcon_core.package_identification[0m [1;30mLevel 1[0m _identify(vtol_ws/objects/aa) by extension 'ignore_ament_install'
[0.570s] [34mcolcon.colcon_core.package_identification[0m [1;30mLevel 1[0m _identify(vtol_ws/objects/aa) by extensions ['colcon_pkg']
[0.570s] [34mcolcon.colcon_core.package_identification[0m [1;30mLevel 1[0m _identify(vtol_ws/objects/aa) by extension 'colcon_pkg'
[0.570s] [34mcolcon.colcon_core.package_identification[0m [1;30mLevel 1[0m _identify(vtol_ws/objects/aa) by extensions ['colcon_meta']
[0.570s] [34mcolcon.colcon_core.package_identification[0m [1;30mLevel 1[0m _identify(vtol_ws/objects/aa) by extension 'colcon_meta'
[0.570s] [34mcolcon.colcon_core.package_identification[0m [1;30mLevel 1[0m _identify(vtol_ws/objects/aa) by extensions ['ros']
[0.570s] [34mcolcon.colcon_core.package_identification[0m [1;30mLevel 1[0m _identify(vtol_ws/objects/aa) by extension 'ros'
[0.570s] [34mcolcon.colcon_core.package_identification[0m [1;30mLevel 1[0m _identify(vtol_ws/objects/aa) by extensions ['cmake', 'python']
[0.570s] [34mcolcon.colcon_core.package_identification[0m [1;30mLevel 1[0m _identify(vtol_ws/objects/aa) by extension 'cmake'
[0.570s] [34mcolcon.colcon_core.package_identification[0m [1;30mLevel 1[0m _identify(vtol_ws/objects/aa) by extension 'python'
[0.570s] [34mcolcon.colcon_core.package_identification[0m [1;30mLevel 1[0m _identify(vtol_ws/objects/aa) by extensions ['python_setup_py']
[0.570s] [34mcolcon.colcon_core.package_identification[0m [1;30mLevel 1[0m _identify(vtol_ws/objects/aa) by extension 'python_setup_py'
[0.570s] [34mcolcon.colcon_core.package_identification[0m [1;30mLevel 1[0m _identify(vtol_ws/objects/ab) by extensions ['ignore', 'ignore_ament_install']
[0.571s] [34mcolcon.colcon_core.package_identification[0m [1;30mLevel 1[0m _identify(vtol_ws/objects/ab) by extension 'ignore'
[0.571s] [34mcolcon.colcon_core.package_identification[0m [1;30mLevel 1[0m _identify(vtol_ws/objects/ab) by extension 'ignore_ament_install'
[0.571s] [34mcolcon.colcon_core.package_identification[0m [1;30mLevel 1[0m _identify(vtol_ws/objects/ab) by extensions ['colcon_pkg']
[0.571s] [34mcolcon.colcon_core.package_identification[0m [1;30mLevel 1[0m _identify(vtol_ws/objects/ab) by extension 'colcon_pkg'
[0.571s] [34mcolcon.colcon_core.package_identification[0m [1;30mLevel 1[0m _identify(vtol_ws/objects/ab) by extensions ['colcon_meta']
[0.571s] [34mcolcon.colcon_core.package_identification[0m [1;30mLevel 1[0m _identify(vtol_ws/objects/ab) by extension 'colcon_meta'
[0.571s] [34mcolcon.colcon_core.package_identification[0m [1;30mLevel 1[0m _identify(vtol_ws/objects/ab) by extensions ['ros']
[0.571s] [34mcolcon.colcon_core.package_identification[0m [1;30mLevel 1[0m _identify(vtol_ws/objects/ab) by extension 'ros'
[0.571s] [34mcolcon.colcon_core.package_identification[0m [1;30mLevel 1[0m _identify(vtol_ws/objects/ab) by extensions ['cmake', 'python']
[0.571s] [34mcolcon.colcon_core.package_identification[0m [1;30mLevel 1[0m _identify(vtol_ws/objects/ab) by extension 'cmake'
[0.571s] [34mcolcon.colcon_core.package_identification[0m [1;30mLevel 1[0m _identify(vtol_ws/objects/ab) by extension 'python'
[0.571s] [34mcolcon.colcon_core.package_identification[0m [1;30mLevel 1[0m _identify(vtol_ws/objects/ab) by extensions ['python_setup_py']
[0.571s] [34mcolcon.colcon_core.package_identification[0m [1;30mLevel 1[0m _identify(vtol_ws/objects/ab) by extension 'python_setup_py'
[0.572s] [34mcolcon.colcon_core.package_identification[0m [1;30mLevel 1[0m _identify(vtol_ws/objects/ac) by extensions ['ignore', 'ignore_ament_install']
[0.572s] [34mcolcon.colcon_core.package_identification[0m [1;30mLevel 1[0m _identify(vtol_ws/objects/ac) by extension 'ignore'
[0.572s] [34mcolcon.colcon_core.package_identification[0m [1;30mLevel 1[0m _identify(vtol_ws/objects/ac) by extension 'ignore_ament_install'
[0.572s] [34mcolcon.colcon_core.package_identification[0m [1;30mLevel 1[0m _identify(vtol_ws/objects/ac) by extensions ['colcon_pkg']
[0.572s] [34mcolcon.colcon_core.package_identification[0m [1;30mLevel 1[0m _identify(vtol_ws/objects/ac) by extension 'colcon_pkg'
[0.572s] [34mcolcon.colcon_core.package_identification[0m [1;30mLevel 1[0m _identify(vtol_ws/objects/ac) by extensions ['colcon_meta']
[0.572s] [34mcolcon.colcon_core.package_identification[0m [1;30mLevel 1[0m _identify(vtol_ws/objects/ac) by extension 'colcon_meta'
[0.572s] [34mcolcon.colcon_core.package_identification[0m [1;30mLevel 1[0m _identify(vtol_ws/objects/ac) by extensions ['ros']
[0.572s] [34mcolcon.colcon_core.package_identification[0m [1;30mLevel 1[0m _identify(vtol_ws/objects/ac) by extension 'ros'
[0.572s] [34mcolcon.colcon_core.package_identification[0m [1;30mLevel 1[0m _identify(vtol_ws/objects/ac) by extensions ['cmake', 'python']
[0.572s] [34mcolcon.colcon_core.package_identification[0m [1;30mLevel 1[0m _identify(vtol_ws/objects/ac) by extension 'cmake'
[0.572s] [34mcolcon.colcon_core.package_identification[0m [1;30mLevel 1[0m _identify(vtol_ws/objects/ac) by extension 'python'
[0.572s] [34mcolcon.colcon_core.package_identification[0m [1;30mLevel 1[0m _identify(vtol_ws/objects/ac) by extensions ['python_setup_py']
[0.572s] [34mcolcon.colcon_core.package_identification[0m [1;30mLevel 1[0m _identify(vtol_ws/objects/ac) by extension 'python_setup_py'
[0.573s] [34mcolcon.colcon_core.package_identification[0m [1;30mLevel 1[0m _identify(vtol_ws/objects/ad) by extensions ['ignore', 'ignore_ament_install']
[0.573s] [34mcolcon.colcon_core.package_identification[0m [1;30mLevel 1[0m _identify(vtol_ws/objects/ad) by extension 'ignore'
[0.573s] [34mcolcon.colcon_core.package_identification[0m [1;30mLevel 1[0m _identify(vtol_ws/objects/ad) by extension 'ignore_ament_install'
[0.573s] [34mcolcon.colcon_core.package_identification[0m [1;30mLevel 1[0m _identify(vtol_ws/objects/ad) by extensions ['colcon_pkg']
[0.573s] [34mcolcon.colcon_core.package_identification[0m [1;30mLevel 1[0m _identify(vtol_ws/objects/ad) by extension 'colcon_pkg'
[0.573s] [34mcolcon.colcon_core.package_identification[0m [1;30mLevel 1[0m _identify(vtol_ws/objects/ad) by extensions ['colcon_meta']
[0.573s] [34mcolcon.colcon_core.package_identification[0m [1;30mLevel 1[0m _identify(vtol_ws/objects/ad) by extension 'colcon_meta'
[0.573s] [34mcolcon.colcon_core.package_identification[0m [1;30mLevel 1[0m _identify(vtol_ws/objects/ad) by extensions ['ros']
[0.573s] [34mcolcon.colcon_core.package_identification[0m [1;30mLevel 1[0m _identify(vtol_ws/objects/ad) by extension 'ros'
[0.573s] [34mcolcon.colcon_core.package_identification[0m [1;30mLevel 1[0m _identify(vtol_ws/objects/ad) by extensions ['cmake', 'python']
[0.573s] [34mcolcon.colcon_core.package_identification[0m [1;30mLevel 1[0m _identify(vtol_ws/objects/ad) by extension 'cmake'
[0.573s] [34mcolcon.colcon_core.package_identification[0m [1;30mLevel 1[0m _identify(vtol_ws/objects/ad) by extension 'python'
[0.573s] [34mcolcon.colcon_core.package_identification[0m [1;30mLevel 1[0m _identify(vtol_ws/objects/ad) by extensions ['python_setup_py']
[0.573s] [34mcolcon.colcon_core.package_identification[0m [1;30mLevel 1[0m _identify(vtol_ws/objects/ad) by extension 'python_setup_py'
[0.573s] [34mcolcon.colcon_core.package_identification[0m [1;30mLevel 1[0m _identify(vtol_ws/objects/af) by extensions ['ignore', 'ignore_ament_install']
[0.574s] [34mcolcon.colcon_core.package_identification[0m [1;30mLevel 1[0m _identify(vtol_ws/objects/af) by extension 'ignore'
[0.574s] [34mcolcon.colcon_core.package_identification[0m [1;30mLevel 1[0m _identify(vtol_ws/objects/af) by extension 'ignore_ament_install'
[0.574s] [34mcolcon.colcon_core.package_identification[0m [1;30mLevel 1[0m _identify(vtol_ws/objects/af) by extensions ['colcon_pkg']
[0.574s] [34mcolcon.colcon_core.package_identification[0m [1;30mLevel 1[0m _identify(vtol_ws/objects/af) by extension 'colcon_pkg'
[0.574s] [34mcolcon.colcon_core.package_identification[0m [1;30mLevel 1[0m _identify(vtol_ws/objects/af) by extensions ['colcon_meta']
[0.574s] [34mcolcon.colcon_core.package_identification[0m [1;30mLevel 1[0m _identify(vtol_ws/objects/af) by extension 'colcon_meta'
[0.574s] [34mcolcon.colcon_core.package_identification[0m [1;30mLevel 1[0m _identify(vtol_ws/objects/af) by extensions ['ros']
[0.574s] [34mcolcon.colcon_core.package_identification[0m [1;30mLevel 1[0m _identify(vtol_ws/objects/af) by extension 'ros'
[0.574s] [34mcolcon.colcon_core.package_identification[0m [1;30mLevel 1[0m _identify(vtol_ws/objects/af) by extensions ['cmake', 'python']
[0.574s] [34mcolcon.colcon_core.package_identification[0m [1;30mLevel 1[0m _identify(vtol_ws/objects/af) by extension 'cmake'
[0.574s] [34mcolcon.colcon_core.package_identification[0m [1;30mLevel 1[0m _identify(vtol_ws/objects/af) by extension 'python'
[0.574s] [34mcolcon.colcon_core.package_identification[0m [1;30mLevel 1[0m _identify(vtol_ws/objects/af) by extensions ['python_setup_py']
[0.574s] [34mcolcon.colcon_core.package_identification[0m [1;30mLevel 1[0m _identify(vtol_ws/objects/af) by extension 'python_setup_py'
[0.575s] [34mcolcon.colcon_core.package_identification[0m [1;30mLevel 1[0m _identify(vtol_ws/objects/ba) by extensions ['ignore', 'ignore_ament_install']
[0.575s] [34mcolcon.colcon_core.package_identification[0m [1;30mLevel 1[0m _identify(vtol_ws/objects/ba) by extension 'ignore'
[0.575s] [34mcolcon.colcon_core.package_identification[0m [1;30mLevel 1[0m _identify(vtol_ws/objects/ba) by extension 'ignore_ament_install'
[0.575s] [34mcolcon.colcon_core.package_identification[0m [1;30mLevel 1[0m _identify(vtol_ws/objects/ba) by extensions ['colcon_pkg']
[0.575s] [34mcolcon.colcon_core.package_identification[0m [1;30mLevel 1[0m _identify(vtol_ws/objects/ba) by extension 'colcon_pkg'
[0.575s] [34mcolcon.colcon_core.package_identification[0m [1;30mLevel 1[0m _identify(vtol_ws/objects/ba) by extensions ['colcon_meta']
[0.575s] [34mcolcon.colcon_core.package_identification[0m [1;30mLevel 1[0m _identify(vtol_ws/objects/ba) by extension 'colcon_meta'
[0.575s] [34mcolcon.colcon_core.package_identification[0m [1;30mLevel 1[0m _identify(vtol_ws/objects/ba) by extensions ['ros']
[0.575s] [34mcolcon.colcon_core.package_identification[0m [1;30mLevel 1[0m _identify(vtol_ws/objects/ba) by extension 'ros'
[0.575s] [34mcolcon.colcon_core.package_identification[0m [1;30mLevel 1[0m _identify(vtol_ws/objects/ba) by extensions ['cmake', 'python']
[0.575s] [34mcolcon.colcon_core.package_identification[0m [1;30mLevel 1[0m _identify(vtol_ws/objects/ba) by extension 'cmake'
[0.575s] [34mcolcon.colcon_core.package_identification[0m [1;30mLevel 1[0m _identify(vtol_ws/objects/ba) by extension 'python'
[0.576s] [34mcolcon.colcon_core.package_identification[0m [1;30mLevel 1[0m _identify(vtol_ws/objects/ba) by extensions ['python_setup_py']
[0.576s] [34mcolcon.colcon_core.package_identification[0m [1;30mLevel 1[0m _identify(vtol_ws/objects/ba) by extension 'python_setup_py'
[0.576s] [34mcolcon.colcon_core.package_identification[0m [1;30mLevel 1[0m _identify(vtol_ws/objects/c0) by extensions ['ignore', 'ignore_ament_install']
[0.576s] [34mcolcon.colcon_core.package_identification[0m [1;30mLevel 1[0m _identify(vtol_ws/objects/c0) by extension 'ignore'
[0.576s] [34mcolcon.colcon_core.package_identification[0m [1;30mLevel 1[0m _identify(vtol_ws/objects/c0) by extension 'ignore_ament_install'
[0.576s] [34mcolcon.colcon_core.package_identification[0m [1;30mLevel 1[0m _identify(vtol_ws/objects/c0) by extensions ['colcon_pkg']
[0.576s] [34mcolcon.colcon_core.package_identification[0m [1;30mLevel 1[0m _identify(vtol_ws/objects/c0) by extension 'colcon_pkg'
[0.576s] [34mcolcon.colcon_core.package_identification[0m [1;30mLevel 1[0m _identify(vtol_ws/objects/c0) by extensions ['colcon_meta']
[0.576s] [34mcolcon.colcon_core.package_identification[0m [1;30mLevel 1[0m _identify(vtol_ws/objects/c0) by extension 'colcon_meta'
[0.576s] [34mcolcon.colcon_core.package_identification[0m [1;30mLevel 1[0m _identify(vtol_ws/objects/c0) by extensions ['ros']
[0.576s] [34mcolcon.colcon_core.package_identification[0m [1;30mLevel 1[0m _identify(vtol_ws/objects/c0) by extension 'ros'
[0.576s] [34mcolcon.colcon_core.package_identification[0m [1;30mLevel 1[0m _identify(vtol_ws/objects/c0) by extensions ['cmake', 'python']
[0.576s] [34mcolcon.colcon_core.package_identification[0m [1;30mLevel 1[0m _identify(vtol_ws/objects/c0) by extension 'cmake'
[0.577s] [34mcolcon.colcon_core.package_identification[0m [1;30mLevel 1[0m _identify(vtol_ws/objects/c0) by extension 'python'
[0.577s] [34mcolcon.colcon_core.package_identification[0m [1;30mLevel 1[0m _identify(vtol_ws/objects/c0) by extensions ['python_setup_py']
[0.577s] [34mcolcon.colcon_core.package_identification[0m [1;30mLevel 1[0m _identify(vtol_ws/objects/c0) by extension 'python_setup_py'
[0.577s] [34mcolcon.colcon_core.package_identification[0m [1;30mLevel 1[0m _identify(vtol_ws/objects/c4) by extensions ['ignore', 'ignore_ament_install']
[0.577s] [34mcolcon.colcon_core.package_identification[0m [1;30mLevel 1[0m _identify(vtol_ws/objects/c4) by extension 'ignore'
[0.577s] [34mcolcon.colcon_core.package_identification[0m [1;30mLevel 1[0m _identify(vtol_ws/objects/c4) by extension 'ignore_ament_install'
[0.577s] [34mcolcon.colcon_core.package_identification[0m [1;30mLevel 1[0m _identify(vtol_ws/objects/c4) by extensions ['colcon_pkg']
[0.577s] [34mcolcon.colcon_core.package_identification[0m [1;30mLevel 1[0m _identify(vtol_ws/objects/c4) by extension 'colcon_pkg'
[0.577s] [34mcolcon.colcon_core.package_identification[0m [1;30mLevel 1[0m _identify(vtol_ws/objects/c4) by extensions ['colcon_meta']
[0.577s] [34mcolcon.colcon_core.package_identification[0m [1;30mLevel 1[0m _identify(vtol_ws/objects/c4) by extension 'colcon_meta'
[0.577s] [34mcolcon.colcon_core.package_identification[0m [1;30mLevel 1[0m _identify(vtol_ws/objects/c4) by extensions ['ros']
[0.577s] [34mcolcon.colcon_core.package_identification[0m [1;30mLevel 1[0m _identify(vtol_ws/objects/c4) by extension 'ros'
[0.577s] [34mcolcon.colcon_core.package_identification[0m [1;30mLevel 1[0m _identify(vtol_ws/objects/c4) by extensions ['cmake', 'python']
[0.577s] [34mcolcon.colcon_core.package_identification[0m [1;30mLevel 1[0m _identify(vtol_ws/objects/c4) by extension 'cmake'
[0.577s] [34mcolcon.colcon_core.package_identification[0m [1;30mLevel 1[0m _identify(vtol_ws/objects/c4) by extension 'python'
[0.577s] [34mcolcon.colcon_core.package_identification[0m [1;30mLevel 1[0m _identify(vtol_ws/objects/c4) by extensions ['python_setup_py']
[0.578s] [34mcolcon.colcon_core.package_identification[0m [1;30mLevel 1[0m _identify(vtol_ws/objects/c4) by extension 'python_setup_py'
[0.578s] [34mcolcon.colcon_core.package_identification[0m [1;30mLevel 1[0m _identify(vtol_ws/objects/c6) by extensions ['ignore', 'ignore_ament_install']
[0.578s] [34mcolcon.colcon_core.package_identification[0m [1;30mLevel 1[0m _identify(vtol_ws/objects/c6) by extension 'ignore'
[0.578s] [34mcolcon.colcon_core.package_identification[0m [1;30mLevel 1[0m _identify(vtol_ws/objects/c6) by extension 'ignore_ament_install'
[0.579s] [34mcolcon.colcon_core.package_identification[0m [1;30mLevel 1[0m _identify(vtol_ws/objects/c6) by extensions ['colcon_pkg']
[0.579s] [34mcolcon.colcon_core.package_identification[0m [1;30mLevel 1[0m _identify(vtol_ws/objects/c6) by extension 'colcon_pkg'
[0.579s] [34mcolcon.colcon_core.package_identification[0m [1;30mLevel 1[0m _identify(vtol_ws/objects/c6) by extensions ['colcon_meta']
[0.579s] [34mcolcon.colcon_core.package_identification[0m [1;30mLevel 1[0m _identify(vtol_ws/objects/c6) by extension 'colcon_meta'
[0.579s] [34mcolcon.colcon_core.package_identification[0m [1;30mLevel 1[0m _identify(vtol_ws/objects/c6) by extensions ['ros']
[0.579s] [34mcolcon.colcon_core.package_identification[0m [1;30mLevel 1[0m _identify(vtol_ws/objects/c6) by extension 'ros'
[0.579s] [34mcolcon.colcon_core.package_identification[0m [1;30mLevel 1[0m _identify(vtol_ws/objects/c6) by extensions ['cmake', 'python']
[0.579s] [34mcolcon.colcon_core.package_identification[0m [1;30mLevel 1[0m _identify(vtol_ws/objects/c6) by extension 'cmake'
[0.579s] [34mcolcon.colcon_core.package_identification[0m [1;30mLevel 1[0m _identify(vtol_ws/objects/c6) by extension 'python'
[0.579s] [34mcolcon.colcon_core.package_identification[0m [1;30mLevel 1[0m _identify(vtol_ws/objects/c6) by extensions ['python_setup_py']
[0.579s] [34mcolcon.colcon_core.package_identification[0m [1;30mLevel 1[0m _identify(vtol_ws/objects/c6) by extension 'python_setup_py'
[0.579s] [34mcolcon.colcon_core.package_identification[0m [1;30mLevel 1[0m _identify(vtol_ws/objects/c7) by extensions ['ignore', 'ignore_ament_install']
[0.580s] [34mcolcon.colcon_core.package_identification[0m [1;30mLevel 1[0m _identify(vtol_ws/objects/c7) by extension 'ignore'
[0.580s] [34mcolcon.colcon_core.package_identification[0m [1;30mLevel 1[0m _identify(vtol_ws/objects/c7) by extension 'ignore_ament_install'
[0.580s] [34mcolcon.colcon_core.package_identification[0m [1;30mLevel 1[0m _identify(vtol_ws/objects/c7) by extensions ['colcon_pkg']
[0.580s] [34mcolcon.colcon_core.package_identification[0m [1;30mLevel 1[0m _identify(vtol_ws/objects/c7) by extension 'colcon_pkg'
[0.580s] [34mcolcon.colcon_core.package_identification[0m [1;30mLevel 1[0m _identify(vtol_ws/objects/c7) by extensions ['colcon_meta']
[0.580s] [34mcolcon.colcon_core.package_identification[0m [1;30mLevel 1[0m _identify(vtol_ws/objects/c7) by extension 'colcon_meta'
[0.580s] [34mcolcon.colcon_core.package_identification[0m [1;30mLevel 1[0m _identify(vtol_ws/objects/c7) by extensions ['ros']
[0.580s] [34mcolcon.colcon_core.package_identification[0m [1;30mLevel 1[0m _identify(vtol_ws/objects/c7) by extension 'ros'
[0.580s] [34mcolcon.colcon_core.package_identification[0m [1;30mLevel 1[0m _identify(vtol_ws/objects/c7) by extensions ['cmake', 'python']
[0.580s] [34mcolcon.colcon_core.package_identification[0m [1;30mLevel 1[0m _identify(vtol_ws/objects/c7) by extension 'cmake'
[0.580s] [34mcolcon.colcon_core.package_identification[0m [1;30mLevel 1[0m _identify(vtol_ws/objects/c7) by extension 'python'
[0.580s] [34mcolcon.colcon_core.package_identification[0m [1;30mLevel 1[0m _identify(vtol_ws/objects/c7) by extensions ['python_setup_py']
[0.580s] [34mcolcon.colcon_core.package_identification[0m [1;30mLevel 1[0m _identify(vtol_ws/objects/c7) by extension 'python_setup_py'
[0.581s] [34mcolcon.colcon_core.package_identification[0m [1;30mLevel 1[0m _identify(vtol_ws/objects/c8) by extensions ['ignore', 'ignore_ament_install']
[0.581s] [34mcolcon.colcon_core.package_identification[0m [1;30mLevel 1[0m _identify(vtol_ws/objects/c8) by extension 'ignore'
[0.581s] [34mcolcon.colcon_core.package_identification[0m [1;30mLevel 1[0m _identify(vtol_ws/objects/c8) by extension 'ignore_ament_install'
[0.581s] [34mcolcon.colcon_core.package_identification[0m [1;30mLevel 1[0m _identify(vtol_ws/objects/c8) by extensions ['colcon_pkg']
[0.581s] [34mcolcon.colcon_core.package_identification[0m [1;30mLevel 1[0m _identify(vtol_ws/objects/c8) by extension 'colcon_pkg'
[0.581s] [34mcolcon.colcon_core.package_identification[0m [1;30mLevel 1[0m _identify(vtol_ws/objects/c8) by extensions ['colcon_meta']
[0.581s] [34mcolcon.colcon_core.package_identification[0m [1;30mLevel 1[0m _identify(vtol_ws/objects/c8) by extension 'colcon_meta'
[0.582s] [34mcolcon.colcon_core.package_identification[0m [1;30mLevel 1[0m _identify(vtol_ws/objects/c8) by extensions ['ros']
[0.582s] [34mcolcon.colcon_core.package_identification[0m [1;30mLevel 1[0m _identify(vtol_ws/objects/c8) by extension 'ros'
[0.582s] [34mcolcon.colcon_core.package_identification[0m [1;30mLevel 1[0m _identify(vtol_ws/objects/c8) by extensions ['cmake', 'python']
[0.582s] [34mcolcon.colcon_core.package_identification[0m [1;30mLevel 1[0m _identify(vtol_ws/objects/c8) by extension 'cmake'
[0.582s] [34mcolcon.colcon_core.package_identification[0m [1;30mLevel 1[0m _identify(vtol_ws/objects/c8) by extension 'python'
[0.582s] [34mcolcon.colcon_core.package_identification[0m [1;30mLevel 1[0m _identify(vtol_ws/objects/c8) by extensions ['python_setup_py']
[0.582s] [34mcolcon.colcon_core.package_identification[0m [1;30mLevel 1[0m _identify(vtol_ws/objects/c8) by extension 'python_setup_py'
[0.582s] [34mcolcon.colcon_core.package_identification[0m [1;30mLevel 1[0m _identify(vtol_ws/objects/cc) by extensions ['ignore', 'ignore_ament_install']
[0.583s] [34mcolcon.colcon_core.package_identification[0m [1;30mLevel 1[0m _identify(vtol_ws/objects/cc) by extension 'ignore'
[0.583s] [34mcolcon.colcon_core.package_identification[0m [1;30mLevel 1[0m _identify(vtol_ws/objects/cc) by extension 'ignore_ament_install'
[0.583s] [34mcolcon.colcon_core.package_identification[0m [1;30mLevel 1[0m _identify(vtol_ws/objects/cc) by extensions ['colcon_pkg']
[0.583s] [34mcolcon.colcon_core.package_identification[0m [1;30mLevel 1[0m _identify(vtol_ws/objects/cc) by extension 'colcon_pkg'
[0.583s] [34mcolcon.colcon_core.package_identification[0m [1;30mLevel 1[0m _identify(vtol_ws/objects/cc) by extensions ['colcon_meta']
[0.583s] [34mcolcon.colcon_core.package_identification[0m [1;30mLevel 1[0m _identify(vtol_ws/objects/cc) by extension 'colcon_meta'
[0.583s] [34mcolcon.colcon_core.package_identification[0m [1;30mLevel 1[0m _identify(vtol_ws/objects/cc) by extensions ['ros']
[0.583s] [34mcolcon.colcon_core.package_identification[0m [1;30mLevel 1[0m _identify(vtol_ws/objects/cc) by extension 'ros'
[0.583s] [34mcolcon.colcon_core.package_identification[0m [1;30mLevel 1[0m _identify(vtol_ws/objects/cc) by extensions ['cmake', 'python']
[0.583s] [34mcolcon.colcon_core.package_identification[0m [1;30mLevel 1[0m _identify(vtol_ws/objects/cc) by extension 'cmake'
[0.583s] [34mcolcon.colcon_core.package_identification[0m [1;30mLevel 1[0m _identify(vtol_ws/objects/cc) by extension 'python'
[0.583s] [34mcolcon.colcon_core.package_identification[0m [1;30mLevel 1[0m _identify(vtol_ws/objects/cc) by extensions ['python_setup_py']
[0.583s] [34mcolcon.colcon_core.package_identification[0m [1;30mLevel 1[0m _identify(vtol_ws/objects/cc) by extension 'python_setup_py'
[0.584s] [34mcolcon.colcon_core.package_identification[0m [1;30mLevel 1[0m _identify(vtol_ws/objects/cf) by extensions ['ignore', 'ignore_ament_install']
[0.584s] [34mcolcon.colcon_core.package_identification[0m [1;30mLevel 1[0m _identify(vtol_ws/objects/cf) by extension 'ignore'
[0.584s] [34mcolcon.colcon_core.package_identification[0m [1;30mLevel 1[0m _identify(vtol_ws/objects/cf) by extension 'ignore_ament_install'
[0.584s] [34mcolcon.colcon_core.package_identification[0m [1;30mLevel 1[0m _identify(vtol_ws/objects/cf) by extensions ['colcon_pkg']
[0.584s] [34mcolcon.colcon_core.package_identification[0m [1;30mLevel 1[0m _identify(vtol_ws/objects/cf) by extension 'colcon_pkg'
[0.584s] [34mcolcon.colcon_core.package_identification[0m [1;30mLevel 1[0m _identify(vtol_ws/objects/cf) by extensions ['colcon_meta']
[0.584s] [34mcolcon.colcon_core.package_identification[0m [1;30mLevel 1[0m _identify(vtol_ws/objects/cf) by extension 'colcon_meta'
[0.585s] [34mcolcon.colcon_core.package_identification[0m [1;30mLevel 1[0m _identify(vtol_ws/objects/cf) by extensions ['ros']
[0.585s] [34mcolcon.colcon_core.package_identification[0m [1;30mLevel 1[0m _identify(vtol_ws/objects/cf) by extension 'ros'
[0.585s] [34mcolcon.colcon_core.package_identification[0m [1;30mLevel 1[0m _identify(vtol_ws/objects/cf) by extensions ['cmake', 'python']
[0.585s] [34mcolcon.colcon_core.package_identification[0m [1;30mLevel 1[0m _identify(vtol_ws/objects/cf) by extension 'cmake'
[0.585s] [34mcolcon.colcon_core.package_identification[0m [1;30mLevel 1[0m _identify(vtol_ws/objects/cf) by extension 'python'
[0.585s] [34mcolcon.colcon_core.package_identification[0m [1;30mLevel 1[0m _identify(vtol_ws/objects/cf) by extensions ['python_setup_py']
[0.585s] [34mcolcon.colcon_core.package_identification[0m [1;30mLevel 1[0m _identify(vtol_ws/objects/cf) by extension 'python_setup_py'
[0.586s] [34mcolcon.colcon_core.package_identification[0m [1;30mLevel 1[0m _identify(vtol_ws/objects/d1) by extensions ['ignore', 'ignore_ament_install']
[0.586s] [34mcolcon.colcon_core.package_identification[0m [1;30mLevel 1[0m _identify(vtol_ws/objects/d1) by extension 'ignore'
[0.586s] [34mcolcon.colcon_core.package_identification[0m [1;30mLevel 1[0m _identify(vtol_ws/objects/d1) by extension 'ignore_ament_install'
[0.586s] [34mcolcon.colcon_core.package_identification[0m [1;30mLevel 1[0m _identify(vtol_ws/objects/d1) by extensions ['colcon_pkg']
[0.586s] [34mcolcon.colcon_core.package_identification[0m [1;30mLevel 1[0m _identify(vtol_ws/objects/d1) by extension 'colcon_pkg'
[0.586s] [34mcolcon.colcon_core.package_identification[0m [1;30mLevel 1[0m _identify(vtol_ws/objects/d1) by extensions ['colcon_meta']
[0.586s] [34mcolcon.colcon_core.package_identification[0m [1;30mLevel 1[0m _identify(vtol_ws/objects/d1) by extension 'colcon_meta'
[0.586s] [34mcolcon.colcon_core.package_identification[0m [1;30mLevel 1[0m _identify(vtol_ws/objects/d1) by extensions ['ros']
[0.586s] [34mcolcon.colcon_core.package_identification[0m [1;30mLevel 1[0m _identify(vtol_ws/objects/d1) by extension 'ros'
[0.586s] [34mcolcon.colcon_core.package_identification[0m [1;30mLevel 1[0m _identify(vtol_ws/objects/d1) by extensions ['cmake', 'python']
[0.586s] [34mcolcon.colcon_core.package_identification[0m [1;30mLevel 1[0m _identify(vtol_ws/objects/d1) by extension 'cmake'
[0.586s] [34mcolcon.colcon_core.package_identification[0m [1;30mLevel 1[0m _identify(vtol_ws/objects/d1) by extension 'python'
[0.586s] [34mcolcon.colcon_core.package_identification[0m [1;30mLevel 1[0m _identify(vtol_ws/objects/d1) by extensions ['python_setup_py']
[0.587s] [34mcolcon.colcon_core.package_identification[0m [1;30mLevel 1[0m _identify(vtol_ws/objects/d1) by extension 'python_setup_py'
[0.587s] [34mcolcon.colcon_core.package_identification[0m [1;30mLevel 1[0m _identify(vtol_ws/objects/d2) by extensions ['ignore', 'ignore_ament_install']
[0.587s] [34mcolcon.colcon_core.package_identification[0m [1;30mLevel 1[0m _identify(vtol_ws/objects/d2) by extension 'ignore'
[0.587s] [34mcolcon.colcon_core.package_identification[0m [1;30mLevel 1[0m _identify(vtol_ws/objects/d2) by extension 'ignore_ament_install'
[0.587s] [34mcolcon.colcon_core.package_identification[0m [1;30mLevel 1[0m _identify(vtol_ws/objects/d2) by extensions ['colcon_pkg']
[0.587s] [34mcolcon.colcon_core.package_identification[0m [1;30mLevel 1[0m _identify(vtol_ws/objects/d2) by extension 'colcon_pkg'
[0.587s] [34mcolcon.colcon_core.package_identification[0m [1;30mLevel 1[0m _identify(vtol_ws/objects/d2) by extensions ['colcon_meta']
[0.587s] [34mcolcon.colcon_core.package_identification[0m [1;30mLevel 1[0m _identify(vtol_ws/objects/d2) by extension 'colcon_meta'
[0.588s] [34mcolcon.colcon_core.package_identification[0m [1;30mLevel 1[0m _identify(vtol_ws/objects/d2) by extensions ['ros']
[0.588s] [34mcolcon.colcon_core.package_identification[0m [1;30mLevel 1[0m _identify(vtol_ws/objects/d2) by extension 'ros'
[0.588s] [34mcolcon.colcon_core.package_identification[0m [1;30mLevel 1[0m _identify(vtol_ws/objects/d2) by extensions ['cmake', 'python']
[0.588s] [34mcolcon.colcon_core.package_identification[0m [1;30mLevel 1[0m _identify(vtol_ws/objects/d2) by extension 'cmake'
[0.588s] [34mcolcon.colcon_core.package_identification[0m [1;30mLevel 1[0m _identify(vtol_ws/objects/d2) by extension 'python'
[0.588s] [34mcolcon.colcon_core.package_identification[0m [1;30mLevel 1[0m _identify(vtol_ws/objects/d2) by extensions ['python_setup_py']
[0.588s] [34mcolcon.colcon_core.package_identification[0m [1;30mLevel 1[0m _identify(vtol_ws/objects/d2) by extension 'python_setup_py'
[0.588s] [34mcolcon.colcon_core.package_identification[0m [1;30mLevel 1[0m _identify(vtol_ws/objects/df) by extensions ['ignore', 'ignore_ament_install']
[0.588s] [34mcolcon.colcon_core.package_identification[0m [1;30mLevel 1[0m _identify(vtol_ws/objects/df) by extension 'ignore'
[0.588s] [34mcolcon.colcon_core.package_identification[0m [1;30mLevel 1[0m _identify(vtol_ws/objects/df) by extension 'ignore_ament_install'
[0.588s] [34mcolcon.colcon_core.package_identification[0m [1;30mLevel 1[0m _identify(vtol_ws/objects/df) by extensions ['colcon_pkg']
[0.588s] [34mcolcon.colcon_core.package_identification[0m [1;30mLevel 1[0m _identify(vtol_ws/objects/df) by extension 'colcon_pkg'
[0.588s] [34mcolcon.colcon_core.package_identification[0m [1;30mLevel 1[0m _identify(vtol_ws/objects/df) by extensions ['colcon_meta']
[0.588s] [34mcolcon.colcon_core.package_identification[0m [1;30mLevel 1[0m _identify(vtol_ws/objects/df) by extension 'colcon_meta'
[0.588s] [34mcolcon.colcon_core.package_identification[0m [1;30mLevel 1[0m _identify(vtol_ws/objects/df) by extensions ['ros']
[0.588s] [34mcolcon.colcon_core.package_identification[0m [1;30mLevel 1[0m _identify(vtol_ws/objects/df) by extension 'ros'
[0.589s] [34mcolcon.colcon_core.package_identification[0m [1;30mLevel 1[0m _identify(vtol_ws/objects/df) by extensions ['cmake', 'python']
[0.589s] [34mcolcon.colcon_core.package_identification[0m [1;30mLevel 1[0m _identify(vtol_ws/objects/df) by extension 'cmake'
[0.589s] [34mcolcon.colcon_core.package_identification[0m [1;30mLevel 1[0m _identify(vtol_ws/objects/df) by extension 'python'
[0.589s] [34mcolcon.colcon_core.package_identification[0m [1;30mLevel 1[0m _identify(vtol_ws/objects/df) by extensions ['python_setup_py']
[0.589s] [34mcolcon.colcon_core.package_identification[0m [1;30mLevel 1[0m _identify(vtol_ws/objects/df) by extension 'python_setup_py'
[0.589s] [34mcolcon.colcon_core.package_identification[0m [1;30mLevel 1[0m _identify(vtol_ws/objects/e1) by extensions ['ignore', 'ignore_ament_install']
[0.589s] [34mcolcon.colcon_core.package_identification[0m [1;30mLevel 1[0m _identify(vtol_ws/objects/e1) by extension 'ignore'
[0.589s] [34mcolcon.colcon_core.package_identification[0m [1;30mLevel 1[0m _identify(vtol_ws/objects/e1) by extension 'ignore_ament_install'
[0.589s] [34mcolcon.colcon_core.package_identification[0m [1;30mLevel 1[0m _identify(vtol_ws/objects/e1) by extensions ['colcon_pkg']
[0.589s] [34mcolcon.colcon_core.package_identification[0m [1;30mLevel 1[0m _identify(vtol_ws/objects/e1) by extension 'colcon_pkg'
[0.589s] [34mcolcon.colcon_core.package_identification[0m [1;30mLevel 1[0m _identify(vtol_ws/objects/e1) by extensions ['colcon_meta']
[0.589s] [34mcolcon.colcon_core.package_identification[0m [1;30mLevel 1[0m _identify(vtol_ws/objects/e1) by extension 'colcon_meta'
[0.589s] [34mcolcon.colcon_core.package_identification[0m [1;30mLevel 1[0m _identify(vtol_ws/objects/e1) by extensions ['ros']
[0.589s] [34mcolcon.colcon_core.package_identification[0m [1;30mLevel 1[0m _identify(vtol_ws/objects/e1) by extension 'ros'
[0.589s] [34mcolcon.colcon_core.package_identification[0m [1;30mLevel 1[0m _identify(vtol_ws/objects/e1) by extensions ['cmake', 'python']
[0.589s] [34mcolcon.colcon_core.package_identification[0m [1;30mLevel 1[0m _identify(vtol_ws/objects/e1) by extension 'cmake'
[0.590s] [34mcolcon.colcon_core.package_identification[0m [1;30mLevel 1[0m _identify(vtol_ws/objects/e1) by extension 'python'
[0.590s] [34mcolcon.colcon_core.package_identification[0m [1;30mLevel 1[0m _identify(vtol_ws/objects/e1) by extensions ['python_setup_py']
[0.590s] [34mcolcon.colcon_core.package_identification[0m [1;30mLevel 1[0m _identify(vtol_ws/objects/e1) by extension 'python_setup_py'
[0.590s] [34mcolcon.colcon_core.package_identification[0m [1;30mLevel 1[0m _identify(vtol_ws/objects/e6) by extensions ['ignore', 'ignore_ament_install']
[0.590s] [34mcolcon.colcon_core.package_identification[0m [1;30mLevel 1[0m _identify(vtol_ws/objects/e6) by extension 'ignore'
[0.590s] [34mcolcon.colcon_core.package_identification[0m [1;30mLevel 1[0m _identify(vtol_ws/objects/e6) by extension 'ignore_ament_install'
[0.590s] [34mcolcon.colcon_core.package_identification[0m [1;30mLevel 1[0m _identify(vtol_ws/objects/e6) by extensions ['colcon_pkg']
[0.590s] [34mcolcon.colcon_core.package_identification[0m [1;30mLevel 1[0m _identify(vtol_ws/objects/e6) by extension 'colcon_pkg'
[0.590s] [34mcolcon.colcon_core.package_identification[0m [1;30mLevel 1[0m _identify(vtol_ws/objects/e6) by extensions ['colcon_meta']
[0.590s] [34mcolcon.colcon_core.package_identification[0m [1;30mLevel 1[0m _identify(vtol_ws/objects/e6) by extension 'colcon_meta'
[0.590s] [34mcolcon.colcon_core.package_identification[0m [1;30mLevel 1[0m _identify(vtol_ws/objects/e6) by extensions ['ros']
[0.591s] [34mcolcon.colcon_core.package_identification[0m [1;30mLevel 1[0m _identify(vtol_ws/objects/e6) by extension 'ros'
[0.591s] [34mcolcon.colcon_core.package_identification[0m [1;30mLevel 1[0m _identify(vtol_ws/objects/e6) by extensions ['cmake', 'python']
[0.591s] [34mcolcon.colcon_core.package_identification[0m [1;30mLevel 1[0m _identify(vtol_ws/objects/e6) by extension 'cmake'
[0.591s] [34mcolcon.colcon_core.package_identification[0m [1;30mLevel 1[0m _identify(vtol_ws/objects/e6) by extension 'python'
[0.591s] [34mcolcon.colcon_core.package_identification[0m [1;30mLevel 1[0m _identify(vtol_ws/objects/e6) by extensions ['python_setup_py']
[0.591s] [34mcolcon.colcon_core.package_identification[0m [1;30mLevel 1[0m _identify(vtol_ws/objects/e6) by extension 'python_setup_py'
[0.591s] [34mcolcon.colcon_core.package_identification[0m [1;30mLevel 1[0m _identify(vtol_ws/objects/e7) by extensions ['ignore', 'ignore_ament_install']
[0.592s] [34mcolcon.colcon_core.package_identification[0m [1;30mLevel 1[0m _identify(vtol_ws/objects/e7) by extension 'ignore'
[0.592s] [34mcolcon.colcon_core.package_identification[0m [1;30mLevel 1[0m _identify(vtol_ws/objects/e7) by extension 'ignore_ament_install'
[0.592s] [34mcolcon.colcon_core.package_identification[0m [1;30mLevel 1[0m _identify(vtol_ws/objects/e7) by extensions ['colcon_pkg']
[0.592s] [34mcolcon.colcon_core.package_identification[0m [1;30mLevel 1[0m _identify(vtol_ws/objects/e7) by extension 'colcon_pkg'
[0.592s] [34mcolcon.colcon_core.package_identification[0m [1;30mLevel 1[0m _identify(vtol_ws/objects/e7) by extensions ['colcon_meta']
[0.592s] [34mcolcon.colcon_core.package_identification[0m [1;30mLevel 1[0m _identify(vtol_ws/objects/e7) by extension 'colcon_meta'
[0.592s] [34mcolcon.colcon_core.package_identification[0m [1;30mLevel 1[0m _identify(vtol_ws/objects/e7) by extensions ['ros']
[0.592s] [34mcolcon.colcon_core.package_identification[0m [1;30mLevel 1[0m _identify(vtol_ws/objects/e7) by extension 'ros'
[0.592s] [34mcolcon.colcon_core.package_identification[0m [1;30mLevel 1[0m _identify(vtol_ws/objects/e7) by extensions ['cmake', 'python']
[0.592s] [34mcolcon.colcon_core.package_identification[0m [1;30mLevel 1[0m _identify(vtol_ws/objects/e7) by extension 'cmake'
[0.592s] [34mcolcon.colcon_core.package_identification[0m [1;30mLevel 1[0m _identify(vtol_ws/objects/e7) by extension 'python'
[0.593s] [34mcolcon.colcon_core.package_identification[0m [1;30mLevel 1[0m _identify(vtol_ws/objects/e7) by extensions ['python_setup_py']
[0.593s] [34mcolcon.colcon_core.package_identification[0m [1;30mLevel 1[0m _identify(vtol_ws/objects/e7) by extension 'python_setup_py'
[0.593s] [34mcolcon.colcon_core.package_identification[0m [1;30mLevel 1[0m _identify(vtol_ws/objects/ea) by extensions ['ignore', 'ignore_ament_install']
[0.593s] [34mcolcon.colcon_core.package_identification[0m [1;30mLevel 1[0m _identify(vtol_ws/objects/ea) by extension 'ignore'
[0.593s] [34mcolcon.colcon_core.package_identification[0m [1;30mLevel 1[0m _identify(vtol_ws/objects/ea) by extension 'ignore_ament_install'
[0.594s] [34mcolcon.colcon_core.package_identification[0m [1;30mLevel 1[0m _identify(vtol_ws/objects/ea) by extensions ['colcon_pkg']
[0.594s] [34mcolcon.colcon_core.package_identification[0m [1;30mLevel 1[0m _identify(vtol_ws/objects/ea) by extension 'colcon_pkg'
[0.594s] [34mcolcon.colcon_core.package_identification[0m [1;30mLevel 1[0m _identify(vtol_ws/objects/ea) by extensions ['colcon_meta']
[0.594s] [34mcolcon.colcon_core.package_identification[0m [1;30mLevel 1[0m _identify(vtol_ws/objects/ea) by extension 'colcon_meta'
[0.594s] [34mcolcon.colcon_core.package_identification[0m [1;30mLevel 1[0m _identify(vtol_ws/objects/ea) by extensions ['ros']
[0.594s] [34mcolcon.colcon_core.package_identification[0m [1;30mLevel 1[0m _identify(vtol_ws/objects/ea) by extension 'ros'
[0.594s] [34mcolcon.colcon_core.package_identification[0m [1;30mLevel 1[0m _identify(vtol_ws/objects/ea) by extensions ['cmake', 'python']
[0.594s] [34mcolcon.colcon_core.package_identification[0m [1;30mLevel 1[0m _identify(vtol_ws/objects/ea) by extension 'cmake'
[0.594s] [34mcolcon.colcon_core.package_identification[0m [1;30mLevel 1[0m _identify(vtol_ws/objects/ea) by extension 'python'
[0.594s] [34mcolcon.colcon_core.package_identification[0m [1;30mLevel 1[0m _identify(vtol_ws/objects/ea) by extensions ['python_setup_py']
[0.594s] [34mcolcon.colcon_core.package_identification[0m [1;30mLevel 1[0m _identify(vtol_ws/objects/ea) by extension 'python_setup_py'
[0.595s] [34mcolcon.colcon_core.package_identification[0m [1;30mLevel 1[0m _identify(vtol_ws/objects/eb) by extensions ['ignore', 'ignore_ament_install']
[0.596s] [34mcolcon.colcon_core.package_identification[0m [1;30mLevel 1[0m _identify(vtol_ws/objects/eb) by extension 'ignore'
[0.596s] [34mcolcon.colcon_core.package_identification[0m [1;30mLevel 1[0m _identify(vtol_ws/objects/eb) by extension 'ignore_ament_install'
[0.596s] [34mcolcon.colcon_core.package_identification[0m [1;30mLevel 1[0m _identify(vtol_ws/objects/eb) by extensions ['colcon_pkg']
[0.596s] [34mcolcon.colcon_core.package_identification[0m [1;30mLevel 1[0m _identify(vtol_ws/objects/eb) by extension 'colcon_pkg'
[0.596s] [34mcolcon.colcon_core.package_identification[0m [1;30mLevel 1[0m _identify(vtol_ws/objects/eb) by extensions ['colcon_meta']
[0.596s] [34mcolcon.colcon_core.package_identification[0m [1;30mLevel 1[0m _identify(vtol_ws/objects/eb) by extension 'colcon_meta'
[0.596s] [34mcolcon.colcon_core.package_identification[0m [1;30mLevel 1[0m _identify(vtol_ws/objects/eb) by extensions ['ros']
[0.596s] [34mcolcon.colcon_core.package_identification[0m [1;30mLevel 1[0m _identify(vtol_ws/objects/eb) by extension 'ros'
[0.596s] [34mcolcon.colcon_core.package_identification[0m [1;30mLevel 1[0m _identify(vtol_ws/objects/eb) by extensions ['cmake', 'python']
[0.596s] [34mcolcon.colcon_core.package_identification[0m [1;30mLevel 1[0m _identify(vtol_ws/objects/eb) by extension 'cmake'
[0.596s] [34mcolcon.colcon_core.package_identification[0m [1;30mLevel 1[0m _identify(vtol_ws/objects/eb) by extension 'python'
[0.596s] [34mcolcon.colcon_core.package_identification[0m [1;30mLevel 1[0m _identify(vtol_ws/objects/eb) by extensions ['python_setup_py']
[0.596s] [34mcolcon.colcon_core.package_identification[0m [1;30mLevel 1[0m _identify(vtol_ws/objects/eb) by extension 'python_setup_py'
[0.597s] [34mcolcon.colcon_core.package_identification[0m [1;30mLevel 1[0m _identify(vtol_ws/objects/f0) by extensions ['ignore', 'ignore_ament_install']
[0.598s] [34mcolcon.colcon_core.package_identification[0m [1;30mLevel 1[0m _identify(vtol_ws/objects/f0) by extension 'ignore'
[0.598s] [34mcolcon.colcon_core.package_identification[0m [1;30mLevel 1[0m _identify(vtol_ws/objects/f0) by extension 'ignore_ament_install'
[0.598s] [34mcolcon.colcon_core.package_identification[0m [1;30mLevel 1[0m _identify(vtol_ws/objects/f0) by extensions ['colcon_pkg']
[0.598s] [34mcolcon.colcon_core.package_identification[0m [1;30mLevel 1[0m _identify(vtol_ws/objects/f0) by extension 'colcon_pkg'
[0.598s] [34mcolcon.colcon_core.package_identification[0m [1;30mLevel 1[0m _identify(vtol_ws/objects/f0) by extensions ['colcon_meta']
[0.598s] [34mcolcon.colcon_core.package_identification[0m [1;30mLevel 1[0m _identify(vtol_ws/objects/f0) by extension 'colcon_meta'
[0.598s] [34mcolcon.colcon_core.package_identification[0m [1;30mLevel 1[0m _identify(vtol_ws/objects/f0) by extensions ['ros']
[0.598s] [34mcolcon.colcon_core.package_identification[0m [1;30mLevel 1[0m _identify(vtol_ws/objects/f0) by extension 'ros'
[0.598s] [34mcolcon.colcon_core.package_identification[0m [1;30mLevel 1[0m _identify(vtol_ws/objects/f0) by extensions ['cmake', 'python']
[0.600s] [34mcolcon.colcon_core.package_identification[0m [1;30mLevel 1[0m _identify(vtol_ws/objects/f0) by extension 'cmake'
[0.600s] [34mcolcon.colcon_core.package_identification[0m [1;30mLevel 1[0m _identify(vtol_ws/objects/f0) by extension 'python'
[0.601s] [34mcolcon.colcon_core.package_identification[0m [1;30mLevel 1[0m _identify(vtol_ws/objects/f0) by extensions ['python_setup_py']
[0.601s] [34mcolcon.colcon_core.package_identification[0m [1;30mLevel 1[0m _identify(vtol_ws/objects/f0) by extension 'python_setup_py'
[0.601s] [34mcolcon.colcon_core.package_identification[0m [1;30mLevel 1[0m _identify(vtol_ws/objects/f2) by extensions ['ignore', 'ignore_ament_install']
[0.601s] [34mcolcon.colcon_core.package_identification[0m [1;30mLevel 1[0m _identify(vtol_ws/objects/f2) by extension 'ignore'
[0.601s] [34mcolcon.colcon_core.package_identification[0m [1;30mLevel 1[0m _identify(vtol_ws/objects/f2) by extension 'ignore_ament_install'
[0.601s] [34mcolcon.colcon_core.package_identification[0m [1;30mLevel 1[0m _identify(vtol_ws/objects/f2) by extensions ['colcon_pkg']
[0.601s] [34mcolcon.colcon_core.package_identification[0m [1;30mLevel 1[0m _identify(vtol_ws/objects/f2) by extension 'colcon_pkg'
[0.601s] [34mcolcon.colcon_core.package_identification[0m [1;30mLevel 1[0m _identify(vtol_ws/objects/f2) by extensions ['colcon_meta']
[0.601s] [34mcolcon.colcon_core.package_identification[0m [1;30mLevel 1[0m _identify(vtol_ws/objects/f2) by extension 'colcon_meta'
[0.601s] [34mcolcon.colcon_core.package_identification[0m [1;30mLevel 1[0m _identify(vtol_ws/objects/f2) by extensions ['ros']
[0.602s] [34mcolcon.colcon_core.package_identification[0m [1;30mLevel 1[0m _identify(vtol_ws/objects/f2) by extension 'ros'
[0.602s] [34mcolcon.colcon_core.package_identification[0m [1;30mLevel 1[0m _identify(vtol_ws/objects/f2) by extensions ['cmake', 'python']
[0.602s] [34mcolcon.colcon_core.package_identification[0m [1;30mLevel 1[0m _identify(vtol_ws/objects/f2) by extension 'cmake'
[0.602s] [34mcolcon.colcon_core.package_identification[0m [1;30mLevel 1[0m _identify(vtol_ws/objects/f2) by extension 'python'
[0.602s] [34mcolcon.colcon_core.package_identification[0m [1;30mLevel 1[0m _identify(vtol_ws/objects/f2) by extensions ['python_setup_py']
[0.602s] [34mcolcon.colcon_core.package_identification[0m [1;30mLevel 1[0m _identify(vtol_ws/objects/f2) by extension 'python_setup_py'
[0.602s] [34mcolcon.colcon_core.package_identification[0m [1;30mLevel 1[0m _identify(vtol_ws/objects/f5) by extensions ['ignore', 'ignore_ament_install']
[0.602s] [34mcolcon.colcon_core.package_identification[0m [1;30mLevel 1[0m _identify(vtol_ws/objects/f5) by extension 'ignore'
[0.602s] [34mcolcon.colcon_core.package_identification[0m [1;30mLevel 1[0m _identify(vtol_ws/objects/f5) by extension 'ignore_ament_install'
[0.603s] [34mcolcon.colcon_core.package_identification[0m [1;30mLevel 1[0m _identify(vtol_ws/objects/f5) by extensions ['colcon_pkg']
[0.603s] [34mcolcon.colcon_core.package_identification[0m [1;30mLevel 1[0m _identify(vtol_ws/objects/f5) by extension 'colcon_pkg'
[0.603s] [34mcolcon.colcon_core.package_identification[0m [1;30mLevel 1[0m _identify(vtol_ws/objects/f5) by extensions ['colcon_meta']
[0.603s] [34mcolcon.colcon_core.package_identification[0m [1;30mLevel 1[0m _identify(vtol_ws/objects/f5) by extension 'colcon_meta'
[0.603s] [34mcolcon.colcon_core.package_identification[0m [1;30mLevel 1[0m _identify(vtol_ws/objects/f5) by extensions ['ros']
[0.603s] [34mcolcon.colcon_core.package_identification[0m [1;30mLevel 1[0m _identify(vtol_ws/objects/f5) by extension 'ros'
[0.603s] [34mcolcon.colcon_core.package_identification[0m [1;30mLevel 1[0m _identify(vtol_ws/objects/f5) by extensions ['cmake', 'python']
[0.603s] [34mcolcon.colcon_core.package_identification[0m [1;30mLevel 1[0m _identify(vtol_ws/objects/f5) by extension 'cmake'
[0.603s] [34mcolcon.colcon_core.package_identification[0m [1;30mLevel 1[0m _identify(vtol_ws/objects/f5) by extension 'python'
[0.603s] [34mcolcon.colcon_core.package_identification[0m [1;30mLevel 1[0m _identify(vtol_ws/objects/f5) by extensions ['python_setup_py']
[0.603s] [34mcolcon.colcon_core.package_identification[0m [1;30mLevel 1[0m _identify(vtol_ws/objects/f5) by extension 'python_setup_py'
[0.604s] [34mcolcon.colcon_core.package_identification[0m [1;30mLevel 1[0m _identify(vtol_ws/objects/fa) by extensions ['ignore', 'ignore_ament_install']
[0.604s] [34mcolcon.colcon_core.package_identification[0m [1;30mLevel 1[0m _identify(vtol_ws/objects/fa) by extension 'ignore'
[0.604s] [34mcolcon.colcon_core.package_identification[0m [1;30mLevel 1[0m _identify(vtol_ws/objects/fa) by extension 'ignore_ament_install'
[0.604s] [34mcolcon.colcon_core.package_identification[0m [1;30mLevel 1[0m _identify(vtol_ws/objects/fa) by extensions ['colcon_pkg']
[0.604s] [34mcolcon.colcon_core.package_identification[0m [1;30mLevel 1[0m _identify(vtol_ws/objects/fa) by extension 'colcon_pkg'
[0.604s] [34mcolcon.colcon_core.package_identification[0m [1;30mLevel 1[0m _identify(vtol_ws/objects/fa) by extensions ['colcon_meta']
[0.604s] [34mcolcon.colcon_core.package_identification[0m [1;30mLevel 1[0m _identify(vtol_ws/objects/fa) by extension 'colcon_meta'
[0.604s] [34mcolcon.colcon_core.package_identification[0m [1;30mLevel 1[0m _identify(vtol_ws/objects/fa) by extensions ['ros']
[0.604s] [34mcolcon.colcon_core.package_identification[0m [1;30mLevel 1[0m _identify(vtol_ws/objects/fa) by extension 'ros'
[0.604s] [34mcolcon.colcon_core.package_identification[0m [1;30mLevel 1[0m _identify(vtol_ws/objects/fa) by extensions ['cmake', 'python']
[0.605s] [34mcolcon.colcon_core.package_identification[0m [1;30mLevel 1[0m _identify(vtol_ws/objects/fa) by extension 'cmake'
[0.605s] [34mcolcon.colcon_core.package_identification[0m [1;30mLevel 1[0m _identify(vtol_ws/objects/fa) by extension 'python'
[0.605s] [34mcolcon.colcon_core.package_identification[0m [1;30mLevel 1[0m _identify(vtol_ws/objects/fa) by extensions ['python_setup_py']
[0.605s] [34mcolcon.colcon_core.package_identification[0m [1;30mLevel 1[0m _identify(vtol_ws/objects/fa) by extension 'python_setup_py'
[0.605s] [34mcolcon.colcon_core.package_identification[0m [1;30mLevel 1[0m _identify(vtol_ws/objects/fb) by extensions ['ignore', 'ignore_ament_install']
[0.606s] [34mcolcon.colcon_core.package_identification[0m [1;30mLevel 1[0m _identify(vtol_ws/objects/fb) by extension 'ignore'
[0.606s] [34mcolcon.colcon_core.package_identification[0m [1;30mLevel 1[0m _identify(vtol_ws/objects/fb) by extension 'ignore_ament_install'
[0.606s] [34mcolcon.colcon_core.package_identification[0m [1;30mLevel 1[0m _identify(vtol_ws/objects/fb) by extensions ['colcon_pkg']
[0.606s] [34mcolcon.colcon_core.package_identification[0m [1;30mLevel 1[0m _identify(vtol_ws/objects/fb) by extension 'colcon_pkg'
[0.606s] [34mcolcon.colcon_core.package_identification[0m [1;30mLevel 1[0m _identify(vtol_ws/objects/fb) by extensions ['colcon_meta']
[0.606s] [34mcolcon.colcon_core.package_identification[0m [1;30mLevel 1[0m _identify(vtol_ws/objects/fb) by extension 'colcon_meta'
[0.606s] [34mcolcon.colcon_core.package_identification[0m [1;30mLevel 1[0m _identify(vtol_ws/objects/fb) by extensions ['ros']
[0.606s] [34mcolcon.colcon_core.package_identification[0m [1;30mLevel 1[0m _identify(vtol_ws/objects/fb) by extension 'ros'
[0.606s] [34mcolcon.colcon_core.package_identification[0m [1;30mLevel 1[0m _identify(vtol_ws/objects/fb) by extensions ['cmake', 'python']
[0.606s] [34mcolcon.colcon_core.package_identification[0m [1;30mLevel 1[0m _identify(vtol_ws/objects/fb) by extension 'cmake'
[0.606s] [34mcolcon.colcon_core.package_identification[0m [1;30mLevel 1[0m _identify(vtol_ws/objects/fb) by extension 'python'
[0.606s] [34mcolcon.colcon_core.package_identification[0m [1;30mLevel 1[0m _identify(vtol_ws/objects/fb) by extensions ['python_setup_py']
[0.606s] [34mcolcon.colcon_core.package_identification[0m [1;30mLevel 1[0m _identify(vtol_ws/objects/fb) by extension 'python_setup_py'
[0.606s] [34mcolcon.colcon_core.package_identification[0m [1;30mLevel 1[0m _identify(vtol_ws/objects/ff) by extensions ['ignore', 'ignore_ament_install']
[0.607s] [34mcolcon.colcon_core.package_identification[0m [1;30mLevel 1[0m _identify(vtol_ws/objects/ff) by extension 'ignore'
[0.607s] [34mcolcon.colcon_core.package_identification[0m [1;30mLevel 1[0m _identify(vtol_ws/objects/ff) by extension 'ignore_ament_install'
[0.607s] [34mcolcon.colcon_core.package_identification[0m [1;30mLevel 1[0m _identify(vtol_ws/objects/ff) by extensions ['colcon_pkg']
[0.607s] [34mcolcon.colcon_core.package_identification[0m [1;30mLevel 1[0m _identify(vtol_ws/objects/ff) by extension 'colcon_pkg'
[0.607s] [34mcolcon.colcon_core.package_identification[0m [1;30mLevel 1[0m _identify(vtol_ws/objects/ff) by extensions ['colcon_meta']
[0.607s] [34mcolcon.colcon_core.package_identification[0m [1;30mLevel 1[0m _identify(vtol_ws/objects/ff) by extension 'colcon_meta'
[0.607s] [34mcolcon.colcon_core.package_identification[0m [1;30mLevel 1[0m _identify(vtol_ws/objects/ff) by extensions ['ros']
[0.607s] [34mcolcon.colcon_core.package_identification[0m [1;30mLevel 1[0m _identify(vtol_ws/objects/ff) by extension 'ros'
[0.607s] [34mcolcon.colcon_core.package_identification[0m [1;30mLevel 1[0m _identify(vtol_ws/objects/ff) by extensions ['cmake', 'python']
[0.607s] [34mcolcon.colcon_core.package_identification[0m [1;30mLevel 1[0m _identify(vtol_ws/objects/ff) by extension 'cmake'
[0.607s] [34mcolcon.colcon_core.package_identification[0m [1;30mLevel 1[0m _identify(vtol_ws/objects/ff) by extension 'python'
[0.607s] [34mcolcon.colcon_core.package_identification[0m [1;30mLevel 1[0m _identify(vtol_ws/objects/ff) by extensions ['python_setup_py']
[0.607s] [34mcolcon.colcon_core.package_identification[0m [1;30mLevel 1[0m _identify(vtol_ws/objects/ff) by extension 'python_setup_py'
[0.608s] [34mcolcon.colcon_core.package_identification[0m [1;30mLevel 1[0m _identify(vtol_ws/objects/info) by extensions ['ignore', 'ignore_ament_install']
[0.608s] [34mcolcon.colcon_core.package_identification[0m [1;30mLevel 1[0m _identify(vtol_ws/objects/info) by extension 'ignore'
[0.608s] [34mcolcon.colcon_core.package_identification[0m [1;30mLevel 1[0m _identify(vtol_ws/objects/info) by extension 'ignore_ament_install'
[0.608s] [34mcolcon.colcon_core.package_identification[0m [1;30mLevel 1[0m _identify(vtol_ws/objects/info) by extensions ['colcon_pkg']
[0.608s] [34mcolcon.colcon_core.package_identification[0m [1;30mLevel 1[0m _identify(vtol_ws/objects/info) by extension 'colcon_pkg'
[0.608s] [34mcolcon.colcon_core.package_identification[0m [1;30mLevel 1[0m _identify(vtol_ws/objects/info) by extensions ['colcon_meta']
[0.608s] [34mcolcon.colcon_core.package_identification[0m [1;30mLevel 1[0m _identify(vtol_ws/objects/info) by extension 'colcon_meta'
[0.608s] [34mcolcon.colcon_core.package_identification[0m [1;30mLevel 1[0m _identify(vtol_ws/objects/info) by extensions ['ros']
[0.608s] [34mcolcon.colcon_core.package_identification[0m [1;30mLevel 1[0m _identify(vtol_ws/objects/info) by extension 'ros'
[0.609s] [34mcolcon.colcon_core.package_identification[0m [1;30mLevel 1[0m _identify(vtol_ws/objects/info) by extensions ['cmake', 'python']
[0.609s] [34mcolcon.colcon_core.package_identification[0m [1;30mLevel 1[0m _identify(vtol_ws/objects/info) by extension 'cmake'
[0.609s] [34mcolcon.colcon_core.package_identification[0m [1;30mLevel 1[0m _identify(vtol_ws/objects/info) by extension 'python'
[0.609s] [34mcolcon.colcon_core.package_identification[0m [1;30mLevel 1[0m _identify(vtol_ws/objects/info) by extensions ['python_setup_py']
[0.609s] [34mcolcon.colcon_core.package_identification[0m [1;30mLevel 1[0m _identify(vtol_ws/objects/info) by extension 'python_setup_py'
[0.609s] [34mcolcon.colcon_core.package_identification[0m [1;30mLevel 1[0m _identify(vtol_ws/objects/pack) by extensions ['ignore', 'ignore_ament_install']
[0.609s] [34mcolcon.colcon_core.package_identification[0m [1;30mLevel 1[0m _identify(vtol_ws/objects/pack) by extension 'ignore'
[0.609s] [34mcolcon.colcon_core.package_identification[0m [1;30mLevel 1[0m _identify(vtol_ws/objects/pack) by extension 'ignore_ament_install'
[0.609s] [34mcolcon.colcon_core.package_identification[0m [1;30mLevel 1[0m _identify(vtol_ws/objects/pack) by extensions ['colcon_pkg']
[0.609s] [34mcolcon.colcon_core.package_identification[0m [1;30mLevel 1[0m _identify(vtol_ws/objects/pack) by extension 'colcon_pkg'
[0.609s] [34mcolcon.colcon_core.package_identification[0m [1;30mLevel 1[0m _identify(vtol_ws/objects/pack) by extensions ['colcon_meta']
[0.609s] [34mcolcon.colcon_core.package_identification[0m [1;30mLevel 1[0m _identify(vtol_ws/objects/pack) by extension 'colcon_meta'
[0.609s] [34mcolcon.colcon_core.package_identification[0m [1;30mLevel 1[0m _identify(vtol_ws/objects/pack) by extensions ['ros']
[0.609s] [34mcolcon.colcon_core.package_identification[0m [1;30mLevel 1[0m _identify(vtol_ws/objects/pack) by extension 'ros'
[0.609s] [34mcolcon.colcon_core.package_identification[0m [1;30mLevel 1[0m _identify(vtol_ws/objects/pack) by extensions ['cmake', 'python']
[0.609s] [34mcolcon.colcon_core.package_identification[0m [1;30mLevel 1[0m _identify(vtol_ws/objects/pack) by extension 'cmake'
[0.609s] [34mcolcon.colcon_core.package_identification[0m [1;30mLevel 1[0m _identify(vtol_ws/objects/pack) by extension 'python'
[0.610s] [34mcolcon.colcon_core.package_identification[0m [1;30mLevel 1[0m _identify(vtol_ws/objects/pack) by extensions ['python_setup_py']
[0.610s] [34mcolcon.colcon_core.package_identification[0m [1;30mLevel 1[0m _identify(vtol_ws/objects/pack) by extension 'python_setup_py'
[0.610s] [34mcolcon.colcon_core.package_identification[0m [1;30mLevel 1[0m _identify(vtol_ws/refs) by extensions ['ignore', 'ignore_ament_install']
[0.610s] [34mcolcon.colcon_core.package_identification[0m [1;30mLevel 1[0m _identify(vtol_ws/refs) by extension 'ignore'
[0.610s] [34mcolcon.colcon_core.package_identification[0m [1;30mLevel 1[0m _identify(vtol_ws/refs) by extension 'ignore_ament_install'
[0.610s] [34mcolcon.colcon_core.package_identification[0m [1;30mLevel 1[0m _identify(vtol_ws/refs) by extensions ['colcon_pkg']
[0.610s] [34mcolcon.colcon_core.package_identification[0m [1;30mLevel 1[0m _identify(vtol_ws/refs) by extension 'colcon_pkg'
[0.610s] [34mcolcon.colcon_core.package_identification[0m [1;30mLevel 1[0m _identify(vtol_ws/refs) by extensions ['colcon_meta']
[0.610s] [34mcolcon.colcon_core.package_identification[0m [1;30mLevel 1[0m _identify(vtol_ws/refs) by extension 'colcon_meta'
[0.610s] [34mcolcon.colcon_core.package_identification[0m [1;30mLevel 1[0m _identify(vtol_ws/refs) by extensions ['ros']
[0.610s] [34mcolcon.colcon_core.package_identification[0m [1;30mLevel 1[0m _identify(vtol_ws/refs) by extension 'ros'
[0.611s] [34mcolcon.colcon_core.package_identification[0m [1;30mLevel 1[0m _identify(vtol_ws/refs) by extensions ['cmake', 'python']
[0.611s] [34mcolcon.colcon_core.package_identification[0m [1;30mLevel 1[0m _identify(vtol_ws/refs) by extension 'cmake'
[0.611s] [34mcolcon.colcon_core.package_identification[0m [1;30mLevel 1[0m _identify(vtol_ws/refs) by extension 'python'
[0.611s] [34mcolcon.colcon_core.package_identification[0m [1;30mLevel 1[0m _identify(vtol_ws/refs) by extensions ['python_setup_py']
[0.611s] [34mcolcon.colcon_core.package_identification[0m [1;30mLevel 1[0m _identify(vtol_ws/refs) by extension 'python_setup_py'
[0.612s] [34mcolcon.colcon_core.package_identification[0m [1;30mLevel 1[0m _identify(vtol_ws/refs/heads) by extensions ['ignore', 'ignore_ament_install']
[0.612s] [34mcolcon.colcon_core.package_identification[0m [1;30mLevel 1[0m _identify(vtol_ws/refs/heads) by extension 'ignore'
[0.612s] [34mcolcon.colcon_core.package_identification[0m [1;30mLevel 1[0m _identify(vtol_ws/refs/heads) by extension 'ignore_ament_install'
[0.612s] [34mcolcon.colcon_core.package_identification[0m [1;30mLevel 1[0m _identify(vtol_ws/refs/heads) by extensions ['colcon_pkg']
[0.612s] [34mcolcon.colcon_core.package_identification[0m [1;30mLevel 1[0m _identify(vtol_ws/refs/heads) by extension 'colcon_pkg'
[0.613s] [34mcolcon.colcon_core.package_identification[0m [1;30mLevel 1[0m _identify(vtol_ws/refs/heads) by extensions ['colcon_meta']
[0.613s] [34mcolcon.colcon_core.package_identification[0m [1;30mLevel 1[0m _identify(vtol_ws/refs/heads) by extension 'colcon_meta'
[0.613s] [34mcolcon.colcon_core.package_identification[0m [1;30mLevel 1[0m _identify(vtol_ws/refs/heads) by extensions ['ros']
[0.613s] [34mcolcon.colcon_core.package_identification[0m [1;30mLevel 1[0m _identify(vtol_ws/refs/heads) by extension 'ros'
[0.613s] [34mcolcon.colcon_core.package_identification[0m [1;30mLevel 1[0m _identify(vtol_ws/refs/heads) by extensions ['cmake', 'python']
[0.613s] [34mcolcon.colcon_core.package_identification[0m [1;30mLevel 1[0m _identify(vtol_ws/refs/heads) by extension 'cmake'
[0.613s] [34mcolcon.colcon_core.package_identification[0m [1;30mLevel 1[0m _identify(vtol_ws/refs/heads) by extension 'python'
[0.613s] [34mcolcon.colcon_core.package_identification[0m [1;30mLevel 1[0m _identify(vtol_ws/refs/heads) by extensions ['python_setup_py']
[0.613s] [34mcolcon.colcon_core.package_identification[0m [1;30mLevel 1[0m _identify(vtol_ws/refs/heads) by extension 'python_setup_py'
[0.613s] [34mcolcon.colcon_core.package_identification[0m [1;30mLevel 1[0m _identify(vtol_ws/refs/remotes) by extensions ['ignore', 'ignore_ament_install']
[0.614s] [34mcolcon.colcon_core.package_identification[0m [1;30mLevel 1[0m _identify(vtol_ws/refs/remotes) by extension 'ignore'
[0.614s] [34mcolcon.colcon_core.package_identification[0m [1;30mLevel 1[0m _identify(vtol_ws/refs/remotes) by extension 'ignore_ament_install'
[0.614s] [34mcolcon.colcon_core.package_identification[0m [1;30mLevel 1[0m _identify(vtol_ws/refs/remotes) by extensions ['colcon_pkg']
[0.614s] [34mcolcon.colcon_core.package_identification[0m [1;30mLevel 1[0m _identify(vtol_ws/refs/remotes) by extension 'colcon_pkg'
[0.614s] [34mcolcon.colcon_core.package_identification[0m [1;30mLevel 1[0m _identify(vtol_ws/refs/remotes) by extensions ['colcon_meta']
[0.614s] [34mcolcon.colcon_core.package_identification[0m [1;30mLevel 1[0m _identify(vtol_ws/refs/remotes) by extension 'colcon_meta'
[0.614s] [34mcolcon.colcon_core.package_identification[0m [1;30mLevel 1[0m _identify(vtol_ws/refs/remotes) by extensions ['ros']
[0.614s] [34mcolcon.colcon_core.package_identification[0m [1;30mLevel 1[0m _identify(vtol_ws/refs/remotes) by extension 'ros'
[0.614s] [34mcolcon.colcon_core.package_identification[0m [1;30mLevel 1[0m _identify(vtol_ws/refs/remotes) by extensions ['cmake', 'python']
[0.614s] [34mcolcon.colcon_core.package_identification[0m [1;30mLevel 1[0m _identify(vtol_ws/refs/remotes) by extension 'cmake'
[0.614s] [34mcolcon.colcon_core.package_identification[0m [1;30mLevel 1[0m _identify(vtol_ws/refs/remotes) by extension 'python'
[0.614s] [34mcolcon.colcon_core.package_identification[0m [1;30mLevel 1[0m _identify(vtol_ws/refs/remotes) by extensions ['python_setup_py']
[0.614s] [34mcolcon.colcon_core.package_identification[0m [1;30mLevel 1[0m _identify(vtol_ws/refs/remotes) by extension 'python_setup_py'
[0.614s] [34mcolcon.colcon_core.package_identification[0m [1;30mLevel 1[0m _identify(vtol_ws/refs/remotes/origin) by extensions ['ignore', 'ignore_ament_install']
[0.615s] [34mcolcon.colcon_core.package_identification[0m [1;30mLevel 1[0m _identify(vtol_ws/refs/remotes/origin) by extension 'ignore'
[0.615s] [34mcolcon.colcon_core.package_identification[0m [1;30mLevel 1[0m _identify(vtol_ws/refs/remotes/origin) by extension 'ignore_ament_install'
[0.615s] [34mcolcon.colcon_core.package_identification[0m [1;30mLevel 1[0m _identify(vtol_ws/refs/remotes/origin) by extensions ['colcon_pkg']
[0.615s] [34mcolcon.colcon_core.package_identification[0m [1;30mLevel 1[0m _identify(vtol_ws/refs/remotes/origin) by extension 'colcon_pkg'
[0.615s] [34mcolcon.colcon_core.package_identification[0m [1;30mLevel 1[0m _identify(vtol_ws/refs/remotes/origin) by extensions ['colcon_meta']
[0.615s] [34mcolcon.colcon_core.package_identification[0m [1;30mLevel 1[0m _identify(vtol_ws/refs/remotes/origin) by extension 'colcon_meta'
[0.615s] [34mcolcon.colcon_core.package_identification[0m [1;30mLevel 1[0m _identify(vtol_ws/refs/remotes/origin) by extensions ['ros']
[0.615s] [34mcolcon.colcon_core.package_identification[0m [1;30mLevel 1[0m _identify(vtol_ws/refs/remotes/origin) by extension 'ros'
[0.615s] [34mcolcon.colcon_core.package_identification[0m [1;30mLevel 1[0m _identify(vtol_ws/refs/remotes/origin) by extensions ['cmake', 'python']
[0.615s] [34mcolcon.colcon_core.package_identification[0m [1;30mLevel 1[0m _identify(vtol_ws/refs/remotes/origin) by extension 'cmake'
[0.615s] [34mcolcon.colcon_core.package_identification[0m [1;30mLevel 1[0m _identify(vtol_ws/refs/remotes/origin) by extension 'python'
[0.615s] [34mcolcon.colcon_core.package_identification[0m [1;30mLevel 1[0m _identify(vtol_ws/refs/remotes/origin) by extensions ['python_setup_py']
[0.615s] [34mcolcon.colcon_core.package_identification[0m [1;30mLevel 1[0m _identify(vtol_ws/refs/remotes/origin) by extension 'python_setup_py'
[0.616s] [34mcolcon.colcon_core.package_identification[0m [1;30mLevel 1[0m _identify(vtol_ws/refs/tags) by extensions ['ignore', 'ignore_ament_install']
[0.616s] [34mcolcon.colcon_core.package_identification[0m [1;30mLevel 1[0m _identify(vtol_ws/refs/tags) by extension 'ignore'
[0.616s] [34mcolcon.colcon_core.package_identification[0m [1;30mLevel 1[0m _identify(vtol_ws/refs/tags) by extension 'ignore_ament_install'
[0.616s] [34mcolcon.colcon_core.package_identification[0m [1;30mLevel 1[0m _identify(vtol_ws/refs/tags) by extensions ['colcon_pkg']
[0.616s] [34mcolcon.colcon_core.package_identification[0m [1;30mLevel 1[0m _identify(vtol_ws/refs/tags) by extension 'colcon_pkg'
[0.616s] [34mcolcon.colcon_core.package_identification[0m [1;30mLevel 1[0m _identify(vtol_ws/refs/tags) by extensions ['colcon_meta']
[0.616s] [34mcolcon.colcon_core.package_identification[0m [1;30mLevel 1[0m _identify(vtol_ws/refs/tags) by extension 'colcon_meta'
[0.616s] [34mcolcon.colcon_core.package_identification[0m [1;30mLevel 1[0m _identify(vtol_ws/refs/tags) by extensions ['ros']
[0.616s] [34mcolcon.colcon_core.package_identification[0m [1;30mLevel 1[0m _identify(vtol_ws/refs/tags) by extension 'ros'
[0.616s] [34mcolcon.colcon_core.package_identification[0m [1;30mLevel 1[0m _identify(vtol_ws/refs/tags) by extensions ['cmake', 'python']
[0.616s] [34mcolcon.colcon_core.package_identification[0m [1;30mLevel 1[0m _identify(vtol_ws/refs/tags) by extension 'cmake'
[0.616s] [34mcolcon.colcon_core.package_identification[0m [1;30mLevel 1[0m _identify(vtol_ws/refs/tags) by extension 'python'
[0.616s] [34mcolcon.colcon_core.package_identification[0m [1;30mLevel 1[0m _identify(vtol_ws/refs/tags) by extensions ['python_setup_py']
[0.616s] [34mcolcon.colcon_core.package_identification[0m [1;30mLevel 1[0m _identify(vtol_ws/refs/tags) by extension 'python_setup_py'
[0.616s] [34mcolcon.colcon_core.package_discovery[0m [1;30mLevel 1[0m discover_packages(recursive) using defaults
[0.617s] [34mcolcon.colcon_core.package_discovery[0m [1;30mLevel 1[0m discover_packages(ignore) discover
[0.617s] [34mcolcon.colcon_core.package_discovery[0m [1;30mLevel 1[0m discover_packages(ignore) using defaults
[0.617s] [34mcolcon.colcon_core.package_discovery[0m [1;30mLevel 1[0m discover_packages(path) discover
[0.617s] [34mcolcon.colcon_core.package_discovery[0m [1;30mLevel 1[0m discover_packages(path) using defaults
[0.659s] [34mcolcon.colcon_core.package_discovery[0m [1;30mLevel 1[0m discover_packages(prefix_path) check parameters
[0.659s] [34mcolcon.colcon_core.package_discovery[0m [1;30mLevel 1[0m discover_packages(prefix_path) discover
[0.666s] [34mcolcon.colcon_installed_package_information.package_discovery[0m [1;30mDEBUG[0m [32mFound 27 installed packages in /home/gadzz/ardu_ws/install[0m
[0.670s] [34mcolcon.colcon_installed_package_information.package_discovery[0m [1;30mDEBUG[0m [32mFound 298 installed packages in /opt/ros/humble[0m
[0.672s] [34mcolcon.colcon_core.package_discovery[0m [1;30mLevel 1[0m discover_packages(prefix_path) using defaults
[0.752s] [34mcolcon.colcon_core.verb[0m [1;30mLevel 5[0m set package 'keyboard_msgs' build argument 'cmake_args' from command line to '['-DCMAKE_EXPORT_COMPILE_COMMANDS=ON']'
[0.752s] [34mcolcon.colcon_core.verb[0m [1;30mLevel 5[0m set package 'keyboard_msgs' build argument 'cmake_target' from command line to 'None'
[0.752s] [34mcolcon.colcon_core.verb[0m [1;30mLevel 5[0m set package 'keyboard_msgs' build argument 'cmake_target_skip_unavailable' from command line to 'False'
[0.752s] [34mcolcon.colcon_core.verb[0m [1;30mLevel 5[0m set package 'keyboard_msgs' build argument 'cmake_clean_cache' from command line to 'False'
[0.752s] [34mcolcon.colcon_core.verb[0m [1;30mLevel 5[0m set package 'keyboard_msgs' build argument 'cmake_clean_first' from command line to 'False'
[0.752s] [34mcolcon.colcon_core.verb[0m [1;30mLevel 5[0m set package 'keyboard_msgs' build argument 'cmake_force_configure' from command line to 'False'
[0.752s] [34mcolcon.colcon_core.verb[0m [1;30mLevel 5[0m set package 'keyboard_msgs' build argument 'ament_cmake_args' from command line to 'None'
[0.752s] [34mcolcon.colcon_core.verb[0m [1;30mLevel 5[0m set package 'keyboard_msgs' build argument 'catkin_cmake_args' from command line to 'None'
[0.752s] [34mcolcon.colcon_core.verb[0m [1;30mLevel 5[0m set package 'keyboard_msgs' build argument 'catkin_skip_building_tests' from command line to 'False'
[0.752s] [34mcolcon.colcon_core.verb[0m [1;30mDEBUG[0m [32mBuilding package 'keyboard_msgs' with the following arguments: {'ament_cmake_args': None, 'build_base': '/home/gadzz/vtol_ws/build/keyboard_msgs', 'catkin_cmake_args': None, 'catkin_skip_building_tests': False, 'cmake_args': ['-DCMAKE_EXPORT_COMPILE_COMMANDS=ON'], 'cmake_clean_cache': False, 'cmake_clean_first': False, 'cmake_force_configure': False, 'cmake_target': None, 'cmake_target_skip_unavailable': False, 'install_base': '/home/gadzz/vtol_ws/install/keyboard_msgs', 'merge_install': False, 'path': '/home/gadzz/vtol_ws/src/ros2-keyboard/keyboard_msgs', 'symlink_install': False, 'test_result_base': None}[0m
[0.754s] [34mcolcon.colcon_core.verb[0m [1;30mLevel 5[0m set package 'px4_msgs' build argument 'cmake_args' from command line to '['-DCMAKE_EXPORT_COMPILE_COMMANDS=ON']'
[0.754s] [34mcolcon.colcon_core.verb[0m [1;30mLevel 5[0m set package 'px4_msgs' build argument 'cmake_target' from command line to 'None'
[0.754s] [34mcolcon.colcon_core.verb[0m [1;30mLevel 5[0m set package 'px4_msgs' build argument 'cmake_target_skip_unavailable' from command line to 'False'
[0.754s] [34mcolcon.colcon_core.verb[0m [1;30mLevel 5[0m set package 'px4_msgs' build argument 'cmake_clean_cache' from command line to 'False'
[0.754s] [34mcolcon.colcon_core.verb[0m [1;30mLevel 5[0m set package 'px4_msgs' build argument 'cmake_clean_first' from command line to 'False'
[0.754s] [34mcolcon.colcon_core.verb[0m [1;30mLevel 5[0m set package 'px4_msgs' build argument 'cmake_force_configure' from command line to 'False'
[0.754s] [34mcolcon.colcon_core.verb[0m [1;30mLevel 5[0m set package 'px4_msgs' build argument 'ament_cmake_args' from command line to 'None'
[0.754s] [34mcolcon.colcon_core.verb[0m [1;30mLevel 5[0m set package 'px4_msgs' build argument 'catkin_cmake_args' from command line to 'None'
[0.754s] [34mcolcon.colcon_core.verb[0m [1;30mLevel 5[0m set package 'px4_msgs' build argument 'catkin_skip_building_tests' from command line to 'False'
[0.754s] [34mcolcon.colcon_core.verb[0m [1;30mDEBUG[0m [32mBuilding package 'px4_msgs' with the following arguments: {'ament_cmake_args': None, 'build_base': '/home/gadzz/vtol_ws/build/px4_msgs', 'catkin_cmake_args': None, 'catkin_skip_building_tests': False, 'cmake_args': ['-DCMAKE_EXPORT_COMPILE_COMMANDS=ON'], 'cmake_clean_cache': False, 'cmake_clean_first': False, 'cmake_force_configure': False, 'cmake_target': None, 'cmake_target_skip_unavailable': False, 'install_base': '/home/gadzz/vtol_ws/install/px4_msgs', 'merge_install': False, 'path': '/home/gadzz/vtol_ws/src/px4_msgs', 'symlink_install': False, 'test_result_base': None}[0m
[0.755s] [34mcolcon.colcon_core.verb[0m [1;30mLevel 5[0m set package 'keyboard' build argument 'cmake_args' from command line to '['-DCMAKE_EXPORT_COMPILE_COMMANDS=ON']'
[0.755s] [34mcolcon.colcon_core.verb[0m [1;30mLevel 5[0m set package 'keyboard' build argument 'cmake_target' from command line to 'None'
[0.755s] [34mcolcon.colcon_core.verb[0m [1;30mLevel 5[0m set package 'keyboard' build argument 'cmake_target_skip_unavailable' from command line to 'False'
[0.755s] [34mcolcon.colcon_core.verb[0m [1;30mLevel 5[0m set package 'keyboard' build argument 'cmake_clean_cache' from command line to 'False'
[0.755s] [34mcolcon.colcon_core.verb[0m [1;30mLevel 5[0m set package 'keyboard' build argument 'cmake_clean_first' from command line to 'False'
[0.755s] [34mcolcon.colcon_core.verb[0m [1;30mLevel 5[0m set package 'keyboard' build argument 'cmake_force_configure' from command line to 'False'
[0.756s] [34mcolcon.colcon_core.verb[0m [1;30mLevel 5[0m set package 'keyboard' build argument 'ament_cmake_args' from command line to 'None'
[0.756s] [34mcolcon.colcon_core.verb[0m [1;30mLevel 5[0m set package 'keyboard' build argument 'catkin_cmake_args' from command line to 'None'
[0.756s] [34mcolcon.colcon_core.verb[0m [1;30mLevel 5[0m set package 'keyboard' build argument 'catkin_skip_building_tests' from command line to 'False'
[0.756s] [34mcolcon.colcon_core.verb[0m [1;30mDEBUG[0m [32mBuilding package 'keyboard' with the following arguments: {'ament_cmake_args': None, 'build_base': '/home/gadzz/vtol_ws/build/keyboard', 'catkin_cmake_args': None, 'catkin_skip_building_tests': False, 'cmake_args': ['-DCMAKE_EXPORT_COMPILE_COMMANDS=ON'], 'cmake_clean_cache': False, 'cmake_clean_first': False, 'cmake_force_configure': False, 'cmake_target': None, 'cmake_target_skip_unavailable': False, 'install_base': '/home/gadzz/vtol_ws/install/keyboard', 'merge_install': False, 'path': '/home/gadzz/vtol_ws/src/ros2-keyboard/keyboard', 'symlink_install': False, 'test_result_base': None}[0m
[0.756s] [34mcolcon.colcon_core.verb[0m [1;30mLevel 5[0m set package 'mission_center' build argument 'cmake_args' from command line to '['-DCMAKE_EXPORT_COMPILE_COMMANDS=ON']'
[0.756s] [34mcolcon.colcon_core.verb[0m [1;30mLevel 5[0m set package 'mission_center' build argument 'cmake_target' from command line to 'None'
[0.757s] [34mcolcon.colcon_core.verb[0m [1;30mLevel 5[0m set package 'mission_center' build argument 'cmake_target_skip_unavailable' from command line to 'False'
[0.757s] [34mcolcon.colcon_core.verb[0m [1;30mLevel 5[0m set package 'mission_center' build argument 'cmake_clean_cache' from command line to 'False'
[0.757s] [34mcolcon.colcon_core.verb[0m [1;30mLevel 5[0m set package 'mission_center' build argument 'cmake_clean_first' from command line to 'False'
[0.757s] [34mcolcon.colcon_core.verb[0m [1;30mLevel 5[0m set package 'mission_center' build argument 'cmake_force_configure' from command line to 'False'
[0.757s] [34mcolcon.colcon_core.verb[0m [1;30mLevel 5[0m set package 'mission_center' build argument 'ament_cmake_args' from command line to 'None'
[0.757s] [34mcolcon.colcon_core.verb[0m [1;30mLevel 5[0m set package 'mission_center' build argument 'catkin_cmake_args' from command line to 'None'
[0.757s] [34mcolcon.colcon_core.verb[0m [1;30mLevel 5[0m set package 'mission_center' build argument 'catkin_skip_building_tests' from command line to 'False'
[0.757s] [34mcolcon.colcon_core.verb[0m [1;30mDEBUG[0m [32mBuilding package 'mission_center' with the following arguments: {'ament_cmake_args': None, 'build_base': '/home/gadzz/vtol_ws/build/mission_center', 'catkin_cmake_args': None, 'catkin_skip_building_tests': False, 'cmake_args': ['-DCMAKE_EXPORT_COMPILE_COMMANDS=ON'], 'cmake_clean_cache': False, 'cmake_clean_first': False, 'cmake_force_configure': False, 'cmake_target': None, 'cmake_target_skip_unavailable': False, 'install_base': '/home/gadzz/vtol_ws/install/mission_center', 'merge_install': False, 'path': '/home/gadzz/vtol_ws/src/mission_center', 'symlink_install': False, 'test_result_base': None}[0m
[0.757s] [34mcolcon.colcon_core.verb[0m [1;30mLevel 5[0m set package 'px4_ros_com' build argument 'cmake_args' from command line to '['-DCMAKE_EXPORT_COMPILE_COMMANDS=ON']'
[0.757s] [34mcolcon.colcon_core.verb[0m [1;30mLevel 5[0m set package 'px4_ros_com' build argument 'cmake_target' from command line to 'None'
[0.757s] [34mcolcon.colcon_core.verb[0m [1;30mLevel 5[0m set package 'px4_ros_com' build argument 'cmake_target_skip_unavailable' from command line to 'False'
[0.757s] [34mcolcon.colcon_core.verb[0m [1;30mLevel 5[0m set package 'px4_ros_com' build argument 'cmake_clean_cache' from command line to 'False'
[0.757s] [34mcolcon.colcon_core.verb[0m [1;30mLevel 5[0m set package 'px4_ros_com' build argument 'cmake_clean_first' from command line to 'False'
[0.757s] [34mcolcon.colcon_core.verb[0m [1;30mLevel 5[0m set package 'px4_ros_com' build argument 'cmake_force_configure' from command line to 'False'
[0.757s] [34mcolcon.colcon_core.verb[0m [1;30mLevel 5[0m set package 'px4_ros_com' build argument 'ament_cmake_args' from command line to 'None'
[0.757s] [34mcolcon.colcon_core.verb[0m [1;30mLevel 5[0m set package 'px4_ros_com' build argument 'catkin_cmake_args' from command line to 'None'
[0.757s] [34mcolcon.colcon_core.verb[0m [1;30mLevel 5[0m set package 'px4_ros_com' build argument 'catkin_skip_building_tests' from command line to 'False'
[0.757s] [34mcolcon.colcon_core.verb[0m [1;30mDEBUG[0m [32mBuilding package 'px4_ros_com' with the following arguments: {'ament_cmake_args': None, 'build_base': '/home/gadzz/vtol_ws/build/px4_ros_com', 'catkin_cmake_args': None, 'catkin_skip_building_tests': False, 'cmake_args': ['-DCMAKE_EXPORT_COMPILE_COMMANDS=ON'], 'cmake_clean_cache': False, 'cmake_clean_first': False, 'cmake_force_configure': False, 'cmake_target': None, 'cmake_target_skip_unavailable': False, 'install_base': '/home/gadzz/vtol_ws/install/px4_ros_com', 'merge_install': False, 'path': '/home/gadzz/vtol_ws/src/px4_ros_com', 'symlink_install': False, 'test_result_base': None}[0m
[0.757s] [34mcolcon.colcon_core.executor[0m [1;30mINFO[0m Executing jobs using 'parallel' executor
[0.760s] [34mcolcon.colcon_parallel_executor.executor.parallel[0m [1;30mDEBUG[0m [32mrun_until_complete[0m
[0.762s] [34mcolcon.colcon_ros.task.ament_cmake.build[0m [1;30mINFO[0m Building ROS package in '/home/gadzz/vtol_ws/src/ros2-keyboard/keyboard_msgs' with build type 'ament_cmake'
[0.762s] [34mcolcon.colcon_cmake.task.cmake.build[0m [1;30mINFO[0m Building CMake package in '/home/gadzz/vtol_ws/src/ros2-keyboard/keyboard_msgs'
[0.770s] [34mcolcon.colcon_core.plugin_system[0m [1;30mINFO[0m Skipping extension 'colcon_core.shell.bat': Not used on non-Windows systems
[0.770s] [34mcolcon.colcon_core.shell[0m [1;30mINFO[0m Skip shell extension 'powershell' for command environment: Not usable outside of PowerShell
[0.770s] [34mcolcon.colcon_core.shell[0m [1;30mDEBUG[0m [32mSkip shell extension 'dsv' for command environment[0m
[0.781s] [34mcolcon.colcon_ros.task.ament_cmake.build[0m [1;30mINFO[0m Building ROS package in '/home/gadzz/vtol_ws/src/px4_msgs' with build type 'ament_cmake'
[0.782s] [34mcolcon.colcon_cmake.task.cmake.build[0m [1;30mINFO[0m Building CMake package in '/home/gadzz/vtol_ws/src/px4_msgs'
[0.782s] [34mcolcon.colcon_core.shell[0m [1;30mINFO[0m Skip shell extension 'powershell' for command environment: Not usable outside of PowerShell
[0.783s] [34mcolcon.colcon_core.shell[0m [1;30mDEBUG[0m [32mSkip shell extension 'dsv' for command environment[0m
[0.804s] [34mcolcon.colcon_core.event_handler.log_command[0m [1;30mDEBUG[0m [32mInvoking command in '/home/gadzz/vtol_ws/build/keyboard_msgs': CMAKE_PREFIX_PATH=${CMAKE_PREFIX_PATH}:/home/gadzz/ardu_ws/install/ardupilot_dds_tests:/opt/ros/humble /usr/bin/cmake --build /home/gadzz/vtol_ws/build/keyboard_msgs -- -j8 -l8[0m
[0.819s] [34mcolcon.colcon_core.event_handler.log_command[0m [1;30mDEBUG[0m [32mInvoking command in '/home/gadzz/vtol_ws/build/px4_msgs': CMAKE_PREFIX_PATH=${CMAKE_PREFIX_PATH}:/home/gadzz/ardu_ws/install/ardupilot_dds_tests:/opt/ros/humble /usr/bin/cmake --build /home/gadzz/vtol_ws/build/px4_msgs -- -j8 -l8[0m
[2.073s] [34mcolcon.colcon_core.event_handler.log_command[0m [1;30mDEBUG[0m [32mInvoked command in '/home/gadzz/vtol_ws/build/keyboard_msgs' returned '0': CMAKE_PREFIX_PATH=${CMAKE_PREFIX_PATH}:/home/gadzz/ardu_ws/install/ardupilot_dds_tests:/opt/ros/humble /usr/bin/cmake --build /home/gadzz/vtol_ws/build/keyboard_msgs -- -j8 -l8[0m
[2.110s] [34mcolcon.colcon_core.event_handler.log_command[0m [1;30mDEBUG[0m [32mInvoking command in '/home/gadzz/vtol_ws/build/keyboard_msgs': CMAKE_PREFIX_PATH=${CMAKE_PREFIX_PATH}:/home/gadzz/ardu_ws/install/ardupilot_dds_tests:/opt/ros/humble /usr/bin/cmake --install /home/gadzz/vtol_ws/build/keyboard_msgs[0m
[2.273s] [34mcolcon.colcon_core.environment[0m [1;30mLevel 1[0m create_environment_scripts_only(keyboard_msgs)
[2.275s] [34mcolcon.colcon_core.event_handler.log_command[0m [1;30mDEBUG[0m [32mInvoked command in '/home/gadzz/vtol_ws/build/keyboard_msgs' returned '0': CMAKE_PREFIX_PATH=${CMAKE_PREFIX_PATH}:/home/gadzz/ardu_ws/install/ardupilot_dds_tests:/opt/ros/humble /usr/bin/cmake --install /home/gadzz/vtol_ws/build/keyboard_msgs[0m
[2.291s] [34mcolcon.colcon_core.environment[0m [1;30mLevel 1[0m checking '/home/gadzz/vtol_ws/install/keyboard_msgs' for CMake module files
[2.296s] [34mcolcon.colcon_core.environment[0m [1;30mLevel 1[0m checking '/home/gadzz/vtol_ws/install/keyboard_msgs' for CMake config files
[2.296s] [34mcolcon.colcon_core.shell[0m [1;30mLevel 1[0m create_environment_hook('keyboard_msgs', 'cmake_prefix_path')
[2.297s] [34mcolcon.colcon_core.shell[0m [1;30mINFO[0m Creating environment hook '/home/gadzz/vtol_ws/install/keyboard_msgs/share/keyboard_msgs/hook/cmake_prefix_path.ps1'
[2.301s] [34mcolcon.colcon_core.shell[0m [1;30mINFO[0m Creating environment descriptor '/home/gadzz/vtol_ws/install/keyboard_msgs/share/keyboard_msgs/hook/cmake_prefix_path.dsv'
[2.306s] [34mcolcon.colcon_core.shell[0m [1;30mINFO[0m Creating environment hook '/home/gadzz/vtol_ws/install/keyboard_msgs/share/keyboard_msgs/hook/cmake_prefix_path.sh'
[2.311s] [34mcolcon.colcon_core.environment[0m [1;30mLevel 1[0m checking '/home/gadzz/vtol_ws/install/keyboard_msgs/lib'
[2.312s] [34mcolcon.colcon_core.shell[0m [1;30mLevel 1[0m create_environment_hook('keyboard_msgs', 'ld_library_path_lib')
[2.313s] [34mcolcon.colcon_core.shell[0m [1;30mINFO[0m Creating environment hook '/home/gadzz/vtol_ws/install/keyboard_msgs/share/keyboard_msgs/hook/ld_library_path_lib.ps1'
[2.314s] [34mcolcon.colcon_core.shell[0m [1;30mINFO[0m Creating environment descriptor '/home/gadzz/vtol_ws/install/keyboard_msgs/share/keyboard_msgs/hook/ld_library_path_lib.dsv'
[2.317s] [34mcolcon.colcon_core.shell[0m [1;30mINFO[0m Creating environment hook '/home/gadzz/vtol_ws/install/keyboard_msgs/share/keyboard_msgs/hook/ld_library_path_lib.sh'
[2.319s] [34mcolcon.colcon_core.environment[0m [1;30mLevel 1[0m checking '/home/gadzz/vtol_ws/install/keyboard_msgs/bin'
[2.319s] [34mcolcon.colcon_core.environment[0m [1;30mLevel 1[0m checking '/home/gadzz/vtol_ws/install/keyboard_msgs/lib/pkgconfig/keyboard_msgs.pc'
[2.320s] [34mcolcon.colcon_core.environment[0m [1;30mLevel 1[0m checking '/home/gadzz/vtol_ws/install/keyboard_msgs/lib/python3.10/site-packages'
[2.321s] [34mcolcon.colcon_core.environment[0m [1;30mLevel 1[0m checking '/home/gadzz/vtol_ws/install/keyboard_msgs/bin'
[2.323s] [34mcolcon.colcon_core.shell[0m [1;30mINFO[0m Creating package script '/home/gadzz/vtol_ws/install/keyboard_msgs/share/keyboard_msgs/package.ps1'
[2.328s] [34mcolcon.colcon_core.shell[0m [1;30mINFO[0m Creating package descriptor '/home/gadzz/vtol_ws/install/keyboard_msgs/share/keyboard_msgs/package.dsv'
[2.331s] [34mcolcon.colcon_core.shell[0m [1;30mINFO[0m Creating package script '/home/gadzz/vtol_ws/install/keyboard_msgs/share/keyboard_msgs/package.sh'
[2.333s] [34mcolcon.colcon_core.shell[0m [1;30mINFO[0m Creating package script '/home/gadzz/vtol_ws/install/keyboard_msgs/share/keyboard_msgs/package.bash'
[2.337s] [34mcolcon.colcon_core.shell[0m [1;30mINFO[0m Creating package script '/home/gadzz/vtol_ws/install/keyboard_msgs/share/keyboard_msgs/package.zsh'
[2.342s] [34mcolcon.colcon_core.environment[0m [1;30mLevel 1[0m create_file_with_runtime_dependencies(/home/gadzz/vtol_ws/install/keyboard_msgs/share/colcon-core/packages/keyboard_msgs)
[2.345s] [34mcolcon.colcon_core.environment[0m [1;30mLevel 1[0m create_environment_scripts_only(keyboard_msgs)
[2.347s] [34mcolcon.colcon_core.environment[0m [1;30mLevel 1[0m checking '/home/gadzz/vtol_ws/install/keyboard_msgs' for CMake module files
[2.349s] [34mcolcon.colcon_core.environment[0m [1;30mLevel 1[0m checking '/home/gadzz/vtol_ws/install/keyboard_msgs' for CMake config files
[2.350s] [34mcolcon.colcon_core.shell[0m [1;30mLevel 1[0m create_environment_hook('keyboard_msgs', 'cmake_prefix_path')
[2.351s] [34mcolcon.colcon_core.shell[0m [1;30mINFO[0m Creating environment hook '/home/gadzz/vtol_ws/install/keyboard_msgs/share/keyboard_msgs/hook/cmake_prefix_path.ps1'
[2.352s] [34mcolcon.colcon_core.shell[0m [1;30mINFO[0m Creating environment descriptor '/home/gadzz/vtol_ws/install/keyboard_msgs/share/keyboard_msgs/hook/cmake_prefix_path.dsv'
[2.353s] [34mcolcon.colcon_core.shell[0m [1;30mINFO[0m Creating environment hook '/home/gadzz/vtol_ws/install/keyboard_msgs/share/keyboard_msgs/hook/cmake_prefix_path.sh'
[2.354s] [34mcolcon.colcon_core.environment[0m [1;30mLevel 1[0m checking '/home/gadzz/vtol_ws/install/keyboard_msgs/lib'
[2.355s] [34mcolcon.colcon_core.shell[0m [1;30mLevel 1[0m create_environment_hook('keyboard_msgs', 'ld_library_path_lib')
[2.355s] [34mcolcon.colcon_core.shell[0m [1;30mINFO[0m Creating environment hook '/home/gadzz/vtol_ws/install/keyboard_msgs/share/keyboard_msgs/hook/ld_library_path_lib.ps1'
[2.357s] [34mcolcon.colcon_core.shell[0m [1;30mINFO[0m Creating environment descriptor '/home/gadzz/vtol_ws/install/keyboard_msgs/share/keyboard_msgs/hook/ld_library_path_lib.dsv'
[2.358s] [34mcolcon.colcon_core.shell[0m [1;30mINFO[0m Creating environment hook '/home/gadzz/vtol_ws/install/keyboard_msgs/share/keyboard_msgs/hook/ld_library_path_lib.sh'
[2.359s] [34mcolcon.colcon_core.environment[0m [1;30mLevel 1[0m checking '/home/gadzz/vtol_ws/install/keyboard_msgs/bin'
[2.359s] [34mcolcon.colcon_core.environment[0m [1;30mLevel 1[0m checking '/home/gadzz/vtol_ws/install/keyboard_msgs/lib/pkgconfig/keyboard_msgs.pc'
[2.360s] [34mcolcon.colcon_core.environment[0m [1;30mLevel 1[0m checking '/home/gadzz/vtol_ws/install/keyboard_msgs/lib/python3.10/site-packages'
[2.360s] [34mcolcon.colcon_core.environment[0m [1;30mLevel 1[0m checking '/home/gadzz/vtol_ws/install/keyboard_msgs/bin'
[2.361s] [34mcolcon.colcon_core.shell[0m [1;30mINFO[0m Creating package script '/home/gadzz/vtol_ws/install/keyboard_msgs/share/keyboard_msgs/package.ps1'
[2.363s] [34mcolcon.colcon_core.shell[0m [1;30mINFO[0m Creating package descriptor '/home/gadzz/vtol_ws/install/keyboard_msgs/share/keyboard_msgs/package.dsv'
[2.365s] [34mcolcon.colcon_core.shell[0m [1;30mINFO[0m Creating package script '/home/gadzz/vtol_ws/install/keyboard_msgs/share/keyboard_msgs/package.sh'
[2.366s] [34mcolcon.colcon_core.shell[0m [1;30mINFO[0m Creating package script '/home/gadzz/vtol_ws/install/keyboard_msgs/share/keyboard_msgs/package.bash'
[2.370s] [34mcolcon.colcon_core.shell[0m [1;30mINFO[0m Creating package script '/home/gadzz/vtol_ws/install/keyboard_msgs/share/keyboard_msgs/package.zsh'
[2.372s] [34mcolcon.colcon_core.environment[0m [1;30mLevel 1[0m create_file_with_runtime_dependencies(/home/gadzz/vtol_ws/install/keyboard_msgs/share/colcon-core/packages/keyboard_msgs)
[2.373s] [34mcolcon.colcon_ros.task.ament_cmake.build[0m [1;30mINFO[0m Building ROS package in '/home/gadzz/vtol_ws/src/ros2-keyboard/keyboard' with build type 'ament_cmake'
[2.373s] [34mcolcon.colcon_cmake.task.cmake.build[0m [1;30mINFO[0m Building CMake package in '/home/gadzz/vtol_ws/src/ros2-keyboard/keyboard'
[2.375s] [34mcolcon.colcon_core.shell[0m [1;30mINFO[0m Skip shell extension 'powershell' for command environment: Not usable outside of PowerShell
[2.375s] [34mcolcon.colcon_core.shell[0m [1;30mDEBUG[0m [32mSkip shell extension 'dsv' for command environment[0m
[2.388s] [34mcolcon.colcon_ros.task.ament_cmake.build[0m [1;30mINFO[0m Building ROS package in '/home/gadzz/vtol_ws/src/mission_center' with build type 'ament_cmake'
[2.389s] [34mcolcon.colcon_cmake.task.cmake.build[0m [1;30mINFO[0m Building CMake package in '/home/gadzz/vtol_ws/src/mission_center'
[2.389s] [34mcolcon.colcon_core.shell[0m [1;30mINFO[0m Skip shell extension 'powershell' for command environment: Not usable outside of PowerShell
[2.389s] [34mcolcon.colcon_core.shell[0m [1;30mDEBUG[0m [32mSkip shell extension 'dsv' for command environment[0m
[2.415s] [34mcolcon.colcon_core.event_handler.log_command[0m [1;30mDEBUG[0m [32mInvoking command in '/home/gadzz/vtol_ws/build/keyboard': AMENT_PREFIX_PATH=/home/gadzz/vtol_ws/install/keyboard_msgs:${AMENT_PREFIX_PATH} CMAKE_PREFIX_PATH=/home/gadzz/vtol_ws/install/keyboard_msgs:/home/gadzz/ardu_ws/install/test_ros_gz_bridge:/home/gadzz/ardu_ws/install/ros_ign:/home/gadzz/ardu_ws/install/ros_ign_gazebo_demos:/home/gadzz/ardu_ws/install/ros_gz:/home/gadzz/ardu_ws/install/ros_gz_sim_demos:/home/gadzz/ardu_ws/install/ardupilot_gz_bringup:/home/gadzz/ardu_ws/install/sdformat_urdf:/home/gadzz/ardu_ws/install/sdformat_test_files:/home/gadzz/ardu_ws/install/ros_ign_interfaces:/home/gadzz/ardu_ws/install/ros_ign_image:/home/gadzz/ardu_ws/install/ros_ign_gazebo:/home/gadzz/ardu_ws/install/ros_ign_bridge:/home/gadzz/ardu_ws/install/ros_gz_sim:/home/gadzz/ardu_ws/install/ros_gz_image:/home/gadzz/ardu_ws/install/ros_gz_bridge:/home/gadzz/ardu_ws/install/ros_gz_interfaces:/home/gadzz/ardu_ws/install/ardupilot_sitl:/home/gadzz/ardu_ws/install/micro_ros_agent:/home/gadzz/ardu_ws/install/keyboard:/home/gadzz/ardu_ws/install/keyboard_msgs:/home/gadzz/ardu_ws/install/ardupilot_sitl_models:/home/gadzz/ardu_ws/install/ardupilot_msgs:/home/gadzz/ardu_ws/install/ardupilot_gz_gazebo:/home/gadzz/ardu_ws/install/ardupilot_gz_description:/home/gadzz/ardu_ws/install/ardupilot_gz_application:/home/gadzz/ardu_ws/install/ardupilot_gazebo:/home/gadzz/ardu_ws/install/ardupilot_dds_tests:/opt/ros/humble LD_LIBRARY_PATH=/home/gadzz/vtol_ws/install/keyboard_msgs/lib:${LD_LIBRARY_PATH} PYTHONPATH=/home/gadzz/vtol_ws/install/keyboard_msgs/local/lib/python3.10/dist-packages:${PYTHONPATH} /usr/bin/cmake --build /home/gadzz/vtol_ws/build/keyboard -- -j8 -l8[0m
[2.424s] [34mcolcon.colcon_core.event_handler.log_command[0m [1;30mDEBUG[0m [32mInvoking command in '/home/gadzz/vtol_ws/build/mission_center': AMENT_PREFIX_PATH=/home/gadzz/vtol_ws/install/keyboard_msgs:${AMENT_PREFIX_PATH} CMAKE_PREFIX_PATH=/home/gadzz/vtol_ws/install/keyboard_msgs:/home/gadzz/ardu_ws/install/test_ros_gz_bridge:/home/gadzz/ardu_ws/install/ros_ign:/home/gadzz/ardu_ws/install/ros_ign_gazebo_demos:/home/gadzz/ardu_ws/install/ros_gz:/home/gadzz/ardu_ws/install/ros_gz_sim_demos:/home/gadzz/ardu_ws/install/ardupilot_gz_bringup:/home/gadzz/ardu_ws/install/sdformat_urdf:/home/gadzz/ardu_ws/install/sdformat_test_files:/home/gadzz/ardu_ws/install/ros_ign_interfaces:/home/gadzz/ardu_ws/install/ros_ign_image:/home/gadzz/ardu_ws/install/ros_ign_gazebo:/home/gadzz/ardu_ws/install/ros_ign_bridge:/home/gadzz/ardu_ws/install/ros_gz_sim:/home/gadzz/ardu_ws/install/ros_gz_image:/home/gadzz/ardu_ws/install/ros_gz_bridge:/home/gadzz/ardu_ws/install/ros_gz_interfaces:/home/gadzz/ardu_ws/install/ardupilot_sitl:/home/gadzz/ardu_ws/install/micro_ros_agent:/home/gadzz/ardu_ws/install/keyboard:/home/gadzz/ardu_ws/install/keyboard_msgs:/home/gadzz/ardu_ws/install/ardupilot_sitl_models:/home/gadzz/ardu_ws/install/ardupilot_msgs:/home/gadzz/ardu_ws/install/ardupilot_gz_gazebo:/home/gadzz/ardu_ws/install/ardupilot_gz_description:/home/gadzz/ardu_ws/install/ardupilot_gz_application:/home/gadzz/ardu_ws/install/ardupilot_gazebo:/home/gadzz/ardu_ws/install/ardupilot_dds_tests:/opt/ros/humble LD_LIBRARY_PATH=/home/gadzz/vtol_ws/install/keyboard_msgs/lib:${LD_LIBRARY_PATH} PYTHONPATH=/home/gadzz/vtol_ws/install/keyboard_msgs/local/lib/python3.10/dist-packages:${PYTHONPATH} /usr/bin/cmake --build /home/gadzz/vtol_ws/build/mission_center -- -j8 -l8[0m
[2.608s] [34mcolcon.colcon_core.event_handler.log_command[0m [1;30mDEBUG[0m [32mInvoked command in '/home/gadzz/vtol_ws/build/keyboard' returned '0': AMENT_PREFIX_PATH=/home/gadzz/vtol_ws/install/keyboard_msgs:${AMENT_PREFIX_PATH} CMAKE_PREFIX_PATH=/home/gadzz/vtol_ws/install/keyboard_msgs:/home/gadzz/ardu_ws/install/test_ros_gz_bridge:/home/gadzz/ardu_ws/install/ros_ign:/home/gadzz/ardu_ws/install/ros_ign_gazebo_demos:/home/gadzz/ardu_ws/install/ros_gz:/home/gadzz/ardu_ws/install/ros_gz_sim_demos:/home/gadzz/ardu_ws/install/ardupilot_gz_bringup:/home/gadzz/ardu_ws/install/sdformat_urdf:/home/gadzz/ardu_ws/install/sdformat_test_files:/home/gadzz/ardu_ws/install/ros_ign_interfaces:/home/gadzz/ardu_ws/install/ros_ign_image:/home/gadzz/ardu_ws/install/ros_ign_gazebo:/home/gadzz/ardu_ws/install/ros_ign_bridge:/home/gadzz/ardu_ws/install/ros_gz_sim:/home/gadzz/ardu_ws/install/ros_gz_image:/home/gadzz/ardu_ws/install/ros_gz_bridge:/home/gadzz/ardu_ws/install/ros_gz_interfaces:/home/gadzz/ardu_ws/install/ardupilot_sitl:/home/gadzz/ardu_ws/install/micro_ros_agent:/home/gadzz/ardu_ws/install/keyboard:/home/gadzz/ardu_ws/install/keyboard_msgs:/home/gadzz/ardu_ws/install/ardupilot_sitl_models:/home/gadzz/ardu_ws/install/ardupilot_msgs:/home/gadzz/ardu_ws/install/ardupilot_gz_gazebo:/home/gadzz/ardu_ws/install/ardupilot_gz_description:/home/gadzz/ardu_ws/install/ardupilot_gz_application:/home/gadzz/ardu_ws/install/ardupilot_gazebo:/home/gadzz/ardu_ws/install/ardupilot_dds_tests:/opt/ros/humble LD_LIBRARY_PATH=/home/gadzz/vtol_ws/install/keyboard_msgs/lib:${LD_LIBRARY_PATH} PYTHONPATH=/home/gadzz/vtol_ws/install/keyboard_msgs/local/lib/python3.10/dist-packages:${PYTHONPATH} /usr/bin/cmake --build /home/gadzz/vtol_ws/build/keyboard -- -j8 -l8[0m
[2.614s] [34mcolcon.colcon_core.event_handler.log_command[0m [1;30mDEBUG[0m [32mInvoking command in '/home/gadzz/vtol_ws/build/keyboard': AMENT_PREFIX_PATH=/home/gadzz/vtol_ws/install/keyboard_msgs:${AMENT_PREFIX_PATH} CMAKE_PREFIX_PATH=/home/gadzz/vtol_ws/install/keyboard_msgs:/home/gadzz/ardu_ws/install/test_ros_gz_bridge:/home/gadzz/ardu_ws/install/ros_ign:/home/gadzz/ardu_ws/install/ros_ign_gazebo_demos:/home/gadzz/ardu_ws/install/ros_gz:/home/gadzz/ardu_ws/install/ros_gz_sim_demos:/home/gadzz/ardu_ws/install/ardupilot_gz_bringup:/home/gadzz/ardu_ws/install/sdformat_urdf:/home/gadzz/ardu_ws/install/sdformat_test_files:/home/gadzz/ardu_ws/install/ros_ign_interfaces:/home/gadzz/ardu_ws/install/ros_ign_image:/home/gadzz/ardu_ws/install/ros_ign_gazebo:/home/gadzz/ardu_ws/install/ros_ign_bridge:/home/gadzz/ardu_ws/install/ros_gz_sim:/home/gadzz/ardu_ws/install/ros_gz_image:/home/gadzz/ardu_ws/install/ros_gz_bridge:/home/gadzz/ardu_ws/install/ros_gz_interfaces:/home/gadzz/ardu_ws/install/ardupilot_sitl:/home/gadzz/ardu_ws/install/micro_ros_agent:/home/gadzz/ardu_ws/install/keyboard:/home/gadzz/ardu_ws/install/keyboard_msgs:/home/gadzz/ardu_ws/install/ardupilot_sitl_models:/home/gadzz/ardu_ws/install/ardupilot_msgs:/home/gadzz/ardu_ws/install/ardupilot_gz_gazebo:/home/gadzz/ardu_ws/install/ardupilot_gz_description:/home/gadzz/ardu_ws/install/ardupilot_gz_application:/home/gadzz/ardu_ws/install/ardupilot_gazebo:/home/gadzz/ardu_ws/install/ardupilot_dds_tests:/opt/ros/humble LD_LIBRARY_PATH=/home/gadzz/vtol_ws/install/keyboard_msgs/lib:${LD_LIBRARY_PATH} PYTHONPATH=/home/gadzz/vtol_ws/install/keyboard_msgs/local/lib/python3.10/dist-packages:${PYTHONPATH} /usr/bin/cmake --install /home/gadzz/vtol_ws/build/keyboard[0m
[2.649s] [34mcolcon.colcon_core.environment[0m [1;30mLevel 1[0m create_environment_scripts_only(keyboard)
[2.650s] [34mcolcon.colcon_core.environment[0m [1;30mLevel 1[0m checking '/home/gadzz/vtol_ws/install/keyboard' for CMake module files
[2.651s] [34mcolcon.colcon_core.event_handler.log_command[0m [1;30mDEBUG[0m [32mInvoked command in '/home/gadzz/vtol_ws/build/keyboard' returned '0': AMENT_PREFIX_PATH=/home/gadzz/vtol_ws/install/keyboard_msgs:${AMENT_PREFIX_PATH} CMAKE_PREFIX_PATH=/home/gadzz/vtol_ws/install/keyboard_msgs:/home/gadzz/ardu_ws/install/test_ros_gz_bridge:/home/gadzz/ardu_ws/install/ros_ign:/home/gadzz/ardu_ws/install/ros_ign_gazebo_demos:/home/gadzz/ardu_ws/install/ros_gz:/home/gadzz/ardu_ws/install/ros_gz_sim_demos:/home/gadzz/ardu_ws/install/ardupilot_gz_bringup:/home/gadzz/ardu_ws/install/sdformat_urdf:/home/gadzz/ardu_ws/install/sdformat_test_files:/home/gadzz/ardu_ws/install/ros_ign_interfaces:/home/gadzz/ardu_ws/install/ros_ign_image:/home/gadzz/ardu_ws/install/ros_ign_gazebo:/home/gadzz/ardu_ws/install/ros_ign_bridge:/home/gadzz/ardu_ws/install/ros_gz_sim:/home/gadzz/ardu_ws/install/ros_gz_image:/home/gadzz/ardu_ws/install/ros_gz_bridge:/home/gadzz/ardu_ws/install/ros_gz_interfaces:/home/gadzz/ardu_ws/install/ardupilot_sitl:/home/gadzz/ardu_ws/install/micro_ros_agent:/home/gadzz/ardu_ws/install/keyboard:/home/gadzz/ardu_ws/install/keyboard_msgs:/home/gadzz/ardu_ws/install/ardupilot_sitl_models:/home/gadzz/ardu_ws/install/ardupilot_msgs:/home/gadzz/ardu_ws/install/ardupilot_gz_gazebo:/home/gadzz/ardu_ws/install/ardupilot_gz_description:/home/gadzz/ardu_ws/install/ardupilot_gz_application:/home/gadzz/ardu_ws/install/ardupilot_gazebo:/home/gadzz/ardu_ws/install/ardupilot_dds_tests:/opt/ros/humble LD_LIBRARY_PATH=/home/gadzz/vtol_ws/install/keyboard_msgs/lib:${LD_LIBRARY_PATH} PYTHONPATH=/home/gadzz/vtol_ws/install/keyboard_msgs/local/lib/python3.10/dist-packages:${PYTHONPATH} /usr/bin/cmake --install /home/gadzz/vtol_ws/build/keyboard[0m
[2.653s] [34mcolcon.colcon_core.environment[0m [1;30mLevel 1[0m checking '/home/gadzz/vtol_ws/install/keyboard' for CMake config files
[2.653s] [34mcolcon.colcon_core.shell[0m [1;30mLevel 1[0m create_environment_hook('keyboard', 'cmake_prefix_path')
[2.654s] [34mcolcon.colcon_core.shell[0m [1;30mINFO[0m Creating environment hook '/home/gadzz/vtol_ws/install/keyboard/share/keyboard/hook/cmake_prefix_path.ps1'
[2.656s] [34mcolcon.colcon_core.shell[0m [1;30mINFO[0m Creating environment descriptor '/home/gadzz/vtol_ws/install/keyboard/share/keyboard/hook/cmake_prefix_path.dsv'
[2.657s] [34mcolcon.colcon_core.shell[0m [1;30mINFO[0m Creating environment hook '/home/gadzz/vtol_ws/install/keyboard/share/keyboard/hook/cmake_prefix_path.sh'
[2.659s] [34mcolcon.colcon_core.environment[0m [1;30mLevel 1[0m checking '/home/gadzz/vtol_ws/install/keyboard/lib'
[2.659s] [34mcolcon.colcon_core.environment[0m [1;30mLevel 1[0m checking '/home/gadzz/vtol_ws/install/keyboard/bin'
[2.659s] [34mcolcon.colcon_core.environment[0m [1;30mLevel 1[0m checking '/home/gadzz/vtol_ws/install/keyboard/lib/pkgconfig/keyboard.pc'
[2.660s] [34mcolcon.colcon_core.environment[0m [1;30mLevel 1[0m checking '/home/gadzz/vtol_ws/install/keyboard/lib/python3.10/site-packages'
[2.660s] [34mcolcon.colcon_core.environment[0m [1;30mLevel 1[0m checking '/home/gadzz/vtol_ws/install/keyboard/bin'
[2.662s] [34mcolcon.colcon_core.shell[0m [1;30mINFO[0m Creating package script '/home/gadzz/vtol_ws/install/keyboard/share/keyboard/package.ps1'
[2.664s] [34mcolcon.colcon_core.shell[0m [1;30mINFO[0m Creating package descriptor '/home/gadzz/vtol_ws/install/keyboard/share/keyboard/package.dsv'
[2.665s] [34mcolcon.colcon_core.shell[0m [1;30mINFO[0m Creating package script '/home/gadzz/vtol_ws/install/keyboard/share/keyboard/package.sh'
[2.667s] [34mcolcon.colcon_core.shell[0m [1;30mINFO[0m Creating package script '/home/gadzz/vtol_ws/install/keyboard/share/keyboard/package.bash'
[2.668s] [34mcolcon.colcon_core.shell[0m [1;30mINFO[0m Creating package script '/home/gadzz/vtol_ws/install/keyboard/share/keyboard/package.zsh'
[2.669s] [34mcolcon.colcon_core.environment[0m [1;30mLevel 1[0m create_file_with_runtime_dependencies(/home/gadzz/vtol_ws/install/keyboard/share/colcon-core/packages/keyboard)
[2.670s] [34mcolcon.colcon_core.environment[0m [1;30mLevel 1[0m create_environment_scripts_only(keyboard)
[2.670s] [34mcolcon.colcon_core.environment[0m [1;30mLevel 1[0m checking '/home/gadzz/vtol_ws/install/keyboard' for CMake module files
[2.671s] [34mcolcon.colcon_core.environment[0m [1;30mLevel 1[0m checking '/home/gadzz/vtol_ws/install/keyboard' for CMake config files
[2.671s] [34mcolcon.colcon_core.shell[0m [1;30mLevel 1[0m create_environment_hook('keyboard', 'cmake_prefix_path')
[2.672s] [34mcolcon.colcon_core.shell[0m [1;30mINFO[0m Creating environment hook '/home/gadzz/vtol_ws/install/keyboard/share/keyboard/hook/cmake_prefix_path.ps1'
[2.673s] [34mcolcon.colcon_core.shell[0m [1;30mINFO[0m Creating environment descriptor '/home/gadzz/vtol_ws/install/keyboard/share/keyboard/hook/cmake_prefix_path.dsv'
[2.673s] [34mcolcon.colcon_core.shell[0m [1;30mINFO[0m Creating environment hook '/home/gadzz/vtol_ws/install/keyboard/share/keyboard/hook/cmake_prefix_path.sh'
[2.675s] [34mcolcon.colcon_core.environment[0m [1;30mLevel 1[0m checking '/home/gadzz/vtol_ws/install/keyboard/lib'
[2.675s] [34mcolcon.colcon_core.environment[0m [1;30mLevel 1[0m checking '/home/gadzz/vtol_ws/install/keyboard/bin'
[2.675s] [34mcolcon.colcon_core.environment[0m [1;30mLevel 1[0m checking '/home/gadzz/vtol_ws/install/keyboard/lib/pkgconfig/keyboard.pc'
[2.675s] [34mcolcon.colcon_core.environment[0m [1;30mLevel 1[0m checking '/home/gadzz/vtol_ws/install/keyboard/lib/python3.10/site-packages'
[2.675s] [34mcolcon.colcon_core.environment[0m [1;30mLevel 1[0m checking '/home/gadzz/vtol_ws/install/keyboard/bin'
[2.676s] [34mcolcon.colcon_core.shell[0m [1;30mINFO[0m Creating package script '/home/gadzz/vtol_ws/install/keyboard/share/keyboard/package.ps1'
[2.678s] [34mcolcon.colcon_core.shell[0m [1;30mINFO[0m Creating package descriptor '/home/gadzz/vtol_ws/install/keyboard/share/keyboard/package.dsv'
[2.680s] [34mcolcon.colcon_core.shell[0m [1;30mINFO[0m Creating package script '/home/gadzz/vtol_ws/install/keyboard/share/keyboard/package.sh'
[2.681s] [34mcolcon.colcon_core.shell[0m [1;30mINFO[0m Creating package script '/home/gadzz/vtol_ws/install/keyboard/share/keyboard/package.bash'
[2.682s] [34mcolcon.colcon_core.shell[0m [1;30mINFO[0m Creating package script '/home/gadzz/vtol_ws/install/keyboard/share/keyboard/package.zsh'
[2.684s] [34mcolcon.colcon_core.environment[0m [1;30mLevel 1[0m create_file_with_runtime_dependencies(/home/gadzz/vtol_ws/install/keyboard/share/colcon-core/packages/keyboard)
[2.823s] [34mcolcon.colcon_core.event_handler.log_command[0m [1;30mDEBUG[0m [32mInvoked command in '/home/gadzz/vtol_ws/build/px4_msgs' returned '0': CMAKE_PREFIX_PATH=${CMAKE_PREFIX_PATH}:/home/gadzz/ardu_ws/install/ardupilot_dds_tests:/opt/ros/humble /usr/bin/cmake --build /home/gadzz/vtol_ws/build/px4_msgs -- -j8 -l8[0m
[2.830s] [34mcolcon.colcon_core.event_handler.log_command[0m [1;30mDEBUG[0m [32mInvoking command in '/home/gadzz/vtol_ws/build/px4_msgs': CMAKE_PREFIX_PATH=${CMAKE_PREFIX_PATH}:/home/gadzz/ardu_ws/install/ardupilot_dds_tests:/opt/ros/humble /usr/bin/cmake --install /home/gadzz/vtol_ws/build/px4_msgs[0m
[3.644s] [34mcolcon.colcon_core.environment[0m [1;30mLevel 1[0m create_environment_scripts_only(px4_msgs)
[3.645s] [34mcolcon.colcon_core.environment[0m [1;30mLevel 1[0m checking '/home/gadzz/vtol_ws/install/px4_msgs' for CMake module files
[3.646s] [34mcolcon.colcon_core.event_handler.log_command[0m [1;30mDEBUG[0m [32mInvoked command in '/home/gadzz/vtol_ws/build/px4_msgs' returned '0': CMAKE_PREFIX_PATH=${CMAKE_PREFIX_PATH}:/home/gadzz/ardu_ws/install/ardupilot_dds_tests:/opt/ros/humble /usr/bin/cmake --install /home/gadzz/vtol_ws/build/px4_msgs[0m
[3.647s] [34mcolcon.colcon_core.environment[0m [1;30mLevel 1[0m checking '/home/gadzz/vtol_ws/install/px4_msgs' for CMake config files
[3.649s] [34mcolcon.colcon_core.shell[0m [1;30mLevel 1[0m create_environment_hook('px4_msgs', 'cmake_prefix_path')
[3.649s] [34mcolcon.colcon_core.shell[0m [1;30mINFO[0m Creating environment hook '/home/gadzz/vtol_ws/install/px4_msgs/share/px4_msgs/hook/cmake_prefix_path.ps1'
[3.650s] [34mcolcon.colcon_core.shell[0m [1;30mINFO[0m Creating environment descriptor '/home/gadzz/vtol_ws/install/px4_msgs/share/px4_msgs/hook/cmake_prefix_path.dsv'
[3.650s] [34mcolcon.colcon_core.shell[0m [1;30mINFO[0m Creating environment hook '/home/gadzz/vtol_ws/install/px4_msgs/share/px4_msgs/hook/cmake_prefix_path.sh'
[3.651s] [34mcolcon.colcon_core.environment[0m [1;30mLevel 1[0m checking '/home/gadzz/vtol_ws/install/px4_msgs/lib'
[3.651s] [34mcolcon.colcon_core.shell[0m [1;30mLevel 1[0m create_environment_hook('px4_msgs', 'ld_library_path_lib')
[3.652s] [34mcolcon.colcon_core.shell[0m [1;30mINFO[0m Creating environment hook '/home/gadzz/vtol_ws/install/px4_msgs/share/px4_msgs/hook/ld_library_path_lib.ps1'
[3.653s] [34mcolcon.colcon_core.shell[0m [1;30mINFO[0m Creating environment descriptor '/home/gadzz/vtol_ws/install/px4_msgs/share/px4_msgs/hook/ld_library_path_lib.dsv'
[3.653s] [34mcolcon.colcon_core.shell[0m [1;30mINFO[0m Creating environment hook '/home/gadzz/vtol_ws/install/px4_msgs/share/px4_msgs/hook/ld_library_path_lib.sh'
[3.653s] [34mcolcon.colcon_core.environment[0m [1;30mLevel 1[0m checking '/home/gadzz/vtol_ws/install/px4_msgs/bin'
[3.653s] [34mcolcon.colcon_core.environment[0m [1;30mLevel 1[0m checking '/home/gadzz/vtol_ws/install/px4_msgs/lib/pkgconfig/px4_msgs.pc'
[3.654s] [34mcolcon.colcon_core.environment[0m [1;30mLevel 1[0m checking '/home/gadzz/vtol_ws/install/px4_msgs/lib/python3.10/site-packages'
[3.654s] [34mcolcon.colcon_core.environment[0m [1;30mLevel 1[0m checking '/home/gadzz/vtol_ws/install/px4_msgs/bin'
[3.655s] [34mcolcon.colcon_core.shell[0m [1;30mINFO[0m Creating package script '/home/gadzz/vtol_ws/install/px4_msgs/share/px4_msgs/package.ps1'
[3.656s] [34mcolcon.colcon_core.shell[0m [1;30mINFO[0m Creating package descriptor '/home/gadzz/vtol_ws/install/px4_msgs/share/px4_msgs/package.dsv'
[3.658s] [34mcolcon.colcon_core.shell[0m [1;30mINFO[0m Creating package script '/home/gadzz/vtol_ws/install/px4_msgs/share/px4_msgs/package.sh'
[3.659s] [34mcolcon.colcon_core.shell[0m [1;30mINFO[0m Creating package script '/home/gadzz/vtol_ws/install/px4_msgs/share/px4_msgs/package.bash'
[3.660s] [34mcolcon.colcon_core.shell[0m [1;30mINFO[0m Creating package script '/home/gadzz/vtol_ws/install/px4_msgs/share/px4_msgs/package.zsh'
[3.661s] [34mcolcon.colcon_core.environment[0m [1;30mLevel 1[0m create_file_with_runtime_dependencies(/home/gadzz/vtol_ws/install/px4_msgs/share/colcon-core/packages/px4_msgs)
[3.664s] [34mcolcon.colcon_core.environment[0m [1;30mLevel 1[0m create_environment_scripts_only(px4_msgs)
[3.666s] [34mcolcon.colcon_core.environment[0m [1;30mLevel 1[0m checking '/home/gadzz/vtol_ws/install/px4_msgs' for CMake module files
[3.667s] [34mcolcon.colcon_core.environment[0m [1;30mLevel 1[0m checking '/home/gadzz/vtol_ws/install/px4_msgs' for CMake config files
[3.670s] [34mcolcon.colcon_core.shell[0m [1;30mLevel 1[0m create_environment_hook('px4_msgs', 'cmake_prefix_path')
[3.671s] [34mcolcon.colcon_core.shell[0m [1;30mINFO[0m Creating environment hook '/home/gadzz/vtol_ws/install/px4_msgs/share/px4_msgs/hook/cmake_prefix_path.ps1'
[3.672s] [34mcolcon.colcon_core.shell[0m [1;30mINFO[0m Creating environment descriptor '/home/gadzz/vtol_ws/install/px4_msgs/share/px4_msgs/hook/cmake_prefix_path.dsv'
[3.673s] [34mcolcon.colcon_core.shell[0m [1;30mINFO[0m Creating environment hook '/home/gadzz/vtol_ws/install/px4_msgs/share/px4_msgs/hook/cmake_prefix_path.sh'
[3.674s] [34mcolcon.colcon_core.environment[0m [1;30mLevel 1[0m checking '/home/gadzz/vtol_ws/install/px4_msgs/lib'
[3.674s] [34mcolcon.colcon_core.shell[0m [1;30mLevel 1[0m create_environment_hook('px4_msgs', 'ld_library_path_lib')
[3.675s] [34mcolcon.colcon_core.shell[0m [1;30mINFO[0m Creating environment hook '/home/gadzz/vtol_ws/install/px4_msgs/share/px4_msgs/hook/ld_library_path_lib.ps1'
[3.676s] [34mcolcon.colcon_core.shell[0m [1;30mINFO[0m Creating environment descriptor '/home/gadzz/vtol_ws/install/px4_msgs/share/px4_msgs/hook/ld_library_path_lib.dsv'
[3.677s] [34mcolcon.colcon_core.shell[0m [1;30mINFO[0m Creating environment hook '/home/gadzz/vtol_ws/install/px4_msgs/share/px4_msgs/hook/ld_library_path_lib.sh'
[3.679s] [34mcolcon.colcon_core.environment[0m [1;30mLevel 1[0m checking '/home/gadzz/vtol_ws/install/px4_msgs/bin'
[3.679s] [34mcolcon.colcon_core.environment[0m [1;30mLevel 1[0m checking '/home/gadzz/vtol_ws/install/px4_msgs/lib/pkgconfig/px4_msgs.pc'
[3.679s] [34mcolcon.colcon_core.environment[0m [1;30mLevel 1[0m checking '/home/gadzz/vtol_ws/install/px4_msgs/lib/python3.10/site-packages'
[3.680s] [34mcolcon.colcon_core.environment[0m [1;30mLevel 1[0m checking '/home/gadzz/vtol_ws/install/px4_msgs/bin'
[3.681s] [34mcolcon.colcon_core.shell[0m [1;30mINFO[0m Creating package script '/home/gadzz/vtol_ws/install/px4_msgs/share/px4_msgs/package.ps1'
[3.683s] [34mcolcon.colcon_core.shell[0m [1;30mINFO[0m Creating package descriptor '/home/gadzz/vtol_ws/install/px4_msgs/share/px4_msgs/package.dsv'
[3.685s] [34mcolcon.colcon_core.shell[0m [1;30mINFO[0m Creating package script '/home/gadzz/vtol_ws/install/px4_msgs/share/px4_msgs/package.sh'
[3.687s] [34mcolcon.colcon_core.shell[0m [1;30mINFO[0m Creating package script '/home/gadzz/vtol_ws/install/px4_msgs/share/px4_msgs/package.bash'
[3.688s] [34mcolcon.colcon_core.shell[0m [1;30mINFO[0m Creating package script '/home/gadzz/vtol_ws/install/px4_msgs/share/px4_msgs/package.zsh'
[3.689s] [34mcolcon.colcon_core.environment[0m [1;30mLevel 1[0m create_file_with_runtime_dependencies(/home/gadzz/vtol_ws/install/px4_msgs/share/colcon-core/packages/px4_msgs)
[3.691s] [34mcolcon.colcon_ros.task.ament_cmake.build[0m [1;30mINFO[0m Building ROS package in '/home/gadzz/vtol_ws/src/px4_ros_com' with build type 'ament_cmake'
[3.691s] [34mcolcon.colcon_cmake.task.cmake.build[0m [1;30mINFO[0m Building CMake package in '/home/gadzz/vtol_ws/src/px4_ros_com'
[3.692s] [34mcolcon.colcon_core.shell[0m [1;30mINFO[0m Skip shell extension 'powershell' for command environment: Not usable outside of PowerShell
[3.693s] [34mcolcon.colcon_core.shell[0m [1;30mDEBUG[0m [32mSkip shell extension 'dsv' for command environment[0m
[3.727s] [34mcolcon.colcon_core.event_handler.log_command[0m [1;30mDEBUG[0m [32mInvoking command in '/home/gadzz/vtol_ws/build/px4_ros_com': AMENT_PREFIX_PATH=/home/gadzz/vtol_ws/install/px4_msgs:${AMENT_PREFIX_PATH} CMAKE_PREFIX_PATH=/home/gadzz/vtol_ws/install/px4_msgs:/home/gadzz/ardu_ws/install/test_ros_gz_bridge:/home/gadzz/ardu_ws/install/ros_ign:/home/gadzz/ardu_ws/install/ros_ign_gazebo_demos:/home/gadzz/ardu_ws/install/ros_gz:/home/gadzz/ardu_ws/install/ros_gz_sim_demos:/home/gadzz/ardu_ws/install/ardupilot_gz_bringup:/home/gadzz/ardu_ws/install/sdformat_urdf:/home/gadzz/ardu_ws/install/sdformat_test_files:/home/gadzz/ardu_ws/install/ros_ign_interfaces:/home/gadzz/ardu_ws/install/ros_ign_image:/home/gadzz/ardu_ws/install/ros_ign_gazebo:/home/gadzz/ardu_ws/install/ros_ign_bridge:/home/gadzz/ardu_ws/install/ros_gz_sim:/home/gadzz/ardu_ws/install/ros_gz_image:/home/gadzz/ardu_ws/install/ros_gz_bridge:/home/gadzz/ardu_ws/install/ros_gz_interfaces:/home/gadzz/ardu_ws/install/ardupilot_sitl:/home/gadzz/ardu_ws/install/micro_ros_agent:/home/gadzz/ardu_ws/install/keyboard:/home/gadzz/ardu_ws/install/keyboard_msgs:/home/gadzz/ardu_ws/install/ardupilot_sitl_models:/home/gadzz/ardu_ws/install/ardupilot_msgs:/home/gadzz/ardu_ws/install/ardupilot_gz_gazebo:/home/gadzz/ardu_ws/install/ardupilot_gz_description:/home/gadzz/ardu_ws/install/ardupilot_gz_application:/home/gadzz/ardu_ws/install/ardupilot_gazebo:/home/gadzz/ardu_ws/install/ardupilot_dds_tests:/opt/ros/humble LD_LIBRARY_PATH=/home/gadzz/vtol_ws/install/px4_msgs/lib:${LD_LIBRARY_PATH} PYTHONPATH=/home/gadzz/vtol_ws/install/px4_msgs/local/lib/python3.10/dist-packages:${PYTHONPATH} /usr/bin/cmake --build /home/gadzz/vtol_ws/build/px4_ros_com -- -j8 -l8[0m
[4.762s] [34mcolcon.colcon_core.event_handler.log_command[0m [1;30mDEBUG[0m [32mInvoked command in '/home/gadzz/vtol_ws/build/px4_ros_com' returned '0': AMENT_PREFIX_PATH=/home/gadzz/vtol_ws/install/px4_msgs:${AMENT_PREFIX_PATH} CMAKE_PREFIX_PATH=/home/gadzz/vtol_ws/install/px4_msgs:/home/gadzz/ardu_ws/install/test_ros_gz_bridge:/home/gadzz/ardu_ws/install/ros_ign:/home/gadzz/ardu_ws/install/ros_ign_gazebo_demos:/home/gadzz/ardu_ws/install/ros_gz:/home/gadzz/ardu_ws/install/ros_gz_sim_demos:/home/gadzz/ardu_ws/install/ardupilot_gz_bringup:/home/gadzz/ardu_ws/install/sdformat_urdf:/home/gadzz/ardu_ws/install/sdformat_test_files:/home/gadzz/ardu_ws/install/ros_ign_interfaces:/home/gadzz/ardu_ws/install/ros_ign_image:/home/gadzz/ardu_ws/install/ros_ign_gazebo:/home/gadzz/ardu_ws/install/ros_ign_bridge:/home/gadzz/ardu_ws/install/ros_gz_sim:/home/gadzz/ardu_ws/install/ros_gz_image:/home/gadzz/ardu_ws/install/ros_gz_bridge:/home/gadzz/ardu_ws/install/ros_gz_interfaces:/home/gadzz/ardu_ws/install/ardupilot_sitl:/home/gadzz/ardu_ws/install/micro_ros_agent:/home/gadzz/ardu_ws/install/keyboard:/home/gadzz/ardu_ws/install/keyboard_msgs:/home/gadzz/ardu_ws/install/ardupilot_sitl_models:/home/gadzz/ardu_ws/install/ardupilot_msgs:/home/gadzz/ardu_ws/install/ardupilot_gz_gazebo:/home/gadzz/ardu_ws/install/ardupilot_gz_description:/home/gadzz/ardu_ws/install/ardupilot_gz_application:/home/gadzz/ardu_ws/install/ardupilot_gazebo:/home/gadzz/ardu_ws/install/ardupilot_dds_tests:/opt/ros/humble LD_LIBRARY_PATH=/home/gadzz/vtol_ws/install/px4_msgs/lib:${LD_LIBRARY_PATH} PYTHONPATH=/home/gadzz/vtol_ws/install/px4_msgs/local/lib/python3.10/dist-packages:${PYTHONPATH} /usr/bin/cmake --build /home/gadzz/vtol_ws/build/px4_ros_com -- -j8 -l8[0m
[4.766s] [34mcolcon.colcon_core.event_handler.log_command[0m [1;30mDEBUG[0m [32mInvoking command in '/home/gadzz/vtol_ws/build/px4_ros_com': AMENT_PREFIX_PATH=/home/gadzz/vtol_ws/install/px4_msgs:${AMENT_PREFIX_PATH} CMAKE_PREFIX_PATH=/home/gadzz/vtol_ws/install/px4_msgs:/home/gadzz/ardu_ws/install/test_ros_gz_bridge:/home/gadzz/ardu_ws/install/ros_ign:/home/gadzz/ardu_ws/install/ros_ign_gazebo_demos:/home/gadzz/ardu_ws/install/ros_gz:/home/gadzz/ardu_ws/install/ros_gz_sim_demos:/home/gadzz/ardu_ws/install/ardupilot_gz_bringup:/home/gadzz/ardu_ws/install/sdformat_urdf:/home/gadzz/ardu_ws/install/sdformat_test_files:/home/gadzz/ardu_ws/install/ros_ign_interfaces:/home/gadzz/ardu_ws/install/ros_ign_image:/home/gadzz/ardu_ws/install/ros_ign_gazebo:/home/gadzz/ardu_ws/install/ros_ign_bridge:/home/gadzz/ardu_ws/install/ros_gz_sim:/home/gadzz/ardu_ws/install/ros_gz_image:/home/gadzz/ardu_ws/install/ros_gz_bridge:/home/gadzz/ardu_ws/install/ros_gz_interfaces:/home/gadzz/ardu_ws/install/ardupilot_sitl:/home/gadzz/ardu_ws/install/micro_ros_agent:/home/gadzz/ardu_ws/install/keyboard:/home/gadzz/ardu_ws/install/keyboard_msgs:/home/gadzz/ardu_ws/install/ardupilot_sitl_models:/home/gadzz/ardu_ws/install/ardupilot_msgs:/home/gadzz/ardu_ws/install/ardupilot_gz_gazebo:/home/gadzz/ardu_ws/install/ardupilot_gz_description:/home/gadzz/ardu_ws/install/ardupilot_gz_application:/home/gadzz/ardu_ws/install/ardupilot_gazebo:/home/gadzz/ardu_ws/install/ardupilot_dds_tests:/opt/ros/humble LD_LIBRARY_PATH=/home/gadzz/vtol_ws/install/px4_msgs/lib:${LD_LIBRARY_PATH} PYTHONPATH=/home/gadzz/vtol_ws/install/px4_msgs/local/lib/python3.10/dist-packages:${PYTHONPATH} /usr/bin/cmake --install /home/gadzz/vtol_ws/build/px4_ros_com[0m
[4.908s] [34mcolcon.colcon_core.environment[0m [1;30mLevel 1[0m create_environment_scripts_only(px4_ros_com)
[4.909s] [34mcolcon.colcon_core.environment[0m [1;30mLevel 1[0m checking '/home/gadzz/vtol_ws/install/px4_ros_com' for CMake module files
[4.911s] [34mcolcon.colcon_core.event_handler.log_command[0m [1;30mDEBUG[0m [32mInvoked command in '/home/gadzz/vtol_ws/build/px4_ros_com' returned '0': AMENT_PREFIX_PATH=/home/gadzz/vtol_ws/install/px4_msgs:${AMENT_PREFIX_PATH} CMAKE_PREFIX_PATH=/home/gadzz/vtol_ws/install/px4_msgs:/home/gadzz/ardu_ws/install/test_ros_gz_bridge:/home/gadzz/ardu_ws/install/ros_ign:/home/gadzz/ardu_ws/install/ros_ign_gazebo_demos:/home/gadzz/ardu_ws/install/ros_gz:/home/gadzz/ardu_ws/install/ros_gz_sim_demos:/home/gadzz/ardu_ws/install/ardupilot_gz_bringup:/home/gadzz/ardu_ws/install/sdformat_urdf:/home/gadzz/ardu_ws/install/sdformat_test_files:/home/gadzz/ardu_ws/install/ros_ign_interfaces:/home/gadzz/ardu_ws/install/ros_ign_image:/home/gadzz/ardu_ws/install/ros_ign_gazebo:/home/gadzz/ardu_ws/install/ros_ign_bridge:/home/gadzz/ardu_ws/install/ros_gz_sim:/home/gadzz/ardu_ws/install/ros_gz_image:/home/gadzz/ardu_ws/install/ros_gz_bridge:/home/gadzz/ardu_ws/install/ros_gz_interfaces:/home/gadzz/ardu_ws/install/ardupilot_sitl:/home/gadzz/ardu_ws/install/micro_ros_agent:/home/gadzz/ardu_ws/install/keyboard:/home/gadzz/ardu_ws/install/keyboard_msgs:/home/gadzz/ardu_ws/install/ardupilot_sitl_models:/home/gadzz/ardu_ws/install/ardupilot_msgs:/home/gadzz/ardu_ws/install/ardupilot_gz_gazebo:/home/gadzz/ardu_ws/install/ardupilot_gz_description:/home/gadzz/ardu_ws/install/ardupilot_gz_application:/home/gadzz/ardu_ws/install/ardupilot_gazebo:/home/gadzz/ardu_ws/install/ardupilot_dds_tests:/opt/ros/humble LD_LIBRARY_PATH=/home/gadzz/vtol_ws/install/px4_msgs/lib:${LD_LIBRARY_PATH} PYTHONPATH=/home/gadzz/vtol_ws/install/px4_msgs/local/lib/python3.10/dist-packages:${PYTHONPATH} /usr/bin/cmake --install /home/gadzz/vtol_ws/build/px4_ros_com[0m
[4.912s] [34mcolcon.colcon_core.environment[0m [1;30mLevel 1[0m checking '/home/gadzz/vtol_ws/install/px4_ros_com' for CMake config files
[4.913s] [34mcolcon.colcon_core.shell[0m [1;30mLevel 1[0m create_environment_hook('px4_ros_com', 'cmake_prefix_path')
[4.914s] [34mcolcon.colcon_core.shell[0m [1;30mINFO[0m Creating environment hook '/home/gadzz/vtol_ws/install/px4_ros_com/share/px4_ros_com/hook/cmake_prefix_path.ps1'
[4.916s] [34mcolcon.colcon_core.shell[0m [1;30mINFO[0m Creating environment descriptor '/home/gadzz/vtol_ws/install/px4_ros_com/share/px4_ros_com/hook/cmake_prefix_path.dsv'
[4.916s] [34mcolcon.colcon_core.shell[0m [1;30mINFO[0m Creating environment hook '/home/gadzz/vtol_ws/install/px4_ros_com/share/px4_ros_com/hook/cmake_prefix_path.sh'
[4.917s] [34mcolcon.colcon_core.environment[0m [1;30mLevel 1[0m checking '/home/gadzz/vtol_ws/install/px4_ros_com/lib'
[4.917s] [34mcolcon.colcon_core.shell[0m [1;30mLevel 1[0m create_environment_hook('px4_ros_com', 'ld_library_path_lib')
[4.918s] [34mcolcon.colcon_core.shell[0m [1;30mINFO[0m Creating environment hook '/home/gadzz/vtol_ws/install/px4_ros_com/share/px4_ros_com/hook/ld_library_path_lib.ps1'
[4.919s] [34mcolcon.colcon_core.shell[0m [1;30mINFO[0m Creating environment descriptor '/home/gadzz/vtol_ws/install/px4_ros_com/share/px4_ros_com/hook/ld_library_path_lib.dsv'
[4.920s] [34mcolcon.colcon_core.shell[0m [1;30mINFO[0m Creating environment hook '/home/gadzz/vtol_ws/install/px4_ros_com/share/px4_ros_com/hook/ld_library_path_lib.sh'
[4.921s] [34mcolcon.colcon_core.environment[0m [1;30mLevel 1[0m checking '/home/gadzz/vtol_ws/install/px4_ros_com/bin'
[4.921s] [34mcolcon.colcon_core.environment[0m [1;30mLevel 1[0m checking '/home/gadzz/vtol_ws/install/px4_ros_com/lib/pkgconfig/px4_ros_com.pc'
[4.921s] [34mcolcon.colcon_core.environment[0m [1;30mLevel 1[0m checking '/home/gadzz/vtol_ws/install/px4_ros_com/lib/python3.10/site-packages'
[4.921s] [34mcolcon.colcon_core.environment[0m [1;30mLevel 1[0m checking '/home/gadzz/vtol_ws/install/px4_ros_com/bin'
[4.922s] [34mcolcon.colcon_core.shell[0m [1;30mINFO[0m Creating package script '/home/gadzz/vtol_ws/install/px4_ros_com/share/px4_ros_com/package.ps1'
[4.925s] [34mcolcon.colcon_core.shell[0m [1;30mINFO[0m Creating package descriptor '/home/gadzz/vtol_ws/install/px4_ros_com/share/px4_ros_com/package.dsv'
[4.927s] [34mcolcon.colcon_core.shell[0m [1;30mINFO[0m Creating package script '/home/gadzz/vtol_ws/install/px4_ros_com/share/px4_ros_com/package.sh'
[4.929s] [34mcolcon.colcon_core.shell[0m [1;30mINFO[0m Creating package script '/home/gadzz/vtol_ws/install/px4_ros_com/share/px4_ros_com/package.bash'
[4.930s] [34mcolcon.colcon_core.shell[0m [1;30mINFO[0m Creating package script '/home/gadzz/vtol_ws/install/px4_ros_com/share/px4_ros_com/package.zsh'
[4.931s] [34mcolcon.colcon_core.environment[0m [1;30mLevel 1[0m create_file_with_runtime_dependencies(/home/gadzz/vtol_ws/install/px4_ros_com/share/colcon-core/packages/px4_ros_com)
[4.933s] [34mcolcon.colcon_core.environment[0m [1;30mLevel 1[0m create_environment_scripts_only(px4_ros_com)
[4.934s] [34mcolcon.colcon_core.environment[0m [1;30mLevel 1[0m checking '/home/gadzz/vtol_ws/install/px4_ros_com' for CMake module files
[4.935s] [34mcolcon.colcon_core.environment[0m [1;30mLevel 1[0m checking '/home/gadzz/vtol_ws/install/px4_ros_com' for CMake config files
[4.935s] [34mcolcon.colcon_core.shell[0m [1;30mLevel 1[0m create_environment_hook('px4_ros_com', 'cmake_prefix_path')
[4.936s] [34mcolcon.colcon_core.shell[0m [1;30mINFO[0m Creating environment hook '/home/gadzz/vtol_ws/install/px4_ros_com/share/px4_ros_com/hook/cmake_prefix_path.ps1'
[4.937s] [34mcolcon.colcon_core.shell[0m [1;30mINFO[0m Creating environment descriptor '/home/gadzz/vtol_ws/install/px4_ros_com/share/px4_ros_com/hook/cmake_prefix_path.dsv'
[4.937s] [34mcolcon.colcon_core.shell[0m [1;30mINFO[0m Creating environment hook '/home/gadzz/vtol_ws/install/px4_ros_com/share/px4_ros_com/hook/cmake_prefix_path.sh'
[4.938s] [34mcolcon.colcon_core.environment[0m [1;30mLevel 1[0m checking '/home/gadzz/vtol_ws/install/px4_ros_com/lib'
[4.938s] [34mcolcon.colcon_core.shell[0m [1;30mLevel 1[0m create_environment_hook('px4_ros_com', 'ld_library_path_lib')
[4.939s] [34mcolcon.colcon_core.shell[0m [1;30mINFO[0m Creating environment hook '/home/gadzz/vtol_ws/install/px4_ros_com/share/px4_ros_com/hook/ld_library_path_lib.ps1'
[4.940s] [34mcolcon.colcon_core.shell[0m [1;30mINFO[0m Creating environment descriptor '/home/gadzz/vtol_ws/install/px4_ros_com/share/px4_ros_com/hook/ld_library_path_lib.dsv'
[4.940s] [34mcolcon.colcon_core.shell[0m [1;30mINFO[0m Creating environment hook '/home/gadzz/vtol_ws/install/px4_ros_com/share/px4_ros_com/hook/ld_library_path_lib.sh'
[4.941s] [34mcolcon.colcon_core.environment[0m [1;30mLevel 1[0m checking '/home/gadzz/vtol_ws/install/px4_ros_com/bin'
[4.941s] [34mcolcon.colcon_core.environment[0m [1;30mLevel 1[0m checking '/home/gadzz/vtol_ws/install/px4_ros_com/lib/pkgconfig/px4_ros_com.pc'
[4.941s] [34mcolcon.colcon_core.environment[0m [1;30mLevel 1[0m checking '/home/gadzz/vtol_ws/install/px4_ros_com/lib/python3.10/site-packages'
[4.941s] [34mcolcon.colcon_core.environment[0m [1;30mLevel 1[0m checking '/home/gadzz/vtol_ws/install/px4_ros_com/bin'
[4.942s] [34mcolcon.colcon_core.shell[0m [1;30mINFO[0m Creating package script '/home/gadzz/vtol_ws/install/px4_ros_com/share/px4_ros_com/package.ps1'
[4.944s] [34mcolcon.colcon_core.shell[0m [1;30mINFO[0m Creating package descriptor '/home/gadzz/vtol_ws/install/px4_ros_com/share/px4_ros_com/package.dsv'
[4.945s] [34mcolcon.colcon_core.shell[0m [1;30mINFO[0m Creating package script '/home/gadzz/vtol_ws/install/px4_ros_com/share/px4_ros_com/package.sh'
[4.946s] [34mcolcon.colcon_core.shell[0m [1;30mINFO[0m Creating package script '/home/gadzz/vtol_ws/install/px4_ros_com/share/px4_ros_com/package.bash'
[4.948s] [34mcolcon.colcon_core.shell[0m [1;30mINFO[0m Creating package script '/home/gadzz/vtol_ws/install/px4_ros_com/share/px4_ros_com/package.zsh'
[4.950s] [34mcolcon.colcon_core.environment[0m [1;30mLevel 1[0m create_file_with_runtime_dependencies(/home/gadzz/vtol_ws/install/px4_ros_com/share/colcon-core/packages/px4_ros_com)
[44.312s] [34mcolcon.colcon_core.event_handler.log_command[0m [1;30mDEBUG[0m [32mInvoked command in '/home/gadzz/vtol_ws/build/mission_center' returned '0': AMENT_PREFIX_PATH=/home/gadzz/vtol_ws/install/keyboard_msgs:${AMENT_PREFIX_PATH} CMAKE_PREFIX_PATH=/home/gadzz/vtol_ws/install/keyboard_msgs:/home/gadzz/ardu_ws/install/test_ros_gz_bridge:/home/gadzz/ardu_ws/install/ros_ign:/home/gadzz/ardu_ws/install/ros_ign_gazebo_demos:/home/gadzz/ardu_ws/install/ros_gz:/home/gadzz/ardu_ws/install/ros_gz_sim_demos:/home/gadzz/ardu_ws/install/ardupilot_gz_bringup:/home/gadzz/ardu_ws/install/sdformat_urdf:/home/gadzz/ardu_ws/install/sdformat_test_files:/home/gadzz/ardu_ws/install/ros_ign_interfaces:/home/gadzz/ardu_ws/install/ros_ign_image:/home/gadzz/ardu_ws/install/ros_ign_gazebo:/home/gadzz/ardu_ws/install/ros_ign_bridge:/home/gadzz/ardu_ws/install/ros_gz_sim:/home/gadzz/ardu_ws/install/ros_gz_image:/home/gadzz/ardu_ws/install/ros_gz_bridge:/home/gadzz/ardu_ws/install/ros_gz_interfaces:/home/gadzz/ardu_ws/install/ardupilot_sitl:/home/gadzz/ardu_ws/install/micro_ros_agent:/home/gadzz/ardu_ws/install/keyboard:/home/gadzz/ardu_ws/install/keyboard_msgs:/home/gadzz/ardu_ws/install/ardupilot_sitl_models:/home/gadzz/ardu_ws/install/ardupilot_msgs:/home/gadzz/ardu_ws/install/ardupilot_gz_gazebo:/home/gadzz/ardu_ws/install/ardupilot_gz_description:/home/gadzz/ardu_ws/install/ardupilot_gz_application:/home/gadzz/ardu_ws/install/ardupilot_gazebo:/home/gadzz/ardu_ws/install/ardupilot_dds_tests:/opt/ros/humble LD_LIBRARY_PATH=/home/gadzz/vtol_ws/install/keyboard_msgs/lib:${LD_LIBRARY_PATH} PYTHONPATH=/home/gadzz/vtol_ws/install/keyboard_msgs/local/lib/python3.10/dist-packages:${PYTHONPATH} /usr/bin/cmake --build /home/gadzz/vtol_ws/build/mission_center -- -j8 -l8[0m
[44.317s] [34mcolcon.colcon_core.event_handler.log_command[0m [1;30mDEBUG[0m [32mInvoking command in '/home/gadzz/vtol_ws/build/mission_center': AMENT_PREFIX_PATH=/home/gadzz/vtol_ws/install/keyboard_msgs:${AMENT_PREFIX_PATH} CMAKE_PREFIX_PATH=/home/gadzz/vtol_ws/install/keyboard_msgs:/home/gadzz/ardu_ws/install/test_ros_gz_bridge:/home/gadzz/ardu_ws/install/ros_ign:/home/gadzz/ardu_ws/install/ros_ign_gazebo_demos:/home/gadzz/ardu_ws/install/ros_gz:/home/gadzz/ardu_ws/install/ros_gz_sim_demos:/home/gadzz/ardu_ws/install/ardupilot_gz_bringup:/home/gadzz/ardu_ws/install/sdformat_urdf:/home/gadzz/ardu_ws/install/sdformat_test_files:/home/gadzz/ardu_ws/install/ros_ign_interfaces:/home/gadzz/ardu_ws/install/ros_ign_image:/home/gadzz/ardu_ws/install/ros_ign_gazebo:/home/gadzz/ardu_ws/install/ros_ign_bridge:/home/gadzz/ardu_ws/install/ros_gz_sim:/home/gadzz/ardu_ws/install/ros_gz_image:/home/gadzz/ardu_ws/install/ros_gz_bridge:/home/gadzz/ardu_ws/install/ros_gz_interfaces:/home/gadzz/ardu_ws/install/ardupilot_sitl:/home/gadzz/ardu_ws/install/micro_ros_agent:/home/gadzz/ardu_ws/install/keyboard:/home/gadzz/ardu_ws/install/keyboard_msgs:/home/gadzz/ardu_ws/install/ardupilot_sitl_models:/home/gadzz/ardu_ws/install/ardupilot_msgs:/home/gadzz/ardu_ws/install/ardupilot_gz_gazebo:/home/gadzz/ardu_ws/install/ardupilot_gz_description:/home/gadzz/ardu_ws/install/ardupilot_gz_application:/home/gadzz/ardu_ws/install/ardupilot_gazebo:/home/gadzz/ardu_ws/install/ardupilot_dds_tests:/opt/ros/humble LD_LIBRARY_PATH=/home/gadzz/vtol_ws/install/keyboard_msgs/lib:${LD_LIBRARY_PATH} PYTHONPATH=/home/gadzz/vtol_ws/install/keyboard_msgs/local/lib/python3.10/dist-packages:${PYTHONPATH} /usr/bin/cmake --install /home/gadzz/vtol_ws/build/mission_center[0m
[44.363s] [34mcolcon.colcon_core.environment[0m [1;30mLevel 1[0m create_environment_scripts_only(mission_center)
[44.363s] [34mcolcon.colcon_core.environment[0m [1;30mLevel 1[0m checking '/home/gadzz/vtol_ws/install/mission_center' for CMake module files
[44.364s] [34mcolcon.colcon_core.event_handler.log_command[0m [1;30mDEBUG[0m [32mInvoked command in '/home/gadzz/vtol_ws/build/mission_center' returned '0': AMENT_PREFIX_PATH=/home/gadzz/vtol_ws/install/keyboard_msgs:${AMENT_PREFIX_PATH} CMAKE_PREFIX_PATH=/home/gadzz/vtol_ws/install/keyboard_msgs:/home/gadzz/ardu_ws/install/test_ros_gz_bridge:/home/gadzz/ardu_ws/install/ros_ign:/home/gadzz/ardu_ws/install/ros_ign_gazebo_demos:/home/gadzz/ardu_ws/install/ros_gz:/home/gadzz/ardu_ws/install/ros_gz_sim_demos:/home/gadzz/ardu_ws/install/ardupilot_gz_bringup:/home/gadzz/ardu_ws/install/sdformat_urdf:/home/gadzz/ardu_ws/install/sdformat_test_files:/home/gadzz/ardu_ws/install/ros_ign_interfaces:/home/gadzz/ardu_ws/install/ros_ign_image:/home/gadzz/ardu_ws/install/ros_ign_gazebo:/home/gadzz/ardu_ws/install/ros_ign_bridge:/home/gadzz/ardu_ws/install/ros_gz_sim:/home/gadzz/ardu_ws/install/ros_gz_image:/home/gadzz/ardu_ws/install/ros_gz_bridge:/home/gadzz/ardu_ws/install/ros_gz_interfaces:/home/gadzz/ardu_ws/install/ardupilot_sitl:/home/gadzz/ardu_ws/install/micro_ros_agent:/home/gadzz/ardu_ws/install/keyboard:/home/gadzz/ardu_ws/install/keyboard_msgs:/home/gadzz/ardu_ws/install/ardupilot_sitl_models:/home/gadzz/ardu_ws/install/ardupilot_msgs:/home/gadzz/ardu_ws/install/ardupilot_gz_gazebo:/home/gadzz/ardu_ws/install/ardupilot_gz_description:/home/gadzz/ardu_ws/install/ardupilot_gz_application:/home/gadzz/ardu_ws/install/ardupilot_gazebo:/home/gadzz/ardu_ws/install/ardupilot_dds_tests:/opt/ros/humble LD_LIBRARY_PATH=/home/gadzz/vtol_ws/install/keyboard_msgs/lib:${LD_LIBRARY_PATH} PYTHONPATH=/home/gadzz/vtol_ws/install/keyboard_msgs/local/lib/python3.10/dist-packages:${PYTHONPATH} /usr/bin/cmake --install /home/gadzz/vtol_ws/build/mission_center[0m
[44.365s] [34mcolcon.colcon_core.environment[0m [1;30mLevel 1[0m checking '/home/gadzz/vtol_ws/install/mission_center' for CMake config files
[44.365s] [34mcolcon.colcon_core.shell[0m [1;30mLevel 1[0m create_environment_hook('mission_center', 'cmake_prefix_path')
[44.366s] [34mcolcon.colcon_core.shell[0m [1;30mINFO[0m Creating environment hook '/home/gadzz/vtol_ws/install/mission_center/share/mission_center/hook/cmake_prefix_path.ps1'
[44.366s] [34mcolcon.colcon_core.shell[0m [1;30mINFO[0m Creating environment descriptor '/home/gadzz/vtol_ws/install/mission_center/share/mission_center/hook/cmake_prefix_path.dsv'
[44.367s] [34mcolcon.colcon_core.shell[0m [1;30mINFO[0m Creating environment hook '/home/gadzz/vtol_ws/install/mission_center/share/mission_center/hook/cmake_prefix_path.sh'
[44.368s] [34mcolcon.colcon_core.environment[0m [1;30mLevel 1[0m checking '/home/gadzz/vtol_ws/install/mission_center/lib'
[44.368s] [34mcolcon.colcon_core.shell[0m [1;30mLevel 1[0m create_environment_hook('mission_center', 'ld_library_path_lib')
[44.368s] [34mcolcon.colcon_core.shell[0m [1;30mINFO[0m Creating environment hook '/home/gadzz/vtol_ws/install/mission_center/share/mission_center/hook/ld_library_path_lib.ps1'
[44.369s] [34mcolcon.colcon_core.shell[0m [1;30mINFO[0m Creating environment descriptor '/home/gadzz/vtol_ws/install/mission_center/share/mission_center/hook/ld_library_path_lib.dsv'
[44.369s] [34mcolcon.colcon_core.shell[0m [1;30mINFO[0m Creating environment hook '/home/gadzz/vtol_ws/install/mission_center/share/mission_center/hook/ld_library_path_lib.sh'
[44.370s] [34mcolcon.colcon_core.environment[0m [1;30mLevel 1[0m checking '/home/gadzz/vtol_ws/install/mission_center/bin'
[44.370s] [34mcolcon.colcon_core.environment[0m [1;30mLevel 1[0m checking '/home/gadzz/vtol_ws/install/mission_center/lib/pkgconfig/mission_center.pc'
[44.371s] [34mcolcon.colcon_core.environment[0m [1;30mLevel 1[0m checking '/home/gadzz/vtol_ws/install/mission_center/lib/python3.10/site-packages'
[44.371s] [34mcolcon.colcon_core.environment[0m [1;30mLevel 1[0m checking '/home/gadzz/vtol_ws/install/mission_center/bin'
[44.372s] [34mcolcon.colcon_core.shell[0m [1;30mINFO[0m Creating package script '/home/gadzz/vtol_ws/install/mission_center/share/mission_center/package.ps1'
[44.373s] [34mcolcon.colcon_core.shell[0m [1;30mINFO[0m Creating package descriptor '/home/gadzz/vtol_ws/install/mission_center/share/mission_center/package.dsv'
[44.374s] [34mcolcon.colcon_core.shell[0m [1;30mINFO[0m Creating package script '/home/gadzz/vtol_ws/install/mission_center/share/mission_center/package.sh'
[44.375s] [34mcolcon.colcon_core.shell[0m [1;30mINFO[0m Creating package script '/home/gadzz/vtol_ws/install/mission_center/share/mission_center/package.bash'
[44.376s] [34mcolcon.colcon_core.shell[0m [1;30mINFO[0m Creating package script '/home/gadzz/vtol_ws/install/mission_center/share/mission_center/package.zsh'
[44.376s] [34mcolcon.colcon_core.environment[0m [1;30mLevel 1[0m create_file_with_runtime_dependencies(/home/gadzz/vtol_ws/install/mission_center/share/colcon-core/packages/mission_center)
[44.377s] [34mcolcon.colcon_core.environment[0m [1;30mLevel 1[0m create_environment_scripts_only(mission_center)
[44.378s] [34mcolcon.colcon_core.environment[0m [1;30mLevel 1[0m checking '/home/gadzz/vtol_ws/install/mission_center' for CMake module files
[44.379s] [34mcolcon.colcon_core.environment[0m [1;30mLevel 1[0m checking '/home/gadzz/vtol_ws/install/mission_center' for CMake config files
[44.380s] [34mcolcon.colcon_core.shell[0m [1;30mLevel 1[0m create_environment_hook('mission_center', 'cmake_prefix_path')
[44.380s] [34mcolcon.colcon_core.shell[0m [1;30mINFO[0m Creating environment hook '/home/gadzz/vtol_ws/install/mission_center/share/mission_center/hook/cmake_prefix_path.ps1'
[44.380s] [34mcolcon.colcon_core.shell[0m [1;30mINFO[0m Creating environment descriptor '/home/gadzz/vtol_ws/install/mission_center/share/mission_center/hook/cmake_prefix_path.dsv'
[44.381s] [34mcolcon.colcon_core.shell[0m [1;30mINFO[0m Creating environment hook '/home/gadzz/vtol_ws/install/mission_center/share/mission_center/hook/cmake_prefix_path.sh'
[44.382s] [34mcolcon.colcon_core.environment[0m [1;30mLevel 1[0m checking '/home/gadzz/vtol_ws/install/mission_center/lib'
[44.382s] [34mcolcon.colcon_core.shell[0m [1;30mLevel 1[0m create_environment_hook('mission_center', 'ld_library_path_lib')
[44.383s] [34mcolcon.colcon_core.shell[0m [1;30mINFO[0m Creating environment hook '/home/gadzz/vtol_ws/install/mission_center/share/mission_center/hook/ld_library_path_lib.ps1'
[44.383s] [34mcolcon.colcon_core.shell[0m [1;30mINFO[0m Creating environment descriptor '/home/gadzz/vtol_ws/install/mission_center/share/mission_center/hook/ld_library_path_lib.dsv'
[44.384s] [34mcolcon.colcon_core.shell[0m [1;30mINFO[0m Creating environment hook '/home/gadzz/vtol_ws/install/mission_center/share/mission_center/hook/ld_library_path_lib.sh'
[44.384s] [34mcolcon.colcon_core.environment[0m [1;30mLevel 1[0m checking '/home/gadzz/vtol_ws/install/mission_center/bin'
[44.384s] [34mcolcon.colcon_core.environment[0m [1;30mLevel 1[0m checking '/home/gadzz/vtol_ws/install/mission_center/lib/pkgconfig/mission_center.pc'
[44.384s] [34mcolcon.colcon_core.environment[0m [1;30mLevel 1[0m checking '/home/gadzz/vtol_ws/install/mission_center/lib/python3.10/site-packages'
[44.384s] [34mcolcon.colcon_core.environment[0m [1;30mLevel 1[0m checking '/home/gadzz/vtol_ws/install/mission_center/bin'
[44.385s] [34mcolcon.colcon_core.shell[0m [1;30mINFO[0m Creating package script '/home/gadzz/vtol_ws/install/mission_center/share/mission_center/package.ps1'
[44.386s] [34mcolcon.colcon_core.shell[0m [1;30mINFO[0m Creating package descriptor '/home/gadzz/vtol_ws/install/mission_center/share/mission_center/package.dsv'
[44.387s] [34mcolcon.colcon_core.shell[0m [1;30mINFO[0m Creating package script '/home/gadzz/vtol_ws/install/mission_center/share/mission_center/package.sh'
[44.388s] [34mcolcon.colcon_core.shell[0m [1;30mINFO[0m Creating package script '/home/gadzz/vtol_ws/install/mission_center/share/mission_center/package.bash'
[44.389s] [34mcolcon.colcon_core.shell[0m [1;30mINFO[0m Creating package script '/home/gadzz/vtol_ws/install/mission_center/share/mission_center/package.zsh'
[44.389s] [34mcolcon.colcon_core.environment[0m [1;30mLevel 1[0m create_file_with_runtime_dependencies(/home/gadzz/vtol_ws/install/mission_center/share/colcon-core/packages/mission_center)
[44.390s] [34mcolcon.colcon_parallel_executor.executor.parallel[0m [1;30mDEBUG[0m [32mclosing loop[0m
[44.392s] [34mcolcon.colcon_parallel_executor.executor.parallel[0m [1;30mDEBUG[0m [32mloop closed[0m
[44.392s] [34mcolcon.colcon_parallel_executor.executor.parallel[0m [1;30mDEBUG[0m [32mrun_until_complete finished with '0'[0m
[44.392s] [34mcolcon.colcon_core.event_reactor[0m [1;30mDEBUG[0m [32mjoining thread[0m
[44.403s] [34mcolcon.colcon_core.plugin_system[0m [1;30mINFO[0m Skipping extension 'colcon_notification.desktop_notification.terminal_notifier': Not used on non-Darwin systems
[44.404s] [34mcolcon.colcon_core.plugin_system[0m [1;30mINFO[0m Skipping extension 'colcon_notification.desktop_notification.win32': Not used on non-Windows systems
[44.404s] [34mcolcon.colcon_notification.desktop_notification[0m [1;30mINFO[0m Sending desktop notification using 'notify2'
[44.406s] [34mcolcon.colcon_notification.desktop_notification.notify2[0m [1;30mDEBUG[0m [32mFailed to initialize notify2: org.freedesktop.DBus.Error.ServiceUnknown: The name org.freedesktop.Notifications was not provided by any .service files[0m
[44.406s] [34mcolcon.colcon_core.event_reactor[0m [1;30mDEBUG[0m [32mjoined thread[0m
[44.408s] [34mcolcon.colcon_core.shell[0m [1;30mINFO[0m Creating prefix script '/home/gadzz/vtol_ws/install/local_setup.ps1'
[44.412s] [34mcolcon.colcon_core.shell[0m [1;30mINFO[0m Creating prefix util module '/home/gadzz/vtol_ws/install/_local_setup_util_ps1.py'
[44.415s] [34mcolcon.colcon_core.shell[0m [1;30mINFO[0m Creating prefix chain script '/home/gadzz/vtol_ws/install/setup.ps1'
[44.419s] [34mcolcon.colcon_core.shell[0m [1;30mINFO[0m Creating prefix script '/home/gadzz/vtol_ws/install/local_setup.sh'
[44.421s] [34mcolcon.colcon_core.shell[0m [1;30mINFO[0m Creating prefix util module '/home/gadzz/vtol_ws/install/_local_setup_util_sh.py'
[44.422s] [34mcolcon.colcon_core.shell[0m [1;30mINFO[0m Creating prefix chain script '/home/gadzz/vtol_ws/install/setup.sh'
[44.426s] [34mcolcon.colcon_core.shell[0m [1;30mINFO[0m Creating prefix script '/home/gadzz/vtol_ws/install/local_setup.bash'
[44.430s] [34mcolcon.colcon_core.shell[0m [1;30mINFO[0m Creating prefix chain script '/home/gadzz/vtol_ws/install/setup.bash'
[44.433s] [34mcolcon.colcon_core.shell[0m [1;30mINFO[0m Creating prefix script '/home/gadzz/vtol_ws/install/local_setup.zsh'
[44.434s] [34mcolcon.colcon_core.shell[0m [1;30mINFO[0m Creating prefix chain script '/home/gadzz/vtol_ws/install/setup.zsh'
