[0.000000] (-) TimerEvent: {}
[0.000978] (keyboard_msgs) JobQueued: {'identifier': 'keyboard_msgs', 'dependencies': OrderedDict()}
[0.002474] (keyboard) JobQueued: {'identifier': 'keyboard', 'dependencies': OrderedDict([('keyboard_msgs', '/home/gadzz/tubitak_ws/install/keyboard_msgs')])}
[0.003280] (mission_center) JobQueued: {'identifier': 'mission_center', 'dependencies': OrderedDict([('keyboard_msgs', '/home/gadzz/tubitak_ws/install/keyboard_msgs')])}
[0.003518] (keyboard_msgs) JobStarted: {'identifier': 'keyboard_msgs'}
[0.022644] (keyboard_msgs) JobProgress: {'identifier': 'keyboard_msgs', 'progress': 'cmake'}
[0.027193] (keyboard_msgs) JobProgress: {'identifier': 'keyboard_msgs', 'progress': 'build'}
[0.027630] (keyboard_msgs) Command: {'cmd': ['/usr/bin/cmake', '--build', '/home/gadzz/tubitak_ws/build/keyboard_msgs', '--', '-j8', '-l8'], 'cwd': '/home/gadzz/tubitak_ws/build/keyboard_msgs', 'env': OrderedDict([('GZ_SIM_SYSTEM_PLUGIN_PATH', '/home/gadzz/ardu_ws/install/ardupilot_sitl_models/lib/ardupilot_sitl_models/:/home/gadzz/ardu_ws/install/ardupilot_gz_gazebo/lib/ardupilot_gz_gazebo/:/home/gadzz/ardu_ws/install/ardupilot_gazebo/lib/ardupilot_gazebo/'), ('TMUX', '/tmp/tmux-1000/default,6097,1'), ('GZ_SIM_RESOURCE_PATH', '/home/gadzz/ardu_ws/install/ardupilot_sitl_models/share/ardupilot_sitl_models/worlds:/home/gadzz/ardu_ws/install/ardupilot_sitl_models/share/ardupilot_sitl_models/models:/home/gadzz/ardu_ws/install/ardupilot_sitl_models/share:/home/gadzz/ardu_ws/install/ardupilot_gz_gazebo/share/ardupilot_gz_gazebo/worlds:/home/gadzz/ardu_ws/install/ardupilot_gz_description/share/ardupilot_gz_description/models:/home/gadzz/ardu_ws/install/ardupilot_gz_description/share:/home/gadzz/ardu_ws/install/ardupilot_gazebo/share/ardupilot_gazebo/worlds:/home/gadzz/ardu_ws/install/ardupilot_gazebo/share/ardupilot_gazebo/models:/home/gadzz/ardu_ws/install/ardupilot_gazebo/share'), ('LC_TIME', 'id_ID.UTF-8'), ('USER', 'gadzz'), ('XDG_SEAT', 'seat0'), ('XDG_SESSION_TYPE', 'x11'), ('BROWSER', 'firefox-esr'), ('LD_LIBRARY_PATH', '/home/gadzz/ardu_ws/install/sdformat_urdf/lib:/home/gadzz/ardu_ws/install/ros_ign_interfaces/lib:/home/gadzz/ardu_ws/install/ros_gz_sim/lib:/home/gadzz/ardu_ws/install/ros_gz_bridge/lib:/home/gadzz/ardu_ws/install/ros_gz_interfaces/lib:/home/gadzz/ardu_ws/install/micro_ros_agent/lib:/home/gadzz/ardu_ws/install/keyboard_msgs/lib:/home/gadzz/ardu_ws/install/ardupilot_msgs/lib:/opt/ros/humble/opt/rviz_ogre_vendor/lib:/opt/ros/humble/lib/x86_64-linux-gnu:/opt/ros/humble/lib'), ('SHLVL', '2'), ('HOME', '/home/gadzz'), ('LESS', '-R'), ('OLDPWD', '/home/gadzz/tubitak_ws'), ('DESKTOP_SESSION', 'awesome'), ('TERM_PROGRAM_VERSION', '3.5a'), ('LSCOLORS', 'Gxfxcxdxbxegedabagacad'), ('ZSH', '/home/gadzz/.oh-my-zsh'), ('GTK_MODULES', 'gail:atk-bridge'), ('PAGER', 'less'), ('ROS_PYTHON_VERSION', '3'), ('LC_MONETARY', 'id_ID.UTF-8'), ('DBUS_SESSION_BUS_ADDRESS', 'unix:path=/run/user/1000/bus'), ('SYSTEMD_EXEC_PID', '2022'), ('VISUAL', 'nvim'), ('COLORTERM', 'truecolor'), ('FZF_BASE', '/usr/bin/fzf'), ('COLCON_PREFIX_PATH', '/home/gadzz/ardu_ws/install'), ('ROS_DISTRO', 'humble'), ('ALACRITTY_SOCKET', '/run/user/1000/Alacritty-:0-5220.sock'), ('GTK_IM_MODULE', 'ibus'), ('LOGNAME', 'gadzz'), ('WINDOWID', '46137349'), ('_', '/usr/bin/colcon'), ('PKG_CONFIG_PATH', '/home/gadzz/ardu_ws/install/sdformat_test_files/lib/x86_64-linux-gnu/pkgconfig:/home/gadzz/ardu_ws/install/sdformat_test_files/lib/pkgconfig'), ('ROS_VERSION', '2'), ('XDG_SESSION_CLASS', 'user'), ('ALACRITTY_LOG', '/tmp/Alacritty-5220.log'), ('TERM', 'tmux-256color'), ('USERNAME', 'gadzz'), ('XDG_SESSION_ID', '2'), ('ROS_LOCALHOST_ONLY', '0'), ('WINDOWPATH', '2'), ('PATH', '/home/gadzz/.local/bin:/home/gadzz/ardu_ws/install/ardupilot_sitl/bin:/opt/ros/humble/bin:/home/gadzz/.local/bin:/usr/lib/ccache:/home/gadzz/ardu_ws/src/ardupilot/Tools/autotest:/opt/gcc-arm-none-eabi-10-2020-q4-major/bin:/home/gadzz/.local/bin:/usr/local/sbin:/usr/local/bin:/usr/sbin:/usr/bin:/sbin:/bin:/usr/games:/usr/local/games:/snap/bin:/snap/bin:/home/gadzz/ardu_ws/Micro-XRCE-DDS-Gen/scripts:/home/gadzz/ardu_ws/src/ardupilot/Tools/autotest:/home/gadzz/ardu_ws/Micro-XRCE-DDS-Gen/scripts:/home/gadzz/ardu_ws/src/ardupilot/Tools/autotest'), ('DIRHISTORY_SIZE', '30'), ('LC_ADDRESS', 'id_ID.UTF-8'), ('XDG_RUNTIME_DIR', '/run/user/1000'), ('DISPLAY', ':0'), ('LANG', 'en_US.UTF-8'), ('LC_TELEPHONE', 'id_ID.UTF-8'), ('LS_COLORS', 'rs=0:di=01;34:ln=01;36:mh=00:pi=40;33:so=01;35:do=01;35:bd=40;33;01:cd=40;33;01:or=40;31;01:mi=00:su=37;41:sg=30;43:ca=30;41:tw=30;42:ow=34;42:st=37;44:ex=01;32:*.tar=01;31:*.tgz=01;31:*.arc=01;31:*.arj=01;31:*.taz=01;31:*.lha=01;31:*.lz4=01;31:*.lzh=01;31:*.lzma=01;31:*.tlz=01;31:*.txz=01;31:*.tzo=01;31:*.t7z=01;31:*.zip=01;31:*.z=01;31:*.dz=01;31:*.gz=01;31:*.lrz=01;31:*.lz=01;31:*.lzo=01;31:*.xz=01;31:*.zst=01;31:*.tzst=01;31:*.bz2=01;31:*.bz=01;31:*.tbz=01;31:*.tbz2=01;31:*.tz=01;31:*.deb=01;31:*.rpm=01;31:*.jar=01;31:*.war=01;31:*.ear=01;31:*.sar=01;31:*.rar=01;31:*.alz=01;31:*.ace=01;31:*.zoo=01;31:*.cpio=01;31:*.7z=01;31:*.rz=01;31:*.cab=01;31:*.wim=01;31:*.swm=01;31:*.dwm=01;31:*.esd=01;31:*.jpg=01;35:*.jpeg=01;35:*.mjpg=01;35:*.mjpeg=01;35:*.gif=01;35:*.bmp=01;35:*.pbm=01;35:*.pgm=01;35:*.ppm=01;35:*.tga=01;35:*.xbm=01;35:*.xpm=01;35:*.tif=01;35:*.tiff=01;35:*.png=01;35:*.svg=01;35:*.svgz=01;35:*.mng=01;35:*.pcx=01;35:*.mov=01;35:*.mpg=01;35:*.mpeg=01;35:*.m2v=01;35:*.mkv=01;35:*.webm=01;35:*.webp=01;35:*.ogm=01;35:*.mp4=01;35:*.m4v=01;35:*.mp4v=01;35:*.vob=01;35:*.qt=01;35:*.nuv=01;35:*.wmv=01;35:*.asf=01;35:*.rm=01;35:*.rmvb=01;35:*.flc=01;35:*.avi=01;35:*.fli=01;35:*.flv=01;35:*.gl=01;35:*.dl=01;35:*.xcf=01;35:*.xwd=01;35:*.yuv=01;35:*.cgm=01;35:*.emf=01;35:*.ogv=01;35:*.ogx=01;35:*.aac=00;36:*.au=00;36:*.flac=00;36:*.m4a=00;36:*.mid=00;36:*.midi=00;36:*.mka=00;36:*.mp3=00;36:*.mpc=00;36:*.ogg=00;36:*.ra=00;36:*.wav=00;36:*.oga=00;36:*.opus=00;36:*.spx=00;36:*.xspf=00;36:'), ('TERM_PROGRAM', 'tmux'), ('XAUTHORITY', '/run/user/1000/gdm/Xauthority'), ('XDG_SESSION_DESKTOP', 'awesome'), ('XMODIFIERS', '@im=ibus'), ('AMENT_PREFIX_PATH', '/home/gadzz/ardu_ws/install/test_ros_gz_bridge:/home/gadzz/ardu_ws/install/ros_ign:/home/gadzz/ardu_ws/install/ros_ign_gazebo_demos:/home/gadzz/ardu_ws/install/ros_gz:/home/gadzz/ardu_ws/install/ros_gz_sim_demos:/home/gadzz/ardu_ws/install/ardupilot_gz_bringup:/home/gadzz/ardu_ws/install/sdformat_urdf:/home/gadzz/ardu_ws/install/ros_ign_interfaces:/home/gadzz/ardu_ws/install/ros_ign_image:/home/gadzz/ardu_ws/install/ros_ign_gazebo:/home/gadzz/ardu_ws/install/ros_ign_bridge:/home/gadzz/ardu_ws/install/ros_gz_sim:/home/gadzz/ardu_ws/install/ros_gz_image:/home/gadzz/ardu_ws/install/ros_gz_bridge:/home/gadzz/ardu_ws/install/ros_gz_interfaces:/home/gadzz/ardu_ws/install/ardupilot_dds_tests:/home/gadzz/ardu_ws/install/ardupilot_sitl:/home/gadzz/ardu_ws/install/micro_ros_agent:/home/gadzz/ardu_ws/install/keyboard:/home/gadzz/ardu_ws/install/keyboard_msgs:/home/gadzz/ardu_ws/install/ardupilot_sitl_models:/home/gadzz/ardu_ws/install/ardupilot_msgs:/home/gadzz/ardu_ws/install/ardupilot_gz_gazebo:/home/gadzz/ardu_ws/install/ardupilot_gz_description:/home/gadzz/ardu_ws/install/ardupilot_gz_application:/home/gadzz/ardu_ws/install/ardupilot_gazebo:/opt/ros/humble'), ('LC_NAME', 'id_ID.UTF-8'), ('SHELL', '/usr/bin/zsh'), ('GDMSESSION', 'awesome'), ('QT_ACCESSIBILITY', '1'), ('IGN_GAZEBO_RESOURCE_PATH', '/home/gadzz/ardu_ws/install/ros_gz_sim_demos/share'), ('LC_MEASUREMENT', 'id_ID.UTF-8'), ('GPG_AGENT_INFO', '/run/user/1000/gnupg/S.gpg-agent:0:1'), ('GZ_VERSION', 'harmonic'), ('LC_IDENTIFICATION', 'id_ID.UTF-8'), ('ALACRITTY_WINDOW_ID', '35651589'), ('QT_IM_MODULE', 'ibus'), ('XDG_VTNR', '2'), ('PWD', '/home/gadzz/tubitak_ws/build/keyboard_msgs'), ('CLUTTER_IM_MODULE', 'ibus'), ('XDG_CONFIG_DIRS', '/etc/xdg/xdg-awesome:/etc/xdg'), ('XDG_DATA_DIRS', '/usr/share/awesome:/usr/share/gnome:/usr/local/share/:/usr/share/:/var/lib/snapd/desktop'), ('LC_NUMERIC', 'id_ID.UTF-8'), ('PYTHONPATH', '/home/gadzz/ardu_ws/install/ros_ign_interfaces/local/lib/python3.10/dist-packages:/home/gadzz/ardu_ws/install/ros_gz_interfaces/local/lib/python3.10/dist-packages:/home/gadzz/ardu_ws/install/ardupilot_dds_tests/lib/python3.10/site-packages:/home/gadzz/ardu_ws/install/ardupilot_sitl/local/lib/python3.10/dist-packages:/home/gadzz/ardu_ws/install/keyboard_msgs/local/lib/python3.10/dist-packages:/home/gadzz/ardu_ws/install/ardupilot_msgs/local/lib/python3.10/dist-packages:/opt/ros/humble/lib/python3.10/site-packages:/opt/ros/humble/local/lib/python3.10/dist-packages'), ('LC_PAPER', 'id_ID.UTF-8'), ('TMUX_PLUGIN_MANAGER_PATH', '/home/gadzz/.config/tmux/plugins/'), ('COLCON', '1'), ('TERMINAL', 'alacritty'), ('TMUX_PANE', '%6'), ('CMAKE_PREFIX_PATH', '/home/gadzz/ardu_ws/install/test_ros_gz_bridge:/home/gadzz/ardu_ws/install/ros_ign:/home/gadzz/ardu_ws/install/ros_ign_gazebo_demos:/home/gadzz/ardu_ws/install/ros_gz:/home/gadzz/ardu_ws/install/ros_gz_sim_demos:/home/gadzz/ardu_ws/install/ardupilot_gz_bringup:/home/gadzz/ardu_ws/install/sdformat_urdf:/home/gadzz/ardu_ws/install/sdformat_test_files:/home/gadzz/ardu_ws/install/ros_ign_interfaces:/home/gadzz/ardu_ws/install/ros_ign_image:/home/gadzz/ardu_ws/install/ros_ign_gazebo:/home/gadzz/ardu_ws/install/ros_ign_bridge:/home/gadzz/ardu_ws/install/ros_gz_sim:/home/gadzz/ardu_ws/install/ros_gz_image:/home/gadzz/ardu_ws/install/ros_gz_bridge:/home/gadzz/ardu_ws/install/ros_gz_interfaces:/home/gadzz/ardu_ws/install/ardupilot_sitl:/home/gadzz/ardu_ws/install/micro_ros_agent:/home/gadzz/ardu_ws/install/keyboard:/home/gadzz/ardu_ws/install/keyboard_msgs:/home/gadzz/ardu_ws/install/ardupilot_sitl_models:/home/gadzz/ardu_ws/install/ardupilot_msgs:/home/gadzz/ardu_ws/install/ardupilot_gz_gazebo:/home/gadzz/ardu_ws/install/ardupilot_gz_description:/home/gadzz/ardu_ws/install/ardupilot_gz_application:/home/gadzz/ardu_ws/install/ardupilot_gazebo:/home/gadzz/ardu_ws/install/ardupilot_dds_tests:/opt/ros/humble'), ('EDITOR', 'geany'), ('HISTORY_IGNORE', '(ls|cd|pwd|exit|sudo reboot|history|cd -|cd ..)')]), 'shell': False}
[0.098821] (-) TimerEvent: {}
[0.133959] (keyboard_msgs) StdoutLine: {'line': b'[  3%] Built target keyboard_msgs__cpp\n'}
[0.178388] (keyboard_msgs) StdoutLine: {'line': b'[  3%] Built target ament_cmake_python_copy_keyboard_msgs\n'}
[0.198969] (-) TimerEvent: {}
[0.220489] (keyboard_msgs) StdoutLine: {'line': b'[ 12%] Built target keyboard_msgs__rosidl_typesupport_introspection_cpp\n'}
[0.299362] (-) TimerEvent: {}
[0.400083] (-) TimerEvent: {}
[0.500620] (-) TimerEvent: {}
[0.589215] (keyboard_msgs) StdoutLine: {'line': b'running egg_info\n'}
[0.591882] (keyboard_msgs) StdoutLine: {'line': b'writing keyboard_msgs.egg-info/PKG-INFO\n'}
[0.592903] (keyboard_msgs) StdoutLine: {'line': b'writing dependency_links to keyboard_msgs.egg-info/dependency_links.txt\n'}
[0.593493] (keyboard_msgs) StdoutLine: {'line': b'writing top-level names to keyboard_msgs.egg-info/top_level.txt\n'}
[0.600421] (keyboard_msgs) StdoutLine: {'line': b"reading manifest file 'keyboard_msgs.egg-info/SOURCES.txt'\n"}
[0.600727] (-) TimerEvent: {}
[0.602008] (keyboard_msgs) StdoutLine: {'line': b"writing manifest file 'keyboard_msgs.egg-info/SOURCES.txt'\n"}
[0.701020] (-) TimerEvent: {}
[0.711831] (keyboard_msgs) StdoutLine: {'line': b'[ 12%] Built target ament_cmake_python_build_keyboard_msgs_egg\n'}
[0.752620] (keyboard_msgs) StdoutLine: {'line': b'[ 22%] Built target keyboard_msgs__rosidl_typesupport_fastrtps_cpp\n'}
[0.788485] (keyboard_msgs) StdoutLine: {'line': b'[ 32%] Built target keyboard_msgs__rosidl_typesupport_cpp\n'}
[0.801155] (-) TimerEvent: {}
[0.823082] (keyboard_msgs) StdoutLine: {'line': b'[ 41%] Built target keyboard_msgs__rosidl_generator_c\n'}
[0.871308] (keyboard_msgs) StdoutLine: {'line': b'[ 51%] Built target keyboard_msgs__rosidl_typesupport_fastrtps_c\n'}
[0.902566] (-) TimerEvent: {}
[0.924405] (keyboard_msgs) StdoutLine: {'line': b'[ 61%] Built target keyboard_msgs__rosidl_typesupport_c\n'}
[0.974934] (keyboard_msgs) StdoutLine: {'line': b'[ 70%] Built target keyboard_msgs__rosidl_typesupport_introspection_c\n'}
[1.002714] (-) TimerEvent: {}
[1.021841] (keyboard_msgs) StdoutLine: {'line': b'[ 70%] Built target keyboard_msgs\n'}
[1.063996] (keyboard_msgs) StdoutLine: {'line': b'[ 74%] Built target keyboard_msgs__py\n'}
[1.098319] (keyboard_msgs) StdoutLine: {'line': b'[ 80%] Built target keyboard_msgs__rosidl_generator_py\n'}
[1.102906] (-) TimerEvent: {}
[1.134800] (keyboard_msgs) StdoutLine: {'line': b'[ 87%] Built target keyboard_msgs__rosidl_typesupport_fastrtps_c__pyext\n'}
[1.189665] (keyboard_msgs) StdoutLine: {'line': b'[ 93%] Built target keyboard_msgs__rosidl_typesupport_c__pyext\n'}
[1.203379] (-) TimerEvent: {}
[1.242526] (keyboard_msgs) StdoutLine: {'line': b'[100%] Built target keyboard_msgs__rosidl_typesupport_introspection_c__pyext\n'}
[1.274050] (keyboard_msgs) CommandEnded: {'returncode': 0}
[1.275641] (keyboard_msgs) JobProgress: {'identifier': 'keyboard_msgs', 'progress': 'install'}
[1.299908] (keyboard_msgs) Command: {'cmd': ['/usr/bin/cmake', '--install', '/home/gadzz/tubitak_ws/build/keyboard_msgs'], 'cwd': '/home/gadzz/tubitak_ws/build/keyboard_msgs', 'env': OrderedDict([('GZ_SIM_SYSTEM_PLUGIN_PATH', '/home/gadzz/ardu_ws/install/ardupilot_sitl_models/lib/ardupilot_sitl_models/:/home/gadzz/ardu_ws/install/ardupilot_gz_gazebo/lib/ardupilot_gz_gazebo/:/home/gadzz/ardu_ws/install/ardupilot_gazebo/lib/ardupilot_gazebo/'), ('TMUX', '/tmp/tmux-1000/default,6097,1'), ('GZ_SIM_RESOURCE_PATH', '/home/gadzz/ardu_ws/install/ardupilot_sitl_models/share/ardupilot_sitl_models/worlds:/home/gadzz/ardu_ws/install/ardupilot_sitl_models/share/ardupilot_sitl_models/models:/home/gadzz/ardu_ws/install/ardupilot_sitl_models/share:/home/gadzz/ardu_ws/install/ardupilot_gz_gazebo/share/ardupilot_gz_gazebo/worlds:/home/gadzz/ardu_ws/install/ardupilot_gz_description/share/ardupilot_gz_description/models:/home/gadzz/ardu_ws/install/ardupilot_gz_description/share:/home/gadzz/ardu_ws/install/ardupilot_gazebo/share/ardupilot_gazebo/worlds:/home/gadzz/ardu_ws/install/ardupilot_gazebo/share/ardupilot_gazebo/models:/home/gadzz/ardu_ws/install/ardupilot_gazebo/share'), ('LC_TIME', 'id_ID.UTF-8'), ('USER', 'gadzz'), ('XDG_SEAT', 'seat0'), ('XDG_SESSION_TYPE', 'x11'), ('BROWSER', 'firefox-esr'), ('LD_LIBRARY_PATH', '/home/gadzz/ardu_ws/install/sdformat_urdf/lib:/home/gadzz/ardu_ws/install/ros_ign_interfaces/lib:/home/gadzz/ardu_ws/install/ros_gz_sim/lib:/home/gadzz/ardu_ws/install/ros_gz_bridge/lib:/home/gadzz/ardu_ws/install/ros_gz_interfaces/lib:/home/gadzz/ardu_ws/install/micro_ros_agent/lib:/home/gadzz/ardu_ws/install/keyboard_msgs/lib:/home/gadzz/ardu_ws/install/ardupilot_msgs/lib:/opt/ros/humble/opt/rviz_ogre_vendor/lib:/opt/ros/humble/lib/x86_64-linux-gnu:/opt/ros/humble/lib'), ('SHLVL', '2'), ('HOME', '/home/gadzz'), ('LESS', '-R'), ('OLDPWD', '/home/gadzz/tubitak_ws'), ('DESKTOP_SESSION', 'awesome'), ('TERM_PROGRAM_VERSION', '3.5a'), ('LSCOLORS', 'Gxfxcxdxbxegedabagacad'), ('ZSH', '/home/gadzz/.oh-my-zsh'), ('GTK_MODULES', 'gail:atk-bridge'), ('PAGER', 'less'), ('ROS_PYTHON_VERSION', '3'), ('LC_MONETARY', 'id_ID.UTF-8'), ('DBUS_SESSION_BUS_ADDRESS', 'unix:path=/run/user/1000/bus'), ('SYSTEMD_EXEC_PID', '2022'), ('VISUAL', 'nvim'), ('COLORTERM', 'truecolor'), ('FZF_BASE', '/usr/bin/fzf'), ('COLCON_PREFIX_PATH', '/home/gadzz/ardu_ws/install'), ('ROS_DISTRO', 'humble'), ('ALACRITTY_SOCKET', '/run/user/1000/Alacritty-:0-5220.sock'), ('GTK_IM_MODULE', 'ibus'), ('LOGNAME', 'gadzz'), ('WINDOWID', '46137349'), ('_', '/usr/bin/colcon'), ('PKG_CONFIG_PATH', '/home/gadzz/ardu_ws/install/sdformat_test_files/lib/x86_64-linux-gnu/pkgconfig:/home/gadzz/ardu_ws/install/sdformat_test_files/lib/pkgconfig'), ('ROS_VERSION', '2'), ('XDG_SESSION_CLASS', 'user'), ('ALACRITTY_LOG', '/tmp/Alacritty-5220.log'), ('TERM', 'tmux-256color'), ('USERNAME', 'gadzz'), ('XDG_SESSION_ID', '2'), ('ROS_LOCALHOST_ONLY', '0'), ('WINDOWPATH', '2'), ('PATH', '/home/gadzz/.local/bin:/home/gadzz/ardu_ws/install/ardupilot_sitl/bin:/opt/ros/humble/bin:/home/gadzz/.local/bin:/usr/lib/ccache:/home/gadzz/ardu_ws/src/ardupilot/Tools/autotest:/opt/gcc-arm-none-eabi-10-2020-q4-major/bin:/home/gadzz/.local/bin:/usr/local/sbin:/usr/local/bin:/usr/sbin:/usr/bin:/sbin:/bin:/usr/games:/usr/local/games:/snap/bin:/snap/bin:/home/gadzz/ardu_ws/Micro-XRCE-DDS-Gen/scripts:/home/gadzz/ardu_ws/src/ardupilot/Tools/autotest:/home/gadzz/ardu_ws/Micro-XRCE-DDS-Gen/scripts:/home/gadzz/ardu_ws/src/ardupilot/Tools/autotest'), ('DIRHISTORY_SIZE', '30'), ('LC_ADDRESS', 'id_ID.UTF-8'), ('XDG_RUNTIME_DIR', '/run/user/1000'), ('DISPLAY', ':0'), ('LANG', 'en_US.UTF-8'), ('LC_TELEPHONE', 'id_ID.UTF-8'), ('LS_COLORS', 'rs=0:di=01;34:ln=01;36:mh=00:pi=40;33:so=01;35:do=01;35:bd=40;33;01:cd=40;33;01:or=40;31;01:mi=00:su=37;41:sg=30;43:ca=30;41:tw=30;42:ow=34;42:st=37;44:ex=01;32:*.tar=01;31:*.tgz=01;31:*.arc=01;31:*.arj=01;31:*.taz=01;31:*.lha=01;31:*.lz4=01;31:*.lzh=01;31:*.lzma=01;31:*.tlz=01;31:*.txz=01;31:*.tzo=01;31:*.t7z=01;31:*.zip=01;31:*.z=01;31:*.dz=01;31:*.gz=01;31:*.lrz=01;31:*.lz=01;31:*.lzo=01;31:*.xz=01;31:*.zst=01;31:*.tzst=01;31:*.bz2=01;31:*.bz=01;31:*.tbz=01;31:*.tbz2=01;31:*.tz=01;31:*.deb=01;31:*.rpm=01;31:*.jar=01;31:*.war=01;31:*.ear=01;31:*.sar=01;31:*.rar=01;31:*.alz=01;31:*.ace=01;31:*.zoo=01;31:*.cpio=01;31:*.7z=01;31:*.rz=01;31:*.cab=01;31:*.wim=01;31:*.swm=01;31:*.dwm=01;31:*.esd=01;31:*.jpg=01;35:*.jpeg=01;35:*.mjpg=01;35:*.mjpeg=01;35:*.gif=01;35:*.bmp=01;35:*.pbm=01;35:*.pgm=01;35:*.ppm=01;35:*.tga=01;35:*.xbm=01;35:*.xpm=01;35:*.tif=01;35:*.tiff=01;35:*.png=01;35:*.svg=01;35:*.svgz=01;35:*.mng=01;35:*.pcx=01;35:*.mov=01;35:*.mpg=01;35:*.mpeg=01;35:*.m2v=01;35:*.mkv=01;35:*.webm=01;35:*.webp=01;35:*.ogm=01;35:*.mp4=01;35:*.m4v=01;35:*.mp4v=01;35:*.vob=01;35:*.qt=01;35:*.nuv=01;35:*.wmv=01;35:*.asf=01;35:*.rm=01;35:*.rmvb=01;35:*.flc=01;35:*.avi=01;35:*.fli=01;35:*.flv=01;35:*.gl=01;35:*.dl=01;35:*.xcf=01;35:*.xwd=01;35:*.yuv=01;35:*.cgm=01;35:*.emf=01;35:*.ogv=01;35:*.ogx=01;35:*.aac=00;36:*.au=00;36:*.flac=00;36:*.m4a=00;36:*.mid=00;36:*.midi=00;36:*.mka=00;36:*.mp3=00;36:*.mpc=00;36:*.ogg=00;36:*.ra=00;36:*.wav=00;36:*.oga=00;36:*.opus=00;36:*.spx=00;36:*.xspf=00;36:'), ('TERM_PROGRAM', 'tmux'), ('XAUTHORITY', '/run/user/1000/gdm/Xauthority'), ('XDG_SESSION_DESKTOP', 'awesome'), ('XMODIFIERS', '@im=ibus'), ('AMENT_PREFIX_PATH', '/home/gadzz/ardu_ws/install/test_ros_gz_bridge:/home/gadzz/ardu_ws/install/ros_ign:/home/gadzz/ardu_ws/install/ros_ign_gazebo_demos:/home/gadzz/ardu_ws/install/ros_gz:/home/gadzz/ardu_ws/install/ros_gz_sim_demos:/home/gadzz/ardu_ws/install/ardupilot_gz_bringup:/home/gadzz/ardu_ws/install/sdformat_urdf:/home/gadzz/ardu_ws/install/ros_ign_interfaces:/home/gadzz/ardu_ws/install/ros_ign_image:/home/gadzz/ardu_ws/install/ros_ign_gazebo:/home/gadzz/ardu_ws/install/ros_ign_bridge:/home/gadzz/ardu_ws/install/ros_gz_sim:/home/gadzz/ardu_ws/install/ros_gz_image:/home/gadzz/ardu_ws/install/ros_gz_bridge:/home/gadzz/ardu_ws/install/ros_gz_interfaces:/home/gadzz/ardu_ws/install/ardupilot_dds_tests:/home/gadzz/ardu_ws/install/ardupilot_sitl:/home/gadzz/ardu_ws/install/micro_ros_agent:/home/gadzz/ardu_ws/install/keyboard:/home/gadzz/ardu_ws/install/keyboard_msgs:/home/gadzz/ardu_ws/install/ardupilot_sitl_models:/home/gadzz/ardu_ws/install/ardupilot_msgs:/home/gadzz/ardu_ws/install/ardupilot_gz_gazebo:/home/gadzz/ardu_ws/install/ardupilot_gz_description:/home/gadzz/ardu_ws/install/ardupilot_gz_application:/home/gadzz/ardu_ws/install/ardupilot_gazebo:/opt/ros/humble'), ('LC_NAME', 'id_ID.UTF-8'), ('SHELL', '/usr/bin/zsh'), ('GDMSESSION', 'awesome'), ('QT_ACCESSIBILITY', '1'), ('IGN_GAZEBO_RESOURCE_PATH', '/home/gadzz/ardu_ws/install/ros_gz_sim_demos/share'), ('LC_MEASUREMENT', 'id_ID.UTF-8'), ('GPG_AGENT_INFO', '/run/user/1000/gnupg/S.gpg-agent:0:1'), ('GZ_VERSION', 'harmonic'), ('LC_IDENTIFICATION', 'id_ID.UTF-8'), ('ALACRITTY_WINDOW_ID', '35651589'), ('QT_IM_MODULE', 'ibus'), ('XDG_VTNR', '2'), ('PWD', '/home/gadzz/tubitak_ws/build/keyboard_msgs'), ('CLUTTER_IM_MODULE', 'ibus'), ('XDG_CONFIG_DIRS', '/etc/xdg/xdg-awesome:/etc/xdg'), ('XDG_DATA_DIRS', '/usr/share/awesome:/usr/share/gnome:/usr/local/share/:/usr/share/:/var/lib/snapd/desktop'), ('LC_NUMERIC', 'id_ID.UTF-8'), ('PYTHONPATH', '/home/gadzz/ardu_ws/install/ros_ign_interfaces/local/lib/python3.10/dist-packages:/home/gadzz/ardu_ws/install/ros_gz_interfaces/local/lib/python3.10/dist-packages:/home/gadzz/ardu_ws/install/ardupilot_dds_tests/lib/python3.10/site-packages:/home/gadzz/ardu_ws/install/ardupilot_sitl/local/lib/python3.10/dist-packages:/home/gadzz/ardu_ws/install/keyboard_msgs/local/lib/python3.10/dist-packages:/home/gadzz/ardu_ws/install/ardupilot_msgs/local/lib/python3.10/dist-packages:/opt/ros/humble/lib/python3.10/site-packages:/opt/ros/humble/local/lib/python3.10/dist-packages'), ('LC_PAPER', 'id_ID.UTF-8'), ('TMUX_PLUGIN_MANAGER_PATH', '/home/gadzz/.config/tmux/plugins/'), ('COLCON', '1'), ('TERMINAL', 'alacritty'), ('TMUX_PANE', '%6'), ('CMAKE_PREFIX_PATH', '/home/gadzz/ardu_ws/install/test_ros_gz_bridge:/home/gadzz/ardu_ws/install/ros_ign:/home/gadzz/ardu_ws/install/ros_ign_gazebo_demos:/home/gadzz/ardu_ws/install/ros_gz:/home/gadzz/ardu_ws/install/ros_gz_sim_demos:/home/gadzz/ardu_ws/install/ardupilot_gz_bringup:/home/gadzz/ardu_ws/install/sdformat_urdf:/home/gadzz/ardu_ws/install/sdformat_test_files:/home/gadzz/ardu_ws/install/ros_ign_interfaces:/home/gadzz/ardu_ws/install/ros_ign_image:/home/gadzz/ardu_ws/install/ros_ign_gazebo:/home/gadzz/ardu_ws/install/ros_ign_bridge:/home/gadzz/ardu_ws/install/ros_gz_sim:/home/gadzz/ardu_ws/install/ros_gz_image:/home/gadzz/ardu_ws/install/ros_gz_bridge:/home/gadzz/ardu_ws/install/ros_gz_interfaces:/home/gadzz/ardu_ws/install/ardupilot_sitl:/home/gadzz/ardu_ws/install/micro_ros_agent:/home/gadzz/ardu_ws/install/keyboard:/home/gadzz/ardu_ws/install/keyboard_msgs:/home/gadzz/ardu_ws/install/ardupilot_sitl_models:/home/gadzz/ardu_ws/install/ardupilot_msgs:/home/gadzz/ardu_ws/install/ardupilot_gz_gazebo:/home/gadzz/ardu_ws/install/ardupilot_gz_description:/home/gadzz/ardu_ws/install/ardupilot_gz_application:/home/gadzz/ardu_ws/install/ardupilot_gazebo:/home/gadzz/ardu_ws/install/ardupilot_dds_tests:/opt/ros/humble'), ('EDITOR', 'geany'), ('HISTORY_IGNORE', '(ls|cd|pwd|exit|sudo reboot|history|cd -|cd ..)')]), 'shell': False}
[1.303633] (-) TimerEvent: {}
[1.317360] (keyboard_msgs) StdoutLine: {'line': b'-- Install configuration: ""\n'}
[1.318203] (keyboard_msgs) StdoutLine: {'line': b'-- Up-to-date: /home/gadzz/tubitak_ws/install/keyboard_msgs/share/ament_index/resource_index/rosidl_interfaces/keyboard_msgs\n'}
[1.318503] (keyboard_msgs) StdoutLine: {'line': b'-- Up-to-date: /home/gadzz/tubitak_ws/install/keyboard_msgs/include/keyboard_msgs/keyboard_msgs\n'}
[1.318642] (keyboard_msgs) StdoutLine: {'line': b'-- Up-to-date: /home/gadzz/tubitak_ws/install/keyboard_msgs/include/keyboard_msgs/keyboard_msgs/msg\n'}
[1.318738] (keyboard_msgs) StdoutLine: {'line': b'-- Up-to-date: /home/gadzz/tubitak_ws/install/keyboard_msgs/include/keyboard_msgs/keyboard_msgs/msg/rosidl_generator_c__visibility_control.h\n'}
[1.319386] (keyboard_msgs) StdoutLine: {'line': b'-- Up-to-date: /home/gadzz/tubitak_ws/install/keyboard_msgs/include/keyboard_msgs/keyboard_msgs/msg/detail\n'}
[1.319742] (keyboard_msgs) StdoutLine: {'line': b'-- Up-to-date: /home/gadzz/tubitak_ws/install/keyboard_msgs/include/keyboard_msgs/keyboard_msgs/msg/detail/key__functions.c\n'}
[1.319914] (keyboard_msgs) StdoutLine: {'line': b'-- Up-to-date: /home/gadzz/tubitak_ws/install/keyboard_msgs/include/keyboard_msgs/keyboard_msgs/msg/detail/key__type_support.h\n'}
[1.319983] (keyboard_msgs) StdoutLine: {'line': b'-- Up-to-date: /home/gadzz/tubitak_ws/install/keyboard_msgs/include/keyboard_msgs/keyboard_msgs/msg/detail/key__functions.h\n'}
[1.320092] (keyboard_msgs) StdoutLine: {'line': b'-- Up-to-date: /home/gadzz/tubitak_ws/install/keyboard_msgs/include/keyboard_msgs/keyboard_msgs/msg/detail/key__struct.h\n'}
[1.320176] (keyboard_msgs) StdoutLine: {'line': b'-- Up-to-date: /home/gadzz/tubitak_ws/install/keyboard_msgs/include/keyboard_msgs/keyboard_msgs/msg/key.h\n'}
[1.320274] (keyboard_msgs) StdoutLine: {'line': b'-- Up-to-date: /home/gadzz/tubitak_ws/install/keyboard_msgs/share/keyboard_msgs/environment/library_path.sh\n'}
[1.320372] (keyboard_msgs) StdoutLine: {'line': b'-- Up-to-date: /home/gadzz/tubitak_ws/install/keyboard_msgs/share/keyboard_msgs/environment/library_path.dsv\n'}
[1.320508] (keyboard_msgs) StdoutLine: {'line': b'-- Up-to-date: /home/gadzz/tubitak_ws/install/keyboard_msgs/lib/libkeyboard_msgs__rosidl_generator_c.so\n'}
[1.320597] (keyboard_msgs) StdoutLine: {'line': b'-- Up-to-date: /home/gadzz/tubitak_ws/install/keyboard_msgs/include/keyboard_msgs/keyboard_msgs\n'}
[1.320694] (keyboard_msgs) StdoutLine: {'line': b'-- Up-to-date: /home/gadzz/tubitak_ws/install/keyboard_msgs/include/keyboard_msgs/keyboard_msgs/msg\n'}
[1.320764] (keyboard_msgs) StdoutLine: {'line': b'-- Up-to-date: /home/gadzz/tubitak_ws/install/keyboard_msgs/include/keyboard_msgs/keyboard_msgs/msg/detail\n'}
[1.320856] (keyboard_msgs) StdoutLine: {'line': b'-- Up-to-date: /home/gadzz/tubitak_ws/install/keyboard_msgs/include/keyboard_msgs/keyboard_msgs/msg/detail/key__rosidl_typesupport_fastrtps_c.h\n'}
[1.320926] (keyboard_msgs) StdoutLine: {'line': b'-- Up-to-date: /home/gadzz/tubitak_ws/install/keyboard_msgs/include/keyboard_msgs/keyboard_msgs/msg/rosidl_typesupport_fastrtps_c__visibility_control.h\n'}
[1.321318] (keyboard_msgs) StdoutLine: {'line': b'-- Up-to-date: /home/gadzz/tubitak_ws/install/keyboard_msgs/lib/libkeyboard_msgs__rosidl_typesupport_fastrtps_c.so\n'}
[1.321415] (keyboard_msgs) StdoutLine: {'line': b'-- Up-to-date: /home/gadzz/tubitak_ws/install/keyboard_msgs/include/keyboard_msgs/keyboard_msgs\n'}
[1.321479] (keyboard_msgs) StdoutLine: {'line': b'-- Up-to-date: /home/gadzz/tubitak_ws/install/keyboard_msgs/include/keyboard_msgs/keyboard_msgs/msg\n'}
[1.321545] (keyboard_msgs) StdoutLine: {'line': b'-- Up-to-date: /home/gadzz/tubitak_ws/install/keyboard_msgs/include/keyboard_msgs/keyboard_msgs/msg/key.hpp\n'}
[1.321604] (keyboard_msgs) StdoutLine: {'line': b'-- Up-to-date: /home/gadzz/tubitak_ws/install/keyboard_msgs/include/keyboard_msgs/keyboard_msgs/msg/detail\n'}
[1.321662] (keyboard_msgs) StdoutLine: {'line': b'-- Up-to-date: /home/gadzz/tubitak_ws/install/keyboard_msgs/include/keyboard_msgs/keyboard_msgs/msg/detail/key__traits.hpp\n'}
[1.321730] (keyboard_msgs) StdoutLine: {'line': b'-- Up-to-date: /home/gadzz/tubitak_ws/install/keyboard_msgs/include/keyboard_msgs/keyboard_msgs/msg/detail/key__struct.hpp\n'}
[1.321831] (keyboard_msgs) StdoutLine: {'line': b'-- Up-to-date: /home/gadzz/tubitak_ws/install/keyboard_msgs/include/keyboard_msgs/keyboard_msgs/msg/detail/key__type_support.hpp\n'}
[1.321914] (keyboard_msgs) StdoutLine: {'line': b'-- Up-to-date: /home/gadzz/tubitak_ws/install/keyboard_msgs/include/keyboard_msgs/keyboard_msgs/msg/detail/key__builder.hpp\n'}
[1.322492] (keyboard_msgs) StdoutLine: {'line': b'-- Up-to-date: /home/gadzz/tubitak_ws/install/keyboard_msgs/include/keyboard_msgs/keyboard_msgs/msg/rosidl_generator_cpp__visibility_control.hpp\n'}
[1.322697] (keyboard_msgs) StdoutLine: {'line': b'-- Up-to-date: /home/gadzz/tubitak_ws/install/keyboard_msgs/include/keyboard_msgs/keyboard_msgs\n'}
[1.322769] (keyboard_msgs) StdoutLine: {'line': b'-- Up-to-date: /home/gadzz/tubitak_ws/install/keyboard_msgs/include/keyboard_msgs/keyboard_msgs/msg\n'}
[1.322831] (keyboard_msgs) StdoutLine: {'line': b'-- Up-to-date: /home/gadzz/tubitak_ws/install/keyboard_msgs/include/keyboard_msgs/keyboard_msgs/msg/rosidl_typesupport_fastrtps_cpp__visibility_control.h\n'}
[1.322902] (keyboard_msgs) StdoutLine: {'line': b'-- Up-to-date: /home/gadzz/tubitak_ws/install/keyboard_msgs/include/keyboard_msgs/keyboard_msgs/msg/detail\n'}
[1.322964] (keyboard_msgs) StdoutLine: {'line': b'-- Up-to-date: /home/gadzz/tubitak_ws/install/keyboard_msgs/include/keyboard_msgs/keyboard_msgs/msg/detail/dds_fastrtps\n'}
[1.323053] (keyboard_msgs) StdoutLine: {'line': b'-- Up-to-date: /home/gadzz/tubitak_ws/install/keyboard_msgs/include/keyboard_msgs/keyboard_msgs/msg/detail/key__rosidl_typesupport_fastrtps_cpp.hpp\n'}
[1.323127] (keyboard_msgs) StdoutLine: {'line': b'-- Up-to-date: /home/gadzz/tubitak_ws/install/keyboard_msgs/lib/libkeyboard_msgs__rosidl_typesupport_fastrtps_cpp.so\n'}
[1.323186] (keyboard_msgs) StdoutLine: {'line': b'-- Up-to-date: /home/gadzz/tubitak_ws/install/keyboard_msgs/include/keyboard_msgs/keyboard_msgs\n'}
[1.323298] (keyboard_msgs) StdoutLine: {'line': b'-- Up-to-date: /home/gadzz/tubitak_ws/install/keyboard_msgs/include/keyboard_msgs/keyboard_msgs/msg\n'}
[1.323351] (keyboard_msgs) StdoutLine: {'line': b'-- Up-to-date: /home/gadzz/tubitak_ws/install/keyboard_msgs/include/keyboard_msgs/keyboard_msgs/msg/rosidl_typesupport_introspection_c__visibility_control.h\n'}
[1.323461] (keyboard_msgs) StdoutLine: {'line': b'-- Up-to-date: /home/gadzz/tubitak_ws/install/keyboard_msgs/include/keyboard_msgs/keyboard_msgs/msg/detail\n'}
[1.323540] (keyboard_msgs) StdoutLine: {'line': b'-- Up-to-date: /home/gadzz/tubitak_ws/install/keyboard_msgs/include/keyboard_msgs/keyboard_msgs/msg/detail/key__rosidl_typesupport_introspection_c.h\n'}
[1.323601] (keyboard_msgs) StdoutLine: {'line': b'-- Up-to-date: /home/gadzz/tubitak_ws/install/keyboard_msgs/include/keyboard_msgs/keyboard_msgs/msg/detail/key__type_support.c\n'}
[1.323654] (keyboard_msgs) StdoutLine: {'line': b'-- Up-to-date: /home/gadzz/tubitak_ws/install/keyboard_msgs/lib/libkeyboard_msgs__rosidl_typesupport_introspection_c.so\n'}
[1.323724] (keyboard_msgs) StdoutLine: {'line': b'-- Up-to-date: /home/gadzz/tubitak_ws/install/keyboard_msgs/lib/libkeyboard_msgs__rosidl_typesupport_c.so\n'}
[1.323793] (keyboard_msgs) StdoutLine: {'line': b'-- Up-to-date: /home/gadzz/tubitak_ws/install/keyboard_msgs/include/keyboard_msgs/keyboard_msgs\n'}
[1.323868] (keyboard_msgs) StdoutLine: {'line': b'-- Up-to-date: /home/gadzz/tubitak_ws/install/keyboard_msgs/include/keyboard_msgs/keyboard_msgs/msg\n'}
[1.323942] (keyboard_msgs) StdoutLine: {'line': b'-- Up-to-date: /home/gadzz/tubitak_ws/install/keyboard_msgs/include/keyboard_msgs/keyboard_msgs/msg/detail\n'}
[1.324029] (keyboard_msgs) StdoutLine: {'line': b'-- Up-to-date: /home/gadzz/tubitak_ws/install/keyboard_msgs/include/keyboard_msgs/keyboard_msgs/msg/detail/key__rosidl_typesupport_introspection_cpp.hpp\n'}
[1.324171] (keyboard_msgs) StdoutLine: {'line': b'-- Up-to-date: /home/gadzz/tubitak_ws/install/keyboard_msgs/include/keyboard_msgs/keyboard_msgs/msg/detail/key__type_support.cpp\n'}
[1.324530] (keyboard_msgs) StdoutLine: {'line': b'-- Up-to-date: /home/gadzz/tubitak_ws/install/keyboard_msgs/lib/libkeyboard_msgs__rosidl_typesupport_introspection_cpp.so\n'}
[1.324643] (keyboard_msgs) StdoutLine: {'line': b'-- Up-to-date: /home/gadzz/tubitak_ws/install/keyboard_msgs/lib/libkeyboard_msgs__rosidl_typesupport_cpp.so\n'}
[1.324720] (keyboard_msgs) StdoutLine: {'line': b'-- Up-to-date: /home/gadzz/tubitak_ws/install/keyboard_msgs/share/keyboard_msgs/environment/pythonpath.sh\n'}
[1.324782] (keyboard_msgs) StdoutLine: {'line': b'-- Up-to-date: /home/gadzz/tubitak_ws/install/keyboard_msgs/share/keyboard_msgs/environment/pythonpath.dsv\n'}
[1.324849] (keyboard_msgs) StdoutLine: {'line': b'-- Up-to-date: /home/gadzz/tubitak_ws/install/keyboard_msgs/local/lib/python3.10/dist-packages/keyboard_msgs-1.0.0-py3.10.egg-info\n'}
[1.324916] (keyboard_msgs) StdoutLine: {'line': b'-- Installing: /home/gadzz/tubitak_ws/install/keyboard_msgs/local/lib/python3.10/dist-packages/keyboard_msgs-1.0.0-py3.10.egg-info/top_level.txt\n'}
[1.324990] (keyboard_msgs) StdoutLine: {'line': b'-- Installing: /home/gadzz/tubitak_ws/install/keyboard_msgs/local/lib/python3.10/dist-packages/keyboard_msgs-1.0.0-py3.10.egg-info/dependency_links.txt\n'}
[1.325115] (keyboard_msgs) StdoutLine: {'line': b'-- Installing: /home/gadzz/tubitak_ws/install/keyboard_msgs/local/lib/python3.10/dist-packages/keyboard_msgs-1.0.0-py3.10.egg-info/PKG-INFO\n'}
[1.325211] (keyboard_msgs) StdoutLine: {'line': b'-- Installing: /home/gadzz/tubitak_ws/install/keyboard_msgs/local/lib/python3.10/dist-packages/keyboard_msgs-1.0.0-py3.10.egg-info/SOURCES.txt\n'}
[1.325287] (keyboard_msgs) StdoutLine: {'line': b'-- Up-to-date: /home/gadzz/tubitak_ws/install/keyboard_msgs/local/lib/python3.10/dist-packages/keyboard_msgs\n'}
[1.326210] (keyboard_msgs) StdoutLine: {'line': b'-- Up-to-date: /home/gadzz/tubitak_ws/install/keyboard_msgs/local/lib/python3.10/dist-packages/keyboard_msgs/_keyboard_msgs_s.ep.rosidl_typesupport_c.c\n'}
[1.326346] (keyboard_msgs) StdoutLine: {'line': b'-- Up-to-date: /home/gadzz/tubitak_ws/install/keyboard_msgs/local/lib/python3.10/dist-packages/keyboard_msgs/_keyboard_msgs_s.ep.rosidl_typesupport_introspection_c.c\n'}
[1.326410] (keyboard_msgs) StdoutLine: {'line': b'-- Up-to-date: /home/gadzz/tubitak_ws/install/keyboard_msgs/local/lib/python3.10/dist-packages/keyboard_msgs/__init__.py\n'}
[1.326473] (keyboard_msgs) StdoutLine: {'line': b'-- Up-to-date: /home/gadzz/tubitak_ws/install/keyboard_msgs/local/lib/python3.10/dist-packages/keyboard_msgs/keyboard_msgs_s__rosidl_typesupport_fastrtps_c.cpython-310-x86_64-linux-gnu.so\n'}
[1.326535] (keyboard_msgs) StdoutLine: {'line': b'-- Up-to-date: /home/gadzz/tubitak_ws/install/keyboard_msgs/local/lib/python3.10/dist-packages/keyboard_msgs/keyboard_msgs_s__rosidl_typesupport_introspection_c.cpython-310-x86_64-linux-gnu.so\n'}
[1.326593] (keyboard_msgs) StdoutLine: {'line': b'-- Up-to-date: /home/gadzz/tubitak_ws/install/keyboard_msgs/local/lib/python3.10/dist-packages/keyboard_msgs/keyboard_msgs_s__rosidl_typesupport_c.cpython-310-x86_64-linux-gnu.so\n'}
[1.326712] (keyboard_msgs) StdoutLine: {'line': b'-- Up-to-date: /home/gadzz/tubitak_ws/install/keyboard_msgs/local/lib/python3.10/dist-packages/keyboard_msgs/msg\n'}
[1.326809] (keyboard_msgs) StdoutLine: {'line': b'-- Up-to-date: /home/gadzz/tubitak_ws/install/keyboard_msgs/local/lib/python3.10/dist-packages/keyboard_msgs/msg/__init__.py\n'}
[1.326866] (keyboard_msgs) StdoutLine: {'line': b'-- Up-to-date: /home/gadzz/tubitak_ws/install/keyboard_msgs/local/lib/python3.10/dist-packages/keyboard_msgs/msg/_key_s.c\n'}
[1.326920] (keyboard_msgs) StdoutLine: {'line': b'-- Up-to-date: /home/gadzz/tubitak_ws/install/keyboard_msgs/local/lib/python3.10/dist-packages/keyboard_msgs/msg/_key.py\n'}
[1.326989] (keyboard_msgs) StdoutLine: {'line': b'-- Up-to-date: /home/gadzz/tubitak_ws/install/keyboard_msgs/local/lib/python3.10/dist-packages/keyboard_msgs/libkeyboard_msgs__rosidl_generator_py.so\n'}
[1.327094] (keyboard_msgs) StdoutLine: {'line': b'-- Up-to-date: /home/gadzz/tubitak_ws/install/keyboard_msgs/local/lib/python3.10/dist-packages/keyboard_msgs/_keyboard_msgs_s.ep.rosidl_typesupport_fastrtps_c.c\n'}
[1.380964] (keyboard_msgs) StdoutLine: {'line': b"Listing '/home/gadzz/tubitak_ws/install/keyboard_msgs/local/lib/python3.10/dist-packages/keyboard_msgs'...\n"}
[1.381215] (keyboard_msgs) StdoutLine: {'line': b"Listing '/home/gadzz/tubitak_ws/install/keyboard_msgs/local/lib/python3.10/dist-packages/keyboard_msgs/msg'...\n"}
[1.391078] (keyboard_msgs) StdoutLine: {'line': b'-- Up-to-date: /home/gadzz/tubitak_ws/install/keyboard_msgs/local/lib/python3.10/dist-packages/keyboard_msgs/keyboard_msgs_s__rosidl_typesupport_fastrtps_c.cpython-310-x86_64-linux-gnu.so\n'}
[1.391289] (keyboard_msgs) StdoutLine: {'line': b'-- Up-to-date: /home/gadzz/tubitak_ws/install/keyboard_msgs/local/lib/python3.10/dist-packages/keyboard_msgs/keyboard_msgs_s__rosidl_typesupport_introspection_c.cpython-310-x86_64-linux-gnu.so\n'}
[1.391400] (keyboard_msgs) StdoutLine: {'line': b'-- Up-to-date: /home/gadzz/tubitak_ws/install/keyboard_msgs/local/lib/python3.10/dist-packages/keyboard_msgs/keyboard_msgs_s__rosidl_typesupport_c.cpython-310-x86_64-linux-gnu.so\n'}
[1.391476] (keyboard_msgs) StdoutLine: {'line': b'-- Up-to-date: /home/gadzz/tubitak_ws/install/keyboard_msgs/lib/libkeyboard_msgs__rosidl_generator_py.so\n'}
[1.391549] (keyboard_msgs) StdoutLine: {'line': b'-- Up-to-date: /home/gadzz/tubitak_ws/install/keyboard_msgs/share/keyboard_msgs/msg/Key.idl\n'}
[1.391626] (keyboard_msgs) StdoutLine: {'line': b'-- Up-to-date: /home/gadzz/tubitak_ws/install/keyboard_msgs/share/keyboard_msgs/msg/Key.msg\n'}
[1.391699] (keyboard_msgs) StdoutLine: {'line': b'-- Up-to-date: /home/gadzz/tubitak_ws/install/keyboard_msgs/share/ament_index/resource_index/package_run_dependencies/keyboard_msgs\n'}
[1.391796] (keyboard_msgs) StdoutLine: {'line': b'-- Up-to-date: /home/gadzz/tubitak_ws/install/keyboard_msgs/share/ament_index/resource_index/parent_prefix_path/keyboard_msgs\n'}
[1.391896] (keyboard_msgs) StdoutLine: {'line': b'-- Up-to-date: /home/gadzz/tubitak_ws/install/keyboard_msgs/share/keyboard_msgs/environment/ament_prefix_path.sh\n'}
[1.391958] (keyboard_msgs) StdoutLine: {'line': b'-- Up-to-date: /home/gadzz/tubitak_ws/install/keyboard_msgs/share/keyboard_msgs/environment/ament_prefix_path.dsv\n'}
[1.392017] (keyboard_msgs) StdoutLine: {'line': b'-- Up-to-date: /home/gadzz/tubitak_ws/install/keyboard_msgs/share/keyboard_msgs/environment/path.sh\n'}
[1.392089] (keyboard_msgs) StdoutLine: {'line': b'-- Up-to-date: /home/gadzz/tubitak_ws/install/keyboard_msgs/share/keyboard_msgs/environment/path.dsv\n'}
[1.392142] (keyboard_msgs) StdoutLine: {'line': b'-- Up-to-date: /home/gadzz/tubitak_ws/install/keyboard_msgs/share/keyboard_msgs/local_setup.bash\n'}
[1.392208] (keyboard_msgs) StdoutLine: {'line': b'-- Up-to-date: /home/gadzz/tubitak_ws/install/keyboard_msgs/share/keyboard_msgs/local_setup.sh\n'}
[1.392257] (keyboard_msgs) StdoutLine: {'line': b'-- Up-to-date: /home/gadzz/tubitak_ws/install/keyboard_msgs/share/keyboard_msgs/local_setup.zsh\n'}
[1.392410] (keyboard_msgs) StdoutLine: {'line': b'-- Up-to-date: /home/gadzz/tubitak_ws/install/keyboard_msgs/share/keyboard_msgs/local_setup.dsv\n'}
[1.392499] (keyboard_msgs) StdoutLine: {'line': b'-- Installing: /home/gadzz/tubitak_ws/install/keyboard_msgs/share/keyboard_msgs/package.dsv\n'}
[1.392537] (keyboard_msgs) StdoutLine: {'line': b'-- Up-to-date: /home/gadzz/tubitak_ws/install/keyboard_msgs/share/ament_index/resource_index/packages/keyboard_msgs\n'}
[1.392620] (keyboard_msgs) StdoutLine: {'line': b'-- Up-to-date: /home/gadzz/tubitak_ws/install/keyboard_msgs/share/keyboard_msgs/cmake/export_keyboard_msgs__rosidl_generator_cExport.cmake\n'}
[1.392656] (keyboard_msgs) StdoutLine: {'line': b'-- Up-to-date: /home/gadzz/tubitak_ws/install/keyboard_msgs/share/keyboard_msgs/cmake/export_keyboard_msgs__rosidl_generator_cExport-noconfig.cmake\n'}
[1.392695] (keyboard_msgs) StdoutLine: {'line': b'-- Up-to-date: /home/gadzz/tubitak_ws/install/keyboard_msgs/share/keyboard_msgs/cmake/export_keyboard_msgs__rosidl_typesupport_fastrtps_cExport.cmake\n'}
[1.392735] (keyboard_msgs) StdoutLine: {'line': b'-- Up-to-date: /home/gadzz/tubitak_ws/install/keyboard_msgs/share/keyboard_msgs/cmake/export_keyboard_msgs__rosidl_typesupport_fastrtps_cExport-noconfig.cmake\n'}
[1.392793] (keyboard_msgs) StdoutLine: {'line': b'-- Up-to-date: /home/gadzz/tubitak_ws/install/keyboard_msgs/share/keyboard_msgs/cmake/export_keyboard_msgs__rosidl_generator_cppExport.cmake\n'}
[1.392867] (keyboard_msgs) StdoutLine: {'line': b'-- Up-to-date: /home/gadzz/tubitak_ws/install/keyboard_msgs/share/keyboard_msgs/cmake/export_keyboard_msgs__rosidl_typesupport_fastrtps_cppExport.cmake\n'}
[1.393136] (keyboard_msgs) StdoutLine: {'line': b'-- Up-to-date: /home/gadzz/tubitak_ws/install/keyboard_msgs/share/keyboard_msgs/cmake/export_keyboard_msgs__rosidl_typesupport_fastrtps_cppExport-noconfig.cmake\n'}
[1.393245] (keyboard_msgs) StdoutLine: {'line': b'-- Up-to-date: /home/gadzz/tubitak_ws/install/keyboard_msgs/share/keyboard_msgs/cmake/keyboard_msgs__rosidl_typesupport_introspection_cExport.cmake\n'}
[1.393317] (keyboard_msgs) StdoutLine: {'line': b'-- Up-to-date: /home/gadzz/tubitak_ws/install/keyboard_msgs/share/keyboard_msgs/cmake/keyboard_msgs__rosidl_typesupport_introspection_cExport-noconfig.cmake\n'}
[1.393380] (keyboard_msgs) StdoutLine: {'line': b'-- Up-to-date: /home/gadzz/tubitak_ws/install/keyboard_msgs/share/keyboard_msgs/cmake/keyboard_msgs__rosidl_typesupport_cExport.cmake\n'}
[1.393587] (keyboard_msgs) StdoutLine: {'line': b'-- Up-to-date: /home/gadzz/tubitak_ws/install/keyboard_msgs/share/keyboard_msgs/cmake/keyboard_msgs__rosidl_typesupport_cExport-noconfig.cmake\n'}
[1.393654] (keyboard_msgs) StdoutLine: {'line': b'-- Up-to-date: /home/gadzz/tubitak_ws/install/keyboard_msgs/share/keyboard_msgs/cmake/keyboard_msgs__rosidl_typesupport_introspection_cppExport.cmake\n'}
[1.393724] (keyboard_msgs) StdoutLine: {'line': b'-- Up-to-date: /home/gadzz/tubitak_ws/install/keyboard_msgs/share/keyboard_msgs/cmake/keyboard_msgs__rosidl_typesupport_introspection_cppExport-noconfig.cmake\n'}
[1.393823] (keyboard_msgs) StdoutLine: {'line': b'-- Up-to-date: /home/gadzz/tubitak_ws/install/keyboard_msgs/share/keyboard_msgs/cmake/keyboard_msgs__rosidl_typesupport_cppExport.cmake\n'}
[1.393877] (keyboard_msgs) StdoutLine: {'line': b'-- Up-to-date: /home/gadzz/tubitak_ws/install/keyboard_msgs/share/keyboard_msgs/cmake/keyboard_msgs__rosidl_typesupport_cppExport-noconfig.cmake\n'}
[1.393941] (keyboard_msgs) StdoutLine: {'line': b'-- Up-to-date: /home/gadzz/tubitak_ws/install/keyboard_msgs/share/keyboard_msgs/cmake/export_keyboard_msgs__rosidl_generator_pyExport.cmake\n'}
[1.394017] (keyboard_msgs) StdoutLine: {'line': b'-- Up-to-date: /home/gadzz/tubitak_ws/install/keyboard_msgs/share/keyboard_msgs/cmake/export_keyboard_msgs__rosidl_generator_pyExport-noconfig.cmake\n'}
[1.394117] (keyboard_msgs) StdoutLine: {'line': b'-- Up-to-date: /home/gadzz/tubitak_ws/install/keyboard_msgs/share/keyboard_msgs/cmake/rosidl_cmake-extras.cmake\n'}
[1.394180] (keyboard_msgs) StdoutLine: {'line': b'-- Up-to-date: /home/gadzz/tubitak_ws/install/keyboard_msgs/share/keyboard_msgs/cmake/ament_cmake_export_dependencies-extras.cmake\n'}
[1.394242] (keyboard_msgs) StdoutLine: {'line': b'-- Up-to-date: /home/gadzz/tubitak_ws/install/keyboard_msgs/share/keyboard_msgs/cmake/ament_cmake_export_include_directories-extras.cmake\n'}
[1.394294] (keyboard_msgs) StdoutLine: {'line': b'-- Up-to-date: /home/gadzz/tubitak_ws/install/keyboard_msgs/share/keyboard_msgs/cmake/ament_cmake_export_libraries-extras.cmake\n'}
[1.394352] (keyboard_msgs) StdoutLine: {'line': b'-- Up-to-date: /home/gadzz/tubitak_ws/install/keyboard_msgs/share/keyboard_msgs/cmake/ament_cmake_export_targets-extras.cmake\n'}
[1.394407] (keyboard_msgs) StdoutLine: {'line': b'-- Up-to-date: /home/gadzz/tubitak_ws/install/keyboard_msgs/share/keyboard_msgs/cmake/rosidl_cmake_export_typesupport_targets-extras.cmake\n'}
[1.394460] (keyboard_msgs) StdoutLine: {'line': b'-- Up-to-date: /home/gadzz/tubitak_ws/install/keyboard_msgs/share/keyboard_msgs/cmake/rosidl_cmake_export_typesupport_libraries-extras.cmake\n'}
[1.394534] (keyboard_msgs) StdoutLine: {'line': b'-- Up-to-date: /home/gadzz/tubitak_ws/install/keyboard_msgs/share/keyboard_msgs/cmake/keyboard_msgsConfig.cmake\n'}
[1.394667] (keyboard_msgs) StdoutLine: {'line': b'-- Up-to-date: /home/gadzz/tubitak_ws/install/keyboard_msgs/share/keyboard_msgs/cmake/keyboard_msgsConfig-version.cmake\n'}
[1.395000] (keyboard_msgs) StdoutLine: {'line': b'-- Up-to-date: /home/gadzz/tubitak_ws/install/keyboard_msgs/share/keyboard_msgs/package.xml\n'}
[1.398322] (keyboard_msgs) CommandEnded: {'returncode': 0}
[1.403801] (-) TimerEvent: {}
[1.432486] (keyboard_msgs) JobEnded: {'identifier': 'keyboard_msgs', 'rc': 0}
[1.435986] (keyboard) JobStarted: {'identifier': 'keyboard'}
[1.447283] (mission_center) JobStarted: {'identifier': 'mission_center'}
[1.458433] (keyboard) JobProgress: {'identifier': 'keyboard', 'progress': 'cmake'}
[1.459824] (keyboard) JobProgress: {'identifier': 'keyboard', 'progress': 'build'}
[1.464990] (keyboard) Command: {'cmd': ['/usr/bin/cmake', '--build', '/home/gadzz/tubitak_ws/build/keyboard', '--', '-j8', '-l8'], 'cwd': '/home/gadzz/tubitak_ws/build/keyboard', 'env': OrderedDict([('GZ_SIM_SYSTEM_PLUGIN_PATH', '/home/gadzz/ardu_ws/install/ardupilot_sitl_models/lib/ardupilot_sitl_models/:/home/gadzz/ardu_ws/install/ardupilot_gz_gazebo/lib/ardupilot_gz_gazebo/:/home/gadzz/ardu_ws/install/ardupilot_gazebo/lib/ardupilot_gazebo/'), ('TMUX', '/tmp/tmux-1000/default,6097,1'), ('GZ_SIM_RESOURCE_PATH', '/home/gadzz/ardu_ws/install/ardupilot_sitl_models/share/ardupilot_sitl_models/worlds:/home/gadzz/ardu_ws/install/ardupilot_sitl_models/share/ardupilot_sitl_models/models:/home/gadzz/ardu_ws/install/ardupilot_sitl_models/share:/home/gadzz/ardu_ws/install/ardupilot_gz_gazebo/share/ardupilot_gz_gazebo/worlds:/home/gadzz/ardu_ws/install/ardupilot_gz_description/share/ardupilot_gz_description/models:/home/gadzz/ardu_ws/install/ardupilot_gz_description/share:/home/gadzz/ardu_ws/install/ardupilot_gazebo/share/ardupilot_gazebo/worlds:/home/gadzz/ardu_ws/install/ardupilot_gazebo/share/ardupilot_gazebo/models:/home/gadzz/ardu_ws/install/ardupilot_gazebo/share'), ('LC_TIME', 'id_ID.UTF-8'), ('USER', 'gadzz'), ('XDG_SEAT', 'seat0'), ('XDG_SESSION_TYPE', 'x11'), ('BROWSER', 'firefox-esr'), ('LD_LIBRARY_PATH', '/home/gadzz/tubitak_ws/install/keyboard_msgs/lib:/home/gadzz/ardu_ws/install/sdformat_urdf/lib:/home/gadzz/ardu_ws/install/ros_ign_interfaces/lib:/home/gadzz/ardu_ws/install/ros_gz_sim/lib:/home/gadzz/ardu_ws/install/ros_gz_bridge/lib:/home/gadzz/ardu_ws/install/ros_gz_interfaces/lib:/home/gadzz/ardu_ws/install/micro_ros_agent/lib:/home/gadzz/ardu_ws/install/keyboard_msgs/lib:/home/gadzz/ardu_ws/install/ardupilot_msgs/lib:/opt/ros/humble/opt/rviz_ogre_vendor/lib:/opt/ros/humble/lib/x86_64-linux-gnu:/opt/ros/humble/lib'), ('SHLVL', '2'), ('HOME', '/home/gadzz'), ('LESS', '-R'), ('OLDPWD', '/home/gadzz/tubitak_ws'), ('DESKTOP_SESSION', 'awesome'), ('TERM_PROGRAM_VERSION', '3.5a'), ('LSCOLORS', 'Gxfxcxdxbxegedabagacad'), ('ZSH', '/home/gadzz/.oh-my-zsh'), ('GTK_MODULES', 'gail:atk-bridge'), ('PAGER', 'less'), ('ROS_PYTHON_VERSION', '3'), ('LC_MONETARY', 'id_ID.UTF-8'), ('DBUS_SESSION_BUS_ADDRESS', 'unix:path=/run/user/1000/bus'), ('SYSTEMD_EXEC_PID', '2022'), ('VISUAL', 'nvim'), ('COLORTERM', 'truecolor'), ('FZF_BASE', '/usr/bin/fzf'), ('COLCON_PREFIX_PATH', '/home/gadzz/ardu_ws/install'), ('ROS_DISTRO', 'humble'), ('ALACRITTY_SOCKET', '/run/user/1000/Alacritty-:0-5220.sock'), ('GTK_IM_MODULE', 'ibus'), ('LOGNAME', 'gadzz'), ('WINDOWID', '46137349'), ('_', '/usr/bin/colcon'), ('PKG_CONFIG_PATH', '/home/gadzz/ardu_ws/install/sdformat_test_files/lib/x86_64-linux-gnu/pkgconfig:/home/gadzz/ardu_ws/install/sdformat_test_files/lib/pkgconfig'), ('ROS_VERSION', '2'), ('XDG_SESSION_CLASS', 'user'), ('ALACRITTY_LOG', '/tmp/Alacritty-5220.log'), ('TERM', 'tmux-256color'), ('USERNAME', 'gadzz'), ('XDG_SESSION_ID', '2'), ('ROS_LOCALHOST_ONLY', '0'), ('WINDOWPATH', '2'), ('PATH', '/home/gadzz/.local/bin:/home/gadzz/ardu_ws/install/ardupilot_sitl/bin:/opt/ros/humble/bin:/home/gadzz/.local/bin:/usr/lib/ccache:/home/gadzz/ardu_ws/src/ardupilot/Tools/autotest:/opt/gcc-arm-none-eabi-10-2020-q4-major/bin:/home/gadzz/.local/bin:/usr/local/sbin:/usr/local/bin:/usr/sbin:/usr/bin:/sbin:/bin:/usr/games:/usr/local/games:/snap/bin:/snap/bin:/home/gadzz/ardu_ws/Micro-XRCE-DDS-Gen/scripts:/home/gadzz/ardu_ws/src/ardupilot/Tools/autotest:/home/gadzz/ardu_ws/Micro-XRCE-DDS-Gen/scripts:/home/gadzz/ardu_ws/src/ardupilot/Tools/autotest'), ('DIRHISTORY_SIZE', '30'), ('LC_ADDRESS', 'id_ID.UTF-8'), ('XDG_RUNTIME_DIR', '/run/user/1000'), ('DISPLAY', ':0'), ('LANG', 'en_US.UTF-8'), ('LC_TELEPHONE', 'id_ID.UTF-8'), ('LS_COLORS', 'rs=0:di=01;34:ln=01;36:mh=00:pi=40;33:so=01;35:do=01;35:bd=40;33;01:cd=40;33;01:or=40;31;01:mi=00:su=37;41:sg=30;43:ca=30;41:tw=30;42:ow=34;42:st=37;44:ex=01;32:*.tar=01;31:*.tgz=01;31:*.arc=01;31:*.arj=01;31:*.taz=01;31:*.lha=01;31:*.lz4=01;31:*.lzh=01;31:*.lzma=01;31:*.tlz=01;31:*.txz=01;31:*.tzo=01;31:*.t7z=01;31:*.zip=01;31:*.z=01;31:*.dz=01;31:*.gz=01;31:*.lrz=01;31:*.lz=01;31:*.lzo=01;31:*.xz=01;31:*.zst=01;31:*.tzst=01;31:*.bz2=01;31:*.bz=01;31:*.tbz=01;31:*.tbz2=01;31:*.tz=01;31:*.deb=01;31:*.rpm=01;31:*.jar=01;31:*.war=01;31:*.ear=01;31:*.sar=01;31:*.rar=01;31:*.alz=01;31:*.ace=01;31:*.zoo=01;31:*.cpio=01;31:*.7z=01;31:*.rz=01;31:*.cab=01;31:*.wim=01;31:*.swm=01;31:*.dwm=01;31:*.esd=01;31:*.jpg=01;35:*.jpeg=01;35:*.mjpg=01;35:*.mjpeg=01;35:*.gif=01;35:*.bmp=01;35:*.pbm=01;35:*.pgm=01;35:*.ppm=01;35:*.tga=01;35:*.xbm=01;35:*.xpm=01;35:*.tif=01;35:*.tiff=01;35:*.png=01;35:*.svg=01;35:*.svgz=01;35:*.mng=01;35:*.pcx=01;35:*.mov=01;35:*.mpg=01;35:*.mpeg=01;35:*.m2v=01;35:*.mkv=01;35:*.webm=01;35:*.webp=01;35:*.ogm=01;35:*.mp4=01;35:*.m4v=01;35:*.mp4v=01;35:*.vob=01;35:*.qt=01;35:*.nuv=01;35:*.wmv=01;35:*.asf=01;35:*.rm=01;35:*.rmvb=01;35:*.flc=01;35:*.avi=01;35:*.fli=01;35:*.flv=01;35:*.gl=01;35:*.dl=01;35:*.xcf=01;35:*.xwd=01;35:*.yuv=01;35:*.cgm=01;35:*.emf=01;35:*.ogv=01;35:*.ogx=01;35:*.aac=00;36:*.au=00;36:*.flac=00;36:*.m4a=00;36:*.mid=00;36:*.midi=00;36:*.mka=00;36:*.mp3=00;36:*.mpc=00;36:*.ogg=00;36:*.ra=00;36:*.wav=00;36:*.oga=00;36:*.opus=00;36:*.spx=00;36:*.xspf=00;36:'), ('TERM_PROGRAM', 'tmux'), ('XAUTHORITY', '/run/user/1000/gdm/Xauthority'), ('XDG_SESSION_DESKTOP', 'awesome'), ('XMODIFIERS', '@im=ibus'), ('AMENT_PREFIX_PATH', '/home/gadzz/tubitak_ws/install/keyboard_msgs:/home/gadzz/ardu_ws/install/test_ros_gz_bridge:/home/gadzz/ardu_ws/install/ros_ign:/home/gadzz/ardu_ws/install/ros_ign_gazebo_demos:/home/gadzz/ardu_ws/install/ros_gz:/home/gadzz/ardu_ws/install/ros_gz_sim_demos:/home/gadzz/ardu_ws/install/ardupilot_gz_bringup:/home/gadzz/ardu_ws/install/sdformat_urdf:/home/gadzz/ardu_ws/install/ros_ign_interfaces:/home/gadzz/ardu_ws/install/ros_ign_image:/home/gadzz/ardu_ws/install/ros_ign_gazebo:/home/gadzz/ardu_ws/install/ros_ign_bridge:/home/gadzz/ardu_ws/install/ros_gz_sim:/home/gadzz/ardu_ws/install/ros_gz_image:/home/gadzz/ardu_ws/install/ros_gz_bridge:/home/gadzz/ardu_ws/install/ros_gz_interfaces:/home/gadzz/ardu_ws/install/ardupilot_dds_tests:/home/gadzz/ardu_ws/install/ardupilot_sitl:/home/gadzz/ardu_ws/install/micro_ros_agent:/home/gadzz/ardu_ws/install/keyboard:/home/gadzz/ardu_ws/install/keyboard_msgs:/home/gadzz/ardu_ws/install/ardupilot_sitl_models:/home/gadzz/ardu_ws/install/ardupilot_msgs:/home/gadzz/ardu_ws/install/ardupilot_gz_gazebo:/home/gadzz/ardu_ws/install/ardupilot_gz_description:/home/gadzz/ardu_ws/install/ardupilot_gz_application:/home/gadzz/ardu_ws/install/ardupilot_gazebo:/opt/ros/humble'), ('LC_NAME', 'id_ID.UTF-8'), ('SHELL', '/usr/bin/zsh'), ('GDMSESSION', 'awesome'), ('QT_ACCESSIBILITY', '1'), ('IGN_GAZEBO_RESOURCE_PATH', '/home/gadzz/ardu_ws/install/ros_gz_sim_demos/share'), ('LC_MEASUREMENT', 'id_ID.UTF-8'), ('GPG_AGENT_INFO', '/run/user/1000/gnupg/S.gpg-agent:0:1'), ('GZ_VERSION', 'harmonic'), ('LC_IDENTIFICATION', 'id_ID.UTF-8'), ('ALACRITTY_WINDOW_ID', '35651589'), ('QT_IM_MODULE', 'ibus'), ('XDG_VTNR', '2'), ('PWD', '/home/gadzz/tubitak_ws/build/keyboard'), ('CLUTTER_IM_MODULE', 'ibus'), ('XDG_CONFIG_DIRS', '/etc/xdg/xdg-awesome:/etc/xdg'), ('XDG_DATA_DIRS', '/usr/share/awesome:/usr/share/gnome:/usr/local/share/:/usr/share/:/var/lib/snapd/desktop'), ('LC_NUMERIC', 'id_ID.UTF-8'), ('PYTHONPATH', '/home/gadzz/tubitak_ws/install/keyboard_msgs/local/lib/python3.10/dist-packages:/home/gadzz/ardu_ws/install/ros_ign_interfaces/local/lib/python3.10/dist-packages:/home/gadzz/ardu_ws/install/ros_gz_interfaces/local/lib/python3.10/dist-packages:/home/gadzz/ardu_ws/install/ardupilot_dds_tests/lib/python3.10/site-packages:/home/gadzz/ardu_ws/install/ardupilot_sitl/local/lib/python3.10/dist-packages:/home/gadzz/ardu_ws/install/keyboard_msgs/local/lib/python3.10/dist-packages:/home/gadzz/ardu_ws/install/ardupilot_msgs/local/lib/python3.10/dist-packages:/opt/ros/humble/lib/python3.10/site-packages:/opt/ros/humble/local/lib/python3.10/dist-packages'), ('LC_PAPER', 'id_ID.UTF-8'), ('TMUX_PLUGIN_MANAGER_PATH', '/home/gadzz/.config/tmux/plugins/'), ('COLCON', '1'), ('TERMINAL', 'alacritty'), ('TMUX_PANE', '%6'), ('CMAKE_PREFIX_PATH', '/home/gadzz/tubitak_ws/install/keyboard_msgs:/home/gadzz/ardu_ws/install/test_ros_gz_bridge:/home/gadzz/ardu_ws/install/ros_ign:/home/gadzz/ardu_ws/install/ros_ign_gazebo_demos:/home/gadzz/ardu_ws/install/ros_gz:/home/gadzz/ardu_ws/install/ros_gz_sim_demos:/home/gadzz/ardu_ws/install/ardupilot_gz_bringup:/home/gadzz/ardu_ws/install/sdformat_urdf:/home/gadzz/ardu_ws/install/sdformat_test_files:/home/gadzz/ardu_ws/install/ros_ign_interfaces:/home/gadzz/ardu_ws/install/ros_ign_image:/home/gadzz/ardu_ws/install/ros_ign_gazebo:/home/gadzz/ardu_ws/install/ros_ign_bridge:/home/gadzz/ardu_ws/install/ros_gz_sim:/home/gadzz/ardu_ws/install/ros_gz_image:/home/gadzz/ardu_ws/install/ros_gz_bridge:/home/gadzz/ardu_ws/install/ros_gz_interfaces:/home/gadzz/ardu_ws/install/ardupilot_sitl:/home/gadzz/ardu_ws/install/micro_ros_agent:/home/gadzz/ardu_ws/install/keyboard:/home/gadzz/ardu_ws/install/keyboard_msgs:/home/gadzz/ardu_ws/install/ardupilot_sitl_models:/home/gadzz/ardu_ws/install/ardupilot_msgs:/home/gadzz/ardu_ws/install/ardupilot_gz_gazebo:/home/gadzz/ardu_ws/install/ardupilot_gz_description:/home/gadzz/ardu_ws/install/ardupilot_gz_application:/home/gadzz/ardu_ws/install/ardupilot_gazebo:/home/gadzz/ardu_ws/install/ardupilot_dds_tests:/opt/ros/humble'), ('EDITOR', 'geany'), ('HISTORY_IGNORE', '(ls|cd|pwd|exit|sudo reboot|history|cd -|cd ..)')]), 'shell': False}
[1.475368] (mission_center) JobProgress: {'identifier': 'mission_center', 'progress': 'cmake'}
[1.475479] (mission_center) JobProgress: {'identifier': 'mission_center', 'progress': 'build'}
[1.475513] (mission_center) Command: {'cmd': ['/usr/bin/cmake', '--build', '/home/gadzz/tubitak_ws/build/mission_center', '--', '-j8', '-l8'], 'cwd': '/home/gadzz/tubitak_ws/build/mission_center', 'env': OrderedDict([('GZ_SIM_SYSTEM_PLUGIN_PATH', '/home/gadzz/ardu_ws/install/ardupilot_sitl_models/lib/ardupilot_sitl_models/:/home/gadzz/ardu_ws/install/ardupilot_gz_gazebo/lib/ardupilot_gz_gazebo/:/home/gadzz/ardu_ws/install/ardupilot_gazebo/lib/ardupilot_gazebo/'), ('TMUX', '/tmp/tmux-1000/default,6097,1'), ('GZ_SIM_RESOURCE_PATH', '/home/gadzz/ardu_ws/install/ardupilot_sitl_models/share/ardupilot_sitl_models/worlds:/home/gadzz/ardu_ws/install/ardupilot_sitl_models/share/ardupilot_sitl_models/models:/home/gadzz/ardu_ws/install/ardupilot_sitl_models/share:/home/gadzz/ardu_ws/install/ardupilot_gz_gazebo/share/ardupilot_gz_gazebo/worlds:/home/gadzz/ardu_ws/install/ardupilot_gz_description/share/ardupilot_gz_description/models:/home/gadzz/ardu_ws/install/ardupilot_gz_description/share:/home/gadzz/ardu_ws/install/ardupilot_gazebo/share/ardupilot_gazebo/worlds:/home/gadzz/ardu_ws/install/ardupilot_gazebo/share/ardupilot_gazebo/models:/home/gadzz/ardu_ws/install/ardupilot_gazebo/share'), ('LC_TIME', 'id_ID.UTF-8'), ('USER', 'gadzz'), ('XDG_SEAT', 'seat0'), ('XDG_SESSION_TYPE', 'x11'), ('BROWSER', 'firefox-esr'), ('LD_LIBRARY_PATH', '/home/gadzz/tubitak_ws/install/keyboard_msgs/lib:/home/gadzz/ardu_ws/install/sdformat_urdf/lib:/home/gadzz/ardu_ws/install/ros_ign_interfaces/lib:/home/gadzz/ardu_ws/install/ros_gz_sim/lib:/home/gadzz/ardu_ws/install/ros_gz_bridge/lib:/home/gadzz/ardu_ws/install/ros_gz_interfaces/lib:/home/gadzz/ardu_ws/install/micro_ros_agent/lib:/home/gadzz/ardu_ws/install/keyboard_msgs/lib:/home/gadzz/ardu_ws/install/ardupilot_msgs/lib:/opt/ros/humble/opt/rviz_ogre_vendor/lib:/opt/ros/humble/lib/x86_64-linux-gnu:/opt/ros/humble/lib'), ('SHLVL', '2'), ('HOME', '/home/gadzz'), ('LESS', '-R'), ('OLDPWD', '/home/gadzz/tubitak_ws'), ('DESKTOP_SESSION', 'awesome'), ('TERM_PROGRAM_VERSION', '3.5a'), ('LSCOLORS', 'Gxfxcxdxbxegedabagacad'), ('ZSH', '/home/gadzz/.oh-my-zsh'), ('GTK_MODULES', 'gail:atk-bridge'), ('PAGER', 'less'), ('ROS_PYTHON_VERSION', '3'), ('LC_MONETARY', 'id_ID.UTF-8'), ('DBUS_SESSION_BUS_ADDRESS', 'unix:path=/run/user/1000/bus'), ('SYSTEMD_EXEC_PID', '2022'), ('VISUAL', 'nvim'), ('COLORTERM', 'truecolor'), ('FZF_BASE', '/usr/bin/fzf'), ('COLCON_PREFIX_PATH', '/home/gadzz/ardu_ws/install'), ('ROS_DISTRO', 'humble'), ('ALACRITTY_SOCKET', '/run/user/1000/Alacritty-:0-5220.sock'), ('GTK_IM_MODULE', 'ibus'), ('LOGNAME', 'gadzz'), ('WINDOWID', '46137349'), ('_', '/usr/bin/colcon'), ('PKG_CONFIG_PATH', '/home/gadzz/ardu_ws/install/sdformat_test_files/lib/x86_64-linux-gnu/pkgconfig:/home/gadzz/ardu_ws/install/sdformat_test_files/lib/pkgconfig'), ('ROS_VERSION', '2'), ('XDG_SESSION_CLASS', 'user'), ('ALACRITTY_LOG', '/tmp/Alacritty-5220.log'), ('TERM', 'tmux-256color'), ('USERNAME', 'gadzz'), ('XDG_SESSION_ID', '2'), ('ROS_LOCALHOST_ONLY', '0'), ('WINDOWPATH', '2'), ('PATH', '/home/gadzz/.local/bin:/home/gadzz/ardu_ws/install/ardupilot_sitl/bin:/opt/ros/humble/bin:/home/gadzz/.local/bin:/usr/lib/ccache:/home/gadzz/ardu_ws/src/ardupilot/Tools/autotest:/opt/gcc-arm-none-eabi-10-2020-q4-major/bin:/home/gadzz/.local/bin:/usr/local/sbin:/usr/local/bin:/usr/sbin:/usr/bin:/sbin:/bin:/usr/games:/usr/local/games:/snap/bin:/snap/bin:/home/gadzz/ardu_ws/Micro-XRCE-DDS-Gen/scripts:/home/gadzz/ardu_ws/src/ardupilot/Tools/autotest:/home/gadzz/ardu_ws/Micro-XRCE-DDS-Gen/scripts:/home/gadzz/ardu_ws/src/ardupilot/Tools/autotest'), ('DIRHISTORY_SIZE', '30'), ('LC_ADDRESS', 'id_ID.UTF-8'), ('XDG_RUNTIME_DIR', '/run/user/1000'), ('DISPLAY', ':0'), ('LANG', 'en_US.UTF-8'), ('LC_TELEPHONE', 'id_ID.UTF-8'), ('LS_COLORS', 'rs=0:di=01;34:ln=01;36:mh=00:pi=40;33:so=01;35:do=01;35:bd=40;33;01:cd=40;33;01:or=40;31;01:mi=00:su=37;41:sg=30;43:ca=30;41:tw=30;42:ow=34;42:st=37;44:ex=01;32:*.tar=01;31:*.tgz=01;31:*.arc=01;31:*.arj=01;31:*.taz=01;31:*.lha=01;31:*.lz4=01;31:*.lzh=01;31:*.lzma=01;31:*.tlz=01;31:*.txz=01;31:*.tzo=01;31:*.t7z=01;31:*.zip=01;31:*.z=01;31:*.dz=01;31:*.gz=01;31:*.lrz=01;31:*.lz=01;31:*.lzo=01;31:*.xz=01;31:*.zst=01;31:*.tzst=01;31:*.bz2=01;31:*.bz=01;31:*.tbz=01;31:*.tbz2=01;31:*.tz=01;31:*.deb=01;31:*.rpm=01;31:*.jar=01;31:*.war=01;31:*.ear=01;31:*.sar=01;31:*.rar=01;31:*.alz=01;31:*.ace=01;31:*.zoo=01;31:*.cpio=01;31:*.7z=01;31:*.rz=01;31:*.cab=01;31:*.wim=01;31:*.swm=01;31:*.dwm=01;31:*.esd=01;31:*.jpg=01;35:*.jpeg=01;35:*.mjpg=01;35:*.mjpeg=01;35:*.gif=01;35:*.bmp=01;35:*.pbm=01;35:*.pgm=01;35:*.ppm=01;35:*.tga=01;35:*.xbm=01;35:*.xpm=01;35:*.tif=01;35:*.tiff=01;35:*.png=01;35:*.svg=01;35:*.svgz=01;35:*.mng=01;35:*.pcx=01;35:*.mov=01;35:*.mpg=01;35:*.mpeg=01;35:*.m2v=01;35:*.mkv=01;35:*.webm=01;35:*.webp=01;35:*.ogm=01;35:*.mp4=01;35:*.m4v=01;35:*.mp4v=01;35:*.vob=01;35:*.qt=01;35:*.nuv=01;35:*.wmv=01;35:*.asf=01;35:*.rm=01;35:*.rmvb=01;35:*.flc=01;35:*.avi=01;35:*.fli=01;35:*.flv=01;35:*.gl=01;35:*.dl=01;35:*.xcf=01;35:*.xwd=01;35:*.yuv=01;35:*.cgm=01;35:*.emf=01;35:*.ogv=01;35:*.ogx=01;35:*.aac=00;36:*.au=00;36:*.flac=00;36:*.m4a=00;36:*.mid=00;36:*.midi=00;36:*.mka=00;36:*.mp3=00;36:*.mpc=00;36:*.ogg=00;36:*.ra=00;36:*.wav=00;36:*.oga=00;36:*.opus=00;36:*.spx=00;36:*.xspf=00;36:'), ('TERM_PROGRAM', 'tmux'), ('XAUTHORITY', '/run/user/1000/gdm/Xauthority'), ('XDG_SESSION_DESKTOP', 'awesome'), ('XMODIFIERS', '@im=ibus'), ('AMENT_PREFIX_PATH', '/home/gadzz/tubitak_ws/install/keyboard_msgs:/home/gadzz/ardu_ws/install/test_ros_gz_bridge:/home/gadzz/ardu_ws/install/ros_ign:/home/gadzz/ardu_ws/install/ros_ign_gazebo_demos:/home/gadzz/ardu_ws/install/ros_gz:/home/gadzz/ardu_ws/install/ros_gz_sim_demos:/home/gadzz/ardu_ws/install/ardupilot_gz_bringup:/home/gadzz/ardu_ws/install/sdformat_urdf:/home/gadzz/ardu_ws/install/ros_ign_interfaces:/home/gadzz/ardu_ws/install/ros_ign_image:/home/gadzz/ardu_ws/install/ros_ign_gazebo:/home/gadzz/ardu_ws/install/ros_ign_bridge:/home/gadzz/ardu_ws/install/ros_gz_sim:/home/gadzz/ardu_ws/install/ros_gz_image:/home/gadzz/ardu_ws/install/ros_gz_bridge:/home/gadzz/ardu_ws/install/ros_gz_interfaces:/home/gadzz/ardu_ws/install/ardupilot_dds_tests:/home/gadzz/ardu_ws/install/ardupilot_sitl:/home/gadzz/ardu_ws/install/micro_ros_agent:/home/gadzz/ardu_ws/install/keyboard:/home/gadzz/ardu_ws/install/keyboard_msgs:/home/gadzz/ardu_ws/install/ardupilot_sitl_models:/home/gadzz/ardu_ws/install/ardupilot_msgs:/home/gadzz/ardu_ws/install/ardupilot_gz_gazebo:/home/gadzz/ardu_ws/install/ardupilot_gz_description:/home/gadzz/ardu_ws/install/ardupilot_gz_application:/home/gadzz/ardu_ws/install/ardupilot_gazebo:/opt/ros/humble'), ('LC_NAME', 'id_ID.UTF-8'), ('SHELL', '/usr/bin/zsh'), ('GDMSESSION', 'awesome'), ('QT_ACCESSIBILITY', '1'), ('IGN_GAZEBO_RESOURCE_PATH', '/home/gadzz/ardu_ws/install/ros_gz_sim_demos/share'), ('LC_MEASUREMENT', 'id_ID.UTF-8'), ('GPG_AGENT_INFO', '/run/user/1000/gnupg/S.gpg-agent:0:1'), ('GZ_VERSION', 'harmonic'), ('LC_IDENTIFICATION', 'id_ID.UTF-8'), ('ALACRITTY_WINDOW_ID', '35651589'), ('QT_IM_MODULE', 'ibus'), ('XDG_VTNR', '2'), ('PWD', '/home/gadzz/tubitak_ws/build/mission_center'), ('CLUTTER_IM_MODULE', 'ibus'), ('XDG_CONFIG_DIRS', '/etc/xdg/xdg-awesome:/etc/xdg'), ('XDG_DATA_DIRS', '/usr/share/awesome:/usr/share/gnome:/usr/local/share/:/usr/share/:/var/lib/snapd/desktop'), ('LC_NUMERIC', 'id_ID.UTF-8'), ('PYTHONPATH', '/home/gadzz/tubitak_ws/install/keyboard_msgs/local/lib/python3.10/dist-packages:/home/gadzz/ardu_ws/install/ros_ign_interfaces/local/lib/python3.10/dist-packages:/home/gadzz/ardu_ws/install/ros_gz_interfaces/local/lib/python3.10/dist-packages:/home/gadzz/ardu_ws/install/ardupilot_dds_tests/lib/python3.10/site-packages:/home/gadzz/ardu_ws/install/ardupilot_sitl/local/lib/python3.10/dist-packages:/home/gadzz/ardu_ws/install/keyboard_msgs/local/lib/python3.10/dist-packages:/home/gadzz/ardu_ws/install/ardupilot_msgs/local/lib/python3.10/dist-packages:/opt/ros/humble/lib/python3.10/site-packages:/opt/ros/humble/local/lib/python3.10/dist-packages'), ('LC_PAPER', 'id_ID.UTF-8'), ('TMUX_PLUGIN_MANAGER_PATH', '/home/gadzz/.config/tmux/plugins/'), ('COLCON', '1'), ('TERMINAL', 'alacritty'), ('TMUX_PANE', '%6'), ('CMAKE_PREFIX_PATH', '/home/gadzz/tubitak_ws/install/keyboard_msgs:/home/gadzz/ardu_ws/install/test_ros_gz_bridge:/home/gadzz/ardu_ws/install/ros_ign:/home/gadzz/ardu_ws/install/ros_ign_gazebo_demos:/home/gadzz/ardu_ws/install/ros_gz:/home/gadzz/ardu_ws/install/ros_gz_sim_demos:/home/gadzz/ardu_ws/install/ardupilot_gz_bringup:/home/gadzz/ardu_ws/install/sdformat_urdf:/home/gadzz/ardu_ws/install/sdformat_test_files:/home/gadzz/ardu_ws/install/ros_ign_interfaces:/home/gadzz/ardu_ws/install/ros_ign_image:/home/gadzz/ardu_ws/install/ros_ign_gazebo:/home/gadzz/ardu_ws/install/ros_ign_bridge:/home/gadzz/ardu_ws/install/ros_gz_sim:/home/gadzz/ardu_ws/install/ros_gz_image:/home/gadzz/ardu_ws/install/ros_gz_bridge:/home/gadzz/ardu_ws/install/ros_gz_interfaces:/home/gadzz/ardu_ws/install/ardupilot_sitl:/home/gadzz/ardu_ws/install/micro_ros_agent:/home/gadzz/ardu_ws/install/keyboard:/home/gadzz/ardu_ws/install/keyboard_msgs:/home/gadzz/ardu_ws/install/ardupilot_sitl_models:/home/gadzz/ardu_ws/install/ardupilot_msgs:/home/gadzz/ardu_ws/install/ardupilot_gz_gazebo:/home/gadzz/ardu_ws/install/ardupilot_gz_description:/home/gadzz/ardu_ws/install/ardupilot_gz_application:/home/gadzz/ardu_ws/install/ardupilot_gazebo:/home/gadzz/ardu_ws/install/ardupilot_dds_tests:/opt/ros/humble'), ('EDITOR', 'geany'), ('HISTORY_IGNORE', '(ls|cd|pwd|exit|sudo reboot|history|cd -|cd ..)')]), 'shell': False}
[1.504670] (-) TimerEvent: {}
[1.579144] (keyboard) StdoutLine: {'line': b'[100%] Built target keyboard\n'}
[1.581281] (mission_center) StdoutLine: {'line': b'\x1b[35m\x1b[1mConsolidate compiler generated dependencies of target uav_mission\x1b[0m\n'}
[1.604107] (keyboard) CommandEnded: {'returncode': 0}
[1.606934] (-) TimerEvent: {}
[1.607501] (keyboard) JobProgress: {'identifier': 'keyboard', 'progress': 'install'}
[1.608164] (keyboard) Command: {'cmd': ['/usr/bin/cmake', '--install', '/home/gadzz/tubitak_ws/build/keyboard'], 'cwd': '/home/gadzz/tubitak_ws/build/keyboard', 'env': OrderedDict([('GZ_SIM_SYSTEM_PLUGIN_PATH', '/home/gadzz/ardu_ws/install/ardupilot_sitl_models/lib/ardupilot_sitl_models/:/home/gadzz/ardu_ws/install/ardupilot_gz_gazebo/lib/ardupilot_gz_gazebo/:/home/gadzz/ardu_ws/install/ardupilot_gazebo/lib/ardupilot_gazebo/'), ('TMUX', '/tmp/tmux-1000/default,6097,1'), ('GZ_SIM_RESOURCE_PATH', '/home/gadzz/ardu_ws/install/ardupilot_sitl_models/share/ardupilot_sitl_models/worlds:/home/gadzz/ardu_ws/install/ardupilot_sitl_models/share/ardupilot_sitl_models/models:/home/gadzz/ardu_ws/install/ardupilot_sitl_models/share:/home/gadzz/ardu_ws/install/ardupilot_gz_gazebo/share/ardupilot_gz_gazebo/worlds:/home/gadzz/ardu_ws/install/ardupilot_gz_description/share/ardupilot_gz_description/models:/home/gadzz/ardu_ws/install/ardupilot_gz_description/share:/home/gadzz/ardu_ws/install/ardupilot_gazebo/share/ardupilot_gazebo/worlds:/home/gadzz/ardu_ws/install/ardupilot_gazebo/share/ardupilot_gazebo/models:/home/gadzz/ardu_ws/install/ardupilot_gazebo/share'), ('LC_TIME', 'id_ID.UTF-8'), ('USER', 'gadzz'), ('XDG_SEAT', 'seat0'), ('XDG_SESSION_TYPE', 'x11'), ('BROWSER', 'firefox-esr'), ('LD_LIBRARY_PATH', '/home/gadzz/tubitak_ws/install/keyboard_msgs/lib:/home/gadzz/ardu_ws/install/sdformat_urdf/lib:/home/gadzz/ardu_ws/install/ros_ign_interfaces/lib:/home/gadzz/ardu_ws/install/ros_gz_sim/lib:/home/gadzz/ardu_ws/install/ros_gz_bridge/lib:/home/gadzz/ardu_ws/install/ros_gz_interfaces/lib:/home/gadzz/ardu_ws/install/micro_ros_agent/lib:/home/gadzz/ardu_ws/install/keyboard_msgs/lib:/home/gadzz/ardu_ws/install/ardupilot_msgs/lib:/opt/ros/humble/opt/rviz_ogre_vendor/lib:/opt/ros/humble/lib/x86_64-linux-gnu:/opt/ros/humble/lib'), ('SHLVL', '2'), ('HOME', '/home/gadzz'), ('LESS', '-R'), ('OLDPWD', '/home/gadzz/tubitak_ws'), ('DESKTOP_SESSION', 'awesome'), ('TERM_PROGRAM_VERSION', '3.5a'), ('LSCOLORS', 'Gxfxcxdxbxegedabagacad'), ('ZSH', '/home/gadzz/.oh-my-zsh'), ('GTK_MODULES', 'gail:atk-bridge'), ('PAGER', 'less'), ('ROS_PYTHON_VERSION', '3'), ('LC_MONETARY', 'id_ID.UTF-8'), ('DBUS_SESSION_BUS_ADDRESS', 'unix:path=/run/user/1000/bus'), ('SYSTEMD_EXEC_PID', '2022'), ('VISUAL', 'nvim'), ('COLORTERM', 'truecolor'), ('FZF_BASE', '/usr/bin/fzf'), ('COLCON_PREFIX_PATH', '/home/gadzz/ardu_ws/install'), ('ROS_DISTRO', 'humble'), ('ALACRITTY_SOCKET', '/run/user/1000/Alacritty-:0-5220.sock'), ('GTK_IM_MODULE', 'ibus'), ('LOGNAME', 'gadzz'), ('WINDOWID', '46137349'), ('_', '/usr/bin/colcon'), ('PKG_CONFIG_PATH', '/home/gadzz/ardu_ws/install/sdformat_test_files/lib/x86_64-linux-gnu/pkgconfig:/home/gadzz/ardu_ws/install/sdformat_test_files/lib/pkgconfig'), ('ROS_VERSION', '2'), ('XDG_SESSION_CLASS', 'user'), ('ALACRITTY_LOG', '/tmp/Alacritty-5220.log'), ('TERM', 'tmux-256color'), ('USERNAME', 'gadzz'), ('XDG_SESSION_ID', '2'), ('ROS_LOCALHOST_ONLY', '0'), ('WINDOWPATH', '2'), ('PATH', '/home/gadzz/.local/bin:/home/gadzz/ardu_ws/install/ardupilot_sitl/bin:/opt/ros/humble/bin:/home/gadzz/.local/bin:/usr/lib/ccache:/home/gadzz/ardu_ws/src/ardupilot/Tools/autotest:/opt/gcc-arm-none-eabi-10-2020-q4-major/bin:/home/gadzz/.local/bin:/usr/local/sbin:/usr/local/bin:/usr/sbin:/usr/bin:/sbin:/bin:/usr/games:/usr/local/games:/snap/bin:/snap/bin:/home/gadzz/ardu_ws/Micro-XRCE-DDS-Gen/scripts:/home/gadzz/ardu_ws/src/ardupilot/Tools/autotest:/home/gadzz/ardu_ws/Micro-XRCE-DDS-Gen/scripts:/home/gadzz/ardu_ws/src/ardupilot/Tools/autotest'), ('DIRHISTORY_SIZE', '30'), ('LC_ADDRESS', 'id_ID.UTF-8'), ('XDG_RUNTIME_DIR', '/run/user/1000'), ('DISPLAY', ':0'), ('LANG', 'en_US.UTF-8'), ('LC_TELEPHONE', 'id_ID.UTF-8'), ('LS_COLORS', 'rs=0:di=01;34:ln=01;36:mh=00:pi=40;33:so=01;35:do=01;35:bd=40;33;01:cd=40;33;01:or=40;31;01:mi=00:su=37;41:sg=30;43:ca=30;41:tw=30;42:ow=34;42:st=37;44:ex=01;32:*.tar=01;31:*.tgz=01;31:*.arc=01;31:*.arj=01;31:*.taz=01;31:*.lha=01;31:*.lz4=01;31:*.lzh=01;31:*.lzma=01;31:*.tlz=01;31:*.txz=01;31:*.tzo=01;31:*.t7z=01;31:*.zip=01;31:*.z=01;31:*.dz=01;31:*.gz=01;31:*.lrz=01;31:*.lz=01;31:*.lzo=01;31:*.xz=01;31:*.zst=01;31:*.tzst=01;31:*.bz2=01;31:*.bz=01;31:*.tbz=01;31:*.tbz2=01;31:*.tz=01;31:*.deb=01;31:*.rpm=01;31:*.jar=01;31:*.war=01;31:*.ear=01;31:*.sar=01;31:*.rar=01;31:*.alz=01;31:*.ace=01;31:*.zoo=01;31:*.cpio=01;31:*.7z=01;31:*.rz=01;31:*.cab=01;31:*.wim=01;31:*.swm=01;31:*.dwm=01;31:*.esd=01;31:*.jpg=01;35:*.jpeg=01;35:*.mjpg=01;35:*.mjpeg=01;35:*.gif=01;35:*.bmp=01;35:*.pbm=01;35:*.pgm=01;35:*.ppm=01;35:*.tga=01;35:*.xbm=01;35:*.xpm=01;35:*.tif=01;35:*.tiff=01;35:*.png=01;35:*.svg=01;35:*.svgz=01;35:*.mng=01;35:*.pcx=01;35:*.mov=01;35:*.mpg=01;35:*.mpeg=01;35:*.m2v=01;35:*.mkv=01;35:*.webm=01;35:*.webp=01;35:*.ogm=01;35:*.mp4=01;35:*.m4v=01;35:*.mp4v=01;35:*.vob=01;35:*.qt=01;35:*.nuv=01;35:*.wmv=01;35:*.asf=01;35:*.rm=01;35:*.rmvb=01;35:*.flc=01;35:*.avi=01;35:*.fli=01;35:*.flv=01;35:*.gl=01;35:*.dl=01;35:*.xcf=01;35:*.xwd=01;35:*.yuv=01;35:*.cgm=01;35:*.emf=01;35:*.ogv=01;35:*.ogx=01;35:*.aac=00;36:*.au=00;36:*.flac=00;36:*.m4a=00;36:*.mid=00;36:*.midi=00;36:*.mka=00;36:*.mp3=00;36:*.mpc=00;36:*.ogg=00;36:*.ra=00;36:*.wav=00;36:*.oga=00;36:*.opus=00;36:*.spx=00;36:*.xspf=00;36:'), ('TERM_PROGRAM', 'tmux'), ('XAUTHORITY', '/run/user/1000/gdm/Xauthority'), ('XDG_SESSION_DESKTOP', 'awesome'), ('XMODIFIERS', '@im=ibus'), ('AMENT_PREFIX_PATH', '/home/gadzz/tubitak_ws/install/keyboard_msgs:/home/gadzz/ardu_ws/install/test_ros_gz_bridge:/home/gadzz/ardu_ws/install/ros_ign:/home/gadzz/ardu_ws/install/ros_ign_gazebo_demos:/home/gadzz/ardu_ws/install/ros_gz:/home/gadzz/ardu_ws/install/ros_gz_sim_demos:/home/gadzz/ardu_ws/install/ardupilot_gz_bringup:/home/gadzz/ardu_ws/install/sdformat_urdf:/home/gadzz/ardu_ws/install/ros_ign_interfaces:/home/gadzz/ardu_ws/install/ros_ign_image:/home/gadzz/ardu_ws/install/ros_ign_gazebo:/home/gadzz/ardu_ws/install/ros_ign_bridge:/home/gadzz/ardu_ws/install/ros_gz_sim:/home/gadzz/ardu_ws/install/ros_gz_image:/home/gadzz/ardu_ws/install/ros_gz_bridge:/home/gadzz/ardu_ws/install/ros_gz_interfaces:/home/gadzz/ardu_ws/install/ardupilot_dds_tests:/home/gadzz/ardu_ws/install/ardupilot_sitl:/home/gadzz/ardu_ws/install/micro_ros_agent:/home/gadzz/ardu_ws/install/keyboard:/home/gadzz/ardu_ws/install/keyboard_msgs:/home/gadzz/ardu_ws/install/ardupilot_sitl_models:/home/gadzz/ardu_ws/install/ardupilot_msgs:/home/gadzz/ardu_ws/install/ardupilot_gz_gazebo:/home/gadzz/ardu_ws/install/ardupilot_gz_description:/home/gadzz/ardu_ws/install/ardupilot_gz_application:/home/gadzz/ardu_ws/install/ardupilot_gazebo:/opt/ros/humble'), ('LC_NAME', 'id_ID.UTF-8'), ('SHELL', '/usr/bin/zsh'), ('GDMSESSION', 'awesome'), ('QT_ACCESSIBILITY', '1'), ('IGN_GAZEBO_RESOURCE_PATH', '/home/gadzz/ardu_ws/install/ros_gz_sim_demos/share'), ('LC_MEASUREMENT', 'id_ID.UTF-8'), ('GPG_AGENT_INFO', '/run/user/1000/gnupg/S.gpg-agent:0:1'), ('GZ_VERSION', 'harmonic'), ('LC_IDENTIFICATION', 'id_ID.UTF-8'), ('ALACRITTY_WINDOW_ID', '35651589'), ('QT_IM_MODULE', 'ibus'), ('XDG_VTNR', '2'), ('PWD', '/home/gadzz/tubitak_ws/build/keyboard'), ('CLUTTER_IM_MODULE', 'ibus'), ('XDG_CONFIG_DIRS', '/etc/xdg/xdg-awesome:/etc/xdg'), ('XDG_DATA_DIRS', '/usr/share/awesome:/usr/share/gnome:/usr/local/share/:/usr/share/:/var/lib/snapd/desktop'), ('LC_NUMERIC', 'id_ID.UTF-8'), ('PYTHONPATH', '/home/gadzz/tubitak_ws/install/keyboard_msgs/local/lib/python3.10/dist-packages:/home/gadzz/ardu_ws/install/ros_ign_interfaces/local/lib/python3.10/dist-packages:/home/gadzz/ardu_ws/install/ros_gz_interfaces/local/lib/python3.10/dist-packages:/home/gadzz/ardu_ws/install/ardupilot_dds_tests/lib/python3.10/site-packages:/home/gadzz/ardu_ws/install/ardupilot_sitl/local/lib/python3.10/dist-packages:/home/gadzz/ardu_ws/install/keyboard_msgs/local/lib/python3.10/dist-packages:/home/gadzz/ardu_ws/install/ardupilot_msgs/local/lib/python3.10/dist-packages:/opt/ros/humble/lib/python3.10/site-packages:/opt/ros/humble/local/lib/python3.10/dist-packages'), ('LC_PAPER', 'id_ID.UTF-8'), ('TMUX_PLUGIN_MANAGER_PATH', '/home/gadzz/.config/tmux/plugins/'), ('COLCON', '1'), ('TERMINAL', 'alacritty'), ('TMUX_PANE', '%6'), ('CMAKE_PREFIX_PATH', '/home/gadzz/tubitak_ws/install/keyboard_msgs:/home/gadzz/ardu_ws/install/test_ros_gz_bridge:/home/gadzz/ardu_ws/install/ros_ign:/home/gadzz/ardu_ws/install/ros_ign_gazebo_demos:/home/gadzz/ardu_ws/install/ros_gz:/home/gadzz/ardu_ws/install/ros_gz_sim_demos:/home/gadzz/ardu_ws/install/ardupilot_gz_bringup:/home/gadzz/ardu_ws/install/sdformat_urdf:/home/gadzz/ardu_ws/install/sdformat_test_files:/home/gadzz/ardu_ws/install/ros_ign_interfaces:/home/gadzz/ardu_ws/install/ros_ign_image:/home/gadzz/ardu_ws/install/ros_ign_gazebo:/home/gadzz/ardu_ws/install/ros_ign_bridge:/home/gadzz/ardu_ws/install/ros_gz_sim:/home/gadzz/ardu_ws/install/ros_gz_image:/home/gadzz/ardu_ws/install/ros_gz_bridge:/home/gadzz/ardu_ws/install/ros_gz_interfaces:/home/gadzz/ardu_ws/install/ardupilot_sitl:/home/gadzz/ardu_ws/install/micro_ros_agent:/home/gadzz/ardu_ws/install/keyboard:/home/gadzz/ardu_ws/install/keyboard_msgs:/home/gadzz/ardu_ws/install/ardupilot_sitl_models:/home/gadzz/ardu_ws/install/ardupilot_msgs:/home/gadzz/ardu_ws/install/ardupilot_gz_gazebo:/home/gadzz/ardu_ws/install/ardupilot_gz_description:/home/gadzz/ardu_ws/install/ardupilot_gz_application:/home/gadzz/ardu_ws/install/ardupilot_gazebo:/home/gadzz/ardu_ws/install/ardupilot_dds_tests:/opt/ros/humble'), ('EDITOR', 'geany'), ('HISTORY_IGNORE', '(ls|cd|pwd|exit|sudo reboot|history|cd -|cd ..)')]), 'shell': False}
[1.619846] (mission_center) StdoutLine: {'line': b'[  7%] \x1b[32mBuilding CXX object CMakeFiles/uav_mission.dir/src/uav_mission.cpp.o\x1b[0m\n'}
[1.627947] (keyboard) StdoutLine: {'line': b'-- Install configuration: "Release"\n'}
[1.628611] (keyboard) StdoutLine: {'line': b'-- Up-to-date: /home/gadzz/tubitak_ws/install/keyboard/lib/keyboard/keyboard\n'}
[1.628755] (keyboard) StdoutLine: {'line': b'-- Up-to-date: /home/gadzz/tubitak_ws/install/keyboard/lib/keyboard/keyboard_to_joy.py\n'}
[1.628834] (keyboard) StdoutLine: {'line': b'-- Up-to-date: /home/gadzz/tubitak_ws/install/keyboard/share/keyboard/config\n'}
[1.628996] (keyboard) StdoutLine: {'line': b'-- Up-to-date: /home/gadzz/tubitak_ws/install/keyboard/share/keyboard/config/example_config.yaml\n'}
[1.629107] (keyboard) StdoutLine: {'line': b'-- Up-to-date: /home/gadzz/tubitak_ws/install/keyboard/share/ament_index/resource_index/package_run_dependencies/keyboard\n'}
[1.629329] (keyboard) StdoutLine: {'line': b'-- Up-to-date: /home/gadzz/tubitak_ws/install/keyboard/share/ament_index/resource_index/parent_prefix_path/keyboard\n'}
[1.629437] (keyboard) StdoutLine: {'line': b'-- Up-to-date: /home/gadzz/tubitak_ws/install/keyboard/share/keyboard/environment/ament_prefix_path.sh\n'}
[1.629528] (keyboard) StdoutLine: {'line': b'-- Up-to-date: /home/gadzz/tubitak_ws/install/keyboard/share/keyboard/environment/ament_prefix_path.dsv\n'}
[1.629619] (keyboard) StdoutLine: {'line': b'-- Up-to-date: /home/gadzz/tubitak_ws/install/keyboard/share/keyboard/environment/path.sh\n'}
[1.629700] (keyboard) StdoutLine: {'line': b'-- Up-to-date: /home/gadzz/tubitak_ws/install/keyboard/share/keyboard/environment/path.dsv\n'}
[1.629954] (keyboard) StdoutLine: {'line': b'-- Up-to-date: /home/gadzz/tubitak_ws/install/keyboard/share/keyboard/local_setup.bash\n'}
[1.630320] (keyboard) StdoutLine: {'line': b'-- Up-to-date: /home/gadzz/tubitak_ws/install/keyboard/share/keyboard/local_setup.sh\n'}
[1.630412] (keyboard) StdoutLine: {'line': b'-- Up-to-date: /home/gadzz/tubitak_ws/install/keyboard/share/keyboard/local_setup.zsh\n'}
[1.630502] (keyboard) StdoutLine: {'line': b'-- Up-to-date: /home/gadzz/tubitak_ws/install/keyboard/share/keyboard/local_setup.dsv\n'}
[1.630584] (keyboard) StdoutLine: {'line': b'-- Installing: /home/gadzz/tubitak_ws/install/keyboard/share/keyboard/package.dsv\n'}
[1.631120] (keyboard) StdoutLine: {'line': b'-- Up-to-date: /home/gadzz/tubitak_ws/install/keyboard/share/ament_index/resource_index/packages/keyboard\n'}
[1.633114] (keyboard) StdoutLine: {'line': b'-- Up-to-date: /home/gadzz/tubitak_ws/install/keyboard/share/keyboard/cmake/keyboardConfig.cmake\n'}
[1.633855] (keyboard) StdoutLine: {'line': b'-- Up-to-date: /home/gadzz/tubitak_ws/install/keyboard/share/keyboard/cmake/keyboardConfig-version.cmake\n'}
[1.634080] (keyboard) StdoutLine: {'line': b'-- Up-to-date: /home/gadzz/tubitak_ws/install/keyboard/share/keyboard/package.xml\n'}
[1.635975] (keyboard) CommandEnded: {'returncode': 0}
[1.671104] (keyboard) JobEnded: {'identifier': 'keyboard', 'rc': 0}
[1.707489] (-) TimerEvent: {}
[1.808219] (-) TimerEvent: {}
[1.908849] (-) TimerEvent: {}
[2.009711] (-) TimerEvent: {}
[2.110248] (-) TimerEvent: {}
[2.211345] (-) TimerEvent: {}
[2.312506] (-) TimerEvent: {}
[2.413101] (-) TimerEvent: {}
[2.513638] (-) TimerEvent: {}
[2.614422] (-) TimerEvent: {}
[2.715438] (-) TimerEvent: {}
[2.816017] (-) TimerEvent: {}
[2.916550] (-) TimerEvent: {}
[3.017390] (-) TimerEvent: {}
[3.118305] (-) TimerEvent: {}
[3.218818] (-) TimerEvent: {}
[3.319630] (-) TimerEvent: {}
[3.422329] (-) TimerEvent: {}
[3.522864] (-) TimerEvent: {}
[3.623346] (-) TimerEvent: {}
[3.723850] (-) TimerEvent: {}
[3.824392] (-) TimerEvent: {}
[3.925126] (-) TimerEvent: {}
[4.026203] (-) TimerEvent: {}
[4.126682] (-) TimerEvent: {}
[4.227478] (-) TimerEvent: {}
[4.328712] (-) TimerEvent: {}
[4.429225] (-) TimerEvent: {}
[4.529927] (-) TimerEvent: {}
[4.630613] (-) TimerEvent: {}
[4.731520] (-) TimerEvent: {}
[4.832215] (-) TimerEvent: {}
[4.932878] (-) TimerEvent: {}
[5.033825] (-) TimerEvent: {}
[5.134559] (-) TimerEvent: {}
[5.235072] (-) TimerEvent: {}
[5.335619] (-) TimerEvent: {}
[5.436206] (-) TimerEvent: {}
[5.537005] (-) TimerEvent: {}
[5.637700] (-) TimerEvent: {}
[5.739093] (-) TimerEvent: {}
[5.839542] (-) TimerEvent: {}
[5.940427] (-) TimerEvent: {}
[6.041311] (-) TimerEvent: {}
[6.142634] (-) TimerEvent: {}
[6.243302] (-) TimerEvent: {}
[6.344710] (-) TimerEvent: {}
[6.446058] (-) TimerEvent: {}
[6.546708] (-) TimerEvent: {}
[6.647669] (-) TimerEvent: {}
[6.748384] (-) TimerEvent: {}
[6.849875] (-) TimerEvent: {}
[6.950844] (-) TimerEvent: {}
[7.051728] (-) TimerEvent: {}
[7.152380] (-) TimerEvent: {}
[7.252906] (-) TimerEvent: {}
[7.354670] (-) TimerEvent: {}
[7.455987] (-) TimerEvent: {}
[7.556556] (-) TimerEvent: {}
[7.656945] (-) TimerEvent: {}
[7.757477] (-) TimerEvent: {}
[7.858117] (-) TimerEvent: {}
[7.958773] (-) TimerEvent: {}
[8.059221] (-) TimerEvent: {}
[8.159863] (-) TimerEvent: {}
[8.260928] (-) TimerEvent: {}
[8.361825] (-) TimerEvent: {}
[8.462482] (-) TimerEvent: {}
[8.563309] (-) TimerEvent: {}
[8.663747] (-) TimerEvent: {}
[8.764361] (-) TimerEvent: {}
[8.865874] (-) TimerEvent: {}
[8.966882] (-) TimerEvent: {}
[9.067638] (-) TimerEvent: {}
[9.168909] (-) TimerEvent: {}
[9.269978] (-) TimerEvent: {}
[9.370545] (-) TimerEvent: {}
[9.471315] (-) TimerEvent: {}
[9.572147] (-) TimerEvent: {}
[9.672953] (-) TimerEvent: {}
[9.774970] (-) TimerEvent: {}
[9.875465] (-) TimerEvent: {}
[9.975927] (-) TimerEvent: {}
[10.076660] (-) TimerEvent: {}
[10.177270] (-) TimerEvent: {}
[10.278205] (-) TimerEvent: {}
[10.379067] (-) TimerEvent: {}
[10.479914] (-) TimerEvent: {}
[10.580646] (-) TimerEvent: {}
[10.681508] (-) TimerEvent: {}
[10.782226] (-) TimerEvent: {}
[10.882897] (-) TimerEvent: {}
[10.983491] (-) TimerEvent: {}
[11.083933] (-) TimerEvent: {}
[11.184659] (-) TimerEvent: {}
[11.285788] (-) TimerEvent: {}
[11.386254] (-) TimerEvent: {}
[11.486863] (-) TimerEvent: {}
[11.587394] (-) TimerEvent: {}
[11.687909] (-) TimerEvent: {}
[11.788461] (-) TimerEvent: {}
[11.889288] (-) TimerEvent: {}
[11.989971] (-) TimerEvent: {}
[12.090843] (-) TimerEvent: {}
[12.191958] (-) TimerEvent: {}
[12.293035] (-) TimerEvent: {}
[12.393530] (-) TimerEvent: {}
[12.493947] (-) TimerEvent: {}
[12.594522] (-) TimerEvent: {}
[12.695280] (-) TimerEvent: {}
[12.795716] (-) TimerEvent: {}
[12.896889] (-) TimerEvent: {}
[12.997619] (-) TimerEvent: {}
[13.098322] (-) TimerEvent: {}
[13.198982] (-) TimerEvent: {}
[13.299688] (-) TimerEvent: {}
[13.400628] (-) TimerEvent: {}
[13.501965] (-) TimerEvent: {}
[13.603322] (-) TimerEvent: {}
[13.704576] (-) TimerEvent: {}
[13.805021] (-) TimerEvent: {}
[13.905874] (-) TimerEvent: {}
[14.006471] (-) TimerEvent: {}
[14.107240] (-) TimerEvent: {}
[14.207871] (-) TimerEvent: {}
[14.308957] (-) TimerEvent: {}
[14.409797] (-) TimerEvent: {}
[14.510591] (-) TimerEvent: {}
[14.611335] (-) TimerEvent: {}
[14.711953] (-) TimerEvent: {}
[14.812831] (-) TimerEvent: {}
[14.914462] (-) TimerEvent: {}
[15.015467] (-) TimerEvent: {}
[15.116215] (-) TimerEvent: {}
[15.217690] (-) TimerEvent: {}
[15.318692] (-) TimerEvent: {}
[15.419695] (-) TimerEvent: {}
[15.521104] (-) TimerEvent: {}
[15.622305] (-) TimerEvent: {}
[15.723842] (-) TimerEvent: {}
[15.824768] (-) TimerEvent: {}
[15.925845] (-) TimerEvent: {}
[16.026450] (-) TimerEvent: {}
[16.127415] (-) TimerEvent: {}
[16.228710] (-) TimerEvent: {}
[16.330167] (-) TimerEvent: {}
[16.430939] (-) TimerEvent: {}
[16.531783] (-) TimerEvent: {}
[16.632772] (-) TimerEvent: {}
[16.733487] (-) TimerEvent: {}
[16.834086] (-) TimerEvent: {}
[16.934609] (-) TimerEvent: {}
[17.035342] (-) TimerEvent: {}
[17.136229] (-) TimerEvent: {}
[17.236953] (-) TimerEvent: {}
[17.337442] (-) TimerEvent: {}
[17.438176] (-) TimerEvent: {}
[17.538973] (-) TimerEvent: {}
[17.639652] (-) TimerEvent: {}
[17.742087] (-) TimerEvent: {}
[17.842621] (-) TimerEvent: {}
[17.943591] (-) TimerEvent: {}
[18.044647] (-) TimerEvent: {}
[18.145336] (-) TimerEvent: {}
[18.246557] (-) TimerEvent: {}
[18.347639] (-) TimerEvent: {}
[18.448360] (-) TimerEvent: {}
[18.549378] (-) TimerEvent: {}
[18.650202] (-) TimerEvent: {}
[18.750847] (-) TimerEvent: {}
[18.851644] (-) TimerEvent: {}
[18.952515] (-) TimerEvent: {}
[19.053387] (-) TimerEvent: {}
[19.154012] (-) TimerEvent: {}
[19.254643] (-) TimerEvent: {}
[19.355290] (-) TimerEvent: {}
[19.456197] (-) TimerEvent: {}
[19.557428] (-) TimerEvent: {}
[19.657858] (-) TimerEvent: {}
[19.758383] (-) TimerEvent: {}
[19.859026] (-) TimerEvent: {}
[19.959512] (-) TimerEvent: {}
[20.060165] (-) TimerEvent: {}
[20.160914] (-) TimerEvent: {}
[20.261856] (-) TimerEvent: {}
[20.362764] (-) TimerEvent: {}
[20.463622] (-) TimerEvent: {}
[20.564575] (-) TimerEvent: {}
[20.665499] (-) TimerEvent: {}
[20.766816] (-) TimerEvent: {}
[20.868447] (-) TimerEvent: {}
[20.969208] (-) TimerEvent: {}
[21.070070] (-) TimerEvent: {}
[21.170630] (-) TimerEvent: {}
[21.271189] (-) TimerEvent: {}
[21.371826] (-) TimerEvent: {}
[21.473742] (-) TimerEvent: {}
[21.576030] (-) TimerEvent: {}
[21.677238] (-) TimerEvent: {}
[21.777677] (-) TimerEvent: {}
[21.878288] (-) TimerEvent: {}
[21.979154] (-) TimerEvent: {}
[22.079727] (-) TimerEvent: {}
[22.180886] (-) TimerEvent: {}
[22.284081] (-) TimerEvent: {}
[22.385142] (-) TimerEvent: {}
[22.485569] (-) TimerEvent: {}
[22.586081] (-) TimerEvent: {}
[22.686468] (-) TimerEvent: {}
[22.786906] (-) TimerEvent: {}
[22.887423] (-) TimerEvent: {}
[22.987851] (-) TimerEvent: {}
[23.088419] (-) TimerEvent: {}
[23.189581] (-) TimerEvent: {}
[23.290193] (-) TimerEvent: {}
[23.390734] (-) TimerEvent: {}
[23.491365] (-) TimerEvent: {}
[23.591932] (-) TimerEvent: {}
[23.692852] (-) TimerEvent: {}
[23.793498] (-) TimerEvent: {}
[23.894361] (-) TimerEvent: {}
[23.996066] (-) TimerEvent: {}
[24.097241] (-) TimerEvent: {}
[24.199157] (-) TimerEvent: {}
[24.299986] (-) TimerEvent: {}
[24.400758] (-) TimerEvent: {}
[24.501538] (-) TimerEvent: {}
[24.602117] (-) TimerEvent: {}
[24.702842] (-) TimerEvent: {}
[24.804008] (-) TimerEvent: {}
[24.904776] (-) TimerEvent: {}
[25.005825] (-) TimerEvent: {}
[25.106598] (-) TimerEvent: {}
[25.207122] (-) TimerEvent: {}
[25.308346] (-) TimerEvent: {}
[25.408983] (-) TimerEvent: {}
[25.509970] (-) TimerEvent: {}
[25.610545] (-) TimerEvent: {}
[25.711035] (-) TimerEvent: {}
[25.811527] (-) TimerEvent: {}
[25.912252] (-) TimerEvent: {}
[26.012762] (-) TimerEvent: {}
[26.113557] (-) TimerEvent: {}
[26.214122] (-) TimerEvent: {}
[26.314550] (-) TimerEvent: {}
[26.415346] (-) TimerEvent: {}
[26.516019] (-) TimerEvent: {}
[26.616815] (-) TimerEvent: {}
[26.717485] (-) TimerEvent: {}
[26.818387] (-) TimerEvent: {}
[26.918896] (-) TimerEvent: {}
[27.019768] (-) TimerEvent: {}
[27.120483] (-) TimerEvent: {}
[27.221777] (-) TimerEvent: {}
[27.322654] (-) TimerEvent: {}
[27.423215] (-) TimerEvent: {}
[27.524024] (-) TimerEvent: {}
[27.624843] (-) TimerEvent: {}
[27.725315] (-) TimerEvent: {}
[27.826105] (-) TimerEvent: {}
[27.927141] (-) TimerEvent: {}
[28.027681] (-) TimerEvent: {}
[28.128416] (-) TimerEvent: {}
[28.229154] (-) TimerEvent: {}
[28.329831] (-) TimerEvent: {}
[28.430844] (-) TimerEvent: {}
[28.531812] (-) TimerEvent: {}
[28.632464] (-) TimerEvent: {}
[28.732939] (-) TimerEvent: {}
[28.833676] (-) TimerEvent: {}
[28.934881] (-) TimerEvent: {}
[29.036119] (-) TimerEvent: {}
[29.136750] (-) TimerEvent: {}
[29.237595] (-) TimerEvent: {}
[29.338234] (-) TimerEvent: {}
[29.439033] (-) TimerEvent: {}
[29.540083] (-) TimerEvent: {}
[29.640727] (-) TimerEvent: {}
[29.741450] (-) TimerEvent: {}
[29.842490] (-) TimerEvent: {}
[29.943225] (-) TimerEvent: {}
[30.043954] (-) TimerEvent: {}
[30.144901] (-) TimerEvent: {}
[30.245652] (-) TimerEvent: {}
[30.346435] (-) TimerEvent: {}
[30.447087] (-) TimerEvent: {}
[30.547785] (-) TimerEvent: {}
[30.649162] (-) TimerEvent: {}
[30.750322] (-) TimerEvent: {}
[30.852632] (-) TimerEvent: {}
[30.953199] (-) TimerEvent: {}
[31.053729] (-) TimerEvent: {}
[31.154463] (-) TimerEvent: {}
[31.255114] (-) TimerEvent: {}
[31.356271] (-) TimerEvent: {}
[31.457352] (-) TimerEvent: {}
[31.557966] (-) TimerEvent: {}
[31.658688] (-) TimerEvent: {}
[31.759310] (-) TimerEvent: {}
[31.859969] (-) TimerEvent: {}
[31.960715] (-) TimerEvent: {}
[32.061532] (-) TimerEvent: {}
[32.162281] (-) TimerEvent: {}
[32.262979] (-) TimerEvent: {}
[32.363840] (-) TimerEvent: {}
[32.464572] (-) TimerEvent: {}
[32.565069] (-) TimerEvent: {}
[32.665728] (-) TimerEvent: {}
[32.766363] (-) TimerEvent: {}
[32.866973] (-) TimerEvent: {}
[32.967949] (-) TimerEvent: {}
[33.068407] (-) TimerEvent: {}
[33.168747] (-) TimerEvent: {}
[33.269409] (-) TimerEvent: {}
[33.370269] (-) TimerEvent: {}
[33.471595] (-) TimerEvent: {}
[33.572354] (-) TimerEvent: {}
[33.673168] (-) TimerEvent: {}
[33.773688] (-) TimerEvent: {}
[33.874332] (-) TimerEvent: {}
[33.974973] (-) TimerEvent: {}
[34.075792] (-) TimerEvent: {}
[34.176818] (-) TimerEvent: {}
[34.278106] (-) TimerEvent: {}
[34.378813] (-) TimerEvent: {}
[34.481070] (-) TimerEvent: {}
[34.581667] (-) TimerEvent: {}
[34.682529] (-) TimerEvent: {}
[34.783168] (-) TimerEvent: {}
[34.883631] (-) TimerEvent: {}
[34.984562] (-) TimerEvent: {}
[35.085263] (-) TimerEvent: {}
[35.186076] (-) TimerEvent: {}
[35.286762] (-) TimerEvent: {}
[35.387543] (-) TimerEvent: {}
[35.488425] (-) TimerEvent: {}
[35.589410] (-) TimerEvent: {}
[35.690281] (-) TimerEvent: {}
[35.791185] (-) TimerEvent: {}
[35.892138] (-) TimerEvent: {}
[35.992962] (-) TimerEvent: {}
[36.093504] (-) TimerEvent: {}
[36.194121] (-) TimerEvent: {}
[36.294756] (-) TimerEvent: {}
[36.395398] (-) TimerEvent: {}
[36.496106] (-) TimerEvent: {}
[36.596806] (-) TimerEvent: {}
[36.697530] (-) TimerEvent: {}
[36.798023] (-) TimerEvent: {}
[36.898520] (-) TimerEvent: {}
[36.999071] (-) TimerEvent: {}
[37.100294] (-) TimerEvent: {}
[37.201121] (-) TimerEvent: {}
[37.302218] (-) TimerEvent: {}
[37.402758] (-) TimerEvent: {}
[37.503552] (-) TimerEvent: {}
[37.604326] (-) TimerEvent: {}
[37.705667] (-) TimerEvent: {}
[37.806631] (-) TimerEvent: {}
[37.907221] (-) TimerEvent: {}
[38.008056] (-) TimerEvent: {}
[38.109384] (-) TimerEvent: {}
[38.209918] (-) TimerEvent: {}
[38.310530] (-) TimerEvent: {}
[38.411199] (-) TimerEvent: {}
[38.511889] (-) TimerEvent: {}
[38.612711] (-) TimerEvent: {}
[38.713760] (-) TimerEvent: {}
[38.814695] (-) TimerEvent: {}
[38.915266] (-) TimerEvent: {}
[39.016864] (-) TimerEvent: {}
[39.117535] (-) TimerEvent: {}
[39.218188] (-) TimerEvent: {}
[39.318949] (-) TimerEvent: {}
[39.420137] (-) TimerEvent: {}
[39.521170] (-) TimerEvent: {}
[39.622498] (-) TimerEvent: {}
[39.723482] (-) TimerEvent: {}
[39.824167] (-) TimerEvent: {}
[39.925158] (-) TimerEvent: {}
[40.026346] (-) TimerEvent: {}
[40.127420] (-) TimerEvent: {}
[40.228413] (-) TimerEvent: {}
[40.328966] (-) TimerEvent: {}
[40.429680] (-) TimerEvent: {}
[40.530984] (-) TimerEvent: {}
[40.631524] (-) TimerEvent: {}
[40.678902] (mission_center) StderrLine: {'line': b'\x1b[01m\x1b[K/home/gadzz/tubitak_ws/src/mission_center/src/uav_mission.cpp:\x1b[m\x1b[K In member function \xe2\x80\x98\x1b[01m\x1b[Kvoid UAV_Mission::switch_mode(std::string)\x1b[m\x1b[K\xe2\x80\x99:\n'}
[40.679428] (mission_center) StderrLine: {'line': b'\x1b[01m\x1b[K/home/gadzz/tubitak_ws/src/mission_center/src/uav_mission.cpp:105:11:\x1b[m\x1b[K \x1b[01;35m\x1b[Kwarning: \x1b[m\x1b[Kunused variable \xe2\x80\x98\x1b[01m\x1b[KgotTopic\x1b[m\x1b[K\xe2\x80\x99 [\x1b[01;35m\x1b[K-Wunused-variable\x1b[m\x1b[K]\n'}
[40.679503] (mission_center) StderrLine: {'line': b'  105 |       int \x1b[01;35m\x1b[KgotTopic\x1b[m\x1b[K =\n'}
[40.679562] (mission_center) StderrLine: {'line': b'      |           \x1b[01;35m\x1b[K^~~~~~~~\x1b[m\x1b[K\n'}
[40.679654] (mission_center) StderrLine: {'line': b'\x1b[01m\x1b[K/home/gadzz/tubitak_ws/src/mission_center/src/uav_mission.cpp:\x1b[m\x1b[K In member function \xe2\x80\x98\x1b[01m\x1b[Kvoid UAV_Mission::arm_throttle()\x1b[m\x1b[K\xe2\x80\x99:\n'}
[40.679719] (mission_center) StderrLine: {'line': b'\x1b[01m\x1b[K/home/gadzz/tubitak_ws/src/mission_center/src/uav_mission.cpp:149:11:\x1b[m\x1b[K \x1b[01;35m\x1b[Kwarning: \x1b[m\x1b[Kunused variable \xe2\x80\x98\x1b[01m\x1b[KgotTopic\x1b[m\x1b[K\xe2\x80\x99 [\x1b[01;35m\x1b[K-Wunused-variable\x1b[m\x1b[K]\n'}
[40.679784] (mission_center) StderrLine: {'line': b'  149 |       int \x1b[01;35m\x1b[KgotTopic\x1b[m\x1b[K =\n'}
[40.679845] (mission_center) StderrLine: {'line': b'      |           \x1b[01;35m\x1b[K^~~~~~~~\x1b[m\x1b[K\n'}
[40.679920] (mission_center) StderrLine: {'line': b'\x1b[01m\x1b[K/home/gadzz/tubitak_ws/src/mission_center/src/uav_mission.cpp:\x1b[m\x1b[K In member function \xe2\x80\x98\x1b[01m\x1b[Kbool UAV_Mission::init()\x1b[m\x1b[K\xe2\x80\x99:\n'}
[40.680001] (mission_center) StderrLine: {'line': b'\x1b[01m\x1b[K/home/gadzz/tubitak_ws/src/mission_center/src/uav_mission.cpp:231:8:\x1b[m\x1b[K \x1b[01;35m\x1b[Kwarning: \x1b[m\x1b[Kvariable \xe2\x80\x98\x1b[01m\x1b[Kqos_profile\x1b[m\x1b[K\xe2\x80\x99 set but not used [\x1b[01;35m\x1b[K-Wunused-but-set-variable\x1b[m\x1b[K]\n'}
[40.680084] (mission_center) StderrLine: {'line': b'  231 |   auto \x1b[01;35m\x1b[Kqos_profile\x1b[m\x1b[K = rclcpp::QoS(rclcpp::QoSInitialization::from_rmw(qos), qos);\n'}
[40.680149] (mission_center) StderrLine: {'line': b'      |        \x1b[01;35m\x1b[K^~~~~~~~~~~\x1b[m\x1b[K\n'}
[40.712580] (mission_center) StdoutLine: {'line': b'[ 14%] \x1b[32m\x1b[1mLinking CXX shared library libuav_mission.so\x1b[0m\n'}
[40.731692] (-) TimerEvent: {}
[40.832214] (-) TimerEvent: {}
[40.932725] (-) TimerEvent: {}
[41.033887] (-) TimerEvent: {}
[41.134391] (-) TimerEvent: {}
[41.236320] (-) TimerEvent: {}
[41.337305] (-) TimerEvent: {}
[41.438487] (-) TimerEvent: {}
[41.539291] (-) TimerEvent: {}
[41.640012] (-) TimerEvent: {}
[41.741581] (-) TimerEvent: {}
[41.842982] (-) TimerEvent: {}
[41.943660] (-) TimerEvent: {}
[42.044678] (-) TimerEvent: {}
[42.145307] (-) TimerEvent: {}
[42.246122] (-) TimerEvent: {}
[42.346817] (-) TimerEvent: {}
[42.448111] (-) TimerEvent: {}
[42.548988] (-) TimerEvent: {}
[42.649706] (-) TimerEvent: {}
[42.750263] (-) TimerEvent: {}
[42.851326] (-) TimerEvent: {}
[42.952136] (-) TimerEvent: {}
[43.053073] (-) TimerEvent: {}
[43.155139] (-) TimerEvent: {}
[43.255734] (-) TimerEvent: {}
[43.356693] (-) TimerEvent: {}
[43.457767] (-) TimerEvent: {}
[43.558424] (-) TimerEvent: {}
[43.659387] (-) TimerEvent: {}
[43.760495] (-) TimerEvent: {}
[43.861652] (-) TimerEvent: {}
[43.962820] (-) TimerEvent: {}
[44.046982] (mission_center) StdoutLine: {'line': b'[ 14%] Built target uav_mission\n'}
[44.062952] (-) TimerEvent: {}
[44.102572] (mission_center) StdoutLine: {'line': b'[ 28%] Built target safety_node\n'}
[44.157674] (mission_center) StdoutLine: {'line': b'[ 35%] \x1b[32m\x1b[1mLinking CXX executable ui_node\x1b[0m\n'}
[44.163211] (-) TimerEvent: {}
[44.263742] (-) TimerEvent: {}
[44.364204] (-) TimerEvent: {}
[44.467073] (-) TimerEvent: {}
[44.568368] (-) TimerEvent: {}
[44.669447] (-) TimerEvent: {}
[44.770228] (-) TimerEvent: {}
[44.870953] (-) TimerEvent: {}
[44.972118] (-) TimerEvent: {}
[45.073206] (-) TimerEvent: {}
[45.103064] (mission_center) StdoutLine: {'line': b'[ 85%] Built target ui_node\n'}
[45.150241] (mission_center) StdoutLine: {'line': b'[ 92%] \x1b[32m\x1b[1mLinking CXX executable pilot_node\x1b[0m\n'}
[45.173422] (-) TimerEvent: {}
[45.274206] (-) TimerEvent: {}
[45.375721] (-) TimerEvent: {}
[45.476691] (-) TimerEvent: {}
[45.577643] (-) TimerEvent: {}
[45.678660] (-) TimerEvent: {}
[45.779464] (-) TimerEvent: {}
[45.880383] (-) TimerEvent: {}
[45.984671] (-) TimerEvent: {}
[46.086254] (-) TimerEvent: {}
[46.187067] (-) TimerEvent: {}
[46.287793] (-) TimerEvent: {}
[46.388921] (-) TimerEvent: {}
[46.489697] (-) TimerEvent: {}
[46.590463] (-) TimerEvent: {}
[46.692682] (-) TimerEvent: {}
[46.793461] (-) TimerEvent: {}
[46.894243] (-) TimerEvent: {}
[46.994895] (-) TimerEvent: {}
[47.095485] (-) TimerEvent: {}
[47.196551] (-) TimerEvent: {}
[47.204874] (mission_center) StdoutLine: {'line': b'[100%] Built target pilot_node\n'}
[47.230957] (mission_center) CommandEnded: {'returncode': 0}
[47.233336] (mission_center) JobProgress: {'identifier': 'mission_center', 'progress': 'install'}
[47.234315] (mission_center) Command: {'cmd': ['/usr/bin/cmake', '--install', '/home/gadzz/tubitak_ws/build/mission_center'], 'cwd': '/home/gadzz/tubitak_ws/build/mission_center', 'env': OrderedDict([('GZ_SIM_SYSTEM_PLUGIN_PATH', '/home/gadzz/ardu_ws/install/ardupilot_sitl_models/lib/ardupilot_sitl_models/:/home/gadzz/ardu_ws/install/ardupilot_gz_gazebo/lib/ardupilot_gz_gazebo/:/home/gadzz/ardu_ws/install/ardupilot_gazebo/lib/ardupilot_gazebo/'), ('TMUX', '/tmp/tmux-1000/default,6097,1'), ('GZ_SIM_RESOURCE_PATH', '/home/gadzz/ardu_ws/install/ardupilot_sitl_models/share/ardupilot_sitl_models/worlds:/home/gadzz/ardu_ws/install/ardupilot_sitl_models/share/ardupilot_sitl_models/models:/home/gadzz/ardu_ws/install/ardupilot_sitl_models/share:/home/gadzz/ardu_ws/install/ardupilot_gz_gazebo/share/ardupilot_gz_gazebo/worlds:/home/gadzz/ardu_ws/install/ardupilot_gz_description/share/ardupilot_gz_description/models:/home/gadzz/ardu_ws/install/ardupilot_gz_description/share:/home/gadzz/ardu_ws/install/ardupilot_gazebo/share/ardupilot_gazebo/worlds:/home/gadzz/ardu_ws/install/ardupilot_gazebo/share/ardupilot_gazebo/models:/home/gadzz/ardu_ws/install/ardupilot_gazebo/share'), ('LC_TIME', 'id_ID.UTF-8'), ('USER', 'gadzz'), ('XDG_SEAT', 'seat0'), ('XDG_SESSION_TYPE', 'x11'), ('BROWSER', 'firefox-esr'), ('LD_LIBRARY_PATH', '/home/gadzz/tubitak_ws/install/keyboard_msgs/lib:/home/gadzz/ardu_ws/install/sdformat_urdf/lib:/home/gadzz/ardu_ws/install/ros_ign_interfaces/lib:/home/gadzz/ardu_ws/install/ros_gz_sim/lib:/home/gadzz/ardu_ws/install/ros_gz_bridge/lib:/home/gadzz/ardu_ws/install/ros_gz_interfaces/lib:/home/gadzz/ardu_ws/install/micro_ros_agent/lib:/home/gadzz/ardu_ws/install/keyboard_msgs/lib:/home/gadzz/ardu_ws/install/ardupilot_msgs/lib:/opt/ros/humble/opt/rviz_ogre_vendor/lib:/opt/ros/humble/lib/x86_64-linux-gnu:/opt/ros/humble/lib'), ('SHLVL', '2'), ('HOME', '/home/gadzz'), ('LESS', '-R'), ('OLDPWD', '/home/gadzz/tubitak_ws'), ('DESKTOP_SESSION', 'awesome'), ('TERM_PROGRAM_VERSION', '3.5a'), ('LSCOLORS', 'Gxfxcxdxbxegedabagacad'), ('ZSH', '/home/gadzz/.oh-my-zsh'), ('GTK_MODULES', 'gail:atk-bridge'), ('PAGER', 'less'), ('ROS_PYTHON_VERSION', '3'), ('LC_MONETARY', 'id_ID.UTF-8'), ('DBUS_SESSION_BUS_ADDRESS', 'unix:path=/run/user/1000/bus'), ('SYSTEMD_EXEC_PID', '2022'), ('VISUAL', 'nvim'), ('COLORTERM', 'truecolor'), ('FZF_BASE', '/usr/bin/fzf'), ('COLCON_PREFIX_PATH', '/home/gadzz/ardu_ws/install'), ('ROS_DISTRO', 'humble'), ('ALACRITTY_SOCKET', '/run/user/1000/Alacritty-:0-5220.sock'), ('GTK_IM_MODULE', 'ibus'), ('LOGNAME', 'gadzz'), ('WINDOWID', '46137349'), ('_', '/usr/bin/colcon'), ('PKG_CONFIG_PATH', '/home/gadzz/ardu_ws/install/sdformat_test_files/lib/x86_64-linux-gnu/pkgconfig:/home/gadzz/ardu_ws/install/sdformat_test_files/lib/pkgconfig'), ('ROS_VERSION', '2'), ('XDG_SESSION_CLASS', 'user'), ('ALACRITTY_LOG', '/tmp/Alacritty-5220.log'), ('TERM', 'tmux-256color'), ('USERNAME', 'gadzz'), ('XDG_SESSION_ID', '2'), ('ROS_LOCALHOST_ONLY', '0'), ('WINDOWPATH', '2'), ('PATH', '/home/gadzz/.local/bin:/home/gadzz/ardu_ws/install/ardupilot_sitl/bin:/opt/ros/humble/bin:/home/gadzz/.local/bin:/usr/lib/ccache:/home/gadzz/ardu_ws/src/ardupilot/Tools/autotest:/opt/gcc-arm-none-eabi-10-2020-q4-major/bin:/home/gadzz/.local/bin:/usr/local/sbin:/usr/local/bin:/usr/sbin:/usr/bin:/sbin:/bin:/usr/games:/usr/local/games:/snap/bin:/snap/bin:/home/gadzz/ardu_ws/Micro-XRCE-DDS-Gen/scripts:/home/gadzz/ardu_ws/src/ardupilot/Tools/autotest:/home/gadzz/ardu_ws/Micro-XRCE-DDS-Gen/scripts:/home/gadzz/ardu_ws/src/ardupilot/Tools/autotest'), ('DIRHISTORY_SIZE', '30'), ('LC_ADDRESS', 'id_ID.UTF-8'), ('XDG_RUNTIME_DIR', '/run/user/1000'), ('DISPLAY', ':0'), ('LANG', 'en_US.UTF-8'), ('LC_TELEPHONE', 'id_ID.UTF-8'), ('LS_COLORS', 'rs=0:di=01;34:ln=01;36:mh=00:pi=40;33:so=01;35:do=01;35:bd=40;33;01:cd=40;33;01:or=40;31;01:mi=00:su=37;41:sg=30;43:ca=30;41:tw=30;42:ow=34;42:st=37;44:ex=01;32:*.tar=01;31:*.tgz=01;31:*.arc=01;31:*.arj=01;31:*.taz=01;31:*.lha=01;31:*.lz4=01;31:*.lzh=01;31:*.lzma=01;31:*.tlz=01;31:*.txz=01;31:*.tzo=01;31:*.t7z=01;31:*.zip=01;31:*.z=01;31:*.dz=01;31:*.gz=01;31:*.lrz=01;31:*.lz=01;31:*.lzo=01;31:*.xz=01;31:*.zst=01;31:*.tzst=01;31:*.bz2=01;31:*.bz=01;31:*.tbz=01;31:*.tbz2=01;31:*.tz=01;31:*.deb=01;31:*.rpm=01;31:*.jar=01;31:*.war=01;31:*.ear=01;31:*.sar=01;31:*.rar=01;31:*.alz=01;31:*.ace=01;31:*.zoo=01;31:*.cpio=01;31:*.7z=01;31:*.rz=01;31:*.cab=01;31:*.wim=01;31:*.swm=01;31:*.dwm=01;31:*.esd=01;31:*.jpg=01;35:*.jpeg=01;35:*.mjpg=01;35:*.mjpeg=01;35:*.gif=01;35:*.bmp=01;35:*.pbm=01;35:*.pgm=01;35:*.ppm=01;35:*.tga=01;35:*.xbm=01;35:*.xpm=01;35:*.tif=01;35:*.tiff=01;35:*.png=01;35:*.svg=01;35:*.svgz=01;35:*.mng=01;35:*.pcx=01;35:*.mov=01;35:*.mpg=01;35:*.mpeg=01;35:*.m2v=01;35:*.mkv=01;35:*.webm=01;35:*.webp=01;35:*.ogm=01;35:*.mp4=01;35:*.m4v=01;35:*.mp4v=01;35:*.vob=01;35:*.qt=01;35:*.nuv=01;35:*.wmv=01;35:*.asf=01;35:*.rm=01;35:*.rmvb=01;35:*.flc=01;35:*.avi=01;35:*.fli=01;35:*.flv=01;35:*.gl=01;35:*.dl=01;35:*.xcf=01;35:*.xwd=01;35:*.yuv=01;35:*.cgm=01;35:*.emf=01;35:*.ogv=01;35:*.ogx=01;35:*.aac=00;36:*.au=00;36:*.flac=00;36:*.m4a=00;36:*.mid=00;36:*.midi=00;36:*.mka=00;36:*.mp3=00;36:*.mpc=00;36:*.ogg=00;36:*.ra=00;36:*.wav=00;36:*.oga=00;36:*.opus=00;36:*.spx=00;36:*.xspf=00;36:'), ('TERM_PROGRAM', 'tmux'), ('XAUTHORITY', '/run/user/1000/gdm/Xauthority'), ('XDG_SESSION_DESKTOP', 'awesome'), ('XMODIFIERS', '@im=ibus'), ('AMENT_PREFIX_PATH', '/home/gadzz/tubitak_ws/install/keyboard_msgs:/home/gadzz/ardu_ws/install/test_ros_gz_bridge:/home/gadzz/ardu_ws/install/ros_ign:/home/gadzz/ardu_ws/install/ros_ign_gazebo_demos:/home/gadzz/ardu_ws/install/ros_gz:/home/gadzz/ardu_ws/install/ros_gz_sim_demos:/home/gadzz/ardu_ws/install/ardupilot_gz_bringup:/home/gadzz/ardu_ws/install/sdformat_urdf:/home/gadzz/ardu_ws/install/ros_ign_interfaces:/home/gadzz/ardu_ws/install/ros_ign_image:/home/gadzz/ardu_ws/install/ros_ign_gazebo:/home/gadzz/ardu_ws/install/ros_ign_bridge:/home/gadzz/ardu_ws/install/ros_gz_sim:/home/gadzz/ardu_ws/install/ros_gz_image:/home/gadzz/ardu_ws/install/ros_gz_bridge:/home/gadzz/ardu_ws/install/ros_gz_interfaces:/home/gadzz/ardu_ws/install/ardupilot_dds_tests:/home/gadzz/ardu_ws/install/ardupilot_sitl:/home/gadzz/ardu_ws/install/micro_ros_agent:/home/gadzz/ardu_ws/install/keyboard:/home/gadzz/ardu_ws/install/keyboard_msgs:/home/gadzz/ardu_ws/install/ardupilot_sitl_models:/home/gadzz/ardu_ws/install/ardupilot_msgs:/home/gadzz/ardu_ws/install/ardupilot_gz_gazebo:/home/gadzz/ardu_ws/install/ardupilot_gz_description:/home/gadzz/ardu_ws/install/ardupilot_gz_application:/home/gadzz/ardu_ws/install/ardupilot_gazebo:/opt/ros/humble'), ('LC_NAME', 'id_ID.UTF-8'), ('SHELL', '/usr/bin/zsh'), ('GDMSESSION', 'awesome'), ('QT_ACCESSIBILITY', '1'), ('IGN_GAZEBO_RESOURCE_PATH', '/home/gadzz/ardu_ws/install/ros_gz_sim_demos/share'), ('LC_MEASUREMENT', 'id_ID.UTF-8'), ('GPG_AGENT_INFO', '/run/user/1000/gnupg/S.gpg-agent:0:1'), ('GZ_VERSION', 'harmonic'), ('LC_IDENTIFICATION', 'id_ID.UTF-8'), ('ALACRITTY_WINDOW_ID', '35651589'), ('QT_IM_MODULE', 'ibus'), ('XDG_VTNR', '2'), ('PWD', '/home/gadzz/tubitak_ws/build/mission_center'), ('CLUTTER_IM_MODULE', 'ibus'), ('XDG_CONFIG_DIRS', '/etc/xdg/xdg-awesome:/etc/xdg'), ('XDG_DATA_DIRS', '/usr/share/awesome:/usr/share/gnome:/usr/local/share/:/usr/share/:/var/lib/snapd/desktop'), ('LC_NUMERIC', 'id_ID.UTF-8'), ('PYTHONPATH', '/home/gadzz/tubitak_ws/install/keyboard_msgs/local/lib/python3.10/dist-packages:/home/gadzz/ardu_ws/install/ros_ign_interfaces/local/lib/python3.10/dist-packages:/home/gadzz/ardu_ws/install/ros_gz_interfaces/local/lib/python3.10/dist-packages:/home/gadzz/ardu_ws/install/ardupilot_dds_tests/lib/python3.10/site-packages:/home/gadzz/ardu_ws/install/ardupilot_sitl/local/lib/python3.10/dist-packages:/home/gadzz/ardu_ws/install/keyboard_msgs/local/lib/python3.10/dist-packages:/home/gadzz/ardu_ws/install/ardupilot_msgs/local/lib/python3.10/dist-packages:/opt/ros/humble/lib/python3.10/site-packages:/opt/ros/humble/local/lib/python3.10/dist-packages'), ('LC_PAPER', 'id_ID.UTF-8'), ('TMUX_PLUGIN_MANAGER_PATH', '/home/gadzz/.config/tmux/plugins/'), ('COLCON', '1'), ('TERMINAL', 'alacritty'), ('TMUX_PANE', '%6'), ('CMAKE_PREFIX_PATH', '/home/gadzz/tubitak_ws/install/keyboard_msgs:/home/gadzz/ardu_ws/install/test_ros_gz_bridge:/home/gadzz/ardu_ws/install/ros_ign:/home/gadzz/ardu_ws/install/ros_ign_gazebo_demos:/home/gadzz/ardu_ws/install/ros_gz:/home/gadzz/ardu_ws/install/ros_gz_sim_demos:/home/gadzz/ardu_ws/install/ardupilot_gz_bringup:/home/gadzz/ardu_ws/install/sdformat_urdf:/home/gadzz/ardu_ws/install/sdformat_test_files:/home/gadzz/ardu_ws/install/ros_ign_interfaces:/home/gadzz/ardu_ws/install/ros_ign_image:/home/gadzz/ardu_ws/install/ros_ign_gazebo:/home/gadzz/ardu_ws/install/ros_ign_bridge:/home/gadzz/ardu_ws/install/ros_gz_sim:/home/gadzz/ardu_ws/install/ros_gz_image:/home/gadzz/ardu_ws/install/ros_gz_bridge:/home/gadzz/ardu_ws/install/ros_gz_interfaces:/home/gadzz/ardu_ws/install/ardupilot_sitl:/home/gadzz/ardu_ws/install/micro_ros_agent:/home/gadzz/ardu_ws/install/keyboard:/home/gadzz/ardu_ws/install/keyboard_msgs:/home/gadzz/ardu_ws/install/ardupilot_sitl_models:/home/gadzz/ardu_ws/install/ardupilot_msgs:/home/gadzz/ardu_ws/install/ardupilot_gz_gazebo:/home/gadzz/ardu_ws/install/ardupilot_gz_description:/home/gadzz/ardu_ws/install/ardupilot_gz_application:/home/gadzz/ardu_ws/install/ardupilot_gazebo:/home/gadzz/ardu_ws/install/ardupilot_dds_tests:/opt/ros/humble'), ('EDITOR', 'geany'), ('HISTORY_IGNORE', '(ls|cd|pwd|exit|sudo reboot|history|cd -|cd ..)')]), 'shell': False}
[47.254017] (mission_center) StdoutLine: {'line': b'-- Install configuration: ""\n'}
[47.255219] (mission_center) StdoutLine: {'line': b'-- Installing: /home/gadzz/tubitak_ws/install/mission_center/lib/libuav_mission.so\n'}
[47.281672] (mission_center) StdoutLine: {'line': b'-- Set runtime path of "/home/gadzz/tubitak_ws/install/mission_center/lib/libuav_mission.so" to ""\n'}
[47.282608] (mission_center) StdoutLine: {'line': b'-- Installing: /home/gadzz/tubitak_ws/install/mission_center/lib/mission_center/pilot_node\n'}
[47.285087] (mission_center) StdoutLine: {'line': b'-- Set runtime path of "/home/gadzz/tubitak_ws/install/mission_center/lib/mission_center/pilot_node" to ""\n'}
[47.285701] (mission_center) StdoutLine: {'line': b'-- Up-to-date: /home/gadzz/tubitak_ws/install/mission_center/lib/mission_center/safety_node\n'}
[47.285856] (mission_center) StdoutLine: {'line': b'-- Installing: /home/gadzz/tubitak_ws/install/mission_center/lib/mission_center/ui_node\n'}
[47.288683] (mission_center) StdoutLine: {'line': b'-- Set runtime path of "/home/gadzz/tubitak_ws/install/mission_center/lib/mission_center/ui_node" to ""\n'}
[47.289263] (mission_center) StdoutLine: {'line': b'-- Up-to-date: /home/gadzz/tubitak_ws/install/mission_center/share/mission_center/environment/library_path.sh\n'}
[47.289383] (mission_center) StdoutLine: {'line': b'-- Up-to-date: /home/gadzz/tubitak_ws/install/mission_center/share/mission_center/environment/library_path.dsv\n'}
[47.289474] (mission_center) StdoutLine: {'line': b'-- Up-to-date: /home/gadzz/tubitak_ws/install/mission_center/share/ament_index/resource_index/package_run_dependencies/mission_center\n'}
[47.289582] (mission_center) StdoutLine: {'line': b'-- Up-to-date: /home/gadzz/tubitak_ws/install/mission_center/share/ament_index/resource_index/parent_prefix_path/mission_center\n'}
[47.289681] (mission_center) StdoutLine: {'line': b'-- Up-to-date: /home/gadzz/tubitak_ws/install/mission_center/share/mission_center/environment/ament_prefix_path.sh\n'}
[47.289779] (mission_center) StdoutLine: {'line': b'-- Up-to-date: /home/gadzz/tubitak_ws/install/mission_center/share/mission_center/environment/ament_prefix_path.dsv\n'}
[47.289891] (mission_center) StdoutLine: {'line': b'-- Up-to-date: /home/gadzz/tubitak_ws/install/mission_center/share/mission_center/environment/path.sh\n'}
[47.290001] (mission_center) StdoutLine: {'line': b'-- Up-to-date: /home/gadzz/tubitak_ws/install/mission_center/share/mission_center/environment/path.dsv\n'}
[47.290123] (mission_center) StdoutLine: {'line': b'-- Up-to-date: /home/gadzz/tubitak_ws/install/mission_center/share/mission_center/local_setup.bash\n'}
[47.290229] (mission_center) StdoutLine: {'line': b'-- Up-to-date: /home/gadzz/tubitak_ws/install/mission_center/share/mission_center/local_setup.sh\n'}
[47.290318] (mission_center) StdoutLine: {'line': b'-- Up-to-date: /home/gadzz/tubitak_ws/install/mission_center/share/mission_center/local_setup.zsh\n'}
[47.290390] (mission_center) StdoutLine: {'line': b'-- Up-to-date: /home/gadzz/tubitak_ws/install/mission_center/share/mission_center/local_setup.dsv\n'}
[47.290559] (mission_center) StdoutLine: {'line': b'-- Installing: /home/gadzz/tubitak_ws/install/mission_center/share/mission_center/package.dsv\n'}
[47.290614] (mission_center) StdoutLine: {'line': b'-- Up-to-date: /home/gadzz/tubitak_ws/install/mission_center/share/ament_index/resource_index/packages/mission_center\n'}
[47.290681] (mission_center) StdoutLine: {'line': b'-- Up-to-date: /home/gadzz/tubitak_ws/install/mission_center/share/mission_center/cmake/ament_cmake_export_include_directories-extras.cmake\n'}
[47.290772] (mission_center) StdoutLine: {'line': b'-- Up-to-date: /home/gadzz/tubitak_ws/install/mission_center/share/mission_center/cmake/ament_cmake_export_libraries-extras.cmake\n'}
[47.290957] (mission_center) StdoutLine: {'line': b'-- Up-to-date: /home/gadzz/tubitak_ws/install/mission_center/share/mission_center/cmake/mission_centerConfig.cmake\n'}
[47.291023] (mission_center) StdoutLine: {'line': b'-- Up-to-date: /home/gadzz/tubitak_ws/install/mission_center/share/mission_center/cmake/mission_centerConfig-version.cmake\n'}
[47.291097] (mission_center) StdoutLine: {'line': b'-- Up-to-date: /home/gadzz/tubitak_ws/install/mission_center/share/mission_center/package.xml\n'}
[47.293654] (mission_center) CommandEnded: {'returncode': 0}
[47.296817] (-) TimerEvent: {}
[47.328435] (mission_center) JobEnded: {'identifier': 'mission_center', 'rc': 0}
[47.329748] (-) EventReactorShutdown: {}
