[0.000000] (-) TimerEvent: {}
[0.001938] (keyboard_msgs) JobQueued: {'identifier': 'keyboard_msgs', 'dependencies': OrderedDict()}
[0.002018] (keyboard) JobQueued: {'identifier': 'keyboard', 'dependencies': OrderedDict([('keyboard_msgs', '/home/gadzz/Workspace/VTOL-MissionCenter/install/keyboard_msgs')])}
[0.002048] (mission_center) JobQueued: {'identifier': 'mission_center', 'dependencies': OrderedDict([('keyboard_msgs', '/home/gadzz/Workspace/VTOL-MissionCenter/install/keyboard_msgs')])}
[0.002551] (keyboard_msgs) JobStarted: {'identifier': 'keyboard_msgs'}
[0.023450] (keyboard_msgs) JobProgress: {'identifier': 'keyboard_msgs', 'progress': 'cmake'}
[0.023541] (keyboard_msgs) JobProgress: {'identifier': 'keyboard_msgs', 'progress': 'build'}
[0.023563] (keyboard_msgs) Command: {'cmd': ['/usr/bin/cmake', '--build', '/home/gadzz/Workspace/VTOL-MissionCenter/build/keyboard_msgs', '--', '-j8', '-l8'], 'cwd': '/home/gadzz/Workspace/VTOL-MissionCenter/build/keyboard_msgs', 'env': OrderedDict([('PROFILEHOME', ''), ('LESSOPEN', '| /usr/bin/lesspipe %s'), ('KDE_FULL_SESSION', 'true'), ('TMUX', '/tmp/tmux-1000/default,4356,1'), ('LANGUAGE', ''), ('USER', 'gadzz'), ('PAM_KWALLET5_LOGIN', '/run/user/1000/kwallet5.socket'), ('LC_TIME', 'id_ID.UTF-8'), ('XDG_SEAT', 'seat0'), ('SSH_AGENT_PID', '2415'), ('XDG_SESSION_TYPE', 'x11'), ('XCURSOR_SIZE', '24'), ('KONSOLE_VERSION', '211203'), ('SHLVL', '4'), ('LD_LIBRARY_PATH', '/opt/ros/humble/opt/rviz_ogre_vendor/lib:/opt/ros/humble/lib/x86_64-linux-gnu:/opt/ros/humble/lib'), ('LESS', '-R'), ('HOME', '/home/gadzz'), ('KDE_APPLICATIONS_AS_SCOPE', '1'), ('OLDPWD', '/home/gadzz'), ('TERM_PROGRAM_VERSION', '3.5a'), ('DESKTOP_SESSION', 'plasma'), ('LSCOLORS', 'Gxfxcxdxbxegedabagacad'), ('ZSH', '/home/gadzz/.oh-my-zsh'), ('ROS_PYTHON_VERSION', '3'), ('SHELL_SESSION_ID', '86a91970c49248ad8a86e333f603267a'), ('GTK_RC_FILES', '/etc/gtk/gtkrc:/home/gadzz/.gtkrc:/home/gadzz/.config/gtkrc'), ('GTK_MODULES', 'gail:atk-bridge'), ('XDG_SEAT_PATH', '/org/freedesktop/DisplayManager/Seat0'), ('KDE_SESSION_VERSION', '5'), ('PAGER', 'less'), ('LC_MONETARY', 'id_ID.UTF-8'), ('KONSOLE_DBUS_SESSION', '/Sessions/1'), ('SYSTEMD_EXEC_PID', '2273'), ('DBUS_SESSION_BUS_ADDRESS', 'unix:path=/run/user/1000/bus'), ('COLORTERM', 'truecolor'), ('LIBVIRT_DEFAULT_URI', 'qemu:///system'), ('KONSOLE_DBUS_WINDOW', '/Windows/1'), ('IM_CONFIG_PHASE', '1'), ('ROS_DISTRO', 'humble'), ('GTK_IM_MODULE', 'ibus'), ('LOGNAME', 'gadzz'), ('WINDOWID', '117440517'), ('QT_AUTO_SCREEN_SCALE_FACTOR', '0'), ('_', '/usr/bin/colcon'), ('ROS_VERSION', '2'), ('XDG_SESSION_CLASS', 'user'), ('COLORFGBG', '15;0'), ('TERM', 'tmux-256color'), ('XDG_SESSION_ID', '3'), ('ROS_LOCALHOST_ONLY', '0'), ('GTK2_RC_FILES', '/etc/gtk-2.0/gtkrc:/home/gadzz/.gtkrc-2.0:/home/gadzz/.config/gtkrc-2.0'), ('PATH', '/home/gadzz/.cargo/bin:/home/gadzz/local/bin:/home/gadzz/.cargo/bin:/home/gadzz/local/bin:/opt/ros/humble/bin:/home/gadzz/.cargo/bin:/opt/gcc-arm-none-eabi-9-2020-q2-update/bin:/home/gadzz/.local/bin:/usr/local/sbin:/usr/local/bin:/usr/sbin:/usr/bin:/sbin:/bin:/usr/games:/usr/local/games:/snap/bin:/home/gadzz/Downloads/Micro-XRCE-DDS-Gen/scripts:/home/gadzz/.fzf/bin:/home/gadzz/Downloads/Micro-XRCE-DDS-Gen/scripts'), ('XDG_SESSION_PATH', '/org/freedesktop/DisplayManager/Session1'), ('LC_ADDRESS', 'id_ID.UTF-8'), ('XDG_RUNTIME_DIR', '/run/user/1000'), ('XCURSOR_THEME', 'breeze_cursors'), ('DISPLAY', ':0'), ('XDG_CURRENT_DESKTOP', 'KDE'), ('LC_TELEPHONE', 'id_ID.UTF-8'), ('LANG', 'en_US.UTF-8'), ('XMODIFIERS', '@im=ibus'), ('XDG_SESSION_DESKTOP', 'KDE'), ('XAUTHORITY', '/home/gadzz/.Xauthority'), ('LS_COLORS', 'rs=0:di=01;34:ln=01;36:mh=00:pi=40;33:so=01;35:do=01;35:bd=40;33;01:cd=40;33;01:or=40;31;01:mi=00:su=37;41:sg=30;43:ca=30;41:tw=30;42:ow=34;42:st=37;44:ex=01;32:*.tar=01;31:*.tgz=01;31:*.arc=01;31:*.arj=01;31:*.taz=01;31:*.lha=01;31:*.lz4=01;31:*.lzh=01;31:*.lzma=01;31:*.tlz=01;31:*.txz=01;31:*.tzo=01;31:*.t7z=01;31:*.zip=01;31:*.z=01;31:*.dz=01;31:*.gz=01;31:*.lrz=01;31:*.lz=01;31:*.lzo=01;31:*.xz=01;31:*.zst=01;31:*.tzst=01;31:*.bz2=01;31:*.bz=01;31:*.tbz=01;31:*.tbz2=01;31:*.tz=01;31:*.deb=01;31:*.rpm=01;31:*.jar=01;31:*.war=01;31:*.ear=01;31:*.sar=01;31:*.rar=01;31:*.alz=01;31:*.ace=01;31:*.zoo=01;31:*.cpio=01;31:*.7z=01;31:*.rz=01;31:*.cab=01;31:*.wim=01;31:*.swm=01;31:*.dwm=01;31:*.esd=01;31:*.jpg=01;35:*.jpeg=01;35:*.mjpg=01;35:*.mjpeg=01;35:*.gif=01;35:*.bmp=01;35:*.pbm=01;35:*.pgm=01;35:*.ppm=01;35:*.tga=01;35:*.xbm=01;35:*.xpm=01;35:*.tif=01;35:*.tiff=01;35:*.png=01;35:*.svg=01;35:*.svgz=01;35:*.mng=01;35:*.pcx=01;35:*.mov=01;35:*.mpg=01;35:*.mpeg=01;35:*.m2v=01;35:*.mkv=01;35:*.webm=01;35:*.webp=01;35:*.ogm=01;35:*.mp4=01;35:*.m4v=01;35:*.mp4v=01;35:*.vob=01;35:*.qt=01;35:*.nuv=01;35:*.wmv=01;35:*.asf=01;35:*.rm=01;35:*.rmvb=01;35:*.flc=01;35:*.avi=01;35:*.fli=01;35:*.flv=01;35:*.gl=01;35:*.dl=01;35:*.xcf=01;35:*.xwd=01;35:*.yuv=01;35:*.cgm=01;35:*.emf=01;35:*.ogv=01;35:*.ogx=01;35:*.aac=00;36:*.au=00;36:*.flac=00;36:*.m4a=00;36:*.mid=00;36:*.midi=00;36:*.mka=00;36:*.mp3=00;36:*.mpc=00;36:*.ogg=00;36:*.ra=00;36:*.wav=00;36:*.oga=00;36:*.opus=00;36:*.spx=00;36:*.xspf=00;36:'), ('TERM_PROGRAM', 'tmux'), ('SSH_AUTH_SOCK', '/tmp/ssh-XXXXXXL5f1UC/agent.2314'), ('AMENT_PREFIX_PATH', '/opt/ros/humble'), ('SHELL', '/bin/bash'), ('LC_NAME', 'id_ID.UTF-8'), ('QT_ACCESSIBILITY', '1'), ('LESSCLOSE', '/usr/bin/lesspipe %s %s'), ('KONSOLE_DBUS_SERVICE', ':1.103'), ('LC_MEASUREMENT', 'id_ID.UTF-8'), ('GPG_AGENT_INFO', '/run/user/1000/gnupg/S.gpg-agent:0:1'), ('LC_IDENTIFICATION', 'id_ID.UTF-8'), ('QT_IM_MODULE', 'ibus'), ('XDG_VTNR', '1'), ('PWD', '/home/gadzz/Workspace/VTOL-MissionCenter/build/keyboard_msgs'), ('LC_ALL', 'en_US.UTF-8'), ('XDG_CONFIG_DIRS', '/home/gadzz/.config/kdedefaults:/etc/xdg/xdg-plasma:/etc/xdg'), ('CLUTTER_IM_MODULE', 'ibus'), ('XDG_DATA_DIRS', '/usr/share/plasma:/usr/share/gnome:/usr/local/share:/usr/share:/var/lib/snapd/desktop'), ('PYTHONPATH', '/opt/ros/humble/lib/python3.10/site-packages:/opt/ros/humble/local/lib/python3.10/dist-packages'), ('LC_NUMERIC', 'id_ID.UTF-8'), ('TMUX_PLUGIN_MANAGER_PATH', '/home/gadzz/.config/tmux/plugins/'), ('LC_PAPER', 'id_ID.UTF-8'), ('KDE_SESSION_UID', '1000'), ('COLCON', '1'), ('TMUX_PANE', '%13'), ('CMAKE_PREFIX_PATH', '/opt/ros/humble')]), 'shell': False}
[0.099585] (-) TimerEvent: {}
[0.127527] (keyboard_msgs) StdoutLine: {'line': b'[  3%] Built target keyboard_msgs__cpp\n'}
[0.190664] (keyboard_msgs) StdoutLine: {'line': b'[  3%] Built target ament_cmake_python_copy_keyboard_msgs\n'}
[0.199771] (-) TimerEvent: {}
[0.237914] (keyboard_msgs) StdoutLine: {'line': b'[ 12%] Built target keyboard_msgs__rosidl_typesupport_introspection_cpp\n'}
[0.300461] (-) TimerEvent: {}
[0.402804] (-) TimerEvent: {}
[0.505020] (-) TimerEvent: {}
[0.609643] (-) TimerEvent: {}
[0.681038] (keyboard_msgs) StdoutLine: {'line': b'running egg_info\n'}
[0.709756] (-) TimerEvent: {}
[0.711628] (keyboard_msgs) StdoutLine: {'line': b'writing keyboard_msgs.egg-info/PKG-INFO\n'}
[0.712525] (keyboard_msgs) StdoutLine: {'line': b'writing dependency_links to keyboard_msgs.egg-info/dependency_links.txt\n'}
[0.713060] (keyboard_msgs) StdoutLine: {'line': b'writing top-level names to keyboard_msgs.egg-info/top_level.txt\n'}
[0.801683] (keyboard_msgs) StdoutLine: {'line': b"reading manifest file 'keyboard_msgs.egg-info/SOURCES.txt'\n"}
[0.804392] (keyboard_msgs) StdoutLine: {'line': b"writing manifest file 'keyboard_msgs.egg-info/SOURCES.txt'\n"}
[0.809950] (-) TimerEvent: {}
[0.908622] (keyboard_msgs) StdoutLine: {'line': b'[ 12%] Built target ament_cmake_python_build_keyboard_msgs_egg\n'}
[0.910960] (-) TimerEvent: {}
[0.954373] (keyboard_msgs) StdoutLine: {'line': b'[ 22%] Built target keyboard_msgs__rosidl_typesupport_fastrtps_cpp\n'}
[1.000126] (keyboard_msgs) StdoutLine: {'line': b'[ 32%] Built target keyboard_msgs__rosidl_typesupport_cpp\n'}
[1.011110] (-) TimerEvent: {}
[1.055509] (keyboard_msgs) StdoutLine: {'line': b'[ 41%] Built target keyboard_msgs__rosidl_generator_c\n'}
[1.093495] (keyboard_msgs) StdoutLine: {'line': b'[ 51%] Built target keyboard_msgs__rosidl_typesupport_fastrtps_c\n'}
[1.111285] (-) TimerEvent: {}
[1.139301] (keyboard_msgs) StdoutLine: {'line': b'[ 61%] Built target keyboard_msgs__rosidl_typesupport_c\n'}
[1.185766] (keyboard_msgs) StdoutLine: {'line': b'[ 70%] Built target keyboard_msgs__rosidl_typesupport_introspection_c\n'}
[1.211414] (-) TimerEvent: {}
[1.234700] (keyboard_msgs) StdoutLine: {'line': b'[ 70%] Built target keyboard_msgs\n'}
[1.277848] (keyboard_msgs) StdoutLine: {'line': b'[ 74%] Built target keyboard_msgs__py\n'}
[1.311583] (-) TimerEvent: {}
[1.328433] (keyboard_msgs) StdoutLine: {'line': b'[ 80%] Built target keyboard_msgs__rosidl_generator_py\n'}
[1.374243] (keyboard_msgs) StdoutLine: {'line': b'[ 87%] Built target keyboard_msgs__rosidl_typesupport_fastrtps_c__pyext\n'}
[1.411751] (-) TimerEvent: {}
[1.423321] (keyboard_msgs) StdoutLine: {'line': b'[ 93%] Built target keyboard_msgs__rosidl_typesupport_c__pyext\n'}
[1.474362] (keyboard_msgs) StdoutLine: {'line': b'[100%] Built target keyboard_msgs__rosidl_typesupport_introspection_c__pyext\n'}
[1.499227] (keyboard_msgs) CommandEnded: {'returncode': 0}
[1.502310] (keyboard_msgs) JobProgress: {'identifier': 'keyboard_msgs', 'progress': 'install'}
[1.511897] (-) TimerEvent: {}
[1.521480] (keyboard_msgs) Command: {'cmd': ['/usr/bin/cmake', '--install', '/home/gadzz/Workspace/VTOL-MissionCenter/build/keyboard_msgs'], 'cwd': '/home/gadzz/Workspace/VTOL-MissionCenter/build/keyboard_msgs', 'env': OrderedDict([('PROFILEHOME', ''), ('LESSOPEN', '| /usr/bin/lesspipe %s'), ('KDE_FULL_SESSION', 'true'), ('TMUX', '/tmp/tmux-1000/default,4356,1'), ('LANGUAGE', ''), ('USER', 'gadzz'), ('PAM_KWALLET5_LOGIN', '/run/user/1000/kwallet5.socket'), ('LC_TIME', 'id_ID.UTF-8'), ('XDG_SEAT', 'seat0'), ('SSH_AGENT_PID', '2415'), ('XDG_SESSION_TYPE', 'x11'), ('XCURSOR_SIZE', '24'), ('KONSOLE_VERSION', '211203'), ('SHLVL', '4'), ('LD_LIBRARY_PATH', '/opt/ros/humble/opt/rviz_ogre_vendor/lib:/opt/ros/humble/lib/x86_64-linux-gnu:/opt/ros/humble/lib'), ('LESS', '-R'), ('HOME', '/home/gadzz'), ('KDE_APPLICATIONS_AS_SCOPE', '1'), ('OLDPWD', '/home/gadzz'), ('TERM_PROGRAM_VERSION', '3.5a'), ('DESKTOP_SESSION', 'plasma'), ('LSCOLORS', 'Gxfxcxdxbxegedabagacad'), ('ZSH', '/home/gadzz/.oh-my-zsh'), ('ROS_PYTHON_VERSION', '3'), ('SHELL_SESSION_ID', '86a91970c49248ad8a86e333f603267a'), ('GTK_RC_FILES', '/etc/gtk/gtkrc:/home/gadzz/.gtkrc:/home/gadzz/.config/gtkrc'), ('GTK_MODULES', 'gail:atk-bridge'), ('XDG_SEAT_PATH', '/org/freedesktop/DisplayManager/Seat0'), ('KDE_SESSION_VERSION', '5'), ('PAGER', 'less'), ('LC_MONETARY', 'id_ID.UTF-8'), ('KONSOLE_DBUS_SESSION', '/Sessions/1'), ('SYSTEMD_EXEC_PID', '2273'), ('DBUS_SESSION_BUS_ADDRESS', 'unix:path=/run/user/1000/bus'), ('COLORTERM', 'truecolor'), ('LIBVIRT_DEFAULT_URI', 'qemu:///system'), ('KONSOLE_DBUS_WINDOW', '/Windows/1'), ('IM_CONFIG_PHASE', '1'), ('ROS_DISTRO', 'humble'), ('GTK_IM_MODULE', 'ibus'), ('LOGNAME', 'gadzz'), ('WINDOWID', '117440517'), ('QT_AUTO_SCREEN_SCALE_FACTOR', '0'), ('_', '/usr/bin/colcon'), ('ROS_VERSION', '2'), ('XDG_SESSION_CLASS', 'user'), ('COLORFGBG', '15;0'), ('TERM', 'tmux-256color'), ('XDG_SESSION_ID', '3'), ('ROS_LOCALHOST_ONLY', '0'), ('GTK2_RC_FILES', '/etc/gtk-2.0/gtkrc:/home/gadzz/.gtkrc-2.0:/home/gadzz/.config/gtkrc-2.0'), ('PATH', '/home/gadzz/.cargo/bin:/home/gadzz/local/bin:/home/gadzz/.cargo/bin:/home/gadzz/local/bin:/opt/ros/humble/bin:/home/gadzz/.cargo/bin:/opt/gcc-arm-none-eabi-9-2020-q2-update/bin:/home/gadzz/.local/bin:/usr/local/sbin:/usr/local/bin:/usr/sbin:/usr/bin:/sbin:/bin:/usr/games:/usr/local/games:/snap/bin:/home/gadzz/Downloads/Micro-XRCE-DDS-Gen/scripts:/home/gadzz/.fzf/bin:/home/gadzz/Downloads/Micro-XRCE-DDS-Gen/scripts'), ('XDG_SESSION_PATH', '/org/freedesktop/DisplayManager/Session1'), ('LC_ADDRESS', 'id_ID.UTF-8'), ('XDG_RUNTIME_DIR', '/run/user/1000'), ('XCURSOR_THEME', 'breeze_cursors'), ('DISPLAY', ':0'), ('XDG_CURRENT_DESKTOP', 'KDE'), ('LC_TELEPHONE', 'id_ID.UTF-8'), ('LANG', 'en_US.UTF-8'), ('XMODIFIERS', '@im=ibus'), ('XDG_SESSION_DESKTOP', 'KDE'), ('XAUTHORITY', '/home/gadzz/.Xauthority'), ('LS_COLORS', 'rs=0:di=01;34:ln=01;36:mh=00:pi=40;33:so=01;35:do=01;35:bd=40;33;01:cd=40;33;01:or=40;31;01:mi=00:su=37;41:sg=30;43:ca=30;41:tw=30;42:ow=34;42:st=37;44:ex=01;32:*.tar=01;31:*.tgz=01;31:*.arc=01;31:*.arj=01;31:*.taz=01;31:*.lha=01;31:*.lz4=01;31:*.lzh=01;31:*.lzma=01;31:*.tlz=01;31:*.txz=01;31:*.tzo=01;31:*.t7z=01;31:*.zip=01;31:*.z=01;31:*.dz=01;31:*.gz=01;31:*.lrz=01;31:*.lz=01;31:*.lzo=01;31:*.xz=01;31:*.zst=01;31:*.tzst=01;31:*.bz2=01;31:*.bz=01;31:*.tbz=01;31:*.tbz2=01;31:*.tz=01;31:*.deb=01;31:*.rpm=01;31:*.jar=01;31:*.war=01;31:*.ear=01;31:*.sar=01;31:*.rar=01;31:*.alz=01;31:*.ace=01;31:*.zoo=01;31:*.cpio=01;31:*.7z=01;31:*.rz=01;31:*.cab=01;31:*.wim=01;31:*.swm=01;31:*.dwm=01;31:*.esd=01;31:*.jpg=01;35:*.jpeg=01;35:*.mjpg=01;35:*.mjpeg=01;35:*.gif=01;35:*.bmp=01;35:*.pbm=01;35:*.pgm=01;35:*.ppm=01;35:*.tga=01;35:*.xbm=01;35:*.xpm=01;35:*.tif=01;35:*.tiff=01;35:*.png=01;35:*.svg=01;35:*.svgz=01;35:*.mng=01;35:*.pcx=01;35:*.mov=01;35:*.mpg=01;35:*.mpeg=01;35:*.m2v=01;35:*.mkv=01;35:*.webm=01;35:*.webp=01;35:*.ogm=01;35:*.mp4=01;35:*.m4v=01;35:*.mp4v=01;35:*.vob=01;35:*.qt=01;35:*.nuv=01;35:*.wmv=01;35:*.asf=01;35:*.rm=01;35:*.rmvb=01;35:*.flc=01;35:*.avi=01;35:*.fli=01;35:*.flv=01;35:*.gl=01;35:*.dl=01;35:*.xcf=01;35:*.xwd=01;35:*.yuv=01;35:*.cgm=01;35:*.emf=01;35:*.ogv=01;35:*.ogx=01;35:*.aac=00;36:*.au=00;36:*.flac=00;36:*.m4a=00;36:*.mid=00;36:*.midi=00;36:*.mka=00;36:*.mp3=00;36:*.mpc=00;36:*.ogg=00;36:*.ra=00;36:*.wav=00;36:*.oga=00;36:*.opus=00;36:*.spx=00;36:*.xspf=00;36:'), ('TERM_PROGRAM', 'tmux'), ('SSH_AUTH_SOCK', '/tmp/ssh-XXXXXXL5f1UC/agent.2314'), ('AMENT_PREFIX_PATH', '/opt/ros/humble'), ('SHELL', '/bin/bash'), ('LC_NAME', 'id_ID.UTF-8'), ('QT_ACCESSIBILITY', '1'), ('LESSCLOSE', '/usr/bin/lesspipe %s %s'), ('KONSOLE_DBUS_SERVICE', ':1.103'), ('LC_MEASUREMENT', 'id_ID.UTF-8'), ('GPG_AGENT_INFO', '/run/user/1000/gnupg/S.gpg-agent:0:1'), ('LC_IDENTIFICATION', 'id_ID.UTF-8'), ('QT_IM_MODULE', 'ibus'), ('XDG_VTNR', '1'), ('PWD', '/home/gadzz/Workspace/VTOL-MissionCenter/build/keyboard_msgs'), ('LC_ALL', 'en_US.UTF-8'), ('XDG_CONFIG_DIRS', '/home/gadzz/.config/kdedefaults:/etc/xdg/xdg-plasma:/etc/xdg'), ('CLUTTER_IM_MODULE', 'ibus'), ('XDG_DATA_DIRS', '/usr/share/plasma:/usr/share/gnome:/usr/local/share:/usr/share:/var/lib/snapd/desktop'), ('PYTHONPATH', '/opt/ros/humble/lib/python3.10/site-packages:/opt/ros/humble/local/lib/python3.10/dist-packages'), ('LC_NUMERIC', 'id_ID.UTF-8'), ('TMUX_PLUGIN_MANAGER_PATH', '/home/gadzz/.config/tmux/plugins/'), ('LC_PAPER', 'id_ID.UTF-8'), ('KDE_SESSION_UID', '1000'), ('COLCON', '1'), ('TMUX_PANE', '%13'), ('CMAKE_PREFIX_PATH', '/opt/ros/humble')]), 'shell': False}
[1.533321] (keyboard_msgs) StdoutLine: {'line': b'-- Install configuration: ""\n'}
[1.533695] (keyboard_msgs) StdoutLine: {'line': b'-- Up-to-date: /home/gadzz/Workspace/VTOL-MissionCenter/install/keyboard_msgs/share/ament_index/resource_index/rosidl_interfaces/keyboard_msgs\n'}
[1.533805] (keyboard_msgs) StdoutLine: {'line': b'-- Up-to-date: /home/gadzz/Workspace/VTOL-MissionCenter/install/keyboard_msgs/include/keyboard_msgs/keyboard_msgs\n'}
[1.533885] (keyboard_msgs) StdoutLine: {'line': b'-- Up-to-date: /home/gadzz/Workspace/VTOL-MissionCenter/install/keyboard_msgs/include/keyboard_msgs/keyboard_msgs/msg\n'}
[1.534248] (keyboard_msgs) StdoutLine: {'line': b'-- Up-to-date: /home/gadzz/Workspace/VTOL-MissionCenter/install/keyboard_msgs/include/keyboard_msgs/keyboard_msgs/msg/detail\n'}
[1.534510] (keyboard_msgs) StdoutLine: {'line': b'-- Up-to-date: /home/gadzz/Workspace/VTOL-MissionCenter/install/keyboard_msgs/include/keyboard_msgs/keyboard_msgs/msg/detail/key__functions.c\n'}
[1.534728] (keyboard_msgs) StdoutLine: {'line': b'-- Up-to-date: /home/gadzz/Workspace/VTOL-MissionCenter/install/keyboard_msgs/include/keyboard_msgs/keyboard_msgs/msg/detail/key__type_support.h\n'}
[1.534811] (keyboard_msgs) StdoutLine: {'line': b'-- Up-to-date: /home/gadzz/Workspace/VTOL-MissionCenter/install/keyboard_msgs/include/keyboard_msgs/keyboard_msgs/msg/detail/key__functions.h\n'}
[1.534868] (keyboard_msgs) StdoutLine: {'line': b'-- Up-to-date: /home/gadzz/Workspace/VTOL-MissionCenter/install/keyboard_msgs/include/keyboard_msgs/keyboard_msgs/msg/detail/key__struct.h\n'}
[1.534998] (keyboard_msgs) StdoutLine: {'line': b'-- Up-to-date: /home/gadzz/Workspace/VTOL-MissionCenter/install/keyboard_msgs/include/keyboard_msgs/keyboard_msgs/msg/key.h\n'}
[1.535085] (keyboard_msgs) StdoutLine: {'line': b'-- Up-to-date: /home/gadzz/Workspace/VTOL-MissionCenter/install/keyboard_msgs/include/keyboard_msgs/keyboard_msgs/msg/rosidl_generator_c__visibility_control.h\n'}
[1.535176] (keyboard_msgs) StdoutLine: {'line': b'-- Up-to-date: /home/gadzz/Workspace/VTOL-MissionCenter/install/keyboard_msgs/share/keyboard_msgs/environment/library_path.sh\n'}
[1.535269] (keyboard_msgs) StdoutLine: {'line': b'-- Up-to-date: /home/gadzz/Workspace/VTOL-MissionCenter/install/keyboard_msgs/share/keyboard_msgs/environment/library_path.dsv\n'}
[1.535372] (keyboard_msgs) StdoutLine: {'line': b'-- Up-to-date: /home/gadzz/Workspace/VTOL-MissionCenter/install/keyboard_msgs/lib/libkeyboard_msgs__rosidl_generator_c.so\n'}
[1.535549] (keyboard_msgs) StdoutLine: {'line': b'-- Up-to-date: /home/gadzz/Workspace/VTOL-MissionCenter/install/keyboard_msgs/include/keyboard_msgs/keyboard_msgs\n'}
[1.535959] (keyboard_msgs) StdoutLine: {'line': b'-- Up-to-date: /home/gadzz/Workspace/VTOL-MissionCenter/install/keyboard_msgs/include/keyboard_msgs/keyboard_msgs/msg\n'}
[1.536425] (keyboard_msgs) StdoutLine: {'line': b'-- Up-to-date: /home/gadzz/Workspace/VTOL-MissionCenter/install/keyboard_msgs/include/keyboard_msgs/keyboard_msgs/msg/detail\n'}
[1.536601] (keyboard_msgs) StdoutLine: {'line': b'-- Up-to-date: /home/gadzz/Workspace/VTOL-MissionCenter/install/keyboard_msgs/include/keyboard_msgs/keyboard_msgs/msg/detail/key__rosidl_typesupport_fastrtps_c.h\n'}
[1.536699] (keyboard_msgs) StdoutLine: {'line': b'-- Up-to-date: /home/gadzz/Workspace/VTOL-MissionCenter/install/keyboard_msgs/include/keyboard_msgs/keyboard_msgs/msg/rosidl_typesupport_fastrtps_c__visibility_control.h\n'}
[1.536885] (keyboard_msgs) StdoutLine: {'line': b'-- Up-to-date: /home/gadzz/Workspace/VTOL-MissionCenter/install/keyboard_msgs/lib/libkeyboard_msgs__rosidl_typesupport_fastrtps_c.so\n'}
[1.537007] (keyboard_msgs) StdoutLine: {'line': b'-- Up-to-date: /home/gadzz/Workspace/VTOL-MissionCenter/install/keyboard_msgs/include/keyboard_msgs/keyboard_msgs\n'}
[1.537080] (keyboard_msgs) StdoutLine: {'line': b'-- Up-to-date: /home/gadzz/Workspace/VTOL-MissionCenter/install/keyboard_msgs/include/keyboard_msgs/keyboard_msgs/msg\n'}
[1.537152] (keyboard_msgs) StdoutLine: {'line': b'-- Up-to-date: /home/gadzz/Workspace/VTOL-MissionCenter/install/keyboard_msgs/include/keyboard_msgs/keyboard_msgs/msg/detail\n'}
[1.537323] (keyboard_msgs) StdoutLine: {'line': b'-- Up-to-date: /home/gadzz/Workspace/VTOL-MissionCenter/install/keyboard_msgs/include/keyboard_msgs/keyboard_msgs/msg/detail/key__struct.hpp\n'}
[1.537399] (keyboard_msgs) StdoutLine: {'line': b'-- Up-to-date: /home/gadzz/Workspace/VTOL-MissionCenter/install/keyboard_msgs/include/keyboard_msgs/keyboard_msgs/msg/detail/key__type_support.hpp\n'}
[1.537462] (keyboard_msgs) StdoutLine: {'line': b'-- Up-to-date: /home/gadzz/Workspace/VTOL-MissionCenter/install/keyboard_msgs/include/keyboard_msgs/keyboard_msgs/msg/detail/key__builder.hpp\n'}
[1.537575] (keyboard_msgs) StdoutLine: {'line': b'-- Up-to-date: /home/gadzz/Workspace/VTOL-MissionCenter/install/keyboard_msgs/include/keyboard_msgs/keyboard_msgs/msg/detail/key__traits.hpp\n'}
[1.537648] (keyboard_msgs) StdoutLine: {'line': b'-- Up-to-date: /home/gadzz/Workspace/VTOL-MissionCenter/install/keyboard_msgs/include/keyboard_msgs/keyboard_msgs/msg/key.hpp\n'}
[1.537716] (keyboard_msgs) StdoutLine: {'line': b'-- Up-to-date: /home/gadzz/Workspace/VTOL-MissionCenter/install/keyboard_msgs/include/keyboard_msgs/keyboard_msgs/msg/rosidl_generator_cpp__visibility_control.hpp\n'}
[1.537792] (keyboard_msgs) StdoutLine: {'line': b'-- Up-to-date: /home/gadzz/Workspace/VTOL-MissionCenter/install/keyboard_msgs/include/keyboard_msgs/keyboard_msgs\n'}
[1.537892] (keyboard_msgs) StdoutLine: {'line': b'-- Up-to-date: /home/gadzz/Workspace/VTOL-MissionCenter/install/keyboard_msgs/include/keyboard_msgs/keyboard_msgs/msg\n'}
[1.538055] (keyboard_msgs) StdoutLine: {'line': b'-- Up-to-date: /home/gadzz/Workspace/VTOL-MissionCenter/install/keyboard_msgs/include/keyboard_msgs/keyboard_msgs/msg/detail\n'}
[1.538146] (keyboard_msgs) StdoutLine: {'line': b'-- Up-to-date: /home/gadzz/Workspace/VTOL-MissionCenter/install/keyboard_msgs/include/keyboard_msgs/keyboard_msgs/msg/detail/key__rosidl_typesupport_fastrtps_cpp.hpp\n'}
[1.538223] (keyboard_msgs) StdoutLine: {'line': b'-- Up-to-date: /home/gadzz/Workspace/VTOL-MissionCenter/install/keyboard_msgs/include/keyboard_msgs/keyboard_msgs/msg/detail/dds_fastrtps\n'}
[1.538299] (keyboard_msgs) StdoutLine: {'line': b'-- Up-to-date: /home/gadzz/Workspace/VTOL-MissionCenter/install/keyboard_msgs/include/keyboard_msgs/keyboard_msgs/msg/rosidl_typesupport_fastrtps_cpp__visibility_control.h\n'}
[1.538371] (keyboard_msgs) StdoutLine: {'line': b'-- Up-to-date: /home/gadzz/Workspace/VTOL-MissionCenter/install/keyboard_msgs/lib/libkeyboard_msgs__rosidl_typesupport_fastrtps_cpp.so\n'}
[1.538451] (keyboard_msgs) StdoutLine: {'line': b'-- Up-to-date: /home/gadzz/Workspace/VTOL-MissionCenter/install/keyboard_msgs/include/keyboard_msgs/keyboard_msgs\n'}
[1.538576] (keyboard_msgs) StdoutLine: {'line': b'-- Up-to-date: /home/gadzz/Workspace/VTOL-MissionCenter/install/keyboard_msgs/include/keyboard_msgs/keyboard_msgs/msg\n'}
[1.538739] (keyboard_msgs) StdoutLine: {'line': b'-- Up-to-date: /home/gadzz/Workspace/VTOL-MissionCenter/install/keyboard_msgs/include/keyboard_msgs/keyboard_msgs/msg/detail\n'}
[1.538814] (keyboard_msgs) StdoutLine: {'line': b'-- Up-to-date: /home/gadzz/Workspace/VTOL-MissionCenter/install/keyboard_msgs/include/keyboard_msgs/keyboard_msgs/msg/detail/key__type_support.c\n'}
[1.538872] (keyboard_msgs) StdoutLine: {'line': b'-- Up-to-date: /home/gadzz/Workspace/VTOL-MissionCenter/install/keyboard_msgs/include/keyboard_msgs/keyboard_msgs/msg/detail/key__rosidl_typesupport_introspection_c.h\n'}
[1.538925] (keyboard_msgs) StdoutLine: {'line': b'-- Up-to-date: /home/gadzz/Workspace/VTOL-MissionCenter/install/keyboard_msgs/include/keyboard_msgs/keyboard_msgs/msg/rosidl_typesupport_introspection_c__visibility_control.h\n'}
[1.538978] (keyboard_msgs) StdoutLine: {'line': b'-- Up-to-date: /home/gadzz/Workspace/VTOL-MissionCenter/install/keyboard_msgs/lib/libkeyboard_msgs__rosidl_typesupport_introspection_c.so\n'}
[1.539038] (keyboard_msgs) StdoutLine: {'line': b'-- Up-to-date: /home/gadzz/Workspace/VTOL-MissionCenter/install/keyboard_msgs/lib/libkeyboard_msgs__rosidl_typesupport_c.so\n'}
[1.539095] (keyboard_msgs) StdoutLine: {'line': b'-- Up-to-date: /home/gadzz/Workspace/VTOL-MissionCenter/install/keyboard_msgs/include/keyboard_msgs/keyboard_msgs\n'}
[1.539151] (keyboard_msgs) StdoutLine: {'line': b'-- Up-to-date: /home/gadzz/Workspace/VTOL-MissionCenter/install/keyboard_msgs/include/keyboard_msgs/keyboard_msgs/msg\n'}
[1.539207] (keyboard_msgs) StdoutLine: {'line': b'-- Up-to-date: /home/gadzz/Workspace/VTOL-MissionCenter/install/keyboard_msgs/include/keyboard_msgs/keyboard_msgs/msg/detail\n'}
[1.539265] (keyboard_msgs) StdoutLine: {'line': b'-- Up-to-date: /home/gadzz/Workspace/VTOL-MissionCenter/install/keyboard_msgs/include/keyboard_msgs/keyboard_msgs/msg/detail/key__type_support.cpp\n'}
[1.539478] (keyboard_msgs) StdoutLine: {'line': b'-- Up-to-date: /home/gadzz/Workspace/VTOL-MissionCenter/install/keyboard_msgs/include/keyboard_msgs/keyboard_msgs/msg/detail/key__rosidl_typesupport_introspection_cpp.hpp\n'}
[1.539739] (keyboard_msgs) StdoutLine: {'line': b'-- Up-to-date: /home/gadzz/Workspace/VTOL-MissionCenter/install/keyboard_msgs/lib/libkeyboard_msgs__rosidl_typesupport_introspection_cpp.so\n'}
[1.540005] (keyboard_msgs) StdoutLine: {'line': b'-- Up-to-date: /home/gadzz/Workspace/VTOL-MissionCenter/install/keyboard_msgs/lib/libkeyboard_msgs__rosidl_typesupport_cpp.so\n'}
[1.540150] (keyboard_msgs) StdoutLine: {'line': b'-- Up-to-date: /home/gadzz/Workspace/VTOL-MissionCenter/install/keyboard_msgs/share/keyboard_msgs/environment/pythonpath.sh\n'}
[1.540320] (keyboard_msgs) StdoutLine: {'line': b'-- Up-to-date: /home/gadzz/Workspace/VTOL-MissionCenter/install/keyboard_msgs/share/keyboard_msgs/environment/pythonpath.dsv\n'}
[1.540398] (keyboard_msgs) StdoutLine: {'line': b'-- Up-to-date: /home/gadzz/Workspace/VTOL-MissionCenter/install/keyboard_msgs/local/lib/python3.10/dist-packages/keyboard_msgs-1.0.0-py3.10.egg-info\n'}
[1.540658] (keyboard_msgs) StdoutLine: {'line': b'-- Installing: /home/gadzz/Workspace/VTOL-MissionCenter/install/keyboard_msgs/local/lib/python3.10/dist-packages/keyboard_msgs-1.0.0-py3.10.egg-info/top_level.txt\n'}
[1.540823] (keyboard_msgs) StdoutLine: {'line': b'-- Installing: /home/gadzz/Workspace/VTOL-MissionCenter/install/keyboard_msgs/local/lib/python3.10/dist-packages/keyboard_msgs-1.0.0-py3.10.egg-info/PKG-INFO\n'}
[1.540898] (keyboard_msgs) StdoutLine: {'line': b'-- Installing: /home/gadzz/Workspace/VTOL-MissionCenter/install/keyboard_msgs/local/lib/python3.10/dist-packages/keyboard_msgs-1.0.0-py3.10.egg-info/dependency_links.txt\n'}
[1.541014] (keyboard_msgs) StdoutLine: {'line': b'-- Installing: /home/gadzz/Workspace/VTOL-MissionCenter/install/keyboard_msgs/local/lib/python3.10/dist-packages/keyboard_msgs-1.0.0-py3.10.egg-info/SOURCES.txt\n'}
[1.541126] (keyboard_msgs) StdoutLine: {'line': b'-- Up-to-date: /home/gadzz/Workspace/VTOL-MissionCenter/install/keyboard_msgs/local/lib/python3.10/dist-packages/keyboard_msgs\n'}
[1.541233] (keyboard_msgs) StdoutLine: {'line': b'-- Up-to-date: /home/gadzz/Workspace/VTOL-MissionCenter/install/keyboard_msgs/local/lib/python3.10/dist-packages/keyboard_msgs/_keyboard_msgs_s.ep.rosidl_typesupport_fastrtps_c.c\n'}
[1.541368] (keyboard_msgs) StdoutLine: {'line': b'-- Up-to-date: /home/gadzz/Workspace/VTOL-MissionCenter/install/keyboard_msgs/local/lib/python3.10/dist-packages/keyboard_msgs/msg\n'}
[1.541518] (keyboard_msgs) StdoutLine: {'line': b'-- Up-to-date: /home/gadzz/Workspace/VTOL-MissionCenter/install/keyboard_msgs/local/lib/python3.10/dist-packages/keyboard_msgs/msg/_key.py\n'}
[1.541633] (keyboard_msgs) StdoutLine: {'line': b'-- Up-to-date: /home/gadzz/Workspace/VTOL-MissionCenter/install/keyboard_msgs/local/lib/python3.10/dist-packages/keyboard_msgs/msg/_key_s.c\n'}
[1.541701] (keyboard_msgs) StdoutLine: {'line': b'-- Up-to-date: /home/gadzz/Workspace/VTOL-MissionCenter/install/keyboard_msgs/local/lib/python3.10/dist-packages/keyboard_msgs/msg/__init__.py\n'}
[1.541789] (keyboard_msgs) StdoutLine: {'line': b'-- Up-to-date: /home/gadzz/Workspace/VTOL-MissionCenter/install/keyboard_msgs/local/lib/python3.10/dist-packages/keyboard_msgs/_keyboard_msgs_s.ep.rosidl_typesupport_c.c\n'}
[1.541875] (keyboard_msgs) StdoutLine: {'line': b'-- Up-to-date: /home/gadzz/Workspace/VTOL-MissionCenter/install/keyboard_msgs/local/lib/python3.10/dist-packages/keyboard_msgs/libkeyboard_msgs__rosidl_generator_py.so\n'}
[1.541927] (keyboard_msgs) StdoutLine: {'line': b'-- Up-to-date: /home/gadzz/Workspace/VTOL-MissionCenter/install/keyboard_msgs/local/lib/python3.10/dist-packages/keyboard_msgs/_keyboard_msgs_s.ep.rosidl_typesupport_introspection_c.c\n'}
[1.541980] (keyboard_msgs) StdoutLine: {'line': b'-- Up-to-date: /home/gadzz/Workspace/VTOL-MissionCenter/install/keyboard_msgs/local/lib/python3.10/dist-packages/keyboard_msgs/keyboard_msgs_s__rosidl_typesupport_fastrtps_c.cpython-310-x86_64-linux-gnu.so\n'}
[1.542035] (keyboard_msgs) StdoutLine: {'line': b'-- Up-to-date: /home/gadzz/Workspace/VTOL-MissionCenter/install/keyboard_msgs/local/lib/python3.10/dist-packages/keyboard_msgs/__init__.py\n'}
[1.542098] (keyboard_msgs) StdoutLine: {'line': b'-- Up-to-date: /home/gadzz/Workspace/VTOL-MissionCenter/install/keyboard_msgs/local/lib/python3.10/dist-packages/keyboard_msgs/keyboard_msgs_s__rosidl_typesupport_c.cpython-310-x86_64-linux-gnu.so\n'}
[1.542153] (keyboard_msgs) StdoutLine: {'line': b'-- Up-to-date: /home/gadzz/Workspace/VTOL-MissionCenter/install/keyboard_msgs/local/lib/python3.10/dist-packages/keyboard_msgs/keyboard_msgs_s__rosidl_typesupport_introspection_c.cpython-310-x86_64-linux-gnu.so\n'}
[1.599788] (keyboard_msgs) StdoutLine: {'line': b"Listing '/home/gadzz/Workspace/VTOL-MissionCenter/install/keyboard_msgs/local/lib/python3.10/dist-packages/keyboard_msgs'...\n"}
[1.600185] (keyboard_msgs) StdoutLine: {'line': b"Listing '/home/gadzz/Workspace/VTOL-MissionCenter/install/keyboard_msgs/local/lib/python3.10/dist-packages/keyboard_msgs/msg'...\n"}
[1.615997] (keyboard_msgs) StdoutLine: {'line': b'-- Up-to-date: /home/gadzz/Workspace/VTOL-MissionCenter/install/keyboard_msgs/local/lib/python3.10/dist-packages/keyboard_msgs/keyboard_msgs_s__rosidl_typesupport_fastrtps_c.cpython-310-x86_64-linux-gnu.so\n'}
[1.616369] (-) TimerEvent: {}
[1.617632] (keyboard_msgs) StdoutLine: {'line': b'-- Up-to-date: /home/gadzz/Workspace/VTOL-MissionCenter/install/keyboard_msgs/local/lib/python3.10/dist-packages/keyboard_msgs/keyboard_msgs_s__rosidl_typesupport_introspection_c.cpython-310-x86_64-linux-gnu.so\n'}
[1.617990] (keyboard_msgs) StdoutLine: {'line': b'-- Up-to-date: /home/gadzz/Workspace/VTOL-MissionCenter/install/keyboard_msgs/local/lib/python3.10/dist-packages/keyboard_msgs/keyboard_msgs_s__rosidl_typesupport_c.cpython-310-x86_64-linux-gnu.so\n'}
[1.618073] (keyboard_msgs) StdoutLine: {'line': b'-- Up-to-date: /home/gadzz/Workspace/VTOL-MissionCenter/install/keyboard_msgs/lib/libkeyboard_msgs__rosidl_generator_py.so\n'}
[1.618153] (keyboard_msgs) StdoutLine: {'line': b'-- Up-to-date: /home/gadzz/Workspace/VTOL-MissionCenter/install/keyboard_msgs/share/keyboard_msgs/msg/Key.idl\n'}
[1.618241] (keyboard_msgs) StdoutLine: {'line': b'-- Up-to-date: /home/gadzz/Workspace/VTOL-MissionCenter/install/keyboard_msgs/share/keyboard_msgs/msg/Key.msg\n'}
[1.618302] (keyboard_msgs) StdoutLine: {'line': b'-- Up-to-date: /home/gadzz/Workspace/VTOL-MissionCenter/install/keyboard_msgs/share/ament_index/resource_index/package_run_dependencies/keyboard_msgs\n'}
[1.618364] (keyboard_msgs) StdoutLine: {'line': b'-- Up-to-date: /home/gadzz/Workspace/VTOL-MissionCenter/install/keyboard_msgs/share/ament_index/resource_index/parent_prefix_path/keyboard_msgs\n'}
[1.618430] (keyboard_msgs) StdoutLine: {'line': b'-- Up-to-date: /home/gadzz/Workspace/VTOL-MissionCenter/install/keyboard_msgs/share/keyboard_msgs/environment/ament_prefix_path.sh\n'}
[1.618507] (keyboard_msgs) StdoutLine: {'line': b'-- Up-to-date: /home/gadzz/Workspace/VTOL-MissionCenter/install/keyboard_msgs/share/keyboard_msgs/environment/ament_prefix_path.dsv\n'}
[1.618585] (keyboard_msgs) StdoutLine: {'line': b'-- Up-to-date: /home/gadzz/Workspace/VTOL-MissionCenter/install/keyboard_msgs/share/keyboard_msgs/environment/path.sh\n'}
[1.618652] (keyboard_msgs) StdoutLine: {'line': b'-- Up-to-date: /home/gadzz/Workspace/VTOL-MissionCenter/install/keyboard_msgs/share/keyboard_msgs/environment/path.dsv\n'}
[1.618717] (keyboard_msgs) StdoutLine: {'line': b'-- Up-to-date: /home/gadzz/Workspace/VTOL-MissionCenter/install/keyboard_msgs/share/keyboard_msgs/local_setup.bash\n'}
[1.618781] (keyboard_msgs) StdoutLine: {'line': b'-- Up-to-date: /home/gadzz/Workspace/VTOL-MissionCenter/install/keyboard_msgs/share/keyboard_msgs/local_setup.sh\n'}
[1.618853] (keyboard_msgs) StdoutLine: {'line': b'-- Up-to-date: /home/gadzz/Workspace/VTOL-MissionCenter/install/keyboard_msgs/share/keyboard_msgs/local_setup.zsh\n'}
[1.618921] (keyboard_msgs) StdoutLine: {'line': b'-- Up-to-date: /home/gadzz/Workspace/VTOL-MissionCenter/install/keyboard_msgs/share/keyboard_msgs/local_setup.dsv\n'}
[1.618996] (keyboard_msgs) StdoutLine: {'line': b'-- Installing: /home/gadzz/Workspace/VTOL-MissionCenter/install/keyboard_msgs/share/keyboard_msgs/package.dsv\n'}
[1.619065] (keyboard_msgs) StdoutLine: {'line': b'-- Up-to-date: /home/gadzz/Workspace/VTOL-MissionCenter/install/keyboard_msgs/share/ament_index/resource_index/packages/keyboard_msgs\n'}
[1.619146] (keyboard_msgs) StdoutLine: {'line': b'-- Up-to-date: /home/gadzz/Workspace/VTOL-MissionCenter/install/keyboard_msgs/share/keyboard_msgs/cmake/export_keyboard_msgs__rosidl_generator_cExport.cmake\n'}
[1.619222] (keyboard_msgs) StdoutLine: {'line': b'-- Up-to-date: /home/gadzz/Workspace/VTOL-MissionCenter/install/keyboard_msgs/share/keyboard_msgs/cmake/export_keyboard_msgs__rosidl_generator_cExport-noconfig.cmake\n'}
[1.619318] (keyboard_msgs) StdoutLine: {'line': b'-- Up-to-date: /home/gadzz/Workspace/VTOL-MissionCenter/install/keyboard_msgs/share/keyboard_msgs/cmake/export_keyboard_msgs__rosidl_typesupport_fastrtps_cExport.cmake\n'}
[1.619388] (keyboard_msgs) StdoutLine: {'line': b'-- Up-to-date: /home/gadzz/Workspace/VTOL-MissionCenter/install/keyboard_msgs/share/keyboard_msgs/cmake/export_keyboard_msgs__rosidl_typesupport_fastrtps_cExport-noconfig.cmake\n'}
[1.619462] (keyboard_msgs) StdoutLine: {'line': b'-- Up-to-date: /home/gadzz/Workspace/VTOL-MissionCenter/install/keyboard_msgs/share/keyboard_msgs/cmake/export_keyboard_msgs__rosidl_generator_cppExport.cmake\n'}
[1.619725] (keyboard_msgs) StdoutLine: {'line': b'-- Up-to-date: /home/gadzz/Workspace/VTOL-MissionCenter/install/keyboard_msgs/share/keyboard_msgs/cmake/export_keyboard_msgs__rosidl_typesupport_fastrtps_cppExport.cmake\n'}
[1.619809] (keyboard_msgs) StdoutLine: {'line': b'-- Up-to-date: /home/gadzz/Workspace/VTOL-MissionCenter/install/keyboard_msgs/share/keyboard_msgs/cmake/export_keyboard_msgs__rosidl_typesupport_fastrtps_cppExport-noconfig.cmake\n'}
[1.619872] (keyboard_msgs) StdoutLine: {'line': b'-- Up-to-date: /home/gadzz/Workspace/VTOL-MissionCenter/install/keyboard_msgs/share/keyboard_msgs/cmake/keyboard_msgs__rosidl_typesupport_introspection_cExport.cmake\n'}
[1.619934] (keyboard_msgs) StdoutLine: {'line': b'-- Up-to-date: /home/gadzz/Workspace/VTOL-MissionCenter/install/keyboard_msgs/share/keyboard_msgs/cmake/keyboard_msgs__rosidl_typesupport_introspection_cExport-noconfig.cmake\n'}
[1.620001] (keyboard_msgs) StdoutLine: {'line': b'-- Up-to-date: /home/gadzz/Workspace/VTOL-MissionCenter/install/keyboard_msgs/share/keyboard_msgs/cmake/keyboard_msgs__rosidl_typesupport_cExport.cmake\n'}
[1.620068] (keyboard_msgs) StdoutLine: {'line': b'-- Up-to-date: /home/gadzz/Workspace/VTOL-MissionCenter/install/keyboard_msgs/share/keyboard_msgs/cmake/keyboard_msgs__rosidl_typesupport_cExport-noconfig.cmake\n'}
[1.620130] (keyboard_msgs) StdoutLine: {'line': b'-- Up-to-date: /home/gadzz/Workspace/VTOL-MissionCenter/install/keyboard_msgs/share/keyboard_msgs/cmake/keyboard_msgs__rosidl_typesupport_introspection_cppExport.cmake\n'}
[1.620194] (keyboard_msgs) StdoutLine: {'line': b'-- Up-to-date: /home/gadzz/Workspace/VTOL-MissionCenter/install/keyboard_msgs/share/keyboard_msgs/cmake/keyboard_msgs__rosidl_typesupport_introspection_cppExport-noconfig.cmake\n'}
[1.620261] (keyboard_msgs) StdoutLine: {'line': b'-- Up-to-date: /home/gadzz/Workspace/VTOL-MissionCenter/install/keyboard_msgs/share/keyboard_msgs/cmake/keyboard_msgs__rosidl_typesupport_cppExport.cmake\n'}
[1.620318] (keyboard_msgs) StdoutLine: {'line': b'-- Up-to-date: /home/gadzz/Workspace/VTOL-MissionCenter/install/keyboard_msgs/share/keyboard_msgs/cmake/keyboard_msgs__rosidl_typesupport_cppExport-noconfig.cmake\n'}
[1.620409] (keyboard_msgs) StdoutLine: {'line': b'-- Up-to-date: /home/gadzz/Workspace/VTOL-MissionCenter/install/keyboard_msgs/share/keyboard_msgs/cmake/export_keyboard_msgs__rosidl_generator_pyExport.cmake\n'}
[1.620492] (keyboard_msgs) StdoutLine: {'line': b'-- Up-to-date: /home/gadzz/Workspace/VTOL-MissionCenter/install/keyboard_msgs/share/keyboard_msgs/cmake/export_keyboard_msgs__rosidl_generator_pyExport-noconfig.cmake\n'}
[1.620570] (keyboard_msgs) StdoutLine: {'line': b'-- Up-to-date: /home/gadzz/Workspace/VTOL-MissionCenter/install/keyboard_msgs/share/keyboard_msgs/cmake/rosidl_cmake-extras.cmake\n'}
[1.620631] (keyboard_msgs) StdoutLine: {'line': b'-- Up-to-date: /home/gadzz/Workspace/VTOL-MissionCenter/install/keyboard_msgs/share/keyboard_msgs/cmake/ament_cmake_export_dependencies-extras.cmake\n'}
[1.620697] (keyboard_msgs) StdoutLine: {'line': b'-- Up-to-date: /home/gadzz/Workspace/VTOL-MissionCenter/install/keyboard_msgs/share/keyboard_msgs/cmake/ament_cmake_export_include_directories-extras.cmake\n'}
[1.620763] (keyboard_msgs) StdoutLine: {'line': b'-- Up-to-date: /home/gadzz/Workspace/VTOL-MissionCenter/install/keyboard_msgs/share/keyboard_msgs/cmake/ament_cmake_export_libraries-extras.cmake\n'}
[1.620847] (keyboard_msgs) StdoutLine: {'line': b'-- Up-to-date: /home/gadzz/Workspace/VTOL-MissionCenter/install/keyboard_msgs/share/keyboard_msgs/cmake/ament_cmake_export_targets-extras.cmake\n'}
[1.620914] (keyboard_msgs) StdoutLine: {'line': b'-- Up-to-date: /home/gadzz/Workspace/VTOL-MissionCenter/install/keyboard_msgs/share/keyboard_msgs/cmake/rosidl_cmake_export_typesupport_targets-extras.cmake\n'}
[1.620982] (keyboard_msgs) StdoutLine: {'line': b'-- Up-to-date: /home/gadzz/Workspace/VTOL-MissionCenter/install/keyboard_msgs/share/keyboard_msgs/cmake/rosidl_cmake_export_typesupport_libraries-extras.cmake\n'}
[1.621051] (keyboard_msgs) StdoutLine: {'line': b'-- Up-to-date: /home/gadzz/Workspace/VTOL-MissionCenter/install/keyboard_msgs/share/keyboard_msgs/cmake/keyboard_msgsConfig.cmake\n'}
[1.621116] (keyboard_msgs) StdoutLine: {'line': b'-- Up-to-date: /home/gadzz/Workspace/VTOL-MissionCenter/install/keyboard_msgs/share/keyboard_msgs/cmake/keyboard_msgsConfig-version.cmake\n'}
[1.621190] (keyboard_msgs) StdoutLine: {'line': b'-- Up-to-date: /home/gadzz/Workspace/VTOL-MissionCenter/install/keyboard_msgs/share/keyboard_msgs/package.xml\n'}
[1.626341] (keyboard_msgs) CommandEnded: {'returncode': 0}
[1.666134] (keyboard_msgs) JobEnded: {'identifier': 'keyboard_msgs', 'rc': 0}
[1.671877] (keyboard) JobStarted: {'identifier': 'keyboard'}
[1.678302] (mission_center) JobStarted: {'identifier': 'mission_center'}
[1.695253] (mission_center) JobProgress: {'identifier': 'mission_center', 'progress': 'cmake'}
[1.695831] (mission_center) JobProgress: {'identifier': 'mission_center', 'progress': 'build'}
[1.697474] (mission_center) Command: {'cmd': ['/usr/bin/cmake', '--build', '/home/gadzz/Workspace/VTOL-MissionCenter/build/mission_center', '--', '-j8', '-l8'], 'cwd': '/home/gadzz/Workspace/VTOL-MissionCenter/build/mission_center', 'env': OrderedDict([('PROFILEHOME', ''), ('LESSOPEN', '| /usr/bin/lesspipe %s'), ('KDE_FULL_SESSION', 'true'), ('TMUX', '/tmp/tmux-1000/default,4356,1'), ('LANGUAGE', ''), ('USER', 'gadzz'), ('PAM_KWALLET5_LOGIN', '/run/user/1000/kwallet5.socket'), ('LC_TIME', 'id_ID.UTF-8'), ('XDG_SEAT', 'seat0'), ('SSH_AGENT_PID', '2415'), ('XDG_SESSION_TYPE', 'x11'), ('XCURSOR_SIZE', '24'), ('KONSOLE_VERSION', '211203'), ('SHLVL', '4'), ('LD_LIBRARY_PATH', '/home/gadzz/Workspace/VTOL-MissionCenter/install/keyboard_msgs/lib:/opt/ros/humble/opt/rviz_ogre_vendor/lib:/opt/ros/humble/lib/x86_64-linux-gnu:/opt/ros/humble/lib'), ('LESS', '-R'), ('HOME', '/home/gadzz'), ('KDE_APPLICATIONS_AS_SCOPE', '1'), ('OLDPWD', '/home/gadzz'), ('TERM_PROGRAM_VERSION', '3.5a'), ('DESKTOP_SESSION', 'plasma'), ('LSCOLORS', 'Gxfxcxdxbxegedabagacad'), ('ZSH', '/home/gadzz/.oh-my-zsh'), ('ROS_PYTHON_VERSION', '3'), ('SHELL_SESSION_ID', '86a91970c49248ad8a86e333f603267a'), ('GTK_RC_FILES', '/etc/gtk/gtkrc:/home/gadzz/.gtkrc:/home/gadzz/.config/gtkrc'), ('GTK_MODULES', 'gail:atk-bridge'), ('XDG_SEAT_PATH', '/org/freedesktop/DisplayManager/Seat0'), ('KDE_SESSION_VERSION', '5'), ('PAGER', 'less'), ('LC_MONETARY', 'id_ID.UTF-8'), ('KONSOLE_DBUS_SESSION', '/Sessions/1'), ('SYSTEMD_EXEC_PID', '2273'), ('DBUS_SESSION_BUS_ADDRESS', 'unix:path=/run/user/1000/bus'), ('COLORTERM', 'truecolor'), ('LIBVIRT_DEFAULT_URI', 'qemu:///system'), ('KONSOLE_DBUS_WINDOW', '/Windows/1'), ('IM_CONFIG_PHASE', '1'), ('ROS_DISTRO', 'humble'), ('GTK_IM_MODULE', 'ibus'), ('LOGNAME', 'gadzz'), ('WINDOWID', '117440517'), ('QT_AUTO_SCREEN_SCALE_FACTOR', '0'), ('_', '/usr/bin/colcon'), ('ROS_VERSION', '2'), ('XDG_SESSION_CLASS', 'user'), ('COLORFGBG', '15;0'), ('TERM', 'tmux-256color'), ('XDG_SESSION_ID', '3'), ('ROS_LOCALHOST_ONLY', '0'), ('GTK2_RC_FILES', '/etc/gtk-2.0/gtkrc:/home/gadzz/.gtkrc-2.0:/home/gadzz/.config/gtkrc-2.0'), ('PATH', '/home/gadzz/.cargo/bin:/home/gadzz/local/bin:/home/gadzz/.cargo/bin:/home/gadzz/local/bin:/opt/ros/humble/bin:/home/gadzz/.cargo/bin:/opt/gcc-arm-none-eabi-9-2020-q2-update/bin:/home/gadzz/.local/bin:/usr/local/sbin:/usr/local/bin:/usr/sbin:/usr/bin:/sbin:/bin:/usr/games:/usr/local/games:/snap/bin:/home/gadzz/Downloads/Micro-XRCE-DDS-Gen/scripts:/home/gadzz/.fzf/bin:/home/gadzz/Downloads/Micro-XRCE-DDS-Gen/scripts'), ('XDG_SESSION_PATH', '/org/freedesktop/DisplayManager/Session1'), ('LC_ADDRESS', 'id_ID.UTF-8'), ('XDG_RUNTIME_DIR', '/run/user/1000'), ('XCURSOR_THEME', 'breeze_cursors'), ('DISPLAY', ':0'), ('XDG_CURRENT_DESKTOP', 'KDE'), ('LC_TELEPHONE', 'id_ID.UTF-8'), ('LANG', 'en_US.UTF-8'), ('XMODIFIERS', '@im=ibus'), ('XDG_SESSION_DESKTOP', 'KDE'), ('XAUTHORITY', '/home/gadzz/.Xauthority'), ('LS_COLORS', 'rs=0:di=01;34:ln=01;36:mh=00:pi=40;33:so=01;35:do=01;35:bd=40;33;01:cd=40;33;01:or=40;31;01:mi=00:su=37;41:sg=30;43:ca=30;41:tw=30;42:ow=34;42:st=37;44:ex=01;32:*.tar=01;31:*.tgz=01;31:*.arc=01;31:*.arj=01;31:*.taz=01;31:*.lha=01;31:*.lz4=01;31:*.lzh=01;31:*.lzma=01;31:*.tlz=01;31:*.txz=01;31:*.tzo=01;31:*.t7z=01;31:*.zip=01;31:*.z=01;31:*.dz=01;31:*.gz=01;31:*.lrz=01;31:*.lz=01;31:*.lzo=01;31:*.xz=01;31:*.zst=01;31:*.tzst=01;31:*.bz2=01;31:*.bz=01;31:*.tbz=01;31:*.tbz2=01;31:*.tz=01;31:*.deb=01;31:*.rpm=01;31:*.jar=01;31:*.war=01;31:*.ear=01;31:*.sar=01;31:*.rar=01;31:*.alz=01;31:*.ace=01;31:*.zoo=01;31:*.cpio=01;31:*.7z=01;31:*.rz=01;31:*.cab=01;31:*.wim=01;31:*.swm=01;31:*.dwm=01;31:*.esd=01;31:*.jpg=01;35:*.jpeg=01;35:*.mjpg=01;35:*.mjpeg=01;35:*.gif=01;35:*.bmp=01;35:*.pbm=01;35:*.pgm=01;35:*.ppm=01;35:*.tga=01;35:*.xbm=01;35:*.xpm=01;35:*.tif=01;35:*.tiff=01;35:*.png=01;35:*.svg=01;35:*.svgz=01;35:*.mng=01;35:*.pcx=01;35:*.mov=01;35:*.mpg=01;35:*.mpeg=01;35:*.m2v=01;35:*.mkv=01;35:*.webm=01;35:*.webp=01;35:*.ogm=01;35:*.mp4=01;35:*.m4v=01;35:*.mp4v=01;35:*.vob=01;35:*.qt=01;35:*.nuv=01;35:*.wmv=01;35:*.asf=01;35:*.rm=01;35:*.rmvb=01;35:*.flc=01;35:*.avi=01;35:*.fli=01;35:*.flv=01;35:*.gl=01;35:*.dl=01;35:*.xcf=01;35:*.xwd=01;35:*.yuv=01;35:*.cgm=01;35:*.emf=01;35:*.ogv=01;35:*.ogx=01;35:*.aac=00;36:*.au=00;36:*.flac=00;36:*.m4a=00;36:*.mid=00;36:*.midi=00;36:*.mka=00;36:*.mp3=00;36:*.mpc=00;36:*.ogg=00;36:*.ra=00;36:*.wav=00;36:*.oga=00;36:*.opus=00;36:*.spx=00;36:*.xspf=00;36:'), ('TERM_PROGRAM', 'tmux'), ('SSH_AUTH_SOCK', '/tmp/ssh-XXXXXXL5f1UC/agent.2314'), ('AMENT_PREFIX_PATH', '/home/gadzz/Workspace/VTOL-MissionCenter/install/keyboard_msgs:/opt/ros/humble'), ('SHELL', '/bin/bash'), ('LC_NAME', 'id_ID.UTF-8'), ('QT_ACCESSIBILITY', '1'), ('LESSCLOSE', '/usr/bin/lesspipe %s %s'), ('KONSOLE_DBUS_SERVICE', ':1.103'), ('LC_MEASUREMENT', 'id_ID.UTF-8'), ('GPG_AGENT_INFO', '/run/user/1000/gnupg/S.gpg-agent:0:1'), ('LC_IDENTIFICATION', 'id_ID.UTF-8'), ('QT_IM_MODULE', 'ibus'), ('XDG_VTNR', '1'), ('PWD', '/home/gadzz/Workspace/VTOL-MissionCenter/build/mission_center'), ('LC_ALL', 'en_US.UTF-8'), ('XDG_CONFIG_DIRS', '/home/gadzz/.config/kdedefaults:/etc/xdg/xdg-plasma:/etc/xdg'), ('CLUTTER_IM_MODULE', 'ibus'), ('XDG_DATA_DIRS', '/usr/share/plasma:/usr/share/gnome:/usr/local/share:/usr/share:/var/lib/snapd/desktop'), ('PYTHONPATH', '/home/gadzz/Workspace/VTOL-MissionCenter/install/keyboard_msgs/local/lib/python3.10/dist-packages:/opt/ros/humble/lib/python3.10/site-packages:/opt/ros/humble/local/lib/python3.10/dist-packages'), ('LC_NUMERIC', 'id_ID.UTF-8'), ('TMUX_PLUGIN_MANAGER_PATH', '/home/gadzz/.config/tmux/plugins/'), ('LC_PAPER', 'id_ID.UTF-8'), ('KDE_SESSION_UID', '1000'), ('COLCON', '1'), ('TMUX_PANE', '%13'), ('CMAKE_PREFIX_PATH', '/home/gadzz/Workspace/VTOL-MissionCenter/install/keyboard_msgs:/opt/ros/humble')]), 'shell': False}
[1.707977] (keyboard) JobProgress: {'identifier': 'keyboard', 'progress': 'cmake'}
[1.708041] (keyboard) JobProgress: {'identifier': 'keyboard', 'progress': 'build'}
[1.708939] (keyboard) Command: {'cmd': ['/usr/bin/cmake', '--build', '/home/gadzz/Workspace/VTOL-MissionCenter/build/keyboard', '--', '-j8', '-l8'], 'cwd': '/home/gadzz/Workspace/VTOL-MissionCenter/build/keyboard', 'env': OrderedDict([('PROFILEHOME', ''), ('LESSOPEN', '| /usr/bin/lesspipe %s'), ('KDE_FULL_SESSION', 'true'), ('TMUX', '/tmp/tmux-1000/default,4356,1'), ('LANGUAGE', ''), ('USER', 'gadzz'), ('PAM_KWALLET5_LOGIN', '/run/user/1000/kwallet5.socket'), ('LC_TIME', 'id_ID.UTF-8'), ('XDG_SEAT', 'seat0'), ('SSH_AGENT_PID', '2415'), ('XDG_SESSION_TYPE', 'x11'), ('XCURSOR_SIZE', '24'), ('KONSOLE_VERSION', '211203'), ('SHLVL', '4'), ('LD_LIBRARY_PATH', '/home/gadzz/Workspace/VTOL-MissionCenter/install/keyboard_msgs/lib:/opt/ros/humble/opt/rviz_ogre_vendor/lib:/opt/ros/humble/lib/x86_64-linux-gnu:/opt/ros/humble/lib'), ('LESS', '-R'), ('HOME', '/home/gadzz'), ('KDE_APPLICATIONS_AS_SCOPE', '1'), ('OLDPWD', '/home/gadzz'), ('TERM_PROGRAM_VERSION', '3.5a'), ('DESKTOP_SESSION', 'plasma'), ('LSCOLORS', 'Gxfxcxdxbxegedabagacad'), ('ZSH', '/home/gadzz/.oh-my-zsh'), ('ROS_PYTHON_VERSION', '3'), ('SHELL_SESSION_ID', '86a91970c49248ad8a86e333f603267a'), ('GTK_RC_FILES', '/etc/gtk/gtkrc:/home/gadzz/.gtkrc:/home/gadzz/.config/gtkrc'), ('GTK_MODULES', 'gail:atk-bridge'), ('XDG_SEAT_PATH', '/org/freedesktop/DisplayManager/Seat0'), ('KDE_SESSION_VERSION', '5'), ('PAGER', 'less'), ('LC_MONETARY', 'id_ID.UTF-8'), ('KONSOLE_DBUS_SESSION', '/Sessions/1'), ('SYSTEMD_EXEC_PID', '2273'), ('DBUS_SESSION_BUS_ADDRESS', 'unix:path=/run/user/1000/bus'), ('COLORTERM', 'truecolor'), ('LIBVIRT_DEFAULT_URI', 'qemu:///system'), ('KONSOLE_DBUS_WINDOW', '/Windows/1'), ('IM_CONFIG_PHASE', '1'), ('ROS_DISTRO', 'humble'), ('GTK_IM_MODULE', 'ibus'), ('LOGNAME', 'gadzz'), ('WINDOWID', '117440517'), ('QT_AUTO_SCREEN_SCALE_FACTOR', '0'), ('_', '/usr/bin/colcon'), ('ROS_VERSION', '2'), ('XDG_SESSION_CLASS', 'user'), ('COLORFGBG', '15;0'), ('TERM', 'tmux-256color'), ('XDG_SESSION_ID', '3'), ('ROS_LOCALHOST_ONLY', '0'), ('GTK2_RC_FILES', '/etc/gtk-2.0/gtkrc:/home/gadzz/.gtkrc-2.0:/home/gadzz/.config/gtkrc-2.0'), ('PATH', '/home/gadzz/.cargo/bin:/home/gadzz/local/bin:/home/gadzz/.cargo/bin:/home/gadzz/local/bin:/opt/ros/humble/bin:/home/gadzz/.cargo/bin:/opt/gcc-arm-none-eabi-9-2020-q2-update/bin:/home/gadzz/.local/bin:/usr/local/sbin:/usr/local/bin:/usr/sbin:/usr/bin:/sbin:/bin:/usr/games:/usr/local/games:/snap/bin:/home/gadzz/Downloads/Micro-XRCE-DDS-Gen/scripts:/home/gadzz/.fzf/bin:/home/gadzz/Downloads/Micro-XRCE-DDS-Gen/scripts'), ('XDG_SESSION_PATH', '/org/freedesktop/DisplayManager/Session1'), ('LC_ADDRESS', 'id_ID.UTF-8'), ('XDG_RUNTIME_DIR', '/run/user/1000'), ('XCURSOR_THEME', 'breeze_cursors'), ('DISPLAY', ':0'), ('XDG_CURRENT_DESKTOP', 'KDE'), ('LC_TELEPHONE', 'id_ID.UTF-8'), ('LANG', 'en_US.UTF-8'), ('XMODIFIERS', '@im=ibus'), ('XDG_SESSION_DESKTOP', 'KDE'), ('XAUTHORITY', '/home/gadzz/.Xauthority'), ('LS_COLORS', 'rs=0:di=01;34:ln=01;36:mh=00:pi=40;33:so=01;35:do=01;35:bd=40;33;01:cd=40;33;01:or=40;31;01:mi=00:su=37;41:sg=30;43:ca=30;41:tw=30;42:ow=34;42:st=37;44:ex=01;32:*.tar=01;31:*.tgz=01;31:*.arc=01;31:*.arj=01;31:*.taz=01;31:*.lha=01;31:*.lz4=01;31:*.lzh=01;31:*.lzma=01;31:*.tlz=01;31:*.txz=01;31:*.tzo=01;31:*.t7z=01;31:*.zip=01;31:*.z=01;31:*.dz=01;31:*.gz=01;31:*.lrz=01;31:*.lz=01;31:*.lzo=01;31:*.xz=01;31:*.zst=01;31:*.tzst=01;31:*.bz2=01;31:*.bz=01;31:*.tbz=01;31:*.tbz2=01;31:*.tz=01;31:*.deb=01;31:*.rpm=01;31:*.jar=01;31:*.war=01;31:*.ear=01;31:*.sar=01;31:*.rar=01;31:*.alz=01;31:*.ace=01;31:*.zoo=01;31:*.cpio=01;31:*.7z=01;31:*.rz=01;31:*.cab=01;31:*.wim=01;31:*.swm=01;31:*.dwm=01;31:*.esd=01;31:*.jpg=01;35:*.jpeg=01;35:*.mjpg=01;35:*.mjpeg=01;35:*.gif=01;35:*.bmp=01;35:*.pbm=01;35:*.pgm=01;35:*.ppm=01;35:*.tga=01;35:*.xbm=01;35:*.xpm=01;35:*.tif=01;35:*.tiff=01;35:*.png=01;35:*.svg=01;35:*.svgz=01;35:*.mng=01;35:*.pcx=01;35:*.mov=01;35:*.mpg=01;35:*.mpeg=01;35:*.m2v=01;35:*.mkv=01;35:*.webm=01;35:*.webp=01;35:*.ogm=01;35:*.mp4=01;35:*.m4v=01;35:*.mp4v=01;35:*.vob=01;35:*.qt=01;35:*.nuv=01;35:*.wmv=01;35:*.asf=01;35:*.rm=01;35:*.rmvb=01;35:*.flc=01;35:*.avi=01;35:*.fli=01;35:*.flv=01;35:*.gl=01;35:*.dl=01;35:*.xcf=01;35:*.xwd=01;35:*.yuv=01;35:*.cgm=01;35:*.emf=01;35:*.ogv=01;35:*.ogx=01;35:*.aac=00;36:*.au=00;36:*.flac=00;36:*.m4a=00;36:*.mid=00;36:*.midi=00;36:*.mka=00;36:*.mp3=00;36:*.mpc=00;36:*.ogg=00;36:*.ra=00;36:*.wav=00;36:*.oga=00;36:*.opus=00;36:*.spx=00;36:*.xspf=00;36:'), ('TERM_PROGRAM', 'tmux'), ('SSH_AUTH_SOCK', '/tmp/ssh-XXXXXXL5f1UC/agent.2314'), ('AMENT_PREFIX_PATH', '/home/gadzz/Workspace/VTOL-MissionCenter/install/keyboard_msgs:/opt/ros/humble'), ('SHELL', '/bin/bash'), ('LC_NAME', 'id_ID.UTF-8'), ('QT_ACCESSIBILITY', '1'), ('LESSCLOSE', '/usr/bin/lesspipe %s %s'), ('KONSOLE_DBUS_SERVICE', ':1.103'), ('LC_MEASUREMENT', 'id_ID.UTF-8'), ('GPG_AGENT_INFO', '/run/user/1000/gnupg/S.gpg-agent:0:1'), ('LC_IDENTIFICATION', 'id_ID.UTF-8'), ('QT_IM_MODULE', 'ibus'), ('XDG_VTNR', '1'), ('PWD', '/home/gadzz/Workspace/VTOL-MissionCenter/build/keyboard'), ('LC_ALL', 'en_US.UTF-8'), ('XDG_CONFIG_DIRS', '/home/gadzz/.config/kdedefaults:/etc/xdg/xdg-plasma:/etc/xdg'), ('CLUTTER_IM_MODULE', 'ibus'), ('XDG_DATA_DIRS', '/usr/share/plasma:/usr/share/gnome:/usr/local/share:/usr/share:/var/lib/snapd/desktop'), ('PYTHONPATH', '/home/gadzz/Workspace/VTOL-MissionCenter/install/keyboard_msgs/local/lib/python3.10/dist-packages:/opt/ros/humble/lib/python3.10/site-packages:/opt/ros/humble/local/lib/python3.10/dist-packages'), ('LC_NUMERIC', 'id_ID.UTF-8'), ('TMUX_PLUGIN_MANAGER_PATH', '/home/gadzz/.config/tmux/plugins/'), ('LC_PAPER', 'id_ID.UTF-8'), ('KDE_SESSION_UID', '1000'), ('COLCON', '1'), ('TMUX_PANE', '%13'), ('CMAKE_PREFIX_PATH', '/home/gadzz/Workspace/VTOL-MissionCenter/install/keyboard_msgs:/opt/ros/humble')]), 'shell': False}
[1.717326] (-) TimerEvent: {}
[1.796219] (mission_center) StdoutLine: {'line': b'\x1b[35m\x1b[1mConsolidate compiler generated dependencies of target uav_mission\x1b[0m\n'}
[1.817865] (-) TimerEvent: {}
[1.838150] (keyboard) StdoutLine: {'line': b'[100%] Built target keyboard\n'}
[1.841914] (mission_center) StdoutLine: {'line': b'[  6%] \x1b[32mBuilding CXX object CMakeFiles/uav_mission.dir/src/uav_mission.cpp.o\x1b[0m\n'}
[1.870653] (keyboard) CommandEnded: {'returncode': 0}
[1.879790] (keyboard) JobProgress: {'identifier': 'keyboard', 'progress': 'install'}
[1.879896] (keyboard) Command: {'cmd': ['/usr/bin/cmake', '--install', '/home/gadzz/Workspace/VTOL-MissionCenter/build/keyboard'], 'cwd': '/home/gadzz/Workspace/VTOL-MissionCenter/build/keyboard', 'env': OrderedDict([('PROFILEHOME', ''), ('LESSOPEN', '| /usr/bin/lesspipe %s'), ('KDE_FULL_SESSION', 'true'), ('TMUX', '/tmp/tmux-1000/default,4356,1'), ('LANGUAGE', ''), ('USER', 'gadzz'), ('PAM_KWALLET5_LOGIN', '/run/user/1000/kwallet5.socket'), ('LC_TIME', 'id_ID.UTF-8'), ('XDG_SEAT', 'seat0'), ('SSH_AGENT_PID', '2415'), ('XDG_SESSION_TYPE', 'x11'), ('XCURSOR_SIZE', '24'), ('KONSOLE_VERSION', '211203'), ('SHLVL', '4'), ('LD_LIBRARY_PATH', '/home/gadzz/Workspace/VTOL-MissionCenter/install/keyboard_msgs/lib:/opt/ros/humble/opt/rviz_ogre_vendor/lib:/opt/ros/humble/lib/x86_64-linux-gnu:/opt/ros/humble/lib'), ('LESS', '-R'), ('HOME', '/home/gadzz'), ('KDE_APPLICATIONS_AS_SCOPE', '1'), ('OLDPWD', '/home/gadzz'), ('TERM_PROGRAM_VERSION', '3.5a'), ('DESKTOP_SESSION', 'plasma'), ('LSCOLORS', 'Gxfxcxdxbxegedabagacad'), ('ZSH', '/home/gadzz/.oh-my-zsh'), ('ROS_PYTHON_VERSION', '3'), ('SHELL_SESSION_ID', '86a91970c49248ad8a86e333f603267a'), ('GTK_RC_FILES', '/etc/gtk/gtkrc:/home/gadzz/.gtkrc:/home/gadzz/.config/gtkrc'), ('GTK_MODULES', 'gail:atk-bridge'), ('XDG_SEAT_PATH', '/org/freedesktop/DisplayManager/Seat0'), ('KDE_SESSION_VERSION', '5'), ('PAGER', 'less'), ('LC_MONETARY', 'id_ID.UTF-8'), ('KONSOLE_DBUS_SESSION', '/Sessions/1'), ('SYSTEMD_EXEC_PID', '2273'), ('DBUS_SESSION_BUS_ADDRESS', 'unix:path=/run/user/1000/bus'), ('COLORTERM', 'truecolor'), ('LIBVIRT_DEFAULT_URI', 'qemu:///system'), ('KONSOLE_DBUS_WINDOW', '/Windows/1'), ('IM_CONFIG_PHASE', '1'), ('ROS_DISTRO', 'humble'), ('GTK_IM_MODULE', 'ibus'), ('LOGNAME', 'gadzz'), ('WINDOWID', '117440517'), ('QT_AUTO_SCREEN_SCALE_FACTOR', '0'), ('_', '/usr/bin/colcon'), ('ROS_VERSION', '2'), ('XDG_SESSION_CLASS', 'user'), ('COLORFGBG', '15;0'), ('TERM', 'tmux-256color'), ('XDG_SESSION_ID', '3'), ('ROS_LOCALHOST_ONLY', '0'), ('GTK2_RC_FILES', '/etc/gtk-2.0/gtkrc:/home/gadzz/.gtkrc-2.0:/home/gadzz/.config/gtkrc-2.0'), ('PATH', '/home/gadzz/.cargo/bin:/home/gadzz/local/bin:/home/gadzz/.cargo/bin:/home/gadzz/local/bin:/opt/ros/humble/bin:/home/gadzz/.cargo/bin:/opt/gcc-arm-none-eabi-9-2020-q2-update/bin:/home/gadzz/.local/bin:/usr/local/sbin:/usr/local/bin:/usr/sbin:/usr/bin:/sbin:/bin:/usr/games:/usr/local/games:/snap/bin:/home/gadzz/Downloads/Micro-XRCE-DDS-Gen/scripts:/home/gadzz/.fzf/bin:/home/gadzz/Downloads/Micro-XRCE-DDS-Gen/scripts'), ('XDG_SESSION_PATH', '/org/freedesktop/DisplayManager/Session1'), ('LC_ADDRESS', 'id_ID.UTF-8'), ('XDG_RUNTIME_DIR', '/run/user/1000'), ('XCURSOR_THEME', 'breeze_cursors'), ('DISPLAY', ':0'), ('XDG_CURRENT_DESKTOP', 'KDE'), ('LC_TELEPHONE', 'id_ID.UTF-8'), ('LANG', 'en_US.UTF-8'), ('XMODIFIERS', '@im=ibus'), ('XDG_SESSION_DESKTOP', 'KDE'), ('XAUTHORITY', '/home/gadzz/.Xauthority'), ('LS_COLORS', 'rs=0:di=01;34:ln=01;36:mh=00:pi=40;33:so=01;35:do=01;35:bd=40;33;01:cd=40;33;01:or=40;31;01:mi=00:su=37;41:sg=30;43:ca=30;41:tw=30;42:ow=34;42:st=37;44:ex=01;32:*.tar=01;31:*.tgz=01;31:*.arc=01;31:*.arj=01;31:*.taz=01;31:*.lha=01;31:*.lz4=01;31:*.lzh=01;31:*.lzma=01;31:*.tlz=01;31:*.txz=01;31:*.tzo=01;31:*.t7z=01;31:*.zip=01;31:*.z=01;31:*.dz=01;31:*.gz=01;31:*.lrz=01;31:*.lz=01;31:*.lzo=01;31:*.xz=01;31:*.zst=01;31:*.tzst=01;31:*.bz2=01;31:*.bz=01;31:*.tbz=01;31:*.tbz2=01;31:*.tz=01;31:*.deb=01;31:*.rpm=01;31:*.jar=01;31:*.war=01;31:*.ear=01;31:*.sar=01;31:*.rar=01;31:*.alz=01;31:*.ace=01;31:*.zoo=01;31:*.cpio=01;31:*.7z=01;31:*.rz=01;31:*.cab=01;31:*.wim=01;31:*.swm=01;31:*.dwm=01;31:*.esd=01;31:*.jpg=01;35:*.jpeg=01;35:*.mjpg=01;35:*.mjpeg=01;35:*.gif=01;35:*.bmp=01;35:*.pbm=01;35:*.pgm=01;35:*.ppm=01;35:*.tga=01;35:*.xbm=01;35:*.xpm=01;35:*.tif=01;35:*.tiff=01;35:*.png=01;35:*.svg=01;35:*.svgz=01;35:*.mng=01;35:*.pcx=01;35:*.mov=01;35:*.mpg=01;35:*.mpeg=01;35:*.m2v=01;35:*.mkv=01;35:*.webm=01;35:*.webp=01;35:*.ogm=01;35:*.mp4=01;35:*.m4v=01;35:*.mp4v=01;35:*.vob=01;35:*.qt=01;35:*.nuv=01;35:*.wmv=01;35:*.asf=01;35:*.rm=01;35:*.rmvb=01;35:*.flc=01;35:*.avi=01;35:*.fli=01;35:*.flv=01;35:*.gl=01;35:*.dl=01;35:*.xcf=01;35:*.xwd=01;35:*.yuv=01;35:*.cgm=01;35:*.emf=01;35:*.ogv=01;35:*.ogx=01;35:*.aac=00;36:*.au=00;36:*.flac=00;36:*.m4a=00;36:*.mid=00;36:*.midi=00;36:*.mka=00;36:*.mp3=00;36:*.mpc=00;36:*.ogg=00;36:*.ra=00;36:*.wav=00;36:*.oga=00;36:*.opus=00;36:*.spx=00;36:*.xspf=00;36:'), ('TERM_PROGRAM', 'tmux'), ('SSH_AUTH_SOCK', '/tmp/ssh-XXXXXXL5f1UC/agent.2314'), ('AMENT_PREFIX_PATH', '/home/gadzz/Workspace/VTOL-MissionCenter/install/keyboard_msgs:/opt/ros/humble'), ('SHELL', '/bin/bash'), ('LC_NAME', 'id_ID.UTF-8'), ('QT_ACCESSIBILITY', '1'), ('LESSCLOSE', '/usr/bin/lesspipe %s %s'), ('KONSOLE_DBUS_SERVICE', ':1.103'), ('LC_MEASUREMENT', 'id_ID.UTF-8'), ('GPG_AGENT_INFO', '/run/user/1000/gnupg/S.gpg-agent:0:1'), ('LC_IDENTIFICATION', 'id_ID.UTF-8'), ('QT_IM_MODULE', 'ibus'), ('XDG_VTNR', '1'), ('PWD', '/home/gadzz/Workspace/VTOL-MissionCenter/build/keyboard'), ('LC_ALL', 'en_US.UTF-8'), ('XDG_CONFIG_DIRS', '/home/gadzz/.config/kdedefaults:/etc/xdg/xdg-plasma:/etc/xdg'), ('CLUTTER_IM_MODULE', 'ibus'), ('XDG_DATA_DIRS', '/usr/share/plasma:/usr/share/gnome:/usr/local/share:/usr/share:/var/lib/snapd/desktop'), ('PYTHONPATH', '/home/gadzz/Workspace/VTOL-MissionCenter/install/keyboard_msgs/local/lib/python3.10/dist-packages:/opt/ros/humble/lib/python3.10/site-packages:/opt/ros/humble/local/lib/python3.10/dist-packages'), ('LC_NUMERIC', 'id_ID.UTF-8'), ('TMUX_PLUGIN_MANAGER_PATH', '/home/gadzz/.config/tmux/plugins/'), ('LC_PAPER', 'id_ID.UTF-8'), ('KDE_SESSION_UID', '1000'), ('COLCON', '1'), ('TMUX_PANE', '%13'), ('CMAKE_PREFIX_PATH', '/home/gadzz/Workspace/VTOL-MissionCenter/install/keyboard_msgs:/opt/ros/humble')]), 'shell': False}
[1.891622] (keyboard) StdoutLine: {'line': b'-- Install configuration: "Release"\n'}
[1.892056] (keyboard) StdoutLine: {'line': b'-- Up-to-date: /home/gadzz/Workspace/VTOL-MissionCenter/install/keyboard/lib/keyboard/keyboard\n'}
[1.892365] (keyboard) StdoutLine: {'line': b'-- Up-to-date: /home/gadzz/Workspace/VTOL-MissionCenter/install/keyboard/lib/keyboard/keyboard_to_joy.py\n'}
[1.892495] (keyboard) StdoutLine: {'line': b'-- Up-to-date: /home/gadzz/Workspace/VTOL-MissionCenter/install/keyboard/share/keyboard/config\n'}
[1.892578] (keyboard) StdoutLine: {'line': b'-- Up-to-date: /home/gadzz/Workspace/VTOL-MissionCenter/install/keyboard/share/keyboard/config/example_config.yaml\n'}
[1.892646] (keyboard) StdoutLine: {'line': b'-- Up-to-date: /home/gadzz/Workspace/VTOL-MissionCenter/install/keyboard/share/ament_index/resource_index/package_run_dependencies/keyboard\n'}
[1.893025] (keyboard) StdoutLine: {'line': b'-- Up-to-date: /home/gadzz/Workspace/VTOL-MissionCenter/install/keyboard/share/ament_index/resource_index/parent_prefix_path/keyboard\n'}
[1.893069] (keyboard) StdoutLine: {'line': b'-- Up-to-date: /home/gadzz/Workspace/VTOL-MissionCenter/install/keyboard/share/keyboard/environment/ament_prefix_path.sh\n'}
[1.893109] (keyboard) StdoutLine: {'line': b'-- Up-to-date: /home/gadzz/Workspace/VTOL-MissionCenter/install/keyboard/share/keyboard/environment/ament_prefix_path.dsv\n'}
[1.893148] (keyboard) StdoutLine: {'line': b'-- Up-to-date: /home/gadzz/Workspace/VTOL-MissionCenter/install/keyboard/share/keyboard/environment/path.sh\n'}
[1.893186] (keyboard) StdoutLine: {'line': b'-- Up-to-date: /home/gadzz/Workspace/VTOL-MissionCenter/install/keyboard/share/keyboard/environment/path.dsv\n'}
[1.893230] (keyboard) StdoutLine: {'line': b'-- Up-to-date: /home/gadzz/Workspace/VTOL-MissionCenter/install/keyboard/share/keyboard/local_setup.bash\n'}
[1.893295] (keyboard) StdoutLine: {'line': b'-- Up-to-date: /home/gadzz/Workspace/VTOL-MissionCenter/install/keyboard/share/keyboard/local_setup.sh\n'}
[1.893367] (keyboard) StdoutLine: {'line': b'-- Up-to-date: /home/gadzz/Workspace/VTOL-MissionCenter/install/keyboard/share/keyboard/local_setup.zsh\n'}
[1.893437] (keyboard) StdoutLine: {'line': b'-- Up-to-date: /home/gadzz/Workspace/VTOL-MissionCenter/install/keyboard/share/keyboard/local_setup.dsv\n'}
[1.893513] (keyboard) StdoutLine: {'line': b'-- Installing: /home/gadzz/Workspace/VTOL-MissionCenter/install/keyboard/share/keyboard/package.dsv\n'}
[1.894178] (keyboard) StdoutLine: {'line': b'-- Up-to-date: /home/gadzz/Workspace/VTOL-MissionCenter/install/keyboard/share/ament_index/resource_index/packages/keyboard\n'}
[1.894329] (keyboard) StdoutLine: {'line': b'-- Up-to-date: /home/gadzz/Workspace/VTOL-MissionCenter/install/keyboard/share/keyboard/cmake/keyboardConfig.cmake\n'}
[1.894391] (keyboard) StdoutLine: {'line': b'-- Up-to-date: /home/gadzz/Workspace/VTOL-MissionCenter/install/keyboard/share/keyboard/cmake/keyboardConfig-version.cmake\n'}
[1.894452] (keyboard) StdoutLine: {'line': b'-- Up-to-date: /home/gadzz/Workspace/VTOL-MissionCenter/install/keyboard/share/keyboard/package.xml\n'}
[1.897572] (keyboard) CommandEnded: {'returncode': 0}
[1.918277] (-) TimerEvent: {}
[1.932062] (keyboard) JobEnded: {'identifier': 'keyboard', 'rc': 0}
[2.018994] (-) TimerEvent: {}
[2.119665] (-) TimerEvent: {}
[2.222632] (-) TimerEvent: {}
[2.322962] (-) TimerEvent: {}
[2.423867] (-) TimerEvent: {}
[2.525045] (-) TimerEvent: {}
[2.625611] (-) TimerEvent: {}
[2.726330] (-) TimerEvent: {}
[2.826784] (-) TimerEvent: {}
[2.927809] (-) TimerEvent: {}
[3.028841] (-) TimerEvent: {}
[3.129495] (-) TimerEvent: {}
[3.230526] (-) TimerEvent: {}
[3.331206] (-) TimerEvent: {}
[3.432927] (-) TimerEvent: {}
[3.533951] (-) TimerEvent: {}
[3.635404] (-) TimerEvent: {}
[3.736243] (-) TimerEvent: {}
[3.837309] (-) TimerEvent: {}
[3.938808] (-) TimerEvent: {}
[4.040540] (-) TimerEvent: {}
[4.142019] (-) TimerEvent: {}
[4.245558] (-) TimerEvent: {}
[4.346539] (-) TimerEvent: {}
[4.447182] (-) TimerEvent: {}
[4.548106] (-) TimerEvent: {}
[4.648824] (-) TimerEvent: {}
[4.749250] (-) TimerEvent: {}
[4.850069] (-) TimerEvent: {}
[4.951442] (-) TimerEvent: {}
[5.052795] (-) TimerEvent: {}
[5.153326] (-) TimerEvent: {}
[5.256056] (-) TimerEvent: {}
[5.356508] (-) TimerEvent: {}
[5.459838] (-) TimerEvent: {}
[5.560278] (-) TimerEvent: {}
[5.660953] (-) TimerEvent: {}
[5.761785] (-) TimerEvent: {}
[5.863129] (-) TimerEvent: {}
[5.963589] (-) TimerEvent: {}
[6.065124] (-) TimerEvent: {}
[6.166225] (-) TimerEvent: {}
[6.267643] (-) TimerEvent: {}
[6.369942] (-) TimerEvent: {}
[6.471205] (-) TimerEvent: {}
[6.571752] (-) TimerEvent: {}
[6.672662] (-) TimerEvent: {}
[6.773416] (-) TimerEvent: {}
[6.874876] (-) TimerEvent: {}
[6.977047] (-) TimerEvent: {}
[7.077761] (-) TimerEvent: {}
[7.181873] (-) TimerEvent: {}
[7.282369] (-) TimerEvent: {}
[7.382864] (-) TimerEvent: {}
[7.485317] (-) TimerEvent: {}
[7.585977] (-) TimerEvent: {}
[7.686551] (-) TimerEvent: {}
[7.787016] (-) TimerEvent: {}
[7.887657] (-) TimerEvent: {}
[7.988459] (-) TimerEvent: {}
[8.090712] (-) TimerEvent: {}
[8.191199] (-) TimerEvent: {}
[8.293124] (-) TimerEvent: {}
[8.368732] (mission_center) StderrLine: {'line': b'In file included from \x1b[01m\x1b[K/home/gadzz/Workspace/VTOL-MissionCenter/src/mission_center/src/uav_mission.cpp:1\x1b[m\x1b[K:\n'}
[8.369466] (mission_center) StderrLine: {'line': b'\x1b[01m\x1b[K/home/gadzz/Workspace/VTOL-MissionCenter/src/mission_center/include/mission_center/uav_mission.hpp:\x1b[m\x1b[K In member function \xe2\x80\x98\x1b[01m\x1b[Kbool UAV_Mission::killPilotCb(std::shared_ptr<std_srvs::srv::Empty_Request_<std::allocator<void> > >, std::shared_ptr<std_srvs::srv::Empty_Response_<std::allocator<void> > >)\x1b[m\x1b[K\xe2\x80\x99:\n'}
[8.369585] (mission_center) StderrLine: {'line': b'\x1b[01m\x1b[K/home/gadzz/Workspace/VTOL-MissionCenter/src/mission_center/include/mission_center/uav_mission.hpp:90:73:\x1b[m\x1b[K \x1b[01;35m\x1b[Kwarning: \x1b[m\x1b[Kunused parameter \xe2\x80\x98\x1b[01m\x1b[Krequest\x1b[m\x1b[K\xe2\x80\x99 [\x1b[01;35m\x1b[K\x1b]8;;https://gcc.gnu.org/onlinedocs/gcc/Warning-Options.html#index-Wunused-parameter\x07-Wunused-parameter\x1b]8;;\x07\x1b[m\x1b[K]\n'}
[8.369648] (mission_center) StderrLine: {'line': b'   90 |   bool killPilotCb(\x1b[01;35m\x1b[Kconst std::shared_ptr<std_srvs::srv::Empty::Request> request\x1b[m\x1b[K,\n'}
[8.369706] (mission_center) StderrLine: {'line': b'      |                    \x1b[01;35m\x1b[K~~~~~~~~~~~~~~~~~~~~~~~~~~~~~~~~~~~~~~~~~~~~~~~~~~~~~^~~~~~~\x1b[m\x1b[K\n'}
[8.369765] (mission_center) StderrLine: {'line': b'\x1b[01m\x1b[K/home/gadzz/Workspace/VTOL-MissionCenter/src/mission_center/include/mission_center/uav_mission.hpp:91:68:\x1b[m\x1b[K \x1b[01;35m\x1b[Kwarning: \x1b[m\x1b[Kunused parameter \xe2\x80\x98\x1b[01m\x1b[Kresponse\x1b[m\x1b[K\xe2\x80\x99 [\x1b[01;35m\x1b[K\x1b]8;;https://gcc.gnu.org/onlinedocs/gcc/Warning-Options.html#index-Wunused-parameter\x07-Wunused-parameter\x1b]8;;\x07\x1b[m\x1b[K]\n'}
[8.369833] (mission_center) StderrLine: {'line': b'   91 |                    \x1b[01;35m\x1b[Kstd::shared_ptr<std_srvs::srv::Empty::Response> response\x1b[m\x1b[K) {\n'}
[8.369901] (mission_center) StderrLine: {'line': b'      |                    \x1b[01;35m\x1b[K~~~~~~~~~~~~~~~~~~~~~~~~~~~~~~~~~~~~~~~~~~~~~~~~^~~~~~~~\x1b[m\x1b[K\n'}
[8.393278] (-) TimerEvent: {}
[8.458071] (mission_center) StderrLine: {'line': b'\x1b[01m\x1b[K/home/gadzz/Workspace/VTOL-MissionCenter/src/mission_center/src/uav_mission.cpp:\x1b[m\x1b[K In member function \xe2\x80\x98\x1b[01m\x1b[Kbool UAV_Mission::restartMission(std::shared_ptr<std_srvs::srv::Empty_Request_<std::allocator<void> > >, std::shared_ptr<std_srvs::srv::Empty_Response_<std::allocator<void> > >)\x1b[m\x1b[K\xe2\x80\x99:\n'}
[8.458405] (mission_center) StderrLine: {'line': b'\x1b[01m\x1b[K/home/gadzz/Workspace/VTOL-MissionCenter/src/mission_center/src/uav_mission.cpp:56:58:\x1b[m\x1b[K \x1b[01;35m\x1b[Kwarning: \x1b[m\x1b[Kunused parameter \xe2\x80\x98\x1b[01m\x1b[Krequest\x1b[m\x1b[K\xe2\x80\x99 [\x1b[01;35m\x1b[K\x1b]8;;https://gcc.gnu.org/onlinedocs/gcc/Warning-Options.html#index-Wunused-parameter\x07-Wunused-parameter\x1b]8;;\x07\x1b[m\x1b[K]\n'}
[8.458516] (mission_center) StderrLine: {'line': b'   56 |     \x1b[01;35m\x1b[Kconst std::shared_ptr<std_srvs::srv::Empty::Request> request\x1b[m\x1b[K,\n'}
[8.458616] (mission_center) StderrLine: {'line': b'      |     \x1b[01;35m\x1b[K~~~~~~~~~~~~~~~~~~~~~~~~~~~~~~~~~~~~~~~~~~~~~~~~~~~~~^~~~~~~\x1b[m\x1b[K\n'}
[8.458709] (mission_center) StderrLine: {'line': b'\x1b[01m\x1b[K/home/gadzz/Workspace/VTOL-MissionCenter/src/mission_center/src/uav_mission.cpp:57:53:\x1b[m\x1b[K \x1b[01;35m\x1b[Kwarning: \x1b[m\x1b[Kunused parameter \xe2\x80\x98\x1b[01m\x1b[Kresponse\x1b[m\x1b[K\xe2\x80\x99 [\x1b[01;35m\x1b[K\x1b]8;;https://gcc.gnu.org/onlinedocs/gcc/Warning-Options.html#index-Wunused-parameter\x07-Wunused-parameter\x1b]8;;\x07\x1b[m\x1b[K]\n'}
[8.459204] (mission_center) StderrLine: {'line': b'   57 |     \x1b[01;35m\x1b[Kstd::shared_ptr<std_srvs::srv::Empty::Response> response\x1b[m\x1b[K) {\n'}
[8.459311] (mission_center) StderrLine: {'line': b'      |     \x1b[01;35m\x1b[K~~~~~~~~~~~~~~~~~~~~~~~~~~~~~~~~~~~~~~~~~~~~~~~~^~~~~~~~\x1b[m\x1b[K\n'}
[8.493611] (-) TimerEvent: {}
[8.594605] (-) TimerEvent: {}
[8.610664] (mission_center) StderrLine: {'line': b'\x1b[01m\x1b[K/home/gadzz/Workspace/VTOL-MissionCenter/src/mission_center/src/uav_mission.cpp:\x1b[m\x1b[K In member function \xe2\x80\x98\x1b[01m\x1b[Kvoid UAV_Mission::switch_mode(std::string)\x1b[m\x1b[K\xe2\x80\x99:\n'}
[8.611656] (mission_center) StderrLine: {'line': b'\x1b[01m\x1b[K/home/gadzz/Workspace/VTOL-MissionCenter/src/mission_center/src/uav_mission.cpp:131:11:\x1b[m\x1b[K \x1b[01;35m\x1b[Kwarning: \x1b[m\x1b[Kunused variable \xe2\x80\x98\x1b[01m\x1b[KgotTopic\x1b[m\x1b[K\xe2\x80\x99 [\x1b[01;35m\x1b[K\x1b]8;;https://gcc.gnu.org/onlinedocs/gcc/Warning-Options.html#index-Wunused-variable\x07-Wunused-variable\x1b]8;;\x07\x1b[m\x1b[K]\n'}
[8.611884] (mission_center) StderrLine: {'line': b'  131 |       int \x1b[01;35m\x1b[KgotTopic\x1b[m\x1b[K =\n'}
[8.611982] (mission_center) StderrLine: {'line': b'      |           \x1b[01;35m\x1b[K^~~~~~~~\x1b[m\x1b[K\n'}
[8.694860] (-) TimerEvent: {}
[8.719229] (mission_center) StderrLine: {'line': b'\x1b[01m\x1b[K/home/gadzz/Workspace/VTOL-MissionCenter/src/mission_center/src/uav_mission.cpp:\x1b[m\x1b[K In member function \xe2\x80\x98\x1b[01m\x1b[Kvoid UAV_Mission::arm_throttle()\x1b[m\x1b[K\xe2\x80\x99:\n'}
[8.719653] (mission_center) StderrLine: {'line': b'\x1b[01m\x1b[K/home/gadzz/Workspace/VTOL-MissionCenter/src/mission_center/src/uav_mission.cpp:175:11:\x1b[m\x1b[K \x1b[01;35m\x1b[Kwarning: \x1b[m\x1b[Kunused variable \xe2\x80\x98\x1b[01m\x1b[KgotTopic\x1b[m\x1b[K\xe2\x80\x99 [\x1b[01;35m\x1b[K\x1b]8;;https://gcc.gnu.org/onlinedocs/gcc/Warning-Options.html#index-Wunused-variable\x07-Wunused-variable\x1b]8;;\x07\x1b[m\x1b[K]\n'}
[8.719739] (mission_center) StderrLine: {'line': b'  175 |       int \x1b[01;35m\x1b[KgotTopic\x1b[m\x1b[K =\n'}
[8.719808] (mission_center) StderrLine: {'line': b'      |           \x1b[01;35m\x1b[K^~~~~~~~\x1b[m\x1b[K\n'}
[8.795033] (-) TimerEvent: {}
[8.826391] (mission_center) StderrLine: {'line': b'\x1b[01m\x1b[K/home/gadzz/Workspace/VTOL-MissionCenter/src/mission_center/src/uav_mission.cpp:\x1b[m\x1b[K In member function \xe2\x80\x98\x1b[01m\x1b[Kvoid UAV_Mission::takeoff(double)\x1b[m\x1b[K\xe2\x80\x99:\n'}
[8.826694] (mission_center) StderrLine: {'line': b'\x1b[01m\x1b[K/home/gadzz/Workspace/VTOL-MissionCenter/src/mission_center/src/uav_mission.cpp:202:8:\x1b[m\x1b[K \x1b[01;35m\x1b[Kwarning: \x1b[m\x1b[Kunused variable \xe2\x80\x98\x1b[01m\x1b[Ktmp_check\x1b[m\x1b[K\xe2\x80\x99 [\x1b[01;35m\x1b[K\x1b]8;;https://gcc.gnu.org/onlinedocs/gcc/Warning-Options.html#index-Wunused-variable\x07-Wunused-variable\x1b]8;;\x07\x1b[m\x1b[K]\n'}
[8.826807] (mission_center) StderrLine: {'line': b'  202 |   bool \x1b[01;35m\x1b[Ktmp_check\x1b[m\x1b[K = getAlt(current_alt, "local_pose");\n'}
[8.826892] (mission_center) StderrLine: {'line': b'      |        \x1b[01;35m\x1b[K^~~~~~~~~\x1b[m\x1b[K\n'}
[8.895137] (-) TimerEvent: {}
[8.995611] (-) TimerEvent: {}
[9.096114] (-) TimerEvent: {}
[9.197090] (-) TimerEvent: {}
[9.298299] (-) TimerEvent: {}
[9.318716] (mission_center) StderrLine: {'line': b'\x1b[01m\x1b[K/home/gadzz/Workspace/VTOL-MissionCenter/src/mission_center/src/uav_mission.cpp:\x1b[m\x1b[K In member function \xe2\x80\x98\x1b[01m\x1b[Kbool UAV_Mission::init()\x1b[m\x1b[K\xe2\x80\x99:\n'}
[9.318965] (mission_center) StderrLine: {'line': b'\x1b[01m\x1b[K/home/gadzz/Workspace/VTOL-MissionCenter/src/mission_center/src/uav_mission.cpp:309:8:\x1b[m\x1b[K \x1b[01;35m\x1b[Kwarning: \x1b[m\x1b[Kvariable \xe2\x80\x98\x1b[01m\x1b[Kqos_profile\x1b[m\x1b[K\xe2\x80\x99 set but not used [\x1b[01;35m\x1b[K\x1b]8;;https://gcc.gnu.org/onlinedocs/gcc/Warning-Options.html#index-Wunused-but-set-variable\x07-Wunused-but-set-variable\x1b]8;;\x07\x1b[m\x1b[K]\n'}
[9.319079] (mission_center) StderrLine: {'line': b'  309 |   auto \x1b[01;35m\x1b[Kqos_profile\x1b[m\x1b[K = rclcpp::QoS(rclcpp::QoSInitialization::from_rmw(qos), qos);\n'}
[9.319136] (mission_center) StderrLine: {'line': b'      |        \x1b[01;35m\x1b[K^~~~~~~~~~~\x1b[m\x1b[K\n'}
[9.398373] (-) TimerEvent: {}
[9.498841] (-) TimerEvent: {}
[9.599473] (-) TimerEvent: {}
[9.663723] (mission_center) StderrLine: {'line': b'/home/gadzz/Workspace/VTOL-MissionCenter/src/mission_center/src/uav_mission.cpp: In instantiation of \xe2\x80\x98\x1b[01m\x1b[Kbool UAV_Mission::getTopicVal(T&, const string&, std::chrono::seconds) [with T = mavros_msgs::msg::State_<std::allocator<void> >; std::string = std::__cxx11::basic_string<char>; std::chrono::seconds = std::chrono::duration<long int>]\x1b[m\x1b[K\xe2\x80\x99:\n'}
[9.664102] (mission_center) StderrLine: {'line': b'\x1b[01m\x1b[K/home/gadzz/Workspace/VTOL-MissionCenter/src/mission_center/src/uav_mission.cpp:132:22:\x1b[m\x1b[K   required from here\n'}
[9.664170] (mission_center) StderrLine: {'line': b'\x1b[01m\x1b[K/home/gadzz/Workspace/VTOL-MissionCenter/src/mission_center/src/uav_mission.cpp:68:21:\x1b[m\x1b[K \x1b[01;35m\x1b[Kwarning: \x1b[m\x1b[Kvariable \xe2\x80\x98\x1b[01m\x1b[Kqos\x1b[m\x1b[K\xe2\x80\x99 set but not used [\x1b[01;35m\x1b[K\x1b]8;;https://gcc.gnu.org/onlinedocs/gcc/Warning-Options.html#index-Wunused-but-set-variable\x07-Wunused-but-set-variable\x1b]8;;\x07\x1b[m\x1b[K]\n'}
[9.664215] (mission_center) StderrLine: {'line': b'   68 |   rmw_qos_profile_t \x1b[01;35m\x1b[Kqos\x1b[m\x1b[K = rmw_qos_profile_default;\n'}
[9.664256] (mission_center) StderrLine: {'line': b'      |                     \x1b[01;35m\x1b[K^~~\x1b[m\x1b[K\n'}
[9.699611] (-) TimerEvent: {}
[9.793040] (mission_center) StderrLine: {'line': b'/home/gadzz/Workspace/VTOL-MissionCenter/src/mission_center/src/uav_mission.cpp: In instantiation of \xe2\x80\x98\x1b[01m\x1b[Kbool UAV_Mission::getTopicVal(T&, const string&, std::chrono::seconds) [with T = geometry_msgs::msg::PoseStamped_<std::allocator<void> >; std::string = std::__cxx11::basic_string<char>; std::chrono::seconds = std::chrono::duration<long int>]\x1b[m\x1b[K\xe2\x80\x99:\n'}
[9.793260] (mission_center) StderrLine: {'line': b'\x1b[01m\x1b[K/home/gadzz/Workspace/VTOL-MissionCenter/src/mission_center/src/uav_mission.cpp:237:20:\x1b[m\x1b[K   required from here\n'}
[9.793340] (mission_center) StderrLine: {'line': b'\x1b[01m\x1b[K/home/gadzz/Workspace/VTOL-MissionCenter/src/mission_center/src/uav_mission.cpp:68:21:\x1b[m\x1b[K \x1b[01;35m\x1b[Kwarning: \x1b[m\x1b[Kvariable \xe2\x80\x98\x1b[01m\x1b[Kqos\x1b[m\x1b[K\xe2\x80\x99 set but not used [\x1b[01;35m\x1b[K\x1b]8;;https://gcc.gnu.org/onlinedocs/gcc/Warning-Options.html#index-Wunused-but-set-variable\x07-Wunused-but-set-variable\x1b]8;;\x07\x1b[m\x1b[K]\n'}
[9.799856] (-) TimerEvent: {}
[9.901284] (-) TimerEvent: {}
[10.004723] (-) TimerEvent: {}
[10.106806] (-) TimerEvent: {}
[10.207721] (-) TimerEvent: {}
[10.308571] (-) TimerEvent: {}
[10.409152] (-) TimerEvent: {}
[10.510173] (-) TimerEvent: {}
[10.610773] (-) TimerEvent: {}
[10.711121] (-) TimerEvent: {}
[10.812154] (-) TimerEvent: {}
[10.912900] (-) TimerEvent: {}
[11.013460] (-) TimerEvent: {}
[11.114548] (-) TimerEvent: {}
[11.218874] (-) TimerEvent: {}
[11.321472] (-) TimerEvent: {}
[11.422379] (-) TimerEvent: {}
[11.522843] (-) TimerEvent: {}
[11.625938] (-) TimerEvent: {}
[11.726655] (-) TimerEvent: {}
[11.827212] (-) TimerEvent: {}
[11.927935] (-) TimerEvent: {}
[12.028415] (-) TimerEvent: {}
[12.128804] (-) TimerEvent: {}
[12.229599] (-) TimerEvent: {}
[12.330122] (-) TimerEvent: {}
[12.430721] (-) TimerEvent: {}
[12.532051] (-) TimerEvent: {}
[12.632868] (-) TimerEvent: {}
[12.733295] (-) TimerEvent: {}
[12.833913] (-) TimerEvent: {}
[12.934399] (-) TimerEvent: {}
[13.035081] (-) TimerEvent: {}
[13.135549] (-) TimerEvent: {}
[13.237332] (-) TimerEvent: {}
[13.338435] (-) TimerEvent: {}
[13.441401] (-) TimerEvent: {}
[13.542009] (-) TimerEvent: {}
[13.642568] (-) TimerEvent: {}
[13.743465] (-) TimerEvent: {}
[13.845346] (-) TimerEvent: {}
[13.946380] (-) TimerEvent: {}
[14.046839] (-) TimerEvent: {}
[14.147550] (-) TimerEvent: {}
[14.247989] (-) TimerEvent: {}
[14.349067] (-) TimerEvent: {}
[14.450665] (-) TimerEvent: {}
[14.551306] (-) TimerEvent: {}
[14.651821] (-) TimerEvent: {}
[14.752403] (-) TimerEvent: {}
[14.854736] (-) TimerEvent: {}
[14.955195] (-) TimerEvent: {}
[15.055877] (-) TimerEvent: {}
[15.157048] (-) TimerEvent: {}
[15.257660] (-) TimerEvent: {}
[15.358457] (-) TimerEvent: {}
[15.459442] (-) TimerEvent: {}
[15.560618] (-) TimerEvent: {}
[15.661468] (-) TimerEvent: {}
[15.762053] (-) TimerEvent: {}
[15.862694] (-) TimerEvent: {}
[15.963198] (-) TimerEvent: {}
[16.064456] (-) TimerEvent: {}
[16.166045] (-) TimerEvent: {}
[16.266473] (-) TimerEvent: {}
[16.367160] (-) TimerEvent: {}
[16.470279] (-) TimerEvent: {}
[16.572687] (-) TimerEvent: {}
[16.673335] (-) TimerEvent: {}
[16.774146] (-) TimerEvent: {}
[16.875034] (-) TimerEvent: {}
[16.975527] (-) TimerEvent: {}
[17.076444] (-) TimerEvent: {}
[17.177005] (-) TimerEvent: {}
[17.277664] (-) TimerEvent: {}
[17.378334] (-) TimerEvent: {}
[17.478951] (-) TimerEvent: {}
[17.579380] (-) TimerEvent: {}
[17.680030] (-) TimerEvent: {}
[17.782076] (-) TimerEvent: {}
[17.883082] (-) TimerEvent: {}
[17.984072] (-) TimerEvent: {}
[18.085956] (-) TimerEvent: {}
[18.186890] (-) TimerEvent: {}
[18.287642] (-) TimerEvent: {}
[18.388801] (-) TimerEvent: {}
[18.489544] (-) TimerEvent: {}
[18.589971] (-) TimerEvent: {}
[18.692811] (-) TimerEvent: {}
[18.793688] (-) TimerEvent: {}
[18.894222] (-) TimerEvent: {}
[18.994945] (-) TimerEvent: {}
[19.095431] (-) TimerEvent: {}
[19.195954] (-) TimerEvent: {}
[19.297338] (-) TimerEvent: {}
[19.397964] (-) TimerEvent: {}
[19.499957] (-) TimerEvent: {}
[19.601638] (-) TimerEvent: {}
[19.702308] (-) TimerEvent: {}
[19.803954] (-) TimerEvent: {}
[19.904668] (-) TimerEvent: {}
[20.005841] (-) TimerEvent: {}
[20.107315] (-) TimerEvent: {}
[20.207861] (-) TimerEvent: {}
[20.309252] (-) TimerEvent: {}
[20.409653] (-) TimerEvent: {}
[20.511291] (-) TimerEvent: {}
[20.613454] (-) TimerEvent: {}
[20.716247] (-) TimerEvent: {}
[20.817679] (-) TimerEvent: {}
[20.918522] (-) TimerEvent: {}
[21.019514] (-) TimerEvent: {}
[21.119980] (-) TimerEvent: {}
[21.220615] (-) TimerEvent: {}
[21.321285] (-) TimerEvent: {}
[21.424871] (-) TimerEvent: {}
[21.525758] (-) TimerEvent: {}
[21.626171] (-) TimerEvent: {}
[21.726579] (-) TimerEvent: {}
[21.826985] (-) TimerEvent: {}
[21.927554] (-) TimerEvent: {}
[22.027980] (-) TimerEvent: {}
[22.129971] (-) TimerEvent: {}
[22.231086] (-) TimerEvent: {}
[22.334056] (-) TimerEvent: {}
[22.434502] (-) TimerEvent: {}
[22.535113] (-) TimerEvent: {}
[22.637626] (-) TimerEvent: {}
[22.738057] (-) TimerEvent: {}
[22.838982] (-) TimerEvent: {}
[22.939728] (-) TimerEvent: {}
[23.040705] (-) TimerEvent: {}
[23.141830] (-) TimerEvent: {}
[23.242468] (-) TimerEvent: {}
[23.343720] (-) TimerEvent: {}
[23.446020] (-) TimerEvent: {}
[23.546616] (-) TimerEvent: {}
[23.647395] (-) TimerEvent: {}
[23.747919] (-) TimerEvent: {}
[23.848400] (-) TimerEvent: {}
[23.949645] (-) TimerEvent: {}
[24.051756] (-) TimerEvent: {}
[24.152334] (-) TimerEvent: {}
[24.254960] (-) TimerEvent: {}
[24.355560] (-) TimerEvent: {}
[24.457637] (-) TimerEvent: {}
[24.557981] (-) TimerEvent: {}
[24.658784] (-) TimerEvent: {}
[24.759973] (-) TimerEvent: {}
[24.860528] (-) TimerEvent: {}
[24.961519] (-) TimerEvent: {}
[25.062155] (-) TimerEvent: {}
[25.162743] (-) TimerEvent: {}
[25.263431] (-) TimerEvent: {}
[25.364890] (-) TimerEvent: {}
[25.466649] (-) TimerEvent: {}
[25.567601] (-) TimerEvent: {}
[25.668163] (-) TimerEvent: {}
[25.769268] (-) TimerEvent: {}
[25.869682] (-) TimerEvent: {}
[25.970008] (-) TimerEvent: {}
[26.072949] (-) TimerEvent: {}
[26.173333] (-) TimerEvent: {}
[26.273890] (-) TimerEvent: {}
[26.374710] (-) TimerEvent: {}
[26.475217] (-) TimerEvent: {}
[26.576448] (-) TimerEvent: {}
[26.676823] (-) TimerEvent: {}
[26.777442] (-) TimerEvent: {}
[26.878138] (-) TimerEvent: {}
[26.979740] (-) TimerEvent: {}
[27.080359] (-) TimerEvent: {}
[27.180924] (-) TimerEvent: {}
[27.282540] (-) TimerEvent: {}
[27.384334] (-) TimerEvent: {}
[27.484832] (-) TimerEvent: {}
[27.585560] (-) TimerEvent: {}
[27.686583] (-) TimerEvent: {}
[27.786928] (-) TimerEvent: {}
[27.887775] (-) TimerEvent: {}
[27.988422] (-) TimerEvent: {}
[28.089054] (-) TimerEvent: {}
[28.190066] (-) TimerEvent: {}
[28.290702] (-) TimerEvent: {}
[28.392624] (-) TimerEvent: {}
[28.493280] (-) TimerEvent: {}
[28.594752] (-) TimerEvent: {}
[28.695098] (-) TimerEvent: {}
[28.795479] (-) TimerEvent: {}
[28.896621] (-) TimerEvent: {}
[28.997241] (-) TimerEvent: {}
[29.097668] (-) TimerEvent: {}
[29.198194] (-) TimerEvent: {}
[29.299137] (-) TimerEvent: {}
[29.399752] (-) TimerEvent: {}
[29.500265] (-) TimerEvent: {}
[29.600719] (-) TimerEvent: {}
[29.701454] (-) TimerEvent: {}
[29.802337] (-) TimerEvent: {}
[29.902842] (-) TimerEvent: {}
[30.003293] (-) TimerEvent: {}
[30.104655] (-) TimerEvent: {}
[30.204981] (-) TimerEvent: {}
[30.306316] (-) TimerEvent: {}
[30.406725] (-) TimerEvent: {}
[30.507249] (-) TimerEvent: {}
[30.607795] (-) TimerEvent: {}
[30.708385] (-) TimerEvent: {}
[30.809004] (-) TimerEvent: {}
[30.909599] (-) TimerEvent: {}
[31.010167] (-) TimerEvent: {}
[31.112632] (-) TimerEvent: {}
[31.213226] (-) TimerEvent: {}
[31.313674] (-) TimerEvent: {}
[31.414249] (-) TimerEvent: {}
[31.514733] (-) TimerEvent: {}
[31.615694] (-) TimerEvent: {}
[31.716341] (-) TimerEvent: {}
[31.816974] (-) TimerEvent: {}
[31.917742] (-) TimerEvent: {}
[32.018353] (-) TimerEvent: {}
[32.119840] (-) TimerEvent: {}
[32.220366] (-) TimerEvent: {}
[32.320814] (-) TimerEvent: {}
[32.421340] (-) TimerEvent: {}
[32.521799] (-) TimerEvent: {}
[32.622412] (-) TimerEvent: {}
[32.723581] (-) TimerEvent: {}
[32.824248] (-) TimerEvent: {}
[32.925186] (-) TimerEvent: {}
[33.025768] (-) TimerEvent: {}
[33.126330] (-) TimerEvent: {}
[33.227007] (-) TimerEvent: {}
[33.327562] (-) TimerEvent: {}
[33.428010] (-) TimerEvent: {}
[33.528609] (-) TimerEvent: {}
[33.629187] (-) TimerEvent: {}
[33.729840] (-) TimerEvent: {}
[33.830338] (-) TimerEvent: {}
[33.930721] (-) TimerEvent: {}
[34.031008] (-) TimerEvent: {}
[34.131682] (-) TimerEvent: {}
[34.232474] (-) TimerEvent: {}
[34.334391] (-) TimerEvent: {}
[34.435300] (-) TimerEvent: {}
[34.535681] (-) TimerEvent: {}
[34.636435] (-) TimerEvent: {}
[34.738500] (-) TimerEvent: {}
[34.838865] (-) TimerEvent: {}
[34.939702] (-) TimerEvent: {}
[35.039998] (-) TimerEvent: {}
[35.140453] (-) TimerEvent: {}
[35.241542] (-) TimerEvent: {}
[35.341939] (-) TimerEvent: {}
[35.442366] (-) TimerEvent: {}
[35.542830] (-) TimerEvent: {}
[35.644002] (-) TimerEvent: {}
[35.744809] (-) TimerEvent: {}
[35.845214] (-) TimerEvent: {}
[35.945641] (-) TimerEvent: {}
[36.046309] (-) TimerEvent: {}
[36.146954] (-) TimerEvent: {}
[36.247540] (-) TimerEvent: {}
[36.348089] (-) TimerEvent: {}
[36.448771] (-) TimerEvent: {}
[36.549349] (-) TimerEvent: {}
[36.650899] (-) TimerEvent: {}
[36.751845] (-) TimerEvent: {}
[36.852243] (-) TimerEvent: {}
[36.952918] (-) TimerEvent: {}
[37.056408] (-) TimerEvent: {}
[37.156944] (-) TimerEvent: {}
[37.257382] (-) TimerEvent: {}
[37.357683] (-) TimerEvent: {}
[37.457959] (-) TimerEvent: {}
[37.558297] (-) TimerEvent: {}
[37.658736] (-) TimerEvent: {}
[37.759080] (-) TimerEvent: {}
[37.859524] (-) TimerEvent: {}
[37.959981] (-) TimerEvent: {}
[38.060354] (-) TimerEvent: {}
[38.161117] (-) TimerEvent: {}
[38.261952] (-) TimerEvent: {}
[38.362514] (-) TimerEvent: {}
[38.463383] (-) TimerEvent: {}
[38.564185] (-) TimerEvent: {}
[38.664743] (-) TimerEvent: {}
[38.765829] (-) TimerEvent: {}
[38.866327] (-) TimerEvent: {}
[38.968012] (-) TimerEvent: {}
[39.068565] (-) TimerEvent: {}
[39.169185] (-) TimerEvent: {}
[39.270327] (-) TimerEvent: {}
[39.370662] (-) TimerEvent: {}
[39.471273] (-) TimerEvent: {}
[39.571650] (-) TimerEvent: {}
[39.673522] (-) TimerEvent: {}
[39.774098] (-) TimerEvent: {}
[39.874860] (-) TimerEvent: {}
[39.976305] (-) TimerEvent: {}
[40.076673] (-) TimerEvent: {}
[40.177170] (-) TimerEvent: {}
[40.277671] (-) TimerEvent: {}
[40.378362] (-) TimerEvent: {}
[40.478758] (-) TimerEvent: {}
[40.579458] (-) TimerEvent: {}
[40.680028] (-) TimerEvent: {}
[40.780990] (-) TimerEvent: {}
[40.881363] (-) TimerEvent: {}
[40.981856] (-) TimerEvent: {}
[41.082569] (-) TimerEvent: {}
[41.183204] (-) TimerEvent: {}
[41.284091] (-) TimerEvent: {}
[41.385109] (-) TimerEvent: {}
[41.485616] (-) TimerEvent: {}
[41.586288] (-) TimerEvent: {}
[41.687500] (-) TimerEvent: {}
[41.788176] (-) TimerEvent: {}
[41.888828] (-) TimerEvent: {}
[41.990341] (-) TimerEvent: {}
[42.091062] (-) TimerEvent: {}
[42.191462] (-) TimerEvent: {}
[42.292329] (-) TimerEvent: {}
[42.392944] (-) TimerEvent: {}
[42.493816] (-) TimerEvent: {}
[42.594359] (-) TimerEvent: {}
[42.694978] (-) TimerEvent: {}
[42.795926] (-) TimerEvent: {}
[42.896507] (-) TimerEvent: {}
[42.997316] (-) TimerEvent: {}
[43.097617] (-) TimerEvent: {}
[43.198032] (-) TimerEvent: {}
[43.298460] (-) TimerEvent: {}
[43.398830] (-) TimerEvent: {}
[43.499684] (-) TimerEvent: {}
[43.600364] (-) TimerEvent: {}
[43.701036] (-) TimerEvent: {}
[43.802544] (-) TimerEvent: {}
[43.903031] (-) TimerEvent: {}
[44.003418] (-) TimerEvent: {}
[44.103965] (-) TimerEvent: {}
[44.204891] (-) TimerEvent: {}
[44.305304] (-) TimerEvent: {}
[44.405940] (-) TimerEvent: {}
[44.506492] (-) TimerEvent: {}
[44.607264] (-) TimerEvent: {}
[44.708002] (-) TimerEvent: {}
[44.808688] (-) TimerEvent: {}
[44.909275] (-) TimerEvent: {}
[45.010032] (-) TimerEvent: {}
[45.111686] (-) TimerEvent: {}
[45.213455] (-) TimerEvent: {}
[45.314055] (-) TimerEvent: {}
[45.414470] (-) TimerEvent: {}
[45.515119] (-) TimerEvent: {}
[45.615709] (-) TimerEvent: {}
[45.716199] (-) TimerEvent: {}
[45.817404] (-) TimerEvent: {}
[45.899653] (mission_center) StdoutLine: {'line': b'[ 12%] \x1b[32m\x1b[1mLinking CXX shared library libuav_mission.so\x1b[0m\n'}
[45.917905] (-) TimerEvent: {}
[46.018455] (-) TimerEvent: {}
[46.119446] (-) TimerEvent: {}
[46.223176] (-) TimerEvent: {}
[46.323865] (-) TimerEvent: {}
[46.424517] (-) TimerEvent: {}
[46.525758] (-) TimerEvent: {}
[46.626391] (-) TimerEvent: {}
[46.728139] (-) TimerEvent: {}
[46.829541] (-) TimerEvent: {}
[46.930344] (-) TimerEvent: {}
[47.031831] (-) TimerEvent: {}
[47.134681] (-) TimerEvent: {}
[47.235539] (-) TimerEvent: {}
[47.336641] (-) TimerEvent: {}
[47.437516] (-) TimerEvent: {}
[47.539153] (-) TimerEvent: {}
[47.639976] (-) TimerEvent: {}
[47.740679] (-) TimerEvent: {}
[47.843823] (-) TimerEvent: {}
[47.944605] (-) TimerEvent: {}
[48.045222] (-) TimerEvent: {}
[48.146252] (-) TimerEvent: {}
[48.247914] (-) TimerEvent: {}
[48.348368] (-) TimerEvent: {}
[48.449128] (-) TimerEvent: {}
[48.549968] (-) TimerEvent: {}
[48.652205] (-) TimerEvent: {}
[48.753492] (-) TimerEvent: {}
[48.854759] (-) TimerEvent: {}
[48.956297] (-) TimerEvent: {}
[49.057169] (-) TimerEvent: {}
[49.157549] (-) TimerEvent: {}
[49.258316] (-) TimerEvent: {}
[49.359150] (-) TimerEvent: {}
[49.459856] (-) TimerEvent: {}
[49.560477] (-) TimerEvent: {}
[49.661055] (-) TimerEvent: {}
[49.761794] (-) TimerEvent: {}
[49.862475] (-) TimerEvent: {}
[49.962981] (-) TimerEvent: {}
[50.013766] (mission_center) StdoutLine: {'line': b'[ 12%] Built target uav_mission\n'}
[50.058592] (mission_center) StdoutLine: {'line': b'[ 25%] Built target trajectory_streamer\n'}
[50.063136] (-) TimerEvent: {}
[50.103606] (mission_center) StdoutLine: {'line': b'[ 31%] \x1b[32m\x1b[1mLinking CXX executable ui_node\x1b[0m\n'}
[50.163385] (-) TimerEvent: {}
[50.264240] (-) TimerEvent: {}
[50.365509] (-) TimerEvent: {}
[50.467374] (-) TimerEvent: {}
[50.568026] (-) TimerEvent: {}
[50.668584] (-) TimerEvent: {}
[50.769328] (-) TimerEvent: {}
[50.870414] (-) TimerEvent: {}
[50.972005] (-) TimerEvent: {}
[51.072701] (-) TimerEvent: {}
[51.159035] (mission_center) StdoutLine: {'line': b'[ 75%] Built target ui_node\n'}
[51.172998] (-) TimerEvent: {}
[51.208324] (mission_center) StdoutLine: {'line': b'[ 81%] \x1b[32m\x1b[1mLinking CXX executable pilot_node\x1b[0m\n'}
[51.273202] (-) TimerEvent: {}
[51.373664] (-) TimerEvent: {}
[51.474677] (-) TimerEvent: {}
[51.576068] (-) TimerEvent: {}
[51.678349] (-) TimerEvent: {}
[51.779403] (-) TimerEvent: {}
[51.881012] (-) TimerEvent: {}
[51.981912] (-) TimerEvent: {}
[52.083114] (-) TimerEvent: {}
[52.185344] (-) TimerEvent: {}
[52.286152] (-) TimerEvent: {}
[52.387304] (-) TimerEvent: {}
[52.488454] (-) TimerEvent: {}
[52.589451] (-) TimerEvent: {}
[52.690437] (-) TimerEvent: {}
[52.791371] (-) TimerEvent: {}
[52.894598] (-) TimerEvent: {}
[52.995683] (-) TimerEvent: {}
[53.096360] (-) TimerEvent: {}
[53.198638] (-) TimerEvent: {}
[53.299640] (-) TimerEvent: {}
[53.402629] (-) TimerEvent: {}
[53.503781] (-) TimerEvent: {}
[53.572670] (mission_center) StdoutLine: {'line': b'[ 87%] Built target pilot_node\n'}
[53.603611] (-) TimerEvent: {}
[53.613891] (mission_center) StdoutLine: {'line': b'[100%] Built target safety_node\n'}
[53.637668] (mission_center) CommandEnded: {'returncode': 0}
[53.640142] (mission_center) JobProgress: {'identifier': 'mission_center', 'progress': 'install'}
[53.640228] (mission_center) Command: {'cmd': ['/usr/bin/cmake', '--install', '/home/gadzz/Workspace/VTOL-MissionCenter/build/mission_center'], 'cwd': '/home/gadzz/Workspace/VTOL-MissionCenter/build/mission_center', 'env': OrderedDict([('PROFILEHOME', ''), ('LESSOPEN', '| /usr/bin/lesspipe %s'), ('KDE_FULL_SESSION', 'true'), ('TMUX', '/tmp/tmux-1000/default,4356,1'), ('LANGUAGE', ''), ('USER', 'gadzz'), ('PAM_KWALLET5_LOGIN', '/run/user/1000/kwallet5.socket'), ('LC_TIME', 'id_ID.UTF-8'), ('XDG_SEAT', 'seat0'), ('SSH_AGENT_PID', '2415'), ('XDG_SESSION_TYPE', 'x11'), ('XCURSOR_SIZE', '24'), ('KONSOLE_VERSION', '211203'), ('SHLVL', '4'), ('LD_LIBRARY_PATH', '/home/gadzz/Workspace/VTOL-MissionCenter/install/keyboard_msgs/lib:/opt/ros/humble/opt/rviz_ogre_vendor/lib:/opt/ros/humble/lib/x86_64-linux-gnu:/opt/ros/humble/lib'), ('LESS', '-R'), ('HOME', '/home/gadzz'), ('KDE_APPLICATIONS_AS_SCOPE', '1'), ('OLDPWD', '/home/gadzz'), ('TERM_PROGRAM_VERSION', '3.5a'), ('DESKTOP_SESSION', 'plasma'), ('LSCOLORS', 'Gxfxcxdxbxegedabagacad'), ('ZSH', '/home/gadzz/.oh-my-zsh'), ('ROS_PYTHON_VERSION', '3'), ('SHELL_SESSION_ID', '86a91970c49248ad8a86e333f603267a'), ('GTK_RC_FILES', '/etc/gtk/gtkrc:/home/gadzz/.gtkrc:/home/gadzz/.config/gtkrc'), ('GTK_MODULES', 'gail:atk-bridge'), ('XDG_SEAT_PATH', '/org/freedesktop/DisplayManager/Seat0'), ('KDE_SESSION_VERSION', '5'), ('PAGER', 'less'), ('LC_MONETARY', 'id_ID.UTF-8'), ('KONSOLE_DBUS_SESSION', '/Sessions/1'), ('SYSTEMD_EXEC_PID', '2273'), ('DBUS_SESSION_BUS_ADDRESS', 'unix:path=/run/user/1000/bus'), ('COLORTERM', 'truecolor'), ('LIBVIRT_DEFAULT_URI', 'qemu:///system'), ('KONSOLE_DBUS_WINDOW', '/Windows/1'), ('IM_CONFIG_PHASE', '1'), ('ROS_DISTRO', 'humble'), ('GTK_IM_MODULE', 'ibus'), ('LOGNAME', 'gadzz'), ('WINDOWID', '117440517'), ('QT_AUTO_SCREEN_SCALE_FACTOR', '0'), ('_', '/usr/bin/colcon'), ('ROS_VERSION', '2'), ('XDG_SESSION_CLASS', 'user'), ('COLORFGBG', '15;0'), ('TERM', 'tmux-256color'), ('XDG_SESSION_ID', '3'), ('ROS_LOCALHOST_ONLY', '0'), ('GTK2_RC_FILES', '/etc/gtk-2.0/gtkrc:/home/gadzz/.gtkrc-2.0:/home/gadzz/.config/gtkrc-2.0'), ('PATH', '/home/gadzz/.cargo/bin:/home/gadzz/local/bin:/home/gadzz/.cargo/bin:/home/gadzz/local/bin:/opt/ros/humble/bin:/home/gadzz/.cargo/bin:/opt/gcc-arm-none-eabi-9-2020-q2-update/bin:/home/gadzz/.local/bin:/usr/local/sbin:/usr/local/bin:/usr/sbin:/usr/bin:/sbin:/bin:/usr/games:/usr/local/games:/snap/bin:/home/gadzz/Downloads/Micro-XRCE-DDS-Gen/scripts:/home/gadzz/.fzf/bin:/home/gadzz/Downloads/Micro-XRCE-DDS-Gen/scripts'), ('XDG_SESSION_PATH', '/org/freedesktop/DisplayManager/Session1'), ('LC_ADDRESS', 'id_ID.UTF-8'), ('XDG_RUNTIME_DIR', '/run/user/1000'), ('XCURSOR_THEME', 'breeze_cursors'), ('DISPLAY', ':0'), ('XDG_CURRENT_DESKTOP', 'KDE'), ('LC_TELEPHONE', 'id_ID.UTF-8'), ('LANG', 'en_US.UTF-8'), ('XMODIFIERS', '@im=ibus'), ('XDG_SESSION_DESKTOP', 'KDE'), ('XAUTHORITY', '/home/gadzz/.Xauthority'), ('LS_COLORS', 'rs=0:di=01;34:ln=01;36:mh=00:pi=40;33:so=01;35:do=01;35:bd=40;33;01:cd=40;33;01:or=40;31;01:mi=00:su=37;41:sg=30;43:ca=30;41:tw=30;42:ow=34;42:st=37;44:ex=01;32:*.tar=01;31:*.tgz=01;31:*.arc=01;31:*.arj=01;31:*.taz=01;31:*.lha=01;31:*.lz4=01;31:*.lzh=01;31:*.lzma=01;31:*.tlz=01;31:*.txz=01;31:*.tzo=01;31:*.t7z=01;31:*.zip=01;31:*.z=01;31:*.dz=01;31:*.gz=01;31:*.lrz=01;31:*.lz=01;31:*.lzo=01;31:*.xz=01;31:*.zst=01;31:*.tzst=01;31:*.bz2=01;31:*.bz=01;31:*.tbz=01;31:*.tbz2=01;31:*.tz=01;31:*.deb=01;31:*.rpm=01;31:*.jar=01;31:*.war=01;31:*.ear=01;31:*.sar=01;31:*.rar=01;31:*.alz=01;31:*.ace=01;31:*.zoo=01;31:*.cpio=01;31:*.7z=01;31:*.rz=01;31:*.cab=01;31:*.wim=01;31:*.swm=01;31:*.dwm=01;31:*.esd=01;31:*.jpg=01;35:*.jpeg=01;35:*.mjpg=01;35:*.mjpeg=01;35:*.gif=01;35:*.bmp=01;35:*.pbm=01;35:*.pgm=01;35:*.ppm=01;35:*.tga=01;35:*.xbm=01;35:*.xpm=01;35:*.tif=01;35:*.tiff=01;35:*.png=01;35:*.svg=01;35:*.svgz=01;35:*.mng=01;35:*.pcx=01;35:*.mov=01;35:*.mpg=01;35:*.mpeg=01;35:*.m2v=01;35:*.mkv=01;35:*.webm=01;35:*.webp=01;35:*.ogm=01;35:*.mp4=01;35:*.m4v=01;35:*.mp4v=01;35:*.vob=01;35:*.qt=01;35:*.nuv=01;35:*.wmv=01;35:*.asf=01;35:*.rm=01;35:*.rmvb=01;35:*.flc=01;35:*.avi=01;35:*.fli=01;35:*.flv=01;35:*.gl=01;35:*.dl=01;35:*.xcf=01;35:*.xwd=01;35:*.yuv=01;35:*.cgm=01;35:*.emf=01;35:*.ogv=01;35:*.ogx=01;35:*.aac=00;36:*.au=00;36:*.flac=00;36:*.m4a=00;36:*.mid=00;36:*.midi=00;36:*.mka=00;36:*.mp3=00;36:*.mpc=00;36:*.ogg=00;36:*.ra=00;36:*.wav=00;36:*.oga=00;36:*.opus=00;36:*.spx=00;36:*.xspf=00;36:'), ('TERM_PROGRAM', 'tmux'), ('SSH_AUTH_SOCK', '/tmp/ssh-XXXXXXL5f1UC/agent.2314'), ('AMENT_PREFIX_PATH', '/home/gadzz/Workspace/VTOL-MissionCenter/install/keyboard_msgs:/opt/ros/humble'), ('SHELL', '/bin/bash'), ('LC_NAME', 'id_ID.UTF-8'), ('QT_ACCESSIBILITY', '1'), ('LESSCLOSE', '/usr/bin/lesspipe %s %s'), ('KONSOLE_DBUS_SERVICE', ':1.103'), ('LC_MEASUREMENT', 'id_ID.UTF-8'), ('GPG_AGENT_INFO', '/run/user/1000/gnupg/S.gpg-agent:0:1'), ('LC_IDENTIFICATION', 'id_ID.UTF-8'), ('QT_IM_MODULE', 'ibus'), ('XDG_VTNR', '1'), ('PWD', '/home/gadzz/Workspace/VTOL-MissionCenter/build/mission_center'), ('LC_ALL', 'en_US.UTF-8'), ('XDG_CONFIG_DIRS', '/home/gadzz/.config/kdedefaults:/etc/xdg/xdg-plasma:/etc/xdg'), ('CLUTTER_IM_MODULE', 'ibus'), ('XDG_DATA_DIRS', '/usr/share/plasma:/usr/share/gnome:/usr/local/share:/usr/share:/var/lib/snapd/desktop'), ('PYTHONPATH', '/home/gadzz/Workspace/VTOL-MissionCenter/install/keyboard_msgs/local/lib/python3.10/dist-packages:/opt/ros/humble/lib/python3.10/site-packages:/opt/ros/humble/local/lib/python3.10/dist-packages'), ('LC_NUMERIC', 'id_ID.UTF-8'), ('TMUX_PLUGIN_MANAGER_PATH', '/home/gadzz/.config/tmux/plugins/'), ('LC_PAPER', 'id_ID.UTF-8'), ('KDE_SESSION_UID', '1000'), ('COLCON', '1'), ('TMUX_PANE', '%13'), ('CMAKE_PREFIX_PATH', '/home/gadzz/Workspace/VTOL-MissionCenter/install/keyboard_msgs:/opt/ros/humble')]), 'shell': False}
[53.652784] (mission_center) StdoutLine: {'line': b'-- Install configuration: ""\n'}
[53.653163] (mission_center) StdoutLine: {'line': b'-- Installing: /home/gadzz/Workspace/VTOL-MissionCenter/install/mission_center/lib/libuav_mission.so\n'}
[53.682563] (mission_center) StdoutLine: {'line': b'-- Set runtime path of "/home/gadzz/Workspace/VTOL-MissionCenter/install/mission_center/lib/libuav_mission.so" to ""\n'}
[53.682837] (mission_center) StdoutLine: {'line': b'-- Installing: /home/gadzz/Workspace/VTOL-MissionCenter/install/mission_center/lib/mission_center/pilot_node\n'}
[53.685369] (mission_center) StdoutLine: {'line': b'-- Set runtime path of "/home/gadzz/Workspace/VTOL-MissionCenter/install/mission_center/lib/mission_center/pilot_node" to ""\n'}
[53.685557] (mission_center) StdoutLine: {'line': b'-- Up-to-date: /home/gadzz/Workspace/VTOL-MissionCenter/install/mission_center/lib/mission_center/safety_node\n'}
[53.685626] (mission_center) StdoutLine: {'line': b'-- Installing: /home/gadzz/Workspace/VTOL-MissionCenter/install/mission_center/lib/mission_center/ui_node\n'}
[53.688295] (mission_center) StdoutLine: {'line': b'-- Set runtime path of "/home/gadzz/Workspace/VTOL-MissionCenter/install/mission_center/lib/mission_center/ui_node" to ""\n'}
[53.688577] (mission_center) StdoutLine: {'line': b'-- Up-to-date: /home/gadzz/Workspace/VTOL-MissionCenter/install/mission_center/share/mission_center//launch\n'}
[53.688670] (mission_center) StdoutLine: {'line': b'-- Up-to-date: /home/gadzz/Workspace/VTOL-MissionCenter/install/mission_center/share/mission_center//launch/mav.tlog.raw\n'}
[53.688729] (mission_center) StdoutLine: {'line': b'-- Up-to-date: /home/gadzz/Workspace/VTOL-MissionCenter/install/mission_center/share/mission_center//launch/sim_apm.launch\n'}
[53.688787] (mission_center) StdoutLine: {'line': b'-- Up-to-date: /home/gadzz/Workspace/VTOL-MissionCenter/install/mission_center/share/mission_center//launch/test\n'}
[53.688843] (mission_center) StdoutLine: {'line': b'-- Up-to-date: /home/gadzz/Workspace/VTOL-MissionCenter/install/mission_center/share/mission_center//launch/test/logs\n'}
[53.688898] (mission_center) StdoutLine: {'line': b'-- Up-to-date: /home/gadzz/Workspace/VTOL-MissionCenter/install/mission_center/share/mission_center//launch/test/logs/2025-10-07\n'}
[53.688954] (mission_center) StdoutLine: {'line': b'-- Up-to-date: /home/gadzz/Workspace/VTOL-MissionCenter/install/mission_center/share/mission_center//launch/test/logs/2025-10-07/flight1\n'}
[53.689011] (mission_center) StdoutLine: {'line': b'-- Up-to-date: /home/gadzz/Workspace/VTOL-MissionCenter/install/mission_center/share/mission_center//launch/test/logs/2025-10-07/flight1/flight.tlog.raw\n'}
[53.689069] (mission_center) StdoutLine: {'line': b'-- Up-to-date: /home/gadzz/Workspace/VTOL-MissionCenter/install/mission_center/share/mission_center//launch/test/logs/2025-10-07/flight1/flight.tlog\n'}
[53.689137] (mission_center) StdoutLine: {'line': b'-- Up-to-date: /home/gadzz/Workspace/VTOL-MissionCenter/install/mission_center/share/mission_center//launch/test/logs/2025-10-07/flight1/defaults.parm\n'}
[53.689275] (mission_center) StdoutLine: {'line': b'-- Up-to-date: /home/gadzz/Workspace/VTOL-MissionCenter/install/mission_center/share/mission_center//launch/test/logs/2025-10-07/flight1/mav.parm\n'}
[53.689431] (mission_center) StdoutLine: {'line': b'-- Up-to-date: /home/gadzz/Workspace/VTOL-MissionCenter/install/mission_center/share/mission_center//launch/mav.tlog\n'}
[53.689662] (mission_center) StdoutLine: {'line': b'-- Up-to-date: /home/gadzz/Workspace/VTOL-MissionCenter/install/mission_center/share/mission_center//launch/eeprom.bin\n'}
[53.689772] (mission_center) StdoutLine: {'line': b'-- Up-to-date: /home/gadzz/Workspace/VTOL-MissionCenter/install/mission_center/share/mission_center//launch/real_apm.launch\n'}
[53.689836] (mission_center) StdoutLine: {'line': b'-- Up-to-date: /home/gadzz/Workspace/VTOL-MissionCenter/install/mission_center/lib/mission_center/trajectory_streamer\n'}
[53.689895] (mission_center) StdoutLine: {'line': b'-- Up-to-date: /home/gadzz/Workspace/VTOL-MissionCenter/install/mission_center/share/mission_center/environment/library_path.sh\n'}
[53.689955] (mission_center) StdoutLine: {'line': b'-- Up-to-date: /home/gadzz/Workspace/VTOL-MissionCenter/install/mission_center/share/mission_center/environment/library_path.dsv\n'}
[53.690021] (mission_center) StdoutLine: {'line': b'-- Up-to-date: /home/gadzz/Workspace/VTOL-MissionCenter/install/mission_center/share/ament_index/resource_index/package_run_dependencies/mission_center\n'}
[53.690093] (mission_center) StdoutLine: {'line': b'-- Up-to-date: /home/gadzz/Workspace/VTOL-MissionCenter/install/mission_center/share/ament_index/resource_index/parent_prefix_path/mission_center\n'}
[53.690157] (mission_center) StdoutLine: {'line': b'-- Up-to-date: /home/gadzz/Workspace/VTOL-MissionCenter/install/mission_center/share/mission_center/environment/ament_prefix_path.sh\n'}
[53.690237] (mission_center) StdoutLine: {'line': b'-- Up-to-date: /home/gadzz/Workspace/VTOL-MissionCenter/install/mission_center/share/mission_center/environment/ament_prefix_path.dsv\n'}
[53.690321] (mission_center) StdoutLine: {'line': b'-- Up-to-date: /home/gadzz/Workspace/VTOL-MissionCenter/install/mission_center/share/mission_center/environment/path.sh\n'}
[53.690425] (mission_center) StdoutLine: {'line': b'-- Up-to-date: /home/gadzz/Workspace/VTOL-MissionCenter/install/mission_center/share/mission_center/environment/path.dsv\n'}
[53.690531] (mission_center) StdoutLine: {'line': b'-- Up-to-date: /home/gadzz/Workspace/VTOL-MissionCenter/install/mission_center/share/mission_center/local_setup.bash\n'}
[53.690630] (mission_center) StdoutLine: {'line': b'-- Up-to-date: /home/gadzz/Workspace/VTOL-MissionCenter/install/mission_center/share/mission_center/local_setup.sh\n'}
[53.690718] (mission_center) StdoutLine: {'line': b'-- Up-to-date: /home/gadzz/Workspace/VTOL-MissionCenter/install/mission_center/share/mission_center/local_setup.zsh\n'}
[53.690794] (mission_center) StdoutLine: {'line': b'-- Up-to-date: /home/gadzz/Workspace/VTOL-MissionCenter/install/mission_center/share/mission_center/local_setup.dsv\n'}
[53.690855] (mission_center) StdoutLine: {'line': b'-- Installing: /home/gadzz/Workspace/VTOL-MissionCenter/install/mission_center/share/mission_center/package.dsv\n'}
[53.691008] (mission_center) StdoutLine: {'line': b'-- Up-to-date: /home/gadzz/Workspace/VTOL-MissionCenter/install/mission_center/share/ament_index/resource_index/packages/mission_center\n'}
[53.691077] (mission_center) StdoutLine: {'line': b'-- Up-to-date: /home/gadzz/Workspace/VTOL-MissionCenter/install/mission_center/share/mission_center/cmake/ament_cmake_export_include_directories-extras.cmake\n'}
[53.691137] (mission_center) StdoutLine: {'line': b'-- Up-to-date: /home/gadzz/Workspace/VTOL-MissionCenter/install/mission_center/share/mission_center/cmake/ament_cmake_export_libraries-extras.cmake\n'}
[53.691200] (mission_center) StdoutLine: {'line': b'-- Up-to-date: /home/gadzz/Workspace/VTOL-MissionCenter/install/mission_center/share/mission_center/cmake/mission_centerConfig.cmake\n'}
[53.691277] (mission_center) StdoutLine: {'line': b'-- Up-to-date: /home/gadzz/Workspace/VTOL-MissionCenter/install/mission_center/share/mission_center/cmake/mission_centerConfig-version.cmake\n'}
[53.691335] (mission_center) StdoutLine: {'line': b'-- Up-to-date: /home/gadzz/Workspace/VTOL-MissionCenter/install/mission_center/share/mission_center/package.xml\n'}
[53.694112] (mission_center) CommandEnded: {'returncode': 0}
[53.704511] (-) TimerEvent: {}
[53.716891] (mission_center) JobEnded: {'identifier': 'mission_center', 'rc': 0}
[53.718234] (-) EventReactorShutdown: {}
