[0.000000] (-) TimerEvent: {}
[0.000670] (keyboard_msgs) JobQueued: {'identifier': 'keyboard_msgs', 'dependencies': OrderedDict()}
[0.001144] (keyboard) JobQueued: {'identifier': 'keyboard', 'dependencies': OrderedDict([('keyboard_msgs', '/home/gadzz/tubitak_ws/install/keyboard_msgs')])}
[0.001609] (mission_center) JobQueued: {'identifier': 'mission_center', 'dependencies': OrderedDict([('keyboard_msgs', '/home/gadzz/tubitak_ws/install/keyboard_msgs')])}
[0.001676] (keyboard_msgs) JobStarted: {'identifier': 'keyboard_msgs'}
[0.019801] (keyboard_msgs) JobProgress: {'identifier': 'keyboard_msgs', 'progress': 'cmake'}
[0.021359] (keyboard_msgs) JobProgress: {'identifier': 'keyboard_msgs', 'progress': 'build'}
[0.023400] (keyboard_msgs) Command: {'cmd': ['/usr/bin/cmake', '--build', '/home/gadzz/tubitak_ws/build/keyboard_msgs', '--', '-j8', '-l8'], 'cwd': '/home/gadzz/tubitak_ws/build/keyboard_msgs', 'env': OrderedDict([('GZ_SIM_SYSTEM_PLUGIN_PATH', '/home/gadzz/ardu_ws/install/ardupilot_sitl_models/lib/ardupilot_sitl_models/:/home/gadzz/ardu_ws/install/ardupilot_gz_gazebo/lib/ardupilot_gz_gazebo/:/home/gadzz/ardu_ws/install/ardupilot_gazebo/lib/ardupilot_gazebo/'), ('TMUX', '/tmp/tmux-1000/default,6097,1'), ('GZ_SIM_RESOURCE_PATH', '/home/gadzz/ardu_ws/install/ardupilot_sitl_models/share/ardupilot_sitl_models/worlds:/home/gadzz/ardu_ws/install/ardupilot_sitl_models/share/ardupilot_sitl_models/models:/home/gadzz/ardu_ws/install/ardupilot_sitl_models/share:/home/gadzz/ardu_ws/install/ardupilot_gz_gazebo/share/ardupilot_gz_gazebo/worlds:/home/gadzz/ardu_ws/install/ardupilot_gz_description/share/ardupilot_gz_description/models:/home/gadzz/ardu_ws/install/ardupilot_gz_description/share:/home/gadzz/ardu_ws/install/ardupilot_gazebo/share/ardupilot_gazebo/worlds:/home/gadzz/ardu_ws/install/ardupilot_gazebo/share/ardupilot_gazebo/models:/home/gadzz/ardu_ws/install/ardupilot_gazebo/share'), ('LC_TIME', 'id_ID.UTF-8'), ('USER', 'gadzz'), ('XDG_SEAT', 'seat0'), ('XDG_SESSION_TYPE', 'x11'), ('BROWSER', 'firefox-esr'), ('LD_LIBRARY_PATH', '/home/gadzz/ardu_ws/install/sdformat_urdf/lib:/home/gadzz/ardu_ws/install/ros_ign_interfaces/lib:/home/gadzz/ardu_ws/install/ros_gz_sim/lib:/home/gadzz/ardu_ws/install/ros_gz_bridge/lib:/home/gadzz/ardu_ws/install/ros_gz_interfaces/lib:/home/gadzz/ardu_ws/install/micro_ros_agent/lib:/home/gadzz/ardu_ws/install/keyboard_msgs/lib:/home/gadzz/ardu_ws/install/ardupilot_msgs/lib:/opt/ros/humble/opt/rviz_ogre_vendor/lib:/opt/ros/humble/lib/x86_64-linux-gnu:/opt/ros/humble/lib'), ('SHLVL', '2'), ('HOME', '/home/gadzz'), ('LESS', '-R'), ('OLDPWD', '/home/gadzz/tubitak_ws'), ('DESKTOP_SESSION', 'awesome'), ('TERM_PROGRAM_VERSION', '3.5a'), ('LSCOLORS', 'Gxfxcxdxbxegedabagacad'), ('ZSH', '/home/gadzz/.oh-my-zsh'), ('GTK_MODULES', 'gail:atk-bridge'), ('PAGER', 'less'), ('ROS_PYTHON_VERSION', '3'), ('LC_MONETARY', 'id_ID.UTF-8'), ('DBUS_SESSION_BUS_ADDRESS', 'unix:path=/run/user/1000/bus'), ('SYSTEMD_EXEC_PID', '2022'), ('VISUAL', 'nvim'), ('COLORTERM', 'truecolor'), ('FZF_BASE', '/usr/bin/fzf'), ('COLCON_PREFIX_PATH', '/home/gadzz/ardu_ws/install'), ('ROS_DISTRO', 'humble'), ('ALACRITTY_SOCKET', '/run/user/1000/Alacritty-:0-5220.sock'), ('GTK_IM_MODULE', 'ibus'), ('LOGNAME', 'gadzz'), ('WINDOWID', '46137349'), ('_', '/usr/bin/colcon'), ('PKG_CONFIG_PATH', '/home/gadzz/ardu_ws/install/sdformat_test_files/lib/x86_64-linux-gnu/pkgconfig:/home/gadzz/ardu_ws/install/sdformat_test_files/lib/pkgconfig'), ('ROS_VERSION', '2'), ('XDG_SESSION_CLASS', 'user'), ('ALACRITTY_LOG', '/tmp/Alacritty-5220.log'), ('TERM', 'tmux-256color'), ('USERNAME', 'gadzz'), ('XDG_SESSION_ID', '2'), ('ROS_LOCALHOST_ONLY', '0'), ('WINDOWPATH', '2'), ('PATH', '/home/gadzz/.local/bin:/home/gadzz/ardu_ws/install/ardupilot_sitl/bin:/opt/ros/humble/bin:/home/gadzz/.local/bin:/usr/lib/ccache:/home/gadzz/ardu_ws/src/ardupilot/Tools/autotest:/opt/gcc-arm-none-eabi-10-2020-q4-major/bin:/home/gadzz/.local/bin:/usr/local/sbin:/usr/local/bin:/usr/sbin:/usr/bin:/sbin:/bin:/usr/games:/usr/local/games:/snap/bin:/snap/bin:/home/gadzz/ardu_ws/Micro-XRCE-DDS-Gen/scripts:/home/gadzz/ardu_ws/src/ardupilot/Tools/autotest:/home/gadzz/ardu_ws/Micro-XRCE-DDS-Gen/scripts:/home/gadzz/ardu_ws/src/ardupilot/Tools/autotest'), ('DIRHISTORY_SIZE', '30'), ('LC_ADDRESS', 'id_ID.UTF-8'), ('XDG_RUNTIME_DIR', '/run/user/1000'), ('DISPLAY', ':0'), ('LANG', 'en_US.UTF-8'), ('LC_TELEPHONE', 'id_ID.UTF-8'), ('LS_COLORS', 'rs=0:di=01;34:ln=01;36:mh=00:pi=40;33:so=01;35:do=01;35:bd=40;33;01:cd=40;33;01:or=40;31;01:mi=00:su=37;41:sg=30;43:ca=30;41:tw=30;42:ow=34;42:st=37;44:ex=01;32:*.tar=01;31:*.tgz=01;31:*.arc=01;31:*.arj=01;31:*.taz=01;31:*.lha=01;31:*.lz4=01;31:*.lzh=01;31:*.lzma=01;31:*.tlz=01;31:*.txz=01;31:*.tzo=01;31:*.t7z=01;31:*.zip=01;31:*.z=01;31:*.dz=01;31:*.gz=01;31:*.lrz=01;31:*.lz=01;31:*.lzo=01;31:*.xz=01;31:*.zst=01;31:*.tzst=01;31:*.bz2=01;31:*.bz=01;31:*.tbz=01;31:*.tbz2=01;31:*.tz=01;31:*.deb=01;31:*.rpm=01;31:*.jar=01;31:*.war=01;31:*.ear=01;31:*.sar=01;31:*.rar=01;31:*.alz=01;31:*.ace=01;31:*.zoo=01;31:*.cpio=01;31:*.7z=01;31:*.rz=01;31:*.cab=01;31:*.wim=01;31:*.swm=01;31:*.dwm=01;31:*.esd=01;31:*.jpg=01;35:*.jpeg=01;35:*.mjpg=01;35:*.mjpeg=01;35:*.gif=01;35:*.bmp=01;35:*.pbm=01;35:*.pgm=01;35:*.ppm=01;35:*.tga=01;35:*.xbm=01;35:*.xpm=01;35:*.tif=01;35:*.tiff=01;35:*.png=01;35:*.svg=01;35:*.svgz=01;35:*.mng=01;35:*.pcx=01;35:*.mov=01;35:*.mpg=01;35:*.mpeg=01;35:*.m2v=01;35:*.mkv=01;35:*.webm=01;35:*.webp=01;35:*.ogm=01;35:*.mp4=01;35:*.m4v=01;35:*.mp4v=01;35:*.vob=01;35:*.qt=01;35:*.nuv=01;35:*.wmv=01;35:*.asf=01;35:*.rm=01;35:*.rmvb=01;35:*.flc=01;35:*.avi=01;35:*.fli=01;35:*.flv=01;35:*.gl=01;35:*.dl=01;35:*.xcf=01;35:*.xwd=01;35:*.yuv=01;35:*.cgm=01;35:*.emf=01;35:*.ogv=01;35:*.ogx=01;35:*.aac=00;36:*.au=00;36:*.flac=00;36:*.m4a=00;36:*.mid=00;36:*.midi=00;36:*.mka=00;36:*.mp3=00;36:*.mpc=00;36:*.ogg=00;36:*.ra=00;36:*.wav=00;36:*.oga=00;36:*.opus=00;36:*.spx=00;36:*.xspf=00;36:'), ('TERM_PROGRAM', 'tmux'), ('XAUTHORITY', '/run/user/1000/gdm/Xauthority'), ('XDG_SESSION_DESKTOP', 'awesome'), ('XMODIFIERS', '@im=ibus'), ('AMENT_PREFIX_PATH', '/home/gadzz/ardu_ws/install/test_ros_gz_bridge:/home/gadzz/ardu_ws/install/ros_ign:/home/gadzz/ardu_ws/install/ros_ign_gazebo_demos:/home/gadzz/ardu_ws/install/ros_gz:/home/gadzz/ardu_ws/install/ros_gz_sim_demos:/home/gadzz/ardu_ws/install/ardupilot_gz_bringup:/home/gadzz/ardu_ws/install/sdformat_urdf:/home/gadzz/ardu_ws/install/ros_ign_interfaces:/home/gadzz/ardu_ws/install/ros_ign_image:/home/gadzz/ardu_ws/install/ros_ign_gazebo:/home/gadzz/ardu_ws/install/ros_ign_bridge:/home/gadzz/ardu_ws/install/ros_gz_sim:/home/gadzz/ardu_ws/install/ros_gz_image:/home/gadzz/ardu_ws/install/ros_gz_bridge:/home/gadzz/ardu_ws/install/ros_gz_interfaces:/home/gadzz/ardu_ws/install/ardupilot_dds_tests:/home/gadzz/ardu_ws/install/ardupilot_sitl:/home/gadzz/ardu_ws/install/micro_ros_agent:/home/gadzz/ardu_ws/install/keyboard:/home/gadzz/ardu_ws/install/keyboard_msgs:/home/gadzz/ardu_ws/install/ardupilot_sitl_models:/home/gadzz/ardu_ws/install/ardupilot_msgs:/home/gadzz/ardu_ws/install/ardupilot_gz_gazebo:/home/gadzz/ardu_ws/install/ardupilot_gz_description:/home/gadzz/ardu_ws/install/ardupilot_gz_application:/home/gadzz/ardu_ws/install/ardupilot_gazebo:/opt/ros/humble'), ('LC_NAME', 'id_ID.UTF-8'), ('SHELL', '/usr/bin/zsh'), ('GDMSESSION', 'awesome'), ('QT_ACCESSIBILITY', '1'), ('IGN_GAZEBO_RESOURCE_PATH', '/home/gadzz/ardu_ws/install/ros_gz_sim_demos/share'), ('LC_MEASUREMENT', 'id_ID.UTF-8'), ('GPG_AGENT_INFO', '/run/user/1000/gnupg/S.gpg-agent:0:1'), ('GZ_VERSION', 'harmonic'), ('LC_IDENTIFICATION', 'id_ID.UTF-8'), ('ALACRITTY_WINDOW_ID', '35651589'), ('QT_IM_MODULE', 'ibus'), ('XDG_VTNR', '2'), ('PWD', '/home/gadzz/tubitak_ws/build/keyboard_msgs'), ('CLUTTER_IM_MODULE', 'ibus'), ('XDG_CONFIG_DIRS', '/etc/xdg/xdg-awesome:/etc/xdg'), ('XDG_DATA_DIRS', '/usr/share/awesome:/usr/share/gnome:/usr/local/share/:/usr/share/:/var/lib/snapd/desktop'), ('LC_NUMERIC', 'id_ID.UTF-8'), ('PYTHONPATH', '/home/gadzz/ardu_ws/install/ros_ign_interfaces/local/lib/python3.10/dist-packages:/home/gadzz/ardu_ws/install/ros_gz_interfaces/local/lib/python3.10/dist-packages:/home/gadzz/ardu_ws/install/ardupilot_dds_tests/lib/python3.10/site-packages:/home/gadzz/ardu_ws/install/ardupilot_sitl/local/lib/python3.10/dist-packages:/home/gadzz/ardu_ws/install/keyboard_msgs/local/lib/python3.10/dist-packages:/home/gadzz/ardu_ws/install/ardupilot_msgs/local/lib/python3.10/dist-packages:/opt/ros/humble/lib/python3.10/site-packages:/opt/ros/humble/local/lib/python3.10/dist-packages'), ('LC_PAPER', 'id_ID.UTF-8'), ('TMUX_PLUGIN_MANAGER_PATH', '/home/gadzz/.config/tmux/plugins/'), ('COLCON', '1'), ('TERMINAL', 'alacritty'), ('TMUX_PANE', '%5'), ('CMAKE_PREFIX_PATH', '/home/gadzz/ardu_ws/install/test_ros_gz_bridge:/home/gadzz/ardu_ws/install/ros_ign:/home/gadzz/ardu_ws/install/ros_ign_gazebo_demos:/home/gadzz/ardu_ws/install/ros_gz:/home/gadzz/ardu_ws/install/ros_gz_sim_demos:/home/gadzz/ardu_ws/install/ardupilot_gz_bringup:/home/gadzz/ardu_ws/install/sdformat_urdf:/home/gadzz/ardu_ws/install/sdformat_test_files:/home/gadzz/ardu_ws/install/ros_ign_interfaces:/home/gadzz/ardu_ws/install/ros_ign_image:/home/gadzz/ardu_ws/install/ros_ign_gazebo:/home/gadzz/ardu_ws/install/ros_ign_bridge:/home/gadzz/ardu_ws/install/ros_gz_sim:/home/gadzz/ardu_ws/install/ros_gz_image:/home/gadzz/ardu_ws/install/ros_gz_bridge:/home/gadzz/ardu_ws/install/ros_gz_interfaces:/home/gadzz/ardu_ws/install/ardupilot_sitl:/home/gadzz/ardu_ws/install/micro_ros_agent:/home/gadzz/ardu_ws/install/keyboard:/home/gadzz/ardu_ws/install/keyboard_msgs:/home/gadzz/ardu_ws/install/ardupilot_sitl_models:/home/gadzz/ardu_ws/install/ardupilot_msgs:/home/gadzz/ardu_ws/install/ardupilot_gz_gazebo:/home/gadzz/ardu_ws/install/ardupilot_gz_description:/home/gadzz/ardu_ws/install/ardupilot_gz_application:/home/gadzz/ardu_ws/install/ardupilot_gazebo:/home/gadzz/ardu_ws/install/ardupilot_dds_tests:/opt/ros/humble'), ('EDITOR', 'geany'), ('HISTORY_IGNORE', '(ls|cd|pwd|exit|sudo reboot|history|cd -|cd ..)')]), 'shell': False}
[0.099446] (-) TimerEvent: {}
[0.100657] (keyboard_msgs) StdoutLine: {'line': b'[  9%] Built target keyboard_msgs__rosidl_generator_c\n'}
[0.100971] (keyboard_msgs) StdoutLine: {'line': b'[ 12%] Built target keyboard_msgs__cpp\n'}
[0.117658] (keyboard_msgs) StdoutLine: {'line': b'[ 12%] Built target ament_cmake_python_copy_keyboard_msgs\n'}
[0.137635] (keyboard_msgs) StdoutLine: {'line': b'[ 22%] Built target keyboard_msgs__rosidl_typesupport_introspection_c\n'}
[0.138229] (keyboard_msgs) StdoutLine: {'line': b'[ 32%] Built target keyboard_msgs__rosidl_typesupport_c\n'}
[0.139888] (keyboard_msgs) StdoutLine: {'line': b'[ 41%] Built target keyboard_msgs__rosidl_typesupport_fastrtps_c\n'}
[0.154178] (keyboard_msgs) StdoutLine: {'line': b'[ 51%] Built target keyboard_msgs__rosidl_typesupport_introspection_cpp\n'}
[0.167167] (keyboard_msgs) StdoutLine: {'line': b'[ 61%] Built target keyboard_msgs__rosidl_typesupport_cpp\n'}
[0.172909] (keyboard_msgs) StdoutLine: {'line': b'[ 70%] Built target keyboard_msgs__rosidl_typesupport_fastrtps_cpp\n'}
[0.199785] (-) TimerEvent: {}
[0.225782] (keyboard_msgs) StdoutLine: {'line': b'[ 70%] Built target keyboard_msgs\n'}
[0.273644] (keyboard_msgs) StdoutLine: {'line': b'[ 74%] Built target keyboard_msgs__py\n'}
[0.299867] (-) TimerEvent: {}
[0.325928] (keyboard_msgs) StdoutLine: {'line': b'[ 80%] Built target keyboard_msgs__rosidl_generator_py\n'}
[0.373404] (keyboard_msgs) StdoutLine: {'line': b'[ 87%] Built target keyboard_msgs__rosidl_typesupport_fastrtps_c__pyext\n'}
[0.376449] (keyboard_msgs) StdoutLine: {'line': b'[ 93%] Built target keyboard_msgs__rosidl_typesupport_introspection_c__pyext\n'}
[0.384230] (keyboard_msgs) StdoutLine: {'line': b'[100%] Built target keyboard_msgs__rosidl_typesupport_c__pyext\n'}
[0.400168] (-) TimerEvent: {}
[0.500952] (-) TimerEvent: {}
[0.558462] (keyboard_msgs) StdoutLine: {'line': b'running egg_info\n'}
[0.561050] (keyboard_msgs) StdoutLine: {'line': b'writing keyboard_msgs.egg-info/PKG-INFO\n'}
[0.562876] (keyboard_msgs) StdoutLine: {'line': b'writing dependency_links to keyboard_msgs.egg-info/dependency_links.txt\n'}
[0.563512] (keyboard_msgs) StdoutLine: {'line': b'writing top-level names to keyboard_msgs.egg-info/top_level.txt\n'}
[0.568874] (keyboard_msgs) StdoutLine: {'line': b"reading manifest file 'keyboard_msgs.egg-info/SOURCES.txt'\n"}
[0.569465] (keyboard_msgs) StdoutLine: {'line': b"writing manifest file 'keyboard_msgs.egg-info/SOURCES.txt'\n"}
[0.601185] (-) TimerEvent: {}
[0.667520] (keyboard_msgs) StdoutLine: {'line': b'[100%] Built target ament_cmake_python_build_keyboard_msgs_egg\n'}
[0.690163] (keyboard_msgs) CommandEnded: {'returncode': 0}
[0.692158] (keyboard_msgs) JobProgress: {'identifier': 'keyboard_msgs', 'progress': 'install'}
[0.701299] (-) TimerEvent: {}
[0.704030] (keyboard_msgs) Command: {'cmd': ['/usr/bin/cmake', '--install', '/home/gadzz/tubitak_ws/build/keyboard_msgs'], 'cwd': '/home/gadzz/tubitak_ws/build/keyboard_msgs', 'env': OrderedDict([('GZ_SIM_SYSTEM_PLUGIN_PATH', '/home/gadzz/ardu_ws/install/ardupilot_sitl_models/lib/ardupilot_sitl_models/:/home/gadzz/ardu_ws/install/ardupilot_gz_gazebo/lib/ardupilot_gz_gazebo/:/home/gadzz/ardu_ws/install/ardupilot_gazebo/lib/ardupilot_gazebo/'), ('TMUX', '/tmp/tmux-1000/default,6097,1'), ('GZ_SIM_RESOURCE_PATH', '/home/gadzz/ardu_ws/install/ardupilot_sitl_models/share/ardupilot_sitl_models/worlds:/home/gadzz/ardu_ws/install/ardupilot_sitl_models/share/ardupilot_sitl_models/models:/home/gadzz/ardu_ws/install/ardupilot_sitl_models/share:/home/gadzz/ardu_ws/install/ardupilot_gz_gazebo/share/ardupilot_gz_gazebo/worlds:/home/gadzz/ardu_ws/install/ardupilot_gz_description/share/ardupilot_gz_description/models:/home/gadzz/ardu_ws/install/ardupilot_gz_description/share:/home/gadzz/ardu_ws/install/ardupilot_gazebo/share/ardupilot_gazebo/worlds:/home/gadzz/ardu_ws/install/ardupilot_gazebo/share/ardupilot_gazebo/models:/home/gadzz/ardu_ws/install/ardupilot_gazebo/share'), ('LC_TIME', 'id_ID.UTF-8'), ('USER', 'gadzz'), ('XDG_SEAT', 'seat0'), ('XDG_SESSION_TYPE', 'x11'), ('BROWSER', 'firefox-esr'), ('LD_LIBRARY_PATH', '/home/gadzz/ardu_ws/install/sdformat_urdf/lib:/home/gadzz/ardu_ws/install/ros_ign_interfaces/lib:/home/gadzz/ardu_ws/install/ros_gz_sim/lib:/home/gadzz/ardu_ws/install/ros_gz_bridge/lib:/home/gadzz/ardu_ws/install/ros_gz_interfaces/lib:/home/gadzz/ardu_ws/install/micro_ros_agent/lib:/home/gadzz/ardu_ws/install/keyboard_msgs/lib:/home/gadzz/ardu_ws/install/ardupilot_msgs/lib:/opt/ros/humble/opt/rviz_ogre_vendor/lib:/opt/ros/humble/lib/x86_64-linux-gnu:/opt/ros/humble/lib'), ('SHLVL', '2'), ('HOME', '/home/gadzz'), ('LESS', '-R'), ('OLDPWD', '/home/gadzz/tubitak_ws'), ('DESKTOP_SESSION', 'awesome'), ('TERM_PROGRAM_VERSION', '3.5a'), ('LSCOLORS', 'Gxfxcxdxbxegedabagacad'), ('ZSH', '/home/gadzz/.oh-my-zsh'), ('GTK_MODULES', 'gail:atk-bridge'), ('PAGER', 'less'), ('ROS_PYTHON_VERSION', '3'), ('LC_MONETARY', 'id_ID.UTF-8'), ('DBUS_SESSION_BUS_ADDRESS', 'unix:path=/run/user/1000/bus'), ('SYSTEMD_EXEC_PID', '2022'), ('VISUAL', 'nvim'), ('COLORTERM', 'truecolor'), ('FZF_BASE', '/usr/bin/fzf'), ('COLCON_PREFIX_PATH', '/home/gadzz/ardu_ws/install'), ('ROS_DISTRO', 'humble'), ('ALACRITTY_SOCKET', '/run/user/1000/Alacritty-:0-5220.sock'), ('GTK_IM_MODULE', 'ibus'), ('LOGNAME', 'gadzz'), ('WINDOWID', '46137349'), ('_', '/usr/bin/colcon'), ('PKG_CONFIG_PATH', '/home/gadzz/ardu_ws/install/sdformat_test_files/lib/x86_64-linux-gnu/pkgconfig:/home/gadzz/ardu_ws/install/sdformat_test_files/lib/pkgconfig'), ('ROS_VERSION', '2'), ('XDG_SESSION_CLASS', 'user'), ('ALACRITTY_LOG', '/tmp/Alacritty-5220.log'), ('TERM', 'tmux-256color'), ('USERNAME', 'gadzz'), ('XDG_SESSION_ID', '2'), ('ROS_LOCALHOST_ONLY', '0'), ('WINDOWPATH', '2'), ('PATH', '/home/gadzz/.local/bin:/home/gadzz/ardu_ws/install/ardupilot_sitl/bin:/opt/ros/humble/bin:/home/gadzz/.local/bin:/usr/lib/ccache:/home/gadzz/ardu_ws/src/ardupilot/Tools/autotest:/opt/gcc-arm-none-eabi-10-2020-q4-major/bin:/home/gadzz/.local/bin:/usr/local/sbin:/usr/local/bin:/usr/sbin:/usr/bin:/sbin:/bin:/usr/games:/usr/local/games:/snap/bin:/snap/bin:/home/gadzz/ardu_ws/Micro-XRCE-DDS-Gen/scripts:/home/gadzz/ardu_ws/src/ardupilot/Tools/autotest:/home/gadzz/ardu_ws/Micro-XRCE-DDS-Gen/scripts:/home/gadzz/ardu_ws/src/ardupilot/Tools/autotest'), ('DIRHISTORY_SIZE', '30'), ('LC_ADDRESS', 'id_ID.UTF-8'), ('XDG_RUNTIME_DIR', '/run/user/1000'), ('DISPLAY', ':0'), ('LANG', 'en_US.UTF-8'), ('LC_TELEPHONE', 'id_ID.UTF-8'), ('LS_COLORS', 'rs=0:di=01;34:ln=01;36:mh=00:pi=40;33:so=01;35:do=01;35:bd=40;33;01:cd=40;33;01:or=40;31;01:mi=00:su=37;41:sg=30;43:ca=30;41:tw=30;42:ow=34;42:st=37;44:ex=01;32:*.tar=01;31:*.tgz=01;31:*.arc=01;31:*.arj=01;31:*.taz=01;31:*.lha=01;31:*.lz4=01;31:*.lzh=01;31:*.lzma=01;31:*.tlz=01;31:*.txz=01;31:*.tzo=01;31:*.t7z=01;31:*.zip=01;31:*.z=01;31:*.dz=01;31:*.gz=01;31:*.lrz=01;31:*.lz=01;31:*.lzo=01;31:*.xz=01;31:*.zst=01;31:*.tzst=01;31:*.bz2=01;31:*.bz=01;31:*.tbz=01;31:*.tbz2=01;31:*.tz=01;31:*.deb=01;31:*.rpm=01;31:*.jar=01;31:*.war=01;31:*.ear=01;31:*.sar=01;31:*.rar=01;31:*.alz=01;31:*.ace=01;31:*.zoo=01;31:*.cpio=01;31:*.7z=01;31:*.rz=01;31:*.cab=01;31:*.wim=01;31:*.swm=01;31:*.dwm=01;31:*.esd=01;31:*.jpg=01;35:*.jpeg=01;35:*.mjpg=01;35:*.mjpeg=01;35:*.gif=01;35:*.bmp=01;35:*.pbm=01;35:*.pgm=01;35:*.ppm=01;35:*.tga=01;35:*.xbm=01;35:*.xpm=01;35:*.tif=01;35:*.tiff=01;35:*.png=01;35:*.svg=01;35:*.svgz=01;35:*.mng=01;35:*.pcx=01;35:*.mov=01;35:*.mpg=01;35:*.mpeg=01;35:*.m2v=01;35:*.mkv=01;35:*.webm=01;35:*.webp=01;35:*.ogm=01;35:*.mp4=01;35:*.m4v=01;35:*.mp4v=01;35:*.vob=01;35:*.qt=01;35:*.nuv=01;35:*.wmv=01;35:*.asf=01;35:*.rm=01;35:*.rmvb=01;35:*.flc=01;35:*.avi=01;35:*.fli=01;35:*.flv=01;35:*.gl=01;35:*.dl=01;35:*.xcf=01;35:*.xwd=01;35:*.yuv=01;35:*.cgm=01;35:*.emf=01;35:*.ogv=01;35:*.ogx=01;35:*.aac=00;36:*.au=00;36:*.flac=00;36:*.m4a=00;36:*.mid=00;36:*.midi=00;36:*.mka=00;36:*.mp3=00;36:*.mpc=00;36:*.ogg=00;36:*.ra=00;36:*.wav=00;36:*.oga=00;36:*.opus=00;36:*.spx=00;36:*.xspf=00;36:'), ('TERM_PROGRAM', 'tmux'), ('XAUTHORITY', '/run/user/1000/gdm/Xauthority'), ('XDG_SESSION_DESKTOP', 'awesome'), ('XMODIFIERS', '@im=ibus'), ('AMENT_PREFIX_PATH', '/home/gadzz/ardu_ws/install/test_ros_gz_bridge:/home/gadzz/ardu_ws/install/ros_ign:/home/gadzz/ardu_ws/install/ros_ign_gazebo_demos:/home/gadzz/ardu_ws/install/ros_gz:/home/gadzz/ardu_ws/install/ros_gz_sim_demos:/home/gadzz/ardu_ws/install/ardupilot_gz_bringup:/home/gadzz/ardu_ws/install/sdformat_urdf:/home/gadzz/ardu_ws/install/ros_ign_interfaces:/home/gadzz/ardu_ws/install/ros_ign_image:/home/gadzz/ardu_ws/install/ros_ign_gazebo:/home/gadzz/ardu_ws/install/ros_ign_bridge:/home/gadzz/ardu_ws/install/ros_gz_sim:/home/gadzz/ardu_ws/install/ros_gz_image:/home/gadzz/ardu_ws/install/ros_gz_bridge:/home/gadzz/ardu_ws/install/ros_gz_interfaces:/home/gadzz/ardu_ws/install/ardupilot_dds_tests:/home/gadzz/ardu_ws/install/ardupilot_sitl:/home/gadzz/ardu_ws/install/micro_ros_agent:/home/gadzz/ardu_ws/install/keyboard:/home/gadzz/ardu_ws/install/keyboard_msgs:/home/gadzz/ardu_ws/install/ardupilot_sitl_models:/home/gadzz/ardu_ws/install/ardupilot_msgs:/home/gadzz/ardu_ws/install/ardupilot_gz_gazebo:/home/gadzz/ardu_ws/install/ardupilot_gz_description:/home/gadzz/ardu_ws/install/ardupilot_gz_application:/home/gadzz/ardu_ws/install/ardupilot_gazebo:/opt/ros/humble'), ('LC_NAME', 'id_ID.UTF-8'), ('SHELL', '/usr/bin/zsh'), ('GDMSESSION', 'awesome'), ('QT_ACCESSIBILITY', '1'), ('IGN_GAZEBO_RESOURCE_PATH', '/home/gadzz/ardu_ws/install/ros_gz_sim_demos/share'), ('LC_MEASUREMENT', 'id_ID.UTF-8'), ('GPG_AGENT_INFO', '/run/user/1000/gnupg/S.gpg-agent:0:1'), ('GZ_VERSION', 'harmonic'), ('LC_IDENTIFICATION', 'id_ID.UTF-8'), ('ALACRITTY_WINDOW_ID', '35651589'), ('QT_IM_MODULE', 'ibus'), ('XDG_VTNR', '2'), ('PWD', '/home/gadzz/tubitak_ws/build/keyboard_msgs'), ('CLUTTER_IM_MODULE', 'ibus'), ('XDG_CONFIG_DIRS', '/etc/xdg/xdg-awesome:/etc/xdg'), ('XDG_DATA_DIRS', '/usr/share/awesome:/usr/share/gnome:/usr/local/share/:/usr/share/:/var/lib/snapd/desktop'), ('LC_NUMERIC', 'id_ID.UTF-8'), ('PYTHONPATH', '/home/gadzz/ardu_ws/install/ros_ign_interfaces/local/lib/python3.10/dist-packages:/home/gadzz/ardu_ws/install/ros_gz_interfaces/local/lib/python3.10/dist-packages:/home/gadzz/ardu_ws/install/ardupilot_dds_tests/lib/python3.10/site-packages:/home/gadzz/ardu_ws/install/ardupilot_sitl/local/lib/python3.10/dist-packages:/home/gadzz/ardu_ws/install/keyboard_msgs/local/lib/python3.10/dist-packages:/home/gadzz/ardu_ws/install/ardupilot_msgs/local/lib/python3.10/dist-packages:/opt/ros/humble/lib/python3.10/site-packages:/opt/ros/humble/local/lib/python3.10/dist-packages'), ('LC_PAPER', 'id_ID.UTF-8'), ('TMUX_PLUGIN_MANAGER_PATH', '/home/gadzz/.config/tmux/plugins/'), ('COLCON', '1'), ('TERMINAL', 'alacritty'), ('TMUX_PANE', '%5'), ('CMAKE_PREFIX_PATH', '/home/gadzz/ardu_ws/install/test_ros_gz_bridge:/home/gadzz/ardu_ws/install/ros_ign:/home/gadzz/ardu_ws/install/ros_ign_gazebo_demos:/home/gadzz/ardu_ws/install/ros_gz:/home/gadzz/ardu_ws/install/ros_gz_sim_demos:/home/gadzz/ardu_ws/install/ardupilot_gz_bringup:/home/gadzz/ardu_ws/install/sdformat_urdf:/home/gadzz/ardu_ws/install/sdformat_test_files:/home/gadzz/ardu_ws/install/ros_ign_interfaces:/home/gadzz/ardu_ws/install/ros_ign_image:/home/gadzz/ardu_ws/install/ros_ign_gazebo:/home/gadzz/ardu_ws/install/ros_ign_bridge:/home/gadzz/ardu_ws/install/ros_gz_sim:/home/gadzz/ardu_ws/install/ros_gz_image:/home/gadzz/ardu_ws/install/ros_gz_bridge:/home/gadzz/ardu_ws/install/ros_gz_interfaces:/home/gadzz/ardu_ws/install/ardupilot_sitl:/home/gadzz/ardu_ws/install/micro_ros_agent:/home/gadzz/ardu_ws/install/keyboard:/home/gadzz/ardu_ws/install/keyboard_msgs:/home/gadzz/ardu_ws/install/ardupilot_sitl_models:/home/gadzz/ardu_ws/install/ardupilot_msgs:/home/gadzz/ardu_ws/install/ardupilot_gz_gazebo:/home/gadzz/ardu_ws/install/ardupilot_gz_description:/home/gadzz/ardu_ws/install/ardupilot_gz_application:/home/gadzz/ardu_ws/install/ardupilot_gazebo:/home/gadzz/ardu_ws/install/ardupilot_dds_tests:/opt/ros/humble'), ('EDITOR', 'geany'), ('HISTORY_IGNORE', '(ls|cd|pwd|exit|sudo reboot|history|cd -|cd ..)')]), 'shell': False}
[0.719955] (keyboard_msgs) StdoutLine: {'line': b'-- Install configuration: ""\n'}
[0.720611] (keyboard_msgs) StdoutLine: {'line': b'-- Up-to-date: /home/gadzz/tubitak_ws/install/keyboard_msgs/share/ament_index/resource_index/rosidl_interfaces/keyboard_msgs\n'}
[0.720739] (keyboard_msgs) StdoutLine: {'line': b'-- Up-to-date: /home/gadzz/tubitak_ws/install/keyboard_msgs/include/keyboard_msgs/keyboard_msgs\n'}
[0.720895] (keyboard_msgs) StdoutLine: {'line': b'-- Up-to-date: /home/gadzz/tubitak_ws/install/keyboard_msgs/include/keyboard_msgs/keyboard_msgs/msg\n'}
[0.720961] (keyboard_msgs) StdoutLine: {'line': b'-- Up-to-date: /home/gadzz/tubitak_ws/install/keyboard_msgs/include/keyboard_msgs/keyboard_msgs/msg/rosidl_generator_c__visibility_control.h\n'}
[0.721023] (keyboard_msgs) StdoutLine: {'line': b'-- Up-to-date: /home/gadzz/tubitak_ws/install/keyboard_msgs/include/keyboard_msgs/keyboard_msgs/msg/detail\n'}
[0.721077] (keyboard_msgs) StdoutLine: {'line': b'-- Up-to-date: /home/gadzz/tubitak_ws/install/keyboard_msgs/include/keyboard_msgs/keyboard_msgs/msg/detail/key__functions.c\n'}
[0.721124] (keyboard_msgs) StdoutLine: {'line': b'-- Up-to-date: /home/gadzz/tubitak_ws/install/keyboard_msgs/include/keyboard_msgs/keyboard_msgs/msg/detail/key__type_support.h\n'}
[0.721176] (keyboard_msgs) StdoutLine: {'line': b'-- Up-to-date: /home/gadzz/tubitak_ws/install/keyboard_msgs/include/keyboard_msgs/keyboard_msgs/msg/detail/key__functions.h\n'}
[0.721224] (keyboard_msgs) StdoutLine: {'line': b'-- Up-to-date: /home/gadzz/tubitak_ws/install/keyboard_msgs/include/keyboard_msgs/keyboard_msgs/msg/detail/key__struct.h\n'}
[0.721269] (keyboard_msgs) StdoutLine: {'line': b'-- Up-to-date: /home/gadzz/tubitak_ws/install/keyboard_msgs/include/keyboard_msgs/keyboard_msgs/msg/key.h\n'}
[0.721322] (keyboard_msgs) StdoutLine: {'line': b'-- Up-to-date: /home/gadzz/tubitak_ws/install/keyboard_msgs/share/keyboard_msgs/environment/library_path.sh\n'}
[0.721374] (keyboard_msgs) StdoutLine: {'line': b'-- Up-to-date: /home/gadzz/tubitak_ws/install/keyboard_msgs/share/keyboard_msgs/environment/library_path.dsv\n'}
[0.721427] (keyboard_msgs) StdoutLine: {'line': b'-- Up-to-date: /home/gadzz/tubitak_ws/install/keyboard_msgs/lib/libkeyboard_msgs__rosidl_generator_c.so\n'}
[0.721479] (keyboard_msgs) StdoutLine: {'line': b'-- Up-to-date: /home/gadzz/tubitak_ws/install/keyboard_msgs/include/keyboard_msgs/keyboard_msgs\n'}
[0.721556] (keyboard_msgs) StdoutLine: {'line': b'-- Up-to-date: /home/gadzz/tubitak_ws/install/keyboard_msgs/include/keyboard_msgs/keyboard_msgs/msg\n'}
[0.721754] (keyboard_msgs) StdoutLine: {'line': b'-- Up-to-date: /home/gadzz/tubitak_ws/install/keyboard_msgs/include/keyboard_msgs/keyboard_msgs/msg/detail\n'}
[0.721932] (keyboard_msgs) StdoutLine: {'line': b'-- Up-to-date: /home/gadzz/tubitak_ws/install/keyboard_msgs/include/keyboard_msgs/keyboard_msgs/msg/detail/key__rosidl_typesupport_fastrtps_c.h\n'}
[0.721975] (keyboard_msgs) StdoutLine: {'line': b'-- Up-to-date: /home/gadzz/tubitak_ws/install/keyboard_msgs/include/keyboard_msgs/keyboard_msgs/msg/rosidl_typesupport_fastrtps_c__visibility_control.h\n'}
[0.722025] (keyboard_msgs) StdoutLine: {'line': b'-- Up-to-date: /home/gadzz/tubitak_ws/install/keyboard_msgs/lib/libkeyboard_msgs__rosidl_typesupport_fastrtps_c.so\n'}
[0.722070] (keyboard_msgs) StdoutLine: {'line': b'-- Up-to-date: /home/gadzz/tubitak_ws/install/keyboard_msgs/include/keyboard_msgs/keyboard_msgs\n'}
[0.722115] (keyboard_msgs) StdoutLine: {'line': b'-- Up-to-date: /home/gadzz/tubitak_ws/install/keyboard_msgs/include/keyboard_msgs/keyboard_msgs/msg\n'}
[0.722159] (keyboard_msgs) StdoutLine: {'line': b'-- Up-to-date: /home/gadzz/tubitak_ws/install/keyboard_msgs/include/keyboard_msgs/keyboard_msgs/msg/key.hpp\n'}
[0.722206] (keyboard_msgs) StdoutLine: {'line': b'-- Up-to-date: /home/gadzz/tubitak_ws/install/keyboard_msgs/include/keyboard_msgs/keyboard_msgs/msg/detail\n'}
[0.722253] (keyboard_msgs) StdoutLine: {'line': b'-- Up-to-date: /home/gadzz/tubitak_ws/install/keyboard_msgs/include/keyboard_msgs/keyboard_msgs/msg/detail/key__traits.hpp\n'}
[0.722296] (keyboard_msgs) StdoutLine: {'line': b'-- Up-to-date: /home/gadzz/tubitak_ws/install/keyboard_msgs/include/keyboard_msgs/keyboard_msgs/msg/detail/key__struct.hpp\n'}
[0.722373] (keyboard_msgs) StdoutLine: {'line': b'-- Up-to-date: /home/gadzz/tubitak_ws/install/keyboard_msgs/include/keyboard_msgs/keyboard_msgs/msg/detail/key__type_support.hpp\n'}
[0.722409] (keyboard_msgs) StdoutLine: {'line': b'-- Up-to-date: /home/gadzz/tubitak_ws/install/keyboard_msgs/include/keyboard_msgs/keyboard_msgs/msg/detail/key__builder.hpp\n'}
[0.722444] (keyboard_msgs) StdoutLine: {'line': b'-- Up-to-date: /home/gadzz/tubitak_ws/install/keyboard_msgs/include/keyboard_msgs/keyboard_msgs/msg/rosidl_generator_cpp__visibility_control.hpp\n'}
[0.722480] (keyboard_msgs) StdoutLine: {'line': b'-- Up-to-date: /home/gadzz/tubitak_ws/install/keyboard_msgs/include/keyboard_msgs/keyboard_msgs\n'}
[0.722541] (keyboard_msgs) StdoutLine: {'line': b'-- Up-to-date: /home/gadzz/tubitak_ws/install/keyboard_msgs/include/keyboard_msgs/keyboard_msgs/msg\n'}
[0.722605] (keyboard_msgs) StdoutLine: {'line': b'-- Up-to-date: /home/gadzz/tubitak_ws/install/keyboard_msgs/include/keyboard_msgs/keyboard_msgs/msg/rosidl_typesupport_fastrtps_cpp__visibility_control.h\n'}
[0.722661] (keyboard_msgs) StdoutLine: {'line': b'-- Up-to-date: /home/gadzz/tubitak_ws/install/keyboard_msgs/include/keyboard_msgs/keyboard_msgs/msg/detail\n'}
[0.722813] (keyboard_msgs) StdoutLine: {'line': b'-- Up-to-date: /home/gadzz/tubitak_ws/install/keyboard_msgs/include/keyboard_msgs/keyboard_msgs/msg/detail/dds_fastrtps\n'}
[0.722853] (keyboard_msgs) StdoutLine: {'line': b'-- Up-to-date: /home/gadzz/tubitak_ws/install/keyboard_msgs/include/keyboard_msgs/keyboard_msgs/msg/detail/key__rosidl_typesupport_fastrtps_cpp.hpp\n'}
[0.722903] (keyboard_msgs) StdoutLine: {'line': b'-- Up-to-date: /home/gadzz/tubitak_ws/install/keyboard_msgs/lib/libkeyboard_msgs__rosidl_typesupport_fastrtps_cpp.so\n'}
[0.722937] (keyboard_msgs) StdoutLine: {'line': b'-- Up-to-date: /home/gadzz/tubitak_ws/install/keyboard_msgs/include/keyboard_msgs/keyboard_msgs\n'}
[0.722972] (keyboard_msgs) StdoutLine: {'line': b'-- Up-to-date: /home/gadzz/tubitak_ws/install/keyboard_msgs/include/keyboard_msgs/keyboard_msgs/msg\n'}
[0.723004] (keyboard_msgs) StdoutLine: {'line': b'-- Up-to-date: /home/gadzz/tubitak_ws/install/keyboard_msgs/include/keyboard_msgs/keyboard_msgs/msg/rosidl_typesupport_introspection_c__visibility_control.h\n'}
[0.723050] (keyboard_msgs) StdoutLine: {'line': b'-- Up-to-date: /home/gadzz/tubitak_ws/install/keyboard_msgs/include/keyboard_msgs/keyboard_msgs/msg/detail\n'}
[0.723107] (keyboard_msgs) StdoutLine: {'line': b'-- Up-to-date: /home/gadzz/tubitak_ws/install/keyboard_msgs/include/keyboard_msgs/keyboard_msgs/msg/detail/key__rosidl_typesupport_introspection_c.h\n'}
[0.723153] (keyboard_msgs) StdoutLine: {'line': b'-- Up-to-date: /home/gadzz/tubitak_ws/install/keyboard_msgs/include/keyboard_msgs/keyboard_msgs/msg/detail/key__type_support.c\n'}
[0.723187] (keyboard_msgs) StdoutLine: {'line': b'-- Up-to-date: /home/gadzz/tubitak_ws/install/keyboard_msgs/lib/libkeyboard_msgs__rosidl_typesupport_introspection_c.so\n'}
[0.723220] (keyboard_msgs) StdoutLine: {'line': b'-- Up-to-date: /home/gadzz/tubitak_ws/install/keyboard_msgs/lib/libkeyboard_msgs__rosidl_typesupport_c.so\n'}
[0.723263] (keyboard_msgs) StdoutLine: {'line': b'-- Up-to-date: /home/gadzz/tubitak_ws/install/keyboard_msgs/include/keyboard_msgs/keyboard_msgs\n'}
[0.723306] (keyboard_msgs) StdoutLine: {'line': b'-- Up-to-date: /home/gadzz/tubitak_ws/install/keyboard_msgs/include/keyboard_msgs/keyboard_msgs/msg\n'}
[0.723349] (keyboard_msgs) StdoutLine: {'line': b'-- Up-to-date: /home/gadzz/tubitak_ws/install/keyboard_msgs/include/keyboard_msgs/keyboard_msgs/msg/detail\n'}
[0.723390] (keyboard_msgs) StdoutLine: {'line': b'-- Up-to-date: /home/gadzz/tubitak_ws/install/keyboard_msgs/include/keyboard_msgs/keyboard_msgs/msg/detail/key__rosidl_typesupport_introspection_cpp.hpp\n'}
[0.723466] (keyboard_msgs) StdoutLine: {'line': b'-- Up-to-date: /home/gadzz/tubitak_ws/install/keyboard_msgs/include/keyboard_msgs/keyboard_msgs/msg/detail/key__type_support.cpp\n'}
[0.723512] (keyboard_msgs) StdoutLine: {'line': b'-- Up-to-date: /home/gadzz/tubitak_ws/install/keyboard_msgs/lib/libkeyboard_msgs__rosidl_typesupport_introspection_cpp.so\n'}
[0.723555] (keyboard_msgs) StdoutLine: {'line': b'-- Up-to-date: /home/gadzz/tubitak_ws/install/keyboard_msgs/lib/libkeyboard_msgs__rosidl_typesupport_cpp.so\n'}
[0.723598] (keyboard_msgs) StdoutLine: {'line': b'-- Up-to-date: /home/gadzz/tubitak_ws/install/keyboard_msgs/share/keyboard_msgs/environment/pythonpath.sh\n'}
[0.723640] (keyboard_msgs) StdoutLine: {'line': b'-- Up-to-date: /home/gadzz/tubitak_ws/install/keyboard_msgs/share/keyboard_msgs/environment/pythonpath.dsv\n'}
[0.723694] (keyboard_msgs) StdoutLine: {'line': b'-- Up-to-date: /home/gadzz/tubitak_ws/install/keyboard_msgs/local/lib/python3.10/dist-packages/keyboard_msgs-1.0.0-py3.10.egg-info\n'}
[0.723772] (keyboard_msgs) StdoutLine: {'line': b'-- Installing: /home/gadzz/tubitak_ws/install/keyboard_msgs/local/lib/python3.10/dist-packages/keyboard_msgs-1.0.0-py3.10.egg-info/top_level.txt\n'}
[0.723810] (keyboard_msgs) StdoutLine: {'line': b'-- Installing: /home/gadzz/tubitak_ws/install/keyboard_msgs/local/lib/python3.10/dist-packages/keyboard_msgs-1.0.0-py3.10.egg-info/dependency_links.txt\n'}
[0.723842] (keyboard_msgs) StdoutLine: {'line': b'-- Installing: /home/gadzz/tubitak_ws/install/keyboard_msgs/local/lib/python3.10/dist-packages/keyboard_msgs-1.0.0-py3.10.egg-info/PKG-INFO\n'}
[0.723874] (keyboard_msgs) StdoutLine: {'line': b'-- Installing: /home/gadzz/tubitak_ws/install/keyboard_msgs/local/lib/python3.10/dist-packages/keyboard_msgs-1.0.0-py3.10.egg-info/SOURCES.txt\n'}
[0.723904] (keyboard_msgs) StdoutLine: {'line': b'-- Up-to-date: /home/gadzz/tubitak_ws/install/keyboard_msgs/local/lib/python3.10/dist-packages/keyboard_msgs\n'}
[0.723942] (keyboard_msgs) StdoutLine: {'line': b'-- Up-to-date: /home/gadzz/tubitak_ws/install/keyboard_msgs/local/lib/python3.10/dist-packages/keyboard_msgs/_keyboard_msgs_s.ep.rosidl_typesupport_c.c\n'}
[0.723975] (keyboard_msgs) StdoutLine: {'line': b'-- Up-to-date: /home/gadzz/tubitak_ws/install/keyboard_msgs/local/lib/python3.10/dist-packages/keyboard_msgs/_keyboard_msgs_s.ep.rosidl_typesupport_introspection_c.c\n'}
[0.724016] (keyboard_msgs) StdoutLine: {'line': b'-- Up-to-date: /home/gadzz/tubitak_ws/install/keyboard_msgs/local/lib/python3.10/dist-packages/keyboard_msgs/__init__.py\n'}
[0.724047] (keyboard_msgs) StdoutLine: {'line': b'-- Up-to-date: /home/gadzz/tubitak_ws/install/keyboard_msgs/local/lib/python3.10/dist-packages/keyboard_msgs/keyboard_msgs_s__rosidl_typesupport_fastrtps_c.cpython-310-x86_64-linux-gnu.so\n'}
[0.724079] (keyboard_msgs) StdoutLine: {'line': b'-- Up-to-date: /home/gadzz/tubitak_ws/install/keyboard_msgs/local/lib/python3.10/dist-packages/keyboard_msgs/keyboard_msgs_s__rosidl_typesupport_introspection_c.cpython-310-x86_64-linux-gnu.so\n'}
[0.724110] (keyboard_msgs) StdoutLine: {'line': b'-- Up-to-date: /home/gadzz/tubitak_ws/install/keyboard_msgs/local/lib/python3.10/dist-packages/keyboard_msgs/keyboard_msgs_s__rosidl_typesupport_c.cpython-310-x86_64-linux-gnu.so\n'}
[0.724141] (keyboard_msgs) StdoutLine: {'line': b'-- Up-to-date: /home/gadzz/tubitak_ws/install/keyboard_msgs/local/lib/python3.10/dist-packages/keyboard_msgs/msg\n'}
[0.724172] (keyboard_msgs) StdoutLine: {'line': b'-- Up-to-date: /home/gadzz/tubitak_ws/install/keyboard_msgs/local/lib/python3.10/dist-packages/keyboard_msgs/msg/__init__.py\n'}
[0.724211] (keyboard_msgs) StdoutLine: {'line': b'-- Up-to-date: /home/gadzz/tubitak_ws/install/keyboard_msgs/local/lib/python3.10/dist-packages/keyboard_msgs/msg/_key_s.c\n'}
[0.724245] (keyboard_msgs) StdoutLine: {'line': b'-- Up-to-date: /home/gadzz/tubitak_ws/install/keyboard_msgs/local/lib/python3.10/dist-packages/keyboard_msgs/msg/_key.py\n'}
[0.724278] (keyboard_msgs) StdoutLine: {'line': b'-- Up-to-date: /home/gadzz/tubitak_ws/install/keyboard_msgs/local/lib/python3.10/dist-packages/keyboard_msgs/libkeyboard_msgs__rosidl_generator_py.so\n'}
[0.724313] (keyboard_msgs) StdoutLine: {'line': b'-- Up-to-date: /home/gadzz/tubitak_ws/install/keyboard_msgs/local/lib/python3.10/dist-packages/keyboard_msgs/_keyboard_msgs_s.ep.rosidl_typesupport_fastrtps_c.c\n'}
[0.763443] (keyboard_msgs) StdoutLine: {'line': b"Listing '/home/gadzz/tubitak_ws/install/keyboard_msgs/local/lib/python3.10/dist-packages/keyboard_msgs'...\n"}
[0.763692] (keyboard_msgs) StdoutLine: {'line': b"Listing '/home/gadzz/tubitak_ws/install/keyboard_msgs/local/lib/python3.10/dist-packages/keyboard_msgs/msg'...\n"}
[0.774316] (keyboard_msgs) StdoutLine: {'line': b'-- Up-to-date: /home/gadzz/tubitak_ws/install/keyboard_msgs/local/lib/python3.10/dist-packages/keyboard_msgs/keyboard_msgs_s__rosidl_typesupport_fastrtps_c.cpython-310-x86_64-linux-gnu.so\n'}
[0.775216] (keyboard_msgs) StdoutLine: {'line': b'-- Up-to-date: /home/gadzz/tubitak_ws/install/keyboard_msgs/local/lib/python3.10/dist-packages/keyboard_msgs/keyboard_msgs_s__rosidl_typesupport_introspection_c.cpython-310-x86_64-linux-gnu.so\n'}
[0.775482] (keyboard_msgs) StdoutLine: {'line': b'-- Up-to-date: /home/gadzz/tubitak_ws/install/keyboard_msgs/local/lib/python3.10/dist-packages/keyboard_msgs/keyboard_msgs_s__rosidl_typesupport_c.cpython-310-x86_64-linux-gnu.so\n'}
[0.775582] (keyboard_msgs) StdoutLine: {'line': b'-- Up-to-date: /home/gadzz/tubitak_ws/install/keyboard_msgs/lib/libkeyboard_msgs__rosidl_generator_py.so\n'}
[0.775646] (keyboard_msgs) StdoutLine: {'line': b'-- Up-to-date: /home/gadzz/tubitak_ws/install/keyboard_msgs/share/keyboard_msgs/msg/Key.idl\n'}
[0.775703] (keyboard_msgs) StdoutLine: {'line': b'-- Up-to-date: /home/gadzz/tubitak_ws/install/keyboard_msgs/share/keyboard_msgs/msg/Key.msg\n'}
[0.775793] (keyboard_msgs) StdoutLine: {'line': b'-- Up-to-date: /home/gadzz/tubitak_ws/install/keyboard_msgs/share/ament_index/resource_index/package_run_dependencies/keyboard_msgs\n'}
[0.775867] (keyboard_msgs) StdoutLine: {'line': b'-- Up-to-date: /home/gadzz/tubitak_ws/install/keyboard_msgs/share/ament_index/resource_index/parent_prefix_path/keyboard_msgs\n'}
[0.775957] (keyboard_msgs) StdoutLine: {'line': b'-- Up-to-date: /home/gadzz/tubitak_ws/install/keyboard_msgs/share/keyboard_msgs/environment/ament_prefix_path.sh\n'}
[0.776057] (keyboard_msgs) StdoutLine: {'line': b'-- Up-to-date: /home/gadzz/tubitak_ws/install/keyboard_msgs/share/keyboard_msgs/environment/ament_prefix_path.dsv\n'}
[0.776133] (keyboard_msgs) StdoutLine: {'line': b'-- Up-to-date: /home/gadzz/tubitak_ws/install/keyboard_msgs/share/keyboard_msgs/environment/path.sh\n'}
[0.776191] (keyboard_msgs) StdoutLine: {'line': b'-- Up-to-date: /home/gadzz/tubitak_ws/install/keyboard_msgs/share/keyboard_msgs/environment/path.dsv\n'}
[0.776248] (keyboard_msgs) StdoutLine: {'line': b'-- Up-to-date: /home/gadzz/tubitak_ws/install/keyboard_msgs/share/keyboard_msgs/local_setup.bash\n'}
[0.776305] (keyboard_msgs) StdoutLine: {'line': b'-- Up-to-date: /home/gadzz/tubitak_ws/install/keyboard_msgs/share/keyboard_msgs/local_setup.sh\n'}
[0.776518] (keyboard_msgs) StdoutLine: {'line': b'-- Up-to-date: /home/gadzz/tubitak_ws/install/keyboard_msgs/share/keyboard_msgs/local_setup.zsh\n'}
[0.776574] (keyboard_msgs) StdoutLine: {'line': b'-- Up-to-date: /home/gadzz/tubitak_ws/install/keyboard_msgs/share/keyboard_msgs/local_setup.dsv\n'}
[0.776624] (keyboard_msgs) StdoutLine: {'line': b'-- Installing: /home/gadzz/tubitak_ws/install/keyboard_msgs/share/keyboard_msgs/package.dsv\n'}
[0.776696] (keyboard_msgs) StdoutLine: {'line': b'-- Up-to-date: /home/gadzz/tubitak_ws/install/keyboard_msgs/share/ament_index/resource_index/packages/keyboard_msgs\n'}
[0.776819] (keyboard_msgs) StdoutLine: {'line': b'-- Up-to-date: /home/gadzz/tubitak_ws/install/keyboard_msgs/share/keyboard_msgs/cmake/export_keyboard_msgs__rosidl_generator_cExport.cmake\n'}
[0.776857] (keyboard_msgs) StdoutLine: {'line': b'-- Up-to-date: /home/gadzz/tubitak_ws/install/keyboard_msgs/share/keyboard_msgs/cmake/export_keyboard_msgs__rosidl_generator_cExport-noconfig.cmake\n'}
[0.776893] (keyboard_msgs) StdoutLine: {'line': b'-- Up-to-date: /home/gadzz/tubitak_ws/install/keyboard_msgs/share/keyboard_msgs/cmake/export_keyboard_msgs__rosidl_typesupport_fastrtps_cExport.cmake\n'}
[0.776952] (keyboard_msgs) StdoutLine: {'line': b'-- Up-to-date: /home/gadzz/tubitak_ws/install/keyboard_msgs/share/keyboard_msgs/cmake/export_keyboard_msgs__rosidl_typesupport_fastrtps_cExport-noconfig.cmake\n'}
[0.776992] (keyboard_msgs) StdoutLine: {'line': b'-- Up-to-date: /home/gadzz/tubitak_ws/install/keyboard_msgs/share/keyboard_msgs/cmake/export_keyboard_msgs__rosidl_generator_cppExport.cmake\n'}
[0.777031] (keyboard_msgs) StdoutLine: {'line': b'-- Up-to-date: /home/gadzz/tubitak_ws/install/keyboard_msgs/share/keyboard_msgs/cmake/export_keyboard_msgs__rosidl_typesupport_fastrtps_cppExport.cmake\n'}
[0.777079] (keyboard_msgs) StdoutLine: {'line': b'-- Up-to-date: /home/gadzz/tubitak_ws/install/keyboard_msgs/share/keyboard_msgs/cmake/export_keyboard_msgs__rosidl_typesupport_fastrtps_cppExport-noconfig.cmake\n'}
[0.777129] (keyboard_msgs) StdoutLine: {'line': b'-- Up-to-date: /home/gadzz/tubitak_ws/install/keyboard_msgs/share/keyboard_msgs/cmake/keyboard_msgs__rosidl_typesupport_introspection_cExport.cmake\n'}
[0.777256] (keyboard_msgs) StdoutLine: {'line': b'-- Up-to-date: /home/gadzz/tubitak_ws/install/keyboard_msgs/share/keyboard_msgs/cmake/keyboard_msgs__rosidl_typesupport_introspection_cExport-noconfig.cmake\n'}
[0.777403] (keyboard_msgs) StdoutLine: {'line': b'-- Up-to-date: /home/gadzz/tubitak_ws/install/keyboard_msgs/share/keyboard_msgs/cmake/keyboard_msgs__rosidl_typesupport_cExport.cmake\n'}
[0.777469] (keyboard_msgs) StdoutLine: {'line': b'-- Up-to-date: /home/gadzz/tubitak_ws/install/keyboard_msgs/share/keyboard_msgs/cmake/keyboard_msgs__rosidl_typesupport_cExport-noconfig.cmake\n'}
[0.777524] (keyboard_msgs) StdoutLine: {'line': b'-- Up-to-date: /home/gadzz/tubitak_ws/install/keyboard_msgs/share/keyboard_msgs/cmake/keyboard_msgs__rosidl_typesupport_introspection_cppExport.cmake\n'}
[0.777578] (keyboard_msgs) StdoutLine: {'line': b'-- Up-to-date: /home/gadzz/tubitak_ws/install/keyboard_msgs/share/keyboard_msgs/cmake/keyboard_msgs__rosidl_typesupport_introspection_cppExport-noconfig.cmake\n'}
[0.777625] (keyboard_msgs) StdoutLine: {'line': b'-- Up-to-date: /home/gadzz/tubitak_ws/install/keyboard_msgs/share/keyboard_msgs/cmake/keyboard_msgs__rosidl_typesupport_cppExport.cmake\n'}
[0.777740] (keyboard_msgs) StdoutLine: {'line': b'-- Up-to-date: /home/gadzz/tubitak_ws/install/keyboard_msgs/share/keyboard_msgs/cmake/keyboard_msgs__rosidl_typesupport_cppExport-noconfig.cmake\n'}
[0.777848] (keyboard_msgs) StdoutLine: {'line': b'-- Up-to-date: /home/gadzz/tubitak_ws/install/keyboard_msgs/share/keyboard_msgs/cmake/export_keyboard_msgs__rosidl_generator_pyExport.cmake\n'}
[0.777907] (keyboard_msgs) StdoutLine: {'line': b'-- Up-to-date: /home/gadzz/tubitak_ws/install/keyboard_msgs/share/keyboard_msgs/cmake/export_keyboard_msgs__rosidl_generator_pyExport-noconfig.cmake\n'}
[0.777993] (keyboard_msgs) StdoutLine: {'line': b'-- Up-to-date: /home/gadzz/tubitak_ws/install/keyboard_msgs/share/keyboard_msgs/cmake/rosidl_cmake-extras.cmake\n'}
[0.778072] (keyboard_msgs) StdoutLine: {'line': b'-- Up-to-date: /home/gadzz/tubitak_ws/install/keyboard_msgs/share/keyboard_msgs/cmake/ament_cmake_export_dependencies-extras.cmake\n'}
[0.778153] (keyboard_msgs) StdoutLine: {'line': b'-- Up-to-date: /home/gadzz/tubitak_ws/install/keyboard_msgs/share/keyboard_msgs/cmake/ament_cmake_export_include_directories-extras.cmake\n'}
[0.778256] (keyboard_msgs) StdoutLine: {'line': b'-- Up-to-date: /home/gadzz/tubitak_ws/install/keyboard_msgs/share/keyboard_msgs/cmake/ament_cmake_export_libraries-extras.cmake\n'}
[0.778348] (keyboard_msgs) StdoutLine: {'line': b'-- Up-to-date: /home/gadzz/tubitak_ws/install/keyboard_msgs/share/keyboard_msgs/cmake/ament_cmake_export_targets-extras.cmake\n'}
[0.778449] (keyboard_msgs) StdoutLine: {'line': b'-- Up-to-date: /home/gadzz/tubitak_ws/install/keyboard_msgs/share/keyboard_msgs/cmake/rosidl_cmake_export_typesupport_targets-extras.cmake\n'}
[0.778528] (keyboard_msgs) StdoutLine: {'line': b'-- Up-to-date: /home/gadzz/tubitak_ws/install/keyboard_msgs/share/keyboard_msgs/cmake/rosidl_cmake_export_typesupport_libraries-extras.cmake\n'}
[0.778599] (keyboard_msgs) StdoutLine: {'line': b'-- Up-to-date: /home/gadzz/tubitak_ws/install/keyboard_msgs/share/keyboard_msgs/cmake/keyboard_msgsConfig.cmake\n'}
[0.778666] (keyboard_msgs) StdoutLine: {'line': b'-- Up-to-date: /home/gadzz/tubitak_ws/install/keyboard_msgs/share/keyboard_msgs/cmake/keyboard_msgsConfig-version.cmake\n'}
[0.778744] (keyboard_msgs) StdoutLine: {'line': b'-- Up-to-date: /home/gadzz/tubitak_ws/install/keyboard_msgs/share/keyboard_msgs/package.xml\n'}
[0.781293] (keyboard_msgs) CommandEnded: {'returncode': 0}
[0.801416] (-) TimerEvent: {}
[0.813561] (keyboard_msgs) JobEnded: {'identifier': 'keyboard_msgs', 'rc': 0}
[0.816122] (keyboard) JobStarted: {'identifier': 'keyboard'}
[0.828606] (mission_center) JobStarted: {'identifier': 'mission_center'}
[0.840579] (keyboard) JobProgress: {'identifier': 'keyboard', 'progress': 'cmake'}
[0.842060] (keyboard) JobProgress: {'identifier': 'keyboard', 'progress': 'build'}
[0.843611] (keyboard) Command: {'cmd': ['/usr/bin/cmake', '--build', '/home/gadzz/tubitak_ws/build/keyboard', '--', '-j8', '-l8'], 'cwd': '/home/gadzz/tubitak_ws/build/keyboard', 'env': OrderedDict([('GZ_SIM_SYSTEM_PLUGIN_PATH', '/home/gadzz/ardu_ws/install/ardupilot_sitl_models/lib/ardupilot_sitl_models/:/home/gadzz/ardu_ws/install/ardupilot_gz_gazebo/lib/ardupilot_gz_gazebo/:/home/gadzz/ardu_ws/install/ardupilot_gazebo/lib/ardupilot_gazebo/'), ('TMUX', '/tmp/tmux-1000/default,6097,1'), ('GZ_SIM_RESOURCE_PATH', '/home/gadzz/ardu_ws/install/ardupilot_sitl_models/share/ardupilot_sitl_models/worlds:/home/gadzz/ardu_ws/install/ardupilot_sitl_models/share/ardupilot_sitl_models/models:/home/gadzz/ardu_ws/install/ardupilot_sitl_models/share:/home/gadzz/ardu_ws/install/ardupilot_gz_gazebo/share/ardupilot_gz_gazebo/worlds:/home/gadzz/ardu_ws/install/ardupilot_gz_description/share/ardupilot_gz_description/models:/home/gadzz/ardu_ws/install/ardupilot_gz_description/share:/home/gadzz/ardu_ws/install/ardupilot_gazebo/share/ardupilot_gazebo/worlds:/home/gadzz/ardu_ws/install/ardupilot_gazebo/share/ardupilot_gazebo/models:/home/gadzz/ardu_ws/install/ardupilot_gazebo/share'), ('LC_TIME', 'id_ID.UTF-8'), ('USER', 'gadzz'), ('XDG_SEAT', 'seat0'), ('XDG_SESSION_TYPE', 'x11'), ('BROWSER', 'firefox-esr'), ('LD_LIBRARY_PATH', '/home/gadzz/tubitak_ws/install/keyboard_msgs/lib:/home/gadzz/ardu_ws/install/sdformat_urdf/lib:/home/gadzz/ardu_ws/install/ros_ign_interfaces/lib:/home/gadzz/ardu_ws/install/ros_gz_sim/lib:/home/gadzz/ardu_ws/install/ros_gz_bridge/lib:/home/gadzz/ardu_ws/install/ros_gz_interfaces/lib:/home/gadzz/ardu_ws/install/micro_ros_agent/lib:/home/gadzz/ardu_ws/install/keyboard_msgs/lib:/home/gadzz/ardu_ws/install/ardupilot_msgs/lib:/opt/ros/humble/opt/rviz_ogre_vendor/lib:/opt/ros/humble/lib/x86_64-linux-gnu:/opt/ros/humble/lib'), ('SHLVL', '2'), ('HOME', '/home/gadzz'), ('LESS', '-R'), ('OLDPWD', '/home/gadzz/tubitak_ws'), ('DESKTOP_SESSION', 'awesome'), ('TERM_PROGRAM_VERSION', '3.5a'), ('LSCOLORS', 'Gxfxcxdxbxegedabagacad'), ('ZSH', '/home/gadzz/.oh-my-zsh'), ('GTK_MODULES', 'gail:atk-bridge'), ('PAGER', 'less'), ('ROS_PYTHON_VERSION', '3'), ('LC_MONETARY', 'id_ID.UTF-8'), ('DBUS_SESSION_BUS_ADDRESS', 'unix:path=/run/user/1000/bus'), ('SYSTEMD_EXEC_PID', '2022'), ('VISUAL', 'nvim'), ('COLORTERM', 'truecolor'), ('FZF_BASE', '/usr/bin/fzf'), ('COLCON_PREFIX_PATH', '/home/gadzz/ardu_ws/install'), ('ROS_DISTRO', 'humble'), ('ALACRITTY_SOCKET', '/run/user/1000/Alacritty-:0-5220.sock'), ('GTK_IM_MODULE', 'ibus'), ('LOGNAME', 'gadzz'), ('WINDOWID', '46137349'), ('_', '/usr/bin/colcon'), ('PKG_CONFIG_PATH', '/home/gadzz/ardu_ws/install/sdformat_test_files/lib/x86_64-linux-gnu/pkgconfig:/home/gadzz/ardu_ws/install/sdformat_test_files/lib/pkgconfig'), ('ROS_VERSION', '2'), ('XDG_SESSION_CLASS', 'user'), ('ALACRITTY_LOG', '/tmp/Alacritty-5220.log'), ('TERM', 'tmux-256color'), ('USERNAME', 'gadzz'), ('XDG_SESSION_ID', '2'), ('ROS_LOCALHOST_ONLY', '0'), ('WINDOWPATH', '2'), ('PATH', '/home/gadzz/.local/bin:/home/gadzz/ardu_ws/install/ardupilot_sitl/bin:/opt/ros/humble/bin:/home/gadzz/.local/bin:/usr/lib/ccache:/home/gadzz/ardu_ws/src/ardupilot/Tools/autotest:/opt/gcc-arm-none-eabi-10-2020-q4-major/bin:/home/gadzz/.local/bin:/usr/local/sbin:/usr/local/bin:/usr/sbin:/usr/bin:/sbin:/bin:/usr/games:/usr/local/games:/snap/bin:/snap/bin:/home/gadzz/ardu_ws/Micro-XRCE-DDS-Gen/scripts:/home/gadzz/ardu_ws/src/ardupilot/Tools/autotest:/home/gadzz/ardu_ws/Micro-XRCE-DDS-Gen/scripts:/home/gadzz/ardu_ws/src/ardupilot/Tools/autotest'), ('DIRHISTORY_SIZE', '30'), ('LC_ADDRESS', 'id_ID.UTF-8'), ('XDG_RUNTIME_DIR', '/run/user/1000'), ('DISPLAY', ':0'), ('LANG', 'en_US.UTF-8'), ('LC_TELEPHONE', 'id_ID.UTF-8'), ('LS_COLORS', 'rs=0:di=01;34:ln=01;36:mh=00:pi=40;33:so=01;35:do=01;35:bd=40;33;01:cd=40;33;01:or=40;31;01:mi=00:su=37;41:sg=30;43:ca=30;41:tw=30;42:ow=34;42:st=37;44:ex=01;32:*.tar=01;31:*.tgz=01;31:*.arc=01;31:*.arj=01;31:*.taz=01;31:*.lha=01;31:*.lz4=01;31:*.lzh=01;31:*.lzma=01;31:*.tlz=01;31:*.txz=01;31:*.tzo=01;31:*.t7z=01;31:*.zip=01;31:*.z=01;31:*.dz=01;31:*.gz=01;31:*.lrz=01;31:*.lz=01;31:*.lzo=01;31:*.xz=01;31:*.zst=01;31:*.tzst=01;31:*.bz2=01;31:*.bz=01;31:*.tbz=01;31:*.tbz2=01;31:*.tz=01;31:*.deb=01;31:*.rpm=01;31:*.jar=01;31:*.war=01;31:*.ear=01;31:*.sar=01;31:*.rar=01;31:*.alz=01;31:*.ace=01;31:*.zoo=01;31:*.cpio=01;31:*.7z=01;31:*.rz=01;31:*.cab=01;31:*.wim=01;31:*.swm=01;31:*.dwm=01;31:*.esd=01;31:*.jpg=01;35:*.jpeg=01;35:*.mjpg=01;35:*.mjpeg=01;35:*.gif=01;35:*.bmp=01;35:*.pbm=01;35:*.pgm=01;35:*.ppm=01;35:*.tga=01;35:*.xbm=01;35:*.xpm=01;35:*.tif=01;35:*.tiff=01;35:*.png=01;35:*.svg=01;35:*.svgz=01;35:*.mng=01;35:*.pcx=01;35:*.mov=01;35:*.mpg=01;35:*.mpeg=01;35:*.m2v=01;35:*.mkv=01;35:*.webm=01;35:*.webp=01;35:*.ogm=01;35:*.mp4=01;35:*.m4v=01;35:*.mp4v=01;35:*.vob=01;35:*.qt=01;35:*.nuv=01;35:*.wmv=01;35:*.asf=01;35:*.rm=01;35:*.rmvb=01;35:*.flc=01;35:*.avi=01;35:*.fli=01;35:*.flv=01;35:*.gl=01;35:*.dl=01;35:*.xcf=01;35:*.xwd=01;35:*.yuv=01;35:*.cgm=01;35:*.emf=01;35:*.ogv=01;35:*.ogx=01;35:*.aac=00;36:*.au=00;36:*.flac=00;36:*.m4a=00;36:*.mid=00;36:*.midi=00;36:*.mka=00;36:*.mp3=00;36:*.mpc=00;36:*.ogg=00;36:*.ra=00;36:*.wav=00;36:*.oga=00;36:*.opus=00;36:*.spx=00;36:*.xspf=00;36:'), ('TERM_PROGRAM', 'tmux'), ('XAUTHORITY', '/run/user/1000/gdm/Xauthority'), ('XDG_SESSION_DESKTOP', 'awesome'), ('XMODIFIERS', '@im=ibus'), ('AMENT_PREFIX_PATH', '/home/gadzz/tubitak_ws/install/keyboard_msgs:/home/gadzz/ardu_ws/install/test_ros_gz_bridge:/home/gadzz/ardu_ws/install/ros_ign:/home/gadzz/ardu_ws/install/ros_ign_gazebo_demos:/home/gadzz/ardu_ws/install/ros_gz:/home/gadzz/ardu_ws/install/ros_gz_sim_demos:/home/gadzz/ardu_ws/install/ardupilot_gz_bringup:/home/gadzz/ardu_ws/install/sdformat_urdf:/home/gadzz/ardu_ws/install/ros_ign_interfaces:/home/gadzz/ardu_ws/install/ros_ign_image:/home/gadzz/ardu_ws/install/ros_ign_gazebo:/home/gadzz/ardu_ws/install/ros_ign_bridge:/home/gadzz/ardu_ws/install/ros_gz_sim:/home/gadzz/ardu_ws/install/ros_gz_image:/home/gadzz/ardu_ws/install/ros_gz_bridge:/home/gadzz/ardu_ws/install/ros_gz_interfaces:/home/gadzz/ardu_ws/install/ardupilot_dds_tests:/home/gadzz/ardu_ws/install/ardupilot_sitl:/home/gadzz/ardu_ws/install/micro_ros_agent:/home/gadzz/ardu_ws/install/keyboard:/home/gadzz/ardu_ws/install/keyboard_msgs:/home/gadzz/ardu_ws/install/ardupilot_sitl_models:/home/gadzz/ardu_ws/install/ardupilot_msgs:/home/gadzz/ardu_ws/install/ardupilot_gz_gazebo:/home/gadzz/ardu_ws/install/ardupilot_gz_description:/home/gadzz/ardu_ws/install/ardupilot_gz_application:/home/gadzz/ardu_ws/install/ardupilot_gazebo:/opt/ros/humble'), ('LC_NAME', 'id_ID.UTF-8'), ('SHELL', '/usr/bin/zsh'), ('GDMSESSION', 'awesome'), ('QT_ACCESSIBILITY', '1'), ('IGN_GAZEBO_RESOURCE_PATH', '/home/gadzz/ardu_ws/install/ros_gz_sim_demos/share'), ('LC_MEASUREMENT', 'id_ID.UTF-8'), ('GPG_AGENT_INFO', '/run/user/1000/gnupg/S.gpg-agent:0:1'), ('GZ_VERSION', 'harmonic'), ('LC_IDENTIFICATION', 'id_ID.UTF-8'), ('ALACRITTY_WINDOW_ID', '35651589'), ('QT_IM_MODULE', 'ibus'), ('XDG_VTNR', '2'), ('PWD', '/home/gadzz/tubitak_ws/build/keyboard'), ('CLUTTER_IM_MODULE', 'ibus'), ('XDG_CONFIG_DIRS', '/etc/xdg/xdg-awesome:/etc/xdg'), ('XDG_DATA_DIRS', '/usr/share/awesome:/usr/share/gnome:/usr/local/share/:/usr/share/:/var/lib/snapd/desktop'), ('LC_NUMERIC', 'id_ID.UTF-8'), ('PYTHONPATH', '/home/gadzz/tubitak_ws/install/keyboard_msgs/local/lib/python3.10/dist-packages:/home/gadzz/ardu_ws/install/ros_ign_interfaces/local/lib/python3.10/dist-packages:/home/gadzz/ardu_ws/install/ros_gz_interfaces/local/lib/python3.10/dist-packages:/home/gadzz/ardu_ws/install/ardupilot_dds_tests/lib/python3.10/site-packages:/home/gadzz/ardu_ws/install/ardupilot_sitl/local/lib/python3.10/dist-packages:/home/gadzz/ardu_ws/install/keyboard_msgs/local/lib/python3.10/dist-packages:/home/gadzz/ardu_ws/install/ardupilot_msgs/local/lib/python3.10/dist-packages:/opt/ros/humble/lib/python3.10/site-packages:/opt/ros/humble/local/lib/python3.10/dist-packages'), ('LC_PAPER', 'id_ID.UTF-8'), ('TMUX_PLUGIN_MANAGER_PATH', '/home/gadzz/.config/tmux/plugins/'), ('COLCON', '1'), ('TERMINAL', 'alacritty'), ('TMUX_PANE', '%5'), ('CMAKE_PREFIX_PATH', '/home/gadzz/tubitak_ws/install/keyboard_msgs:/home/gadzz/ardu_ws/install/test_ros_gz_bridge:/home/gadzz/ardu_ws/install/ros_ign:/home/gadzz/ardu_ws/install/ros_ign_gazebo_demos:/home/gadzz/ardu_ws/install/ros_gz:/home/gadzz/ardu_ws/install/ros_gz_sim_demos:/home/gadzz/ardu_ws/install/ardupilot_gz_bringup:/home/gadzz/ardu_ws/install/sdformat_urdf:/home/gadzz/ardu_ws/install/sdformat_test_files:/home/gadzz/ardu_ws/install/ros_ign_interfaces:/home/gadzz/ardu_ws/install/ros_ign_image:/home/gadzz/ardu_ws/install/ros_ign_gazebo:/home/gadzz/ardu_ws/install/ros_ign_bridge:/home/gadzz/ardu_ws/install/ros_gz_sim:/home/gadzz/ardu_ws/install/ros_gz_image:/home/gadzz/ardu_ws/install/ros_gz_bridge:/home/gadzz/ardu_ws/install/ros_gz_interfaces:/home/gadzz/ardu_ws/install/ardupilot_sitl:/home/gadzz/ardu_ws/install/micro_ros_agent:/home/gadzz/ardu_ws/install/keyboard:/home/gadzz/ardu_ws/install/keyboard_msgs:/home/gadzz/ardu_ws/install/ardupilot_sitl_models:/home/gadzz/ardu_ws/install/ardupilot_msgs:/home/gadzz/ardu_ws/install/ardupilot_gz_gazebo:/home/gadzz/ardu_ws/install/ardupilot_gz_description:/home/gadzz/ardu_ws/install/ardupilot_gz_application:/home/gadzz/ardu_ws/install/ardupilot_gazebo:/home/gadzz/ardu_ws/install/ardupilot_dds_tests:/opt/ros/humble'), ('EDITOR', 'geany'), ('HISTORY_IGNORE', '(ls|cd|pwd|exit|sudo reboot|history|cd -|cd ..)')]), 'shell': False}
[0.851155] (mission_center) JobProgress: {'identifier': 'mission_center', 'progress': 'cmake'}
[0.851339] (mission_center) JobProgress: {'identifier': 'mission_center', 'progress': 'build'}
[0.852157] (mission_center) Command: {'cmd': ['/usr/bin/cmake', '--build', '/home/gadzz/tubitak_ws/build/mission_center', '--', '-j8', '-l8'], 'cwd': '/home/gadzz/tubitak_ws/build/mission_center', 'env': OrderedDict([('GZ_SIM_SYSTEM_PLUGIN_PATH', '/home/gadzz/ardu_ws/install/ardupilot_sitl_models/lib/ardupilot_sitl_models/:/home/gadzz/ardu_ws/install/ardupilot_gz_gazebo/lib/ardupilot_gz_gazebo/:/home/gadzz/ardu_ws/install/ardupilot_gazebo/lib/ardupilot_gazebo/'), ('TMUX', '/tmp/tmux-1000/default,6097,1'), ('GZ_SIM_RESOURCE_PATH', '/home/gadzz/ardu_ws/install/ardupilot_sitl_models/share/ardupilot_sitl_models/worlds:/home/gadzz/ardu_ws/install/ardupilot_sitl_models/share/ardupilot_sitl_models/models:/home/gadzz/ardu_ws/install/ardupilot_sitl_models/share:/home/gadzz/ardu_ws/install/ardupilot_gz_gazebo/share/ardupilot_gz_gazebo/worlds:/home/gadzz/ardu_ws/install/ardupilot_gz_description/share/ardupilot_gz_description/models:/home/gadzz/ardu_ws/install/ardupilot_gz_description/share:/home/gadzz/ardu_ws/install/ardupilot_gazebo/share/ardupilot_gazebo/worlds:/home/gadzz/ardu_ws/install/ardupilot_gazebo/share/ardupilot_gazebo/models:/home/gadzz/ardu_ws/install/ardupilot_gazebo/share'), ('LC_TIME', 'id_ID.UTF-8'), ('USER', 'gadzz'), ('XDG_SEAT', 'seat0'), ('XDG_SESSION_TYPE', 'x11'), ('BROWSER', 'firefox-esr'), ('LD_LIBRARY_PATH', '/home/gadzz/tubitak_ws/install/keyboard_msgs/lib:/home/gadzz/ardu_ws/install/sdformat_urdf/lib:/home/gadzz/ardu_ws/install/ros_ign_interfaces/lib:/home/gadzz/ardu_ws/install/ros_gz_sim/lib:/home/gadzz/ardu_ws/install/ros_gz_bridge/lib:/home/gadzz/ardu_ws/install/ros_gz_interfaces/lib:/home/gadzz/ardu_ws/install/micro_ros_agent/lib:/home/gadzz/ardu_ws/install/keyboard_msgs/lib:/home/gadzz/ardu_ws/install/ardupilot_msgs/lib:/opt/ros/humble/opt/rviz_ogre_vendor/lib:/opt/ros/humble/lib/x86_64-linux-gnu:/opt/ros/humble/lib'), ('SHLVL', '2'), ('HOME', '/home/gadzz'), ('LESS', '-R'), ('OLDPWD', '/home/gadzz/tubitak_ws'), ('DESKTOP_SESSION', 'awesome'), ('TERM_PROGRAM_VERSION', '3.5a'), ('LSCOLORS', 'Gxfxcxdxbxegedabagacad'), ('ZSH', '/home/gadzz/.oh-my-zsh'), ('GTK_MODULES', 'gail:atk-bridge'), ('PAGER', 'less'), ('ROS_PYTHON_VERSION', '3'), ('LC_MONETARY', 'id_ID.UTF-8'), ('DBUS_SESSION_BUS_ADDRESS', 'unix:path=/run/user/1000/bus'), ('SYSTEMD_EXEC_PID', '2022'), ('VISUAL', 'nvim'), ('COLORTERM', 'truecolor'), ('FZF_BASE', '/usr/bin/fzf'), ('COLCON_PREFIX_PATH', '/home/gadzz/ardu_ws/install'), ('ROS_DISTRO', 'humble'), ('ALACRITTY_SOCKET', '/run/user/1000/Alacritty-:0-5220.sock'), ('GTK_IM_MODULE', 'ibus'), ('LOGNAME', 'gadzz'), ('WINDOWID', '46137349'), ('_', '/usr/bin/colcon'), ('PKG_CONFIG_PATH', '/home/gadzz/ardu_ws/install/sdformat_test_files/lib/x86_64-linux-gnu/pkgconfig:/home/gadzz/ardu_ws/install/sdformat_test_files/lib/pkgconfig'), ('ROS_VERSION', '2'), ('XDG_SESSION_CLASS', 'user'), ('ALACRITTY_LOG', '/tmp/Alacritty-5220.log'), ('TERM', 'tmux-256color'), ('USERNAME', 'gadzz'), ('XDG_SESSION_ID', '2'), ('ROS_LOCALHOST_ONLY', '0'), ('WINDOWPATH', '2'), ('PATH', '/home/gadzz/.local/bin:/home/gadzz/ardu_ws/install/ardupilot_sitl/bin:/opt/ros/humble/bin:/home/gadzz/.local/bin:/usr/lib/ccache:/home/gadzz/ardu_ws/src/ardupilot/Tools/autotest:/opt/gcc-arm-none-eabi-10-2020-q4-major/bin:/home/gadzz/.local/bin:/usr/local/sbin:/usr/local/bin:/usr/sbin:/usr/bin:/sbin:/bin:/usr/games:/usr/local/games:/snap/bin:/snap/bin:/home/gadzz/ardu_ws/Micro-XRCE-DDS-Gen/scripts:/home/gadzz/ardu_ws/src/ardupilot/Tools/autotest:/home/gadzz/ardu_ws/Micro-XRCE-DDS-Gen/scripts:/home/gadzz/ardu_ws/src/ardupilot/Tools/autotest'), ('DIRHISTORY_SIZE', '30'), ('LC_ADDRESS', 'id_ID.UTF-8'), ('XDG_RUNTIME_DIR', '/run/user/1000'), ('DISPLAY', ':0'), ('LANG', 'en_US.UTF-8'), ('LC_TELEPHONE', 'id_ID.UTF-8'), ('LS_COLORS', 'rs=0:di=01;34:ln=01;36:mh=00:pi=40;33:so=01;35:do=01;35:bd=40;33;01:cd=40;33;01:or=40;31;01:mi=00:su=37;41:sg=30;43:ca=30;41:tw=30;42:ow=34;42:st=37;44:ex=01;32:*.tar=01;31:*.tgz=01;31:*.arc=01;31:*.arj=01;31:*.taz=01;31:*.lha=01;31:*.lz4=01;31:*.lzh=01;31:*.lzma=01;31:*.tlz=01;31:*.txz=01;31:*.tzo=01;31:*.t7z=01;31:*.zip=01;31:*.z=01;31:*.dz=01;31:*.gz=01;31:*.lrz=01;31:*.lz=01;31:*.lzo=01;31:*.xz=01;31:*.zst=01;31:*.tzst=01;31:*.bz2=01;31:*.bz=01;31:*.tbz=01;31:*.tbz2=01;31:*.tz=01;31:*.deb=01;31:*.rpm=01;31:*.jar=01;31:*.war=01;31:*.ear=01;31:*.sar=01;31:*.rar=01;31:*.alz=01;31:*.ace=01;31:*.zoo=01;31:*.cpio=01;31:*.7z=01;31:*.rz=01;31:*.cab=01;31:*.wim=01;31:*.swm=01;31:*.dwm=01;31:*.esd=01;31:*.jpg=01;35:*.jpeg=01;35:*.mjpg=01;35:*.mjpeg=01;35:*.gif=01;35:*.bmp=01;35:*.pbm=01;35:*.pgm=01;35:*.ppm=01;35:*.tga=01;35:*.xbm=01;35:*.xpm=01;35:*.tif=01;35:*.tiff=01;35:*.png=01;35:*.svg=01;35:*.svgz=01;35:*.mng=01;35:*.pcx=01;35:*.mov=01;35:*.mpg=01;35:*.mpeg=01;35:*.m2v=01;35:*.mkv=01;35:*.webm=01;35:*.webp=01;35:*.ogm=01;35:*.mp4=01;35:*.m4v=01;35:*.mp4v=01;35:*.vob=01;35:*.qt=01;35:*.nuv=01;35:*.wmv=01;35:*.asf=01;35:*.rm=01;35:*.rmvb=01;35:*.flc=01;35:*.avi=01;35:*.fli=01;35:*.flv=01;35:*.gl=01;35:*.dl=01;35:*.xcf=01;35:*.xwd=01;35:*.yuv=01;35:*.cgm=01;35:*.emf=01;35:*.ogv=01;35:*.ogx=01;35:*.aac=00;36:*.au=00;36:*.flac=00;36:*.m4a=00;36:*.mid=00;36:*.midi=00;36:*.mka=00;36:*.mp3=00;36:*.mpc=00;36:*.ogg=00;36:*.ra=00;36:*.wav=00;36:*.oga=00;36:*.opus=00;36:*.spx=00;36:*.xspf=00;36:'), ('TERM_PROGRAM', 'tmux'), ('XAUTHORITY', '/run/user/1000/gdm/Xauthority'), ('XDG_SESSION_DESKTOP', 'awesome'), ('XMODIFIERS', '@im=ibus'), ('AMENT_PREFIX_PATH', '/home/gadzz/tubitak_ws/install/keyboard_msgs:/home/gadzz/ardu_ws/install/test_ros_gz_bridge:/home/gadzz/ardu_ws/install/ros_ign:/home/gadzz/ardu_ws/install/ros_ign_gazebo_demos:/home/gadzz/ardu_ws/install/ros_gz:/home/gadzz/ardu_ws/install/ros_gz_sim_demos:/home/gadzz/ardu_ws/install/ardupilot_gz_bringup:/home/gadzz/ardu_ws/install/sdformat_urdf:/home/gadzz/ardu_ws/install/ros_ign_interfaces:/home/gadzz/ardu_ws/install/ros_ign_image:/home/gadzz/ardu_ws/install/ros_ign_gazebo:/home/gadzz/ardu_ws/install/ros_ign_bridge:/home/gadzz/ardu_ws/install/ros_gz_sim:/home/gadzz/ardu_ws/install/ros_gz_image:/home/gadzz/ardu_ws/install/ros_gz_bridge:/home/gadzz/ardu_ws/install/ros_gz_interfaces:/home/gadzz/ardu_ws/install/ardupilot_dds_tests:/home/gadzz/ardu_ws/install/ardupilot_sitl:/home/gadzz/ardu_ws/install/micro_ros_agent:/home/gadzz/ardu_ws/install/keyboard:/home/gadzz/ardu_ws/install/keyboard_msgs:/home/gadzz/ardu_ws/install/ardupilot_sitl_models:/home/gadzz/ardu_ws/install/ardupilot_msgs:/home/gadzz/ardu_ws/install/ardupilot_gz_gazebo:/home/gadzz/ardu_ws/install/ardupilot_gz_description:/home/gadzz/ardu_ws/install/ardupilot_gz_application:/home/gadzz/ardu_ws/install/ardupilot_gazebo:/opt/ros/humble'), ('LC_NAME', 'id_ID.UTF-8'), ('SHELL', '/usr/bin/zsh'), ('GDMSESSION', 'awesome'), ('QT_ACCESSIBILITY', '1'), ('IGN_GAZEBO_RESOURCE_PATH', '/home/gadzz/ardu_ws/install/ros_gz_sim_demos/share'), ('LC_MEASUREMENT', 'id_ID.UTF-8'), ('GPG_AGENT_INFO', '/run/user/1000/gnupg/S.gpg-agent:0:1'), ('GZ_VERSION', 'harmonic'), ('LC_IDENTIFICATION', 'id_ID.UTF-8'), ('ALACRITTY_WINDOW_ID', '35651589'), ('QT_IM_MODULE', 'ibus'), ('XDG_VTNR', '2'), ('PWD', '/home/gadzz/tubitak_ws/build/mission_center'), ('CLUTTER_IM_MODULE', 'ibus'), ('XDG_CONFIG_DIRS', '/etc/xdg/xdg-awesome:/etc/xdg'), ('XDG_DATA_DIRS', '/usr/share/awesome:/usr/share/gnome:/usr/local/share/:/usr/share/:/var/lib/snapd/desktop'), ('LC_NUMERIC', 'id_ID.UTF-8'), ('PYTHONPATH', '/home/gadzz/tubitak_ws/install/keyboard_msgs/local/lib/python3.10/dist-packages:/home/gadzz/ardu_ws/install/ros_ign_interfaces/local/lib/python3.10/dist-packages:/home/gadzz/ardu_ws/install/ros_gz_interfaces/local/lib/python3.10/dist-packages:/home/gadzz/ardu_ws/install/ardupilot_dds_tests/lib/python3.10/site-packages:/home/gadzz/ardu_ws/install/ardupilot_sitl/local/lib/python3.10/dist-packages:/home/gadzz/ardu_ws/install/keyboard_msgs/local/lib/python3.10/dist-packages:/home/gadzz/ardu_ws/install/ardupilot_msgs/local/lib/python3.10/dist-packages:/opt/ros/humble/lib/python3.10/site-packages:/opt/ros/humble/local/lib/python3.10/dist-packages'), ('LC_PAPER', 'id_ID.UTF-8'), ('TMUX_PLUGIN_MANAGER_PATH', '/home/gadzz/.config/tmux/plugins/'), ('COLCON', '1'), ('TERMINAL', 'alacritty'), ('TMUX_PANE', '%5'), ('CMAKE_PREFIX_PATH', '/home/gadzz/tubitak_ws/install/keyboard_msgs:/home/gadzz/ardu_ws/install/test_ros_gz_bridge:/home/gadzz/ardu_ws/install/ros_ign:/home/gadzz/ardu_ws/install/ros_ign_gazebo_demos:/home/gadzz/ardu_ws/install/ros_gz:/home/gadzz/ardu_ws/install/ros_gz_sim_demos:/home/gadzz/ardu_ws/install/ardupilot_gz_bringup:/home/gadzz/ardu_ws/install/sdformat_urdf:/home/gadzz/ardu_ws/install/sdformat_test_files:/home/gadzz/ardu_ws/install/ros_ign_interfaces:/home/gadzz/ardu_ws/install/ros_ign_image:/home/gadzz/ardu_ws/install/ros_ign_gazebo:/home/gadzz/ardu_ws/install/ros_ign_bridge:/home/gadzz/ardu_ws/install/ros_gz_sim:/home/gadzz/ardu_ws/install/ros_gz_image:/home/gadzz/ardu_ws/install/ros_gz_bridge:/home/gadzz/ardu_ws/install/ros_gz_interfaces:/home/gadzz/ardu_ws/install/ardupilot_sitl:/home/gadzz/ardu_ws/install/micro_ros_agent:/home/gadzz/ardu_ws/install/keyboard:/home/gadzz/ardu_ws/install/keyboard_msgs:/home/gadzz/ardu_ws/install/ardupilot_sitl_models:/home/gadzz/ardu_ws/install/ardupilot_msgs:/home/gadzz/ardu_ws/install/ardupilot_gz_gazebo:/home/gadzz/ardu_ws/install/ardupilot_gz_description:/home/gadzz/ardu_ws/install/ardupilot_gz_application:/home/gadzz/ardu_ws/install/ardupilot_gazebo:/home/gadzz/ardu_ws/install/ardupilot_dds_tests:/opt/ros/humble'), ('EDITOR', 'geany'), ('HISTORY_IGNORE', '(ls|cd|pwd|exit|sudo reboot|history|cd -|cd ..)')]), 'shell': False}
[0.901816] (-) TimerEvent: {}
[0.956276] (mission_center) StdoutLine: {'line': b'\x1b[35m\x1b[1mConsolidate compiler generated dependencies of target uav_mission\x1b[0m\n'}
[0.970612] (keyboard) StdoutLine: {'line': b'[100%] Built target keyboard\n'}
[0.987040] (mission_center) StdoutLine: {'line': b'[ 14%] Built target safety_node\n'}
[0.994249] (mission_center) StdoutLine: {'line': b'[ 21%] \x1b[32mBuilding CXX object CMakeFiles/uav_mission.dir/src/uav_mission.cpp.o\x1b[0m\n'}
[0.998764] (keyboard) CommandEnded: {'returncode': 0}
[1.001054] (keyboard) JobProgress: {'identifier': 'keyboard', 'progress': 'install'}
[1.001822] (keyboard) Command: {'cmd': ['/usr/bin/cmake', '--install', '/home/gadzz/tubitak_ws/build/keyboard'], 'cwd': '/home/gadzz/tubitak_ws/build/keyboard', 'env': OrderedDict([('GZ_SIM_SYSTEM_PLUGIN_PATH', '/home/gadzz/ardu_ws/install/ardupilot_sitl_models/lib/ardupilot_sitl_models/:/home/gadzz/ardu_ws/install/ardupilot_gz_gazebo/lib/ardupilot_gz_gazebo/:/home/gadzz/ardu_ws/install/ardupilot_gazebo/lib/ardupilot_gazebo/'), ('TMUX', '/tmp/tmux-1000/default,6097,1'), ('GZ_SIM_RESOURCE_PATH', '/home/gadzz/ardu_ws/install/ardupilot_sitl_models/share/ardupilot_sitl_models/worlds:/home/gadzz/ardu_ws/install/ardupilot_sitl_models/share/ardupilot_sitl_models/models:/home/gadzz/ardu_ws/install/ardupilot_sitl_models/share:/home/gadzz/ardu_ws/install/ardupilot_gz_gazebo/share/ardupilot_gz_gazebo/worlds:/home/gadzz/ardu_ws/install/ardupilot_gz_description/share/ardupilot_gz_description/models:/home/gadzz/ardu_ws/install/ardupilot_gz_description/share:/home/gadzz/ardu_ws/install/ardupilot_gazebo/share/ardupilot_gazebo/worlds:/home/gadzz/ardu_ws/install/ardupilot_gazebo/share/ardupilot_gazebo/models:/home/gadzz/ardu_ws/install/ardupilot_gazebo/share'), ('LC_TIME', 'id_ID.UTF-8'), ('USER', 'gadzz'), ('XDG_SEAT', 'seat0'), ('XDG_SESSION_TYPE', 'x11'), ('BROWSER', 'firefox-esr'), ('LD_LIBRARY_PATH', '/home/gadzz/tubitak_ws/install/keyboard_msgs/lib:/home/gadzz/ardu_ws/install/sdformat_urdf/lib:/home/gadzz/ardu_ws/install/ros_ign_interfaces/lib:/home/gadzz/ardu_ws/install/ros_gz_sim/lib:/home/gadzz/ardu_ws/install/ros_gz_bridge/lib:/home/gadzz/ardu_ws/install/ros_gz_interfaces/lib:/home/gadzz/ardu_ws/install/micro_ros_agent/lib:/home/gadzz/ardu_ws/install/keyboard_msgs/lib:/home/gadzz/ardu_ws/install/ardupilot_msgs/lib:/opt/ros/humble/opt/rviz_ogre_vendor/lib:/opt/ros/humble/lib/x86_64-linux-gnu:/opt/ros/humble/lib'), ('SHLVL', '2'), ('HOME', '/home/gadzz'), ('LESS', '-R'), ('OLDPWD', '/home/gadzz/tubitak_ws'), ('DESKTOP_SESSION', 'awesome'), ('TERM_PROGRAM_VERSION', '3.5a'), ('LSCOLORS', 'Gxfxcxdxbxegedabagacad'), ('ZSH', '/home/gadzz/.oh-my-zsh'), ('GTK_MODULES', 'gail:atk-bridge'), ('PAGER', 'less'), ('ROS_PYTHON_VERSION', '3'), ('LC_MONETARY', 'id_ID.UTF-8'), ('DBUS_SESSION_BUS_ADDRESS', 'unix:path=/run/user/1000/bus'), ('SYSTEMD_EXEC_PID', '2022'), ('VISUAL', 'nvim'), ('COLORTERM', 'truecolor'), ('FZF_BASE', '/usr/bin/fzf'), ('COLCON_PREFIX_PATH', '/home/gadzz/ardu_ws/install'), ('ROS_DISTRO', 'humble'), ('ALACRITTY_SOCKET', '/run/user/1000/Alacritty-:0-5220.sock'), ('GTK_IM_MODULE', 'ibus'), ('LOGNAME', 'gadzz'), ('WINDOWID', '46137349'), ('_', '/usr/bin/colcon'), ('PKG_CONFIG_PATH', '/home/gadzz/ardu_ws/install/sdformat_test_files/lib/x86_64-linux-gnu/pkgconfig:/home/gadzz/ardu_ws/install/sdformat_test_files/lib/pkgconfig'), ('ROS_VERSION', '2'), ('XDG_SESSION_CLASS', 'user'), ('ALACRITTY_LOG', '/tmp/Alacritty-5220.log'), ('TERM', 'tmux-256color'), ('USERNAME', 'gadzz'), ('XDG_SESSION_ID', '2'), ('ROS_LOCALHOST_ONLY', '0'), ('WINDOWPATH', '2'), ('PATH', '/home/gadzz/.local/bin:/home/gadzz/ardu_ws/install/ardupilot_sitl/bin:/opt/ros/humble/bin:/home/gadzz/.local/bin:/usr/lib/ccache:/home/gadzz/ardu_ws/src/ardupilot/Tools/autotest:/opt/gcc-arm-none-eabi-10-2020-q4-major/bin:/home/gadzz/.local/bin:/usr/local/sbin:/usr/local/bin:/usr/sbin:/usr/bin:/sbin:/bin:/usr/games:/usr/local/games:/snap/bin:/snap/bin:/home/gadzz/ardu_ws/Micro-XRCE-DDS-Gen/scripts:/home/gadzz/ardu_ws/src/ardupilot/Tools/autotest:/home/gadzz/ardu_ws/Micro-XRCE-DDS-Gen/scripts:/home/gadzz/ardu_ws/src/ardupilot/Tools/autotest'), ('DIRHISTORY_SIZE', '30'), ('LC_ADDRESS', 'id_ID.UTF-8'), ('XDG_RUNTIME_DIR', '/run/user/1000'), ('DISPLAY', ':0'), ('LANG', 'en_US.UTF-8'), ('LC_TELEPHONE', 'id_ID.UTF-8'), ('LS_COLORS', 'rs=0:di=01;34:ln=01;36:mh=00:pi=40;33:so=01;35:do=01;35:bd=40;33;01:cd=40;33;01:or=40;31;01:mi=00:su=37;41:sg=30;43:ca=30;41:tw=30;42:ow=34;42:st=37;44:ex=01;32:*.tar=01;31:*.tgz=01;31:*.arc=01;31:*.arj=01;31:*.taz=01;31:*.lha=01;31:*.lz4=01;31:*.lzh=01;31:*.lzma=01;31:*.tlz=01;31:*.txz=01;31:*.tzo=01;31:*.t7z=01;31:*.zip=01;31:*.z=01;31:*.dz=01;31:*.gz=01;31:*.lrz=01;31:*.lz=01;31:*.lzo=01;31:*.xz=01;31:*.zst=01;31:*.tzst=01;31:*.bz2=01;31:*.bz=01;31:*.tbz=01;31:*.tbz2=01;31:*.tz=01;31:*.deb=01;31:*.rpm=01;31:*.jar=01;31:*.war=01;31:*.ear=01;31:*.sar=01;31:*.rar=01;31:*.alz=01;31:*.ace=01;31:*.zoo=01;31:*.cpio=01;31:*.7z=01;31:*.rz=01;31:*.cab=01;31:*.wim=01;31:*.swm=01;31:*.dwm=01;31:*.esd=01;31:*.jpg=01;35:*.jpeg=01;35:*.mjpg=01;35:*.mjpeg=01;35:*.gif=01;35:*.bmp=01;35:*.pbm=01;35:*.pgm=01;35:*.ppm=01;35:*.tga=01;35:*.xbm=01;35:*.xpm=01;35:*.tif=01;35:*.tiff=01;35:*.png=01;35:*.svg=01;35:*.svgz=01;35:*.mng=01;35:*.pcx=01;35:*.mov=01;35:*.mpg=01;35:*.mpeg=01;35:*.m2v=01;35:*.mkv=01;35:*.webm=01;35:*.webp=01;35:*.ogm=01;35:*.mp4=01;35:*.m4v=01;35:*.mp4v=01;35:*.vob=01;35:*.qt=01;35:*.nuv=01;35:*.wmv=01;35:*.asf=01;35:*.rm=01;35:*.rmvb=01;35:*.flc=01;35:*.avi=01;35:*.fli=01;35:*.flv=01;35:*.gl=01;35:*.dl=01;35:*.xcf=01;35:*.xwd=01;35:*.yuv=01;35:*.cgm=01;35:*.emf=01;35:*.ogv=01;35:*.ogx=01;35:*.aac=00;36:*.au=00;36:*.flac=00;36:*.m4a=00;36:*.mid=00;36:*.midi=00;36:*.mka=00;36:*.mp3=00;36:*.mpc=00;36:*.ogg=00;36:*.ra=00;36:*.wav=00;36:*.oga=00;36:*.opus=00;36:*.spx=00;36:*.xspf=00;36:'), ('TERM_PROGRAM', 'tmux'), ('XAUTHORITY', '/run/user/1000/gdm/Xauthority'), ('XDG_SESSION_DESKTOP', 'awesome'), ('XMODIFIERS', '@im=ibus'), ('AMENT_PREFIX_PATH', '/home/gadzz/tubitak_ws/install/keyboard_msgs:/home/gadzz/ardu_ws/install/test_ros_gz_bridge:/home/gadzz/ardu_ws/install/ros_ign:/home/gadzz/ardu_ws/install/ros_ign_gazebo_demos:/home/gadzz/ardu_ws/install/ros_gz:/home/gadzz/ardu_ws/install/ros_gz_sim_demos:/home/gadzz/ardu_ws/install/ardupilot_gz_bringup:/home/gadzz/ardu_ws/install/sdformat_urdf:/home/gadzz/ardu_ws/install/ros_ign_interfaces:/home/gadzz/ardu_ws/install/ros_ign_image:/home/gadzz/ardu_ws/install/ros_ign_gazebo:/home/gadzz/ardu_ws/install/ros_ign_bridge:/home/gadzz/ardu_ws/install/ros_gz_sim:/home/gadzz/ardu_ws/install/ros_gz_image:/home/gadzz/ardu_ws/install/ros_gz_bridge:/home/gadzz/ardu_ws/install/ros_gz_interfaces:/home/gadzz/ardu_ws/install/ardupilot_dds_tests:/home/gadzz/ardu_ws/install/ardupilot_sitl:/home/gadzz/ardu_ws/install/micro_ros_agent:/home/gadzz/ardu_ws/install/keyboard:/home/gadzz/ardu_ws/install/keyboard_msgs:/home/gadzz/ardu_ws/install/ardupilot_sitl_models:/home/gadzz/ardu_ws/install/ardupilot_msgs:/home/gadzz/ardu_ws/install/ardupilot_gz_gazebo:/home/gadzz/ardu_ws/install/ardupilot_gz_description:/home/gadzz/ardu_ws/install/ardupilot_gz_application:/home/gadzz/ardu_ws/install/ardupilot_gazebo:/opt/ros/humble'), ('LC_NAME', 'id_ID.UTF-8'), ('SHELL', '/usr/bin/zsh'), ('GDMSESSION', 'awesome'), ('QT_ACCESSIBILITY', '1'), ('IGN_GAZEBO_RESOURCE_PATH', '/home/gadzz/ardu_ws/install/ros_gz_sim_demos/share'), ('LC_MEASUREMENT', 'id_ID.UTF-8'), ('GPG_AGENT_INFO', '/run/user/1000/gnupg/S.gpg-agent:0:1'), ('GZ_VERSION', 'harmonic'), ('LC_IDENTIFICATION', 'id_ID.UTF-8'), ('ALACRITTY_WINDOW_ID', '35651589'), ('QT_IM_MODULE', 'ibus'), ('XDG_VTNR', '2'), ('PWD', '/home/gadzz/tubitak_ws/build/keyboard'), ('CLUTTER_IM_MODULE', 'ibus'), ('XDG_CONFIG_DIRS', '/etc/xdg/xdg-awesome:/etc/xdg'), ('XDG_DATA_DIRS', '/usr/share/awesome:/usr/share/gnome:/usr/local/share/:/usr/share/:/var/lib/snapd/desktop'), ('LC_NUMERIC', 'id_ID.UTF-8'), ('PYTHONPATH', '/home/gadzz/tubitak_ws/install/keyboard_msgs/local/lib/python3.10/dist-packages:/home/gadzz/ardu_ws/install/ros_ign_interfaces/local/lib/python3.10/dist-packages:/home/gadzz/ardu_ws/install/ros_gz_interfaces/local/lib/python3.10/dist-packages:/home/gadzz/ardu_ws/install/ardupilot_dds_tests/lib/python3.10/site-packages:/home/gadzz/ardu_ws/install/ardupilot_sitl/local/lib/python3.10/dist-packages:/home/gadzz/ardu_ws/install/keyboard_msgs/local/lib/python3.10/dist-packages:/home/gadzz/ardu_ws/install/ardupilot_msgs/local/lib/python3.10/dist-packages:/opt/ros/humble/lib/python3.10/site-packages:/opt/ros/humble/local/lib/python3.10/dist-packages'), ('LC_PAPER', 'id_ID.UTF-8'), ('TMUX_PLUGIN_MANAGER_PATH', '/home/gadzz/.config/tmux/plugins/'), ('COLCON', '1'), ('TERMINAL', 'alacritty'), ('TMUX_PANE', '%5'), ('CMAKE_PREFIX_PATH', '/home/gadzz/tubitak_ws/install/keyboard_msgs:/home/gadzz/ardu_ws/install/test_ros_gz_bridge:/home/gadzz/ardu_ws/install/ros_ign:/home/gadzz/ardu_ws/install/ros_ign_gazebo_demos:/home/gadzz/ardu_ws/install/ros_gz:/home/gadzz/ardu_ws/install/ros_gz_sim_demos:/home/gadzz/ardu_ws/install/ardupilot_gz_bringup:/home/gadzz/ardu_ws/install/sdformat_urdf:/home/gadzz/ardu_ws/install/sdformat_test_files:/home/gadzz/ardu_ws/install/ros_ign_interfaces:/home/gadzz/ardu_ws/install/ros_ign_image:/home/gadzz/ardu_ws/install/ros_ign_gazebo:/home/gadzz/ardu_ws/install/ros_ign_bridge:/home/gadzz/ardu_ws/install/ros_gz_sim:/home/gadzz/ardu_ws/install/ros_gz_image:/home/gadzz/ardu_ws/install/ros_gz_bridge:/home/gadzz/ardu_ws/install/ros_gz_interfaces:/home/gadzz/ardu_ws/install/ardupilot_sitl:/home/gadzz/ardu_ws/install/micro_ros_agent:/home/gadzz/ardu_ws/install/keyboard:/home/gadzz/ardu_ws/install/keyboard_msgs:/home/gadzz/ardu_ws/install/ardupilot_sitl_models:/home/gadzz/ardu_ws/install/ardupilot_msgs:/home/gadzz/ardu_ws/install/ardupilot_gz_gazebo:/home/gadzz/ardu_ws/install/ardupilot_gz_description:/home/gadzz/ardu_ws/install/ardupilot_gz_application:/home/gadzz/ardu_ws/install/ardupilot_gazebo:/home/gadzz/ardu_ws/install/ardupilot_dds_tests:/opt/ros/humble'), ('EDITOR', 'geany'), ('HISTORY_IGNORE', '(ls|cd|pwd|exit|sudo reboot|history|cd -|cd ..)')]), 'shell': False}
[1.007630] (-) TimerEvent: {}
[1.021174] (keyboard) StdoutLine: {'line': b'-- Install configuration: "Release"\n'}
[1.021579] (keyboard) StdoutLine: {'line': b'-- Up-to-date: /home/gadzz/tubitak_ws/install/keyboard/lib/keyboard/keyboard\n'}
[1.021761] (keyboard) StdoutLine: {'line': b'-- Up-to-date: /home/gadzz/tubitak_ws/install/keyboard/lib/keyboard/keyboard_to_joy.py\n'}
[1.021822] (keyboard) StdoutLine: {'line': b'-- Up-to-date: /home/gadzz/tubitak_ws/install/keyboard/share/keyboard/config\n'}
[1.021932] (keyboard) StdoutLine: {'line': b'-- Up-to-date: /home/gadzz/tubitak_ws/install/keyboard/share/keyboard/config/example_config.yaml\n'}
[1.021997] (keyboard) StdoutLine: {'line': b'-- Up-to-date: /home/gadzz/tubitak_ws/install/keyboard/share/ament_index/resource_index/package_run_dependencies/keyboard\n'}
[1.022057] (keyboard) StdoutLine: {'line': b'-- Up-to-date: /home/gadzz/tubitak_ws/install/keyboard/share/ament_index/resource_index/parent_prefix_path/keyboard\n'}
[1.022117] (keyboard) StdoutLine: {'line': b'-- Up-to-date: /home/gadzz/tubitak_ws/install/keyboard/share/keyboard/environment/ament_prefix_path.sh\n'}
[1.022176] (keyboard) StdoutLine: {'line': b'-- Up-to-date: /home/gadzz/tubitak_ws/install/keyboard/share/keyboard/environment/ament_prefix_path.dsv\n'}
[1.022247] (keyboard) StdoutLine: {'line': b'-- Up-to-date: /home/gadzz/tubitak_ws/install/keyboard/share/keyboard/environment/path.sh\n'}
[1.022309] (keyboard) StdoutLine: {'line': b'-- Up-to-date: /home/gadzz/tubitak_ws/install/keyboard/share/keyboard/environment/path.dsv\n'}
[1.022370] (keyboard) StdoutLine: {'line': b'-- Up-to-date: /home/gadzz/tubitak_ws/install/keyboard/share/keyboard/local_setup.bash\n'}
[1.022431] (keyboard) StdoutLine: {'line': b'-- Up-to-date: /home/gadzz/tubitak_ws/install/keyboard/share/keyboard/local_setup.sh\n'}
[1.022489] (keyboard) StdoutLine: {'line': b'-- Up-to-date: /home/gadzz/tubitak_ws/install/keyboard/share/keyboard/local_setup.zsh\n'}
[1.022553] (keyboard) StdoutLine: {'line': b'-- Up-to-date: /home/gadzz/tubitak_ws/install/keyboard/share/keyboard/local_setup.dsv\n'}
[1.022614] (keyboard) StdoutLine: {'line': b'-- Installing: /home/gadzz/tubitak_ws/install/keyboard/share/keyboard/package.dsv\n'}
[1.022741] (keyboard) StdoutLine: {'line': b'-- Up-to-date: /home/gadzz/tubitak_ws/install/keyboard/share/ament_index/resource_index/packages/keyboard\n'}
[1.022813] (keyboard) StdoutLine: {'line': b'-- Up-to-date: /home/gadzz/tubitak_ws/install/keyboard/share/keyboard/cmake/keyboardConfig.cmake\n'}
[1.022872] (keyboard) StdoutLine: {'line': b'-- Up-to-date: /home/gadzz/tubitak_ws/install/keyboard/share/keyboard/cmake/keyboardConfig-version.cmake\n'}
[1.022930] (keyboard) StdoutLine: {'line': b'-- Up-to-date: /home/gadzz/tubitak_ws/install/keyboard/share/keyboard/package.xml\n'}
[1.024432] (keyboard) CommandEnded: {'returncode': 0}
[1.048204] (keyboard) JobEnded: {'identifier': 'keyboard', 'rc': 0}
[1.107965] (-) TimerEvent: {}
[1.209199] (-) TimerEvent: {}
[1.309879] (-) TimerEvent: {}
[1.410599] (-) TimerEvent: {}
[1.511750] (-) TimerEvent: {}
[1.612976] (-) TimerEvent: {}
[1.713416] (-) TimerEvent: {}
[1.814204] (-) TimerEvent: {}
[1.914811] (-) TimerEvent: {}
[2.015184] (-) TimerEvent: {}
[2.115813] (-) TimerEvent: {}
[2.216428] (-) TimerEvent: {}
[2.317152] (-) TimerEvent: {}
[2.417810] (-) TimerEvent: {}
[2.518501] (-) TimerEvent: {}
[2.619366] (-) TimerEvent: {}
[2.720443] (-) TimerEvent: {}
[2.821788] (-) TimerEvent: {}
[2.922495] (-) TimerEvent: {}
[3.023604] (-) TimerEvent: {}
[3.124215] (-) TimerEvent: {}
[3.224618] (-) TimerEvent: {}
[3.325333] (-) TimerEvent: {}
[3.426703] (-) TimerEvent: {}
[3.527209] (-) TimerEvent: {}
[3.627820] (-) TimerEvent: {}
[3.728374] (-) TimerEvent: {}
[3.828799] (-) TimerEvent: {}
[3.929289] (-) TimerEvent: {}
[4.029861] (-) TimerEvent: {}
[4.130650] (-) TimerEvent: {}
[4.231708] (-) TimerEvent: {}
[4.332564] (-) TimerEvent: {}
[4.433185] (-) TimerEvent: {}
[4.534158] (-) TimerEvent: {}
[4.634616] (-) TimerEvent: {}
[4.735341] (-) TimerEvent: {}
[4.836448] (-) TimerEvent: {}
[4.937191] (-) TimerEvent: {}
[5.037687] (-) TimerEvent: {}
[5.138900] (-) TimerEvent: {}
[5.239552] (-) TimerEvent: {}
[5.340336] (-) TimerEvent: {}
[5.440958] (-) TimerEvent: {}
[5.541523] (-) TimerEvent: {}
[5.642253] (-) TimerEvent: {}
[5.743006] (-) TimerEvent: {}
[5.843821] (-) TimerEvent: {}
[5.944653] (-) TimerEvent: {}
[6.045917] (-) TimerEvent: {}
[6.147396] (-) TimerEvent: {}
[6.248020] (-) TimerEvent: {}
[6.348695] (-) TimerEvent: {}
[6.449265] (-) TimerEvent: {}
[6.549786] (-) TimerEvent: {}
[6.650300] (-) TimerEvent: {}
[6.750808] (-) TimerEvent: {}
[6.851351] (-) TimerEvent: {}
[6.951963] (-) TimerEvent: {}
[7.052653] (-) TimerEvent: {}
[7.153299] (-) TimerEvent: {}
[7.254019] (-) TimerEvent: {}
[7.354627] (-) TimerEvent: {}
[7.455173] (-) TimerEvent: {}
[7.556344] (-) TimerEvent: {}
[7.657333] (-) TimerEvent: {}
[7.757877] (-) TimerEvent: {}
[7.858655] (-) TimerEvent: {}
[7.959416] (-) TimerEvent: {}
[8.059944] (-) TimerEvent: {}
[8.160506] (-) TimerEvent: {}
[8.261171] (-) TimerEvent: {}
[8.361943] (-) TimerEvent: {}
[8.462834] (-) TimerEvent: {}
[8.563413] (-) TimerEvent: {}
[8.663843] (-) TimerEvent: {}
[8.764608] (-) TimerEvent: {}
[8.865803] (-) TimerEvent: {}
[8.966548] (-) TimerEvent: {}
[9.067220] (-) TimerEvent: {}
[9.167809] (-) TimerEvent: {}
[9.268579] (-) TimerEvent: {}
[9.369472] (-) TimerEvent: {}
[9.470265] (-) TimerEvent: {}
[9.570824] (-) TimerEvent: {}
[9.671924] (-) TimerEvent: {}
[9.772813] (-) TimerEvent: {}
[9.873769] (-) TimerEvent: {}
[9.974899] (-) TimerEvent: {}
[10.075618] (-) TimerEvent: {}
[10.176171] (-) TimerEvent: {}
[10.277030] (-) TimerEvent: {}
[10.377483] (-) TimerEvent: {}
[10.478058] (-) TimerEvent: {}
[10.579024] (-) TimerEvent: {}
[10.679818] (-) TimerEvent: {}
[10.780287] (-) TimerEvent: {}
[10.881109] (-) TimerEvent: {}
[10.981973] (-) TimerEvent: {}
[11.082451] (-) TimerEvent: {}
[11.184105] (-) TimerEvent: {}
[11.285016] (-) TimerEvent: {}
[11.385893] (-) TimerEvent: {}
[11.486578] (-) TimerEvent: {}
[11.587205] (-) TimerEvent: {}
[11.687851] (-) TimerEvent: {}
[11.788572] (-) TimerEvent: {}
[11.889452] (-) TimerEvent: {}
[11.990268] (-) TimerEvent: {}
[12.090868] (-) TimerEvent: {}
[12.191849] (-) TimerEvent: {}
[12.292685] (-) TimerEvent: {}
[12.393309] (-) TimerEvent: {}
[12.494708] (-) TimerEvent: {}
[12.595472] (-) TimerEvent: {}
[12.695926] (-) TimerEvent: {}
[12.796641] (-) TimerEvent: {}
[12.897423] (-) TimerEvent: {}
[12.998121] (-) TimerEvent: {}
[13.099040] (-) TimerEvent: {}
[13.200288] (-) TimerEvent: {}
[13.301058] (-) TimerEvent: {}
[13.401720] (-) TimerEvent: {}
[13.502542] (-) TimerEvent: {}
[13.603343] (-) TimerEvent: {}
[13.703831] (-) TimerEvent: {}
[13.804335] (-) TimerEvent: {}
[13.905107] (-) TimerEvent: {}
[14.005755] (-) TimerEvent: {}
[14.107275] (-) TimerEvent: {}
[14.208341] (-) TimerEvent: {}
[14.308983] (-) TimerEvent: {}
[14.409555] (-) TimerEvent: {}
[14.510213] (-) TimerEvent: {}
[14.610797] (-) TimerEvent: {}
[14.711450] (-) TimerEvent: {}
[14.812248] (-) TimerEvent: {}
[14.913177] (-) TimerEvent: {}
[15.013695] (-) TimerEvent: {}
[15.114377] (-) TimerEvent: {}
[15.215063] (-) TimerEvent: {}
[15.315787] (-) TimerEvent: {}
[15.416401] (-) TimerEvent: {}
[15.517019] (-) TimerEvent: {}
[15.617969] (-) TimerEvent: {}
[15.718695] (-) TimerEvent: {}
[15.820415] (-) TimerEvent: {}
[15.921338] (-) TimerEvent: {}
[16.022804] (-) TimerEvent: {}
[16.123778] (-) TimerEvent: {}
[16.224218] (-) TimerEvent: {}
[16.325028] (-) TimerEvent: {}
[16.425995] (-) TimerEvent: {}
[16.527013] (-) TimerEvent: {}
[16.627617] (-) TimerEvent: {}
[16.728273] (-) TimerEvent: {}
[16.828848] (-) TimerEvent: {}
[16.929275] (-) TimerEvent: {}
[17.030060] (-) TimerEvent: {}
[17.130791] (-) TimerEvent: {}
[17.231361] (-) TimerEvent: {}
[17.331899] (-) TimerEvent: {}
[17.432528] (-) TimerEvent: {}
[17.533197] (-) TimerEvent: {}
[17.634372] (-) TimerEvent: {}
[17.735060] (-) TimerEvent: {}
[17.835906] (-) TimerEvent: {}
[17.937211] (-) TimerEvent: {}
[18.039103] (-) TimerEvent: {}
[18.139888] (-) TimerEvent: {}
[18.240768] (-) TimerEvent: {}
[18.341923] (-) TimerEvent: {}
[18.442591] (-) TimerEvent: {}
[18.543217] (-) TimerEvent: {}
[18.643882] (-) TimerEvent: {}
[18.744438] (-) TimerEvent: {}
[18.845210] (-) TimerEvent: {}
[18.945604] (-) TimerEvent: {}
[19.046511] (-) TimerEvent: {}
[19.147442] (-) TimerEvent: {}
[19.248574] (-) TimerEvent: {}
[19.349705] (-) TimerEvent: {}
[19.450969] (-) TimerEvent: {}
[19.551732] (-) TimerEvent: {}
[19.652317] (-) TimerEvent: {}
[19.753324] (-) TimerEvent: {}
[19.855061] (-) TimerEvent: {}
[19.955646] (-) TimerEvent: {}
[20.056266] (-) TimerEvent: {}
[20.157299] (-) TimerEvent: {}
[20.257907] (-) TimerEvent: {}
[20.358582] (-) TimerEvent: {}
[20.459341] (-) TimerEvent: {}
[20.560369] (-) TimerEvent: {}
[20.661554] (-) TimerEvent: {}
[20.762796] (-) TimerEvent: {}
[20.863326] (-) TimerEvent: {}
[20.963886] (-) TimerEvent: {}
[21.064900] (-) TimerEvent: {}
[21.165874] (-) TimerEvent: {}
[21.266612] (-) TimerEvent: {}
[21.367216] (-) TimerEvent: {}
[21.467796] (-) TimerEvent: {}
[21.568478] (-) TimerEvent: {}
[21.669293] (-) TimerEvent: {}
[21.770173] (-) TimerEvent: {}
[21.870869] (-) TimerEvent: {}
[21.971465] (-) TimerEvent: {}
[22.072117] (-) TimerEvent: {}
[22.172567] (-) TimerEvent: {}
[22.273092] (-) TimerEvent: {}
[22.373855] (-) TimerEvent: {}
[22.474774] (-) TimerEvent: {}
[22.575574] (-) TimerEvent: {}
[22.676699] (-) TimerEvent: {}
[22.777640] (-) TimerEvent: {}
[22.878284] (-) TimerEvent: {}
[22.978995] (-) TimerEvent: {}
[23.079608] (-) TimerEvent: {}
[23.180648] (-) TimerEvent: {}
[23.281464] (-) TimerEvent: {}
[23.381942] (-) TimerEvent: {}
[23.482589] (-) TimerEvent: {}
[23.583294] (-) TimerEvent: {}
[23.684176] (-) TimerEvent: {}
[23.785370] (-) TimerEvent: {}
[23.885940] (-) TimerEvent: {}
[23.986216] (-) TimerEvent: {}
[24.087153] (-) TimerEvent: {}
[24.187880] (-) TimerEvent: {}
[24.288595] (-) TimerEvent: {}
[24.389369] (-) TimerEvent: {}
[24.490522] (-) TimerEvent: {}
[24.591620] (-) TimerEvent: {}
[24.692266] (-) TimerEvent: {}
[24.793534] (-) TimerEvent: {}
[24.894187] (-) TimerEvent: {}
[24.994799] (-) TimerEvent: {}
[25.095520] (-) TimerEvent: {}
[25.196357] (-) TimerEvent: {}
[25.297362] (-) TimerEvent: {}
[25.397875] (-) TimerEvent: {}
[25.498373] (-) TimerEvent: {}
[25.598933] (-) TimerEvent: {}
[25.699324] (-) TimerEvent: {}
[25.799917] (-) TimerEvent: {}
[25.900837] (-) TimerEvent: {}
[26.001310] (-) TimerEvent: {}
[26.101832] (-) TimerEvent: {}
[26.202603] (-) TimerEvent: {}
[26.303475] (-) TimerEvent: {}
[26.404090] (-) TimerEvent: {}
[26.504918] (-) TimerEvent: {}
[26.605907] (-) TimerEvent: {}
[26.706621] (-) TimerEvent: {}
[26.807193] (-) TimerEvent: {}
[26.907704] (-) TimerEvent: {}
[27.008100] (-) TimerEvent: {}
[27.109014] (-) TimerEvent: {}
[27.209629] (-) TimerEvent: {}
[27.310195] (-) TimerEvent: {}
[27.411052] (-) TimerEvent: {}
[27.512064] (-) TimerEvent: {}
[27.612734] (-) TimerEvent: {}
[27.713207] (-) TimerEvent: {}
[27.813993] (-) TimerEvent: {}
[27.914882] (-) TimerEvent: {}
[28.015612] (-) TimerEvent: {}
[28.116489] (-) TimerEvent: {}
[28.217967] (-) TimerEvent: {}
[28.318428] (-) TimerEvent: {}
[28.418891] (-) TimerEvent: {}
[28.519765] (-) TimerEvent: {}
[28.620370] (-) TimerEvent: {}
[28.720989] (-) TimerEvent: {}
[28.821908] (-) TimerEvent: {}
[28.922484] (-) TimerEvent: {}
[29.023594] (-) TimerEvent: {}
[29.124145] (-) TimerEvent: {}
[29.224911] (-) TimerEvent: {}
[29.325506] (-) TimerEvent: {}
[29.426181] (-) TimerEvent: {}
[29.526701] (-) TimerEvent: {}
[29.627119] (-) TimerEvent: {}
[29.727640] (-) TimerEvent: {}
[29.828533] (-) TimerEvent: {}
[29.930166] (-) TimerEvent: {}
[30.030777] (-) TimerEvent: {}
[30.132176] (-) TimerEvent: {}
[30.233096] (-) TimerEvent: {}
[30.333742] (-) TimerEvent: {}
[30.434805] (-) TimerEvent: {}
[30.535705] (-) TimerEvent: {}
[30.636557] (-) TimerEvent: {}
[30.737121] (-) TimerEvent: {}
[30.838665] (-) TimerEvent: {}
[30.939633] (-) TimerEvent: {}
[31.040058] (-) TimerEvent: {}
[31.140569] (-) TimerEvent: {}
[31.241054] (-) TimerEvent: {}
[31.342026] (-) TimerEvent: {}
[31.442841] (-) TimerEvent: {}
[31.543450] (-) TimerEvent: {}
[31.644550] (-) TimerEvent: {}
[31.745293] (-) TimerEvent: {}
[31.845966] (-) TimerEvent: {}
[31.947123] (-) TimerEvent: {}
[32.047910] (-) TimerEvent: {}
[32.148862] (-) TimerEvent: {}
[32.249517] (-) TimerEvent: {}
[32.350759] (-) TimerEvent: {}
[32.451652] (-) TimerEvent: {}
[32.552266] (-) TimerEvent: {}
[32.653168] (-) TimerEvent: {}
[32.754198] (-) TimerEvent: {}
[32.854951] (-) TimerEvent: {}
[32.955812] (-) TimerEvent: {}
[33.056599] (-) TimerEvent: {}
[33.157205] (-) TimerEvent: {}
[33.257856] (-) TimerEvent: {}
[33.358852] (-) TimerEvent: {}
[33.459535] (-) TimerEvent: {}
[33.560228] (-) TimerEvent: {}
[33.661086] (-) TimerEvent: {}
[33.761981] (-) TimerEvent: {}
[33.862929] (-) TimerEvent: {}
[33.964238] (-) TimerEvent: {}
[34.065764] (-) TimerEvent: {}
[34.166250] (-) TimerEvent: {}
[34.267061] (-) TimerEvent: {}
[34.367661] (-) TimerEvent: {}
[34.468246] (-) TimerEvent: {}
[34.568714] (-) TimerEvent: {}
[34.669414] (-) TimerEvent: {}
[34.769946] (-) TimerEvent: {}
[34.870596] (-) TimerEvent: {}
[34.971141] (-) TimerEvent: {}
[35.071575] (-) TimerEvent: {}
[35.172787] (-) TimerEvent: {}
[35.274458] (-) TimerEvent: {}
[35.374816] (-) TimerEvent: {}
[35.475492] (-) TimerEvent: {}
[35.576184] (-) TimerEvent: {}
[35.679011] (-) TimerEvent: {}
[35.779631] (-) TimerEvent: {}
[35.880287] (-) TimerEvent: {}
[35.980834] (-) TimerEvent: {}
[36.081305] (-) TimerEvent: {}
[36.181929] (-) TimerEvent: {}
[36.282534] (-) TimerEvent: {}
[36.383358] (-) TimerEvent: {}
[36.483960] (-) TimerEvent: {}
[36.584537] (-) TimerEvent: {}
[36.685154] (-) TimerEvent: {}
[36.786320] (-) TimerEvent: {}
[36.887131] (-) TimerEvent: {}
[36.987702] (-) TimerEvent: {}
[37.088220] (-) TimerEvent: {}
[37.189605] (-) TimerEvent: {}
[37.290456] (-) TimerEvent: {}
[37.391164] (-) TimerEvent: {}
[37.492301] (-) TimerEvent: {}
[37.592942] (-) TimerEvent: {}
[37.642100] (mission_center) StderrLine: {'line': b'\x1b[01m\x1b[K/home/gadzz/tubitak_ws/src/mission_center/src/uav_mission.cpp:\x1b[m\x1b[K In member function \xe2\x80\x98\x1b[01m\x1b[Kvoid UAV_Mission::switch_mode(std::string)\x1b[m\x1b[K\xe2\x80\x99:\n'}
[37.642455] (mission_center) StderrLine: {'line': b'\x1b[01m\x1b[K/home/gadzz/tubitak_ws/src/mission_center/src/uav_mission.cpp:104:11:\x1b[m\x1b[K \x1b[01;35m\x1b[Kwarning: \x1b[m\x1b[Kunused variable \xe2\x80\x98\x1b[01m\x1b[KgotTopic\x1b[m\x1b[K\xe2\x80\x99 [\x1b[01;35m\x1b[K-Wunused-variable\x1b[m\x1b[K]\n'}
[37.642550] (mission_center) StderrLine: {'line': b'  104 |       int \x1b[01;35m\x1b[KgotTopic\x1b[m\x1b[K =\n'}
[37.642612] (mission_center) StderrLine: {'line': b'      |           \x1b[01;35m\x1b[K^~~~~~~~\x1b[m\x1b[K\n'}
[37.642691] (mission_center) StderrLine: {'line': b'\x1b[01m\x1b[K/home/gadzz/tubitak_ws/src/mission_center/src/uav_mission.cpp:\x1b[m\x1b[K In member function \xe2\x80\x98\x1b[01m\x1b[Kvoid UAV_Mission::arm_throttle()\x1b[m\x1b[K\xe2\x80\x99:\n'}
[37.642778] (mission_center) StderrLine: {'line': b'\x1b[01m\x1b[K/home/gadzz/tubitak_ws/src/mission_center/src/uav_mission.cpp:148:11:\x1b[m\x1b[K \x1b[01;35m\x1b[Kwarning: \x1b[m\x1b[Kunused variable \xe2\x80\x98\x1b[01m\x1b[KgotTopic\x1b[m\x1b[K\xe2\x80\x99 [\x1b[01;35m\x1b[K-Wunused-variable\x1b[m\x1b[K]\n'}
[37.642848] (mission_center) StderrLine: {'line': b'  148 |       int \x1b[01;35m\x1b[KgotTopic\x1b[m\x1b[K =\n'}
[37.642911] (mission_center) StderrLine: {'line': b'      |           \x1b[01;35m\x1b[K^~~~~~~~\x1b[m\x1b[K\n'}
[37.668972] (mission_center) StdoutLine: {'line': b'[ 28%] \x1b[32m\x1b[1mLinking CXX shared library libuav_mission.so\x1b[0m\n'}
[37.693197] (-) TimerEvent: {}
[37.793927] (-) TimerEvent: {}
[37.894769] (-) TimerEvent: {}
[37.995288] (-) TimerEvent: {}
[38.096306] (-) TimerEvent: {}
[38.197480] (-) TimerEvent: {}
[38.298318] (-) TimerEvent: {}
[38.399221] (-) TimerEvent: {}
[38.500149] (-) TimerEvent: {}
[38.600803] (-) TimerEvent: {}
[38.701275] (-) TimerEvent: {}
[38.802246] (-) TimerEvent: {}
[38.903511] (-) TimerEvent: {}
[39.004195] (-) TimerEvent: {}
[39.105198] (-) TimerEvent: {}
[39.205901] (-) TimerEvent: {}
[39.306535] (-) TimerEvent: {}
[39.407679] (-) TimerEvent: {}
[39.508862] (-) TimerEvent: {}
[39.609964] (-) TimerEvent: {}
[39.710518] (-) TimerEvent: {}
[39.811347] (-) TimerEvent: {}
[39.912296] (-) TimerEvent: {}
[40.012927] (-) TimerEvent: {}
[40.113648] (-) TimerEvent: {}
[40.214291] (-) TimerEvent: {}
[40.315495] (-) TimerEvent: {}
[40.416654] (-) TimerEvent: {}
[40.517259] (-) TimerEvent: {}
[40.617806] (-) TimerEvent: {}
[40.718495] (-) TimerEvent: {}
[40.770620] (mission_center) StdoutLine: {'line': b'[ 28%] Built target uav_mission\n'}
[40.818469] (mission_center) StdoutLine: {'line': b'[ 42%] \x1b[32m\x1b[1mLinking CXX executable pilot_node\x1b[0m\n'}
[40.820110] (-) TimerEvent: {}
[40.820474] (mission_center) StdoutLine: {'line': b'[ 42%] \x1b[32m\x1b[1mLinking CXX executable ui_node\x1b[0m\n'}
[40.920601] (-) TimerEvent: {}
[41.021487] (-) TimerEvent: {}
[41.122606] (-) TimerEvent: {}
[41.224692] (-) TimerEvent: {}
[41.326174] (-) TimerEvent: {}
[41.427060] (-) TimerEvent: {}
[41.528060] (-) TimerEvent: {}
[41.629189] (-) TimerEvent: {}
[41.731039] (-) TimerEvent: {}
[41.832164] (-) TimerEvent: {}
[41.933084] (-) TimerEvent: {}
[42.034261] (-) TimerEvent: {}
[42.100587] (mission_center) StdoutLine: {'line': b'[ 92%] Built target ui_node\n'}
[42.134552] (-) TimerEvent: {}
[42.235443] (-) TimerEvent: {}
[42.336496] (-) TimerEvent: {}
[42.437342] (-) TimerEvent: {}
[42.537858] (-) TimerEvent: {}
[42.638694] (-) TimerEvent: {}
[42.739586] (-) TimerEvent: {}
[42.840162] (-) TimerEvent: {}
[42.940709] (-) TimerEvent: {}
[43.015797] (mission_center) StdoutLine: {'line': b'[100%] Built target pilot_node\n'}
[43.036369] (mission_center) CommandEnded: {'returncode': 0}
[43.037908] (mission_center) JobProgress: {'identifier': 'mission_center', 'progress': 'install'}
[43.038175] (mission_center) Command: {'cmd': ['/usr/bin/cmake', '--install', '/home/gadzz/tubitak_ws/build/mission_center'], 'cwd': '/home/gadzz/tubitak_ws/build/mission_center', 'env': OrderedDict([('GZ_SIM_SYSTEM_PLUGIN_PATH', '/home/gadzz/ardu_ws/install/ardupilot_sitl_models/lib/ardupilot_sitl_models/:/home/gadzz/ardu_ws/install/ardupilot_gz_gazebo/lib/ardupilot_gz_gazebo/:/home/gadzz/ardu_ws/install/ardupilot_gazebo/lib/ardupilot_gazebo/'), ('TMUX', '/tmp/tmux-1000/default,6097,1'), ('GZ_SIM_RESOURCE_PATH', '/home/gadzz/ardu_ws/install/ardupilot_sitl_models/share/ardupilot_sitl_models/worlds:/home/gadzz/ardu_ws/install/ardupilot_sitl_models/share/ardupilot_sitl_models/models:/home/gadzz/ardu_ws/install/ardupilot_sitl_models/share:/home/gadzz/ardu_ws/install/ardupilot_gz_gazebo/share/ardupilot_gz_gazebo/worlds:/home/gadzz/ardu_ws/install/ardupilot_gz_description/share/ardupilot_gz_description/models:/home/gadzz/ardu_ws/install/ardupilot_gz_description/share:/home/gadzz/ardu_ws/install/ardupilot_gazebo/share/ardupilot_gazebo/worlds:/home/gadzz/ardu_ws/install/ardupilot_gazebo/share/ardupilot_gazebo/models:/home/gadzz/ardu_ws/install/ardupilot_gazebo/share'), ('LC_TIME', 'id_ID.UTF-8'), ('USER', 'gadzz'), ('XDG_SEAT', 'seat0'), ('XDG_SESSION_TYPE', 'x11'), ('BROWSER', 'firefox-esr'), ('LD_LIBRARY_PATH', '/home/gadzz/tubitak_ws/install/keyboard_msgs/lib:/home/gadzz/ardu_ws/install/sdformat_urdf/lib:/home/gadzz/ardu_ws/install/ros_ign_interfaces/lib:/home/gadzz/ardu_ws/install/ros_gz_sim/lib:/home/gadzz/ardu_ws/install/ros_gz_bridge/lib:/home/gadzz/ardu_ws/install/ros_gz_interfaces/lib:/home/gadzz/ardu_ws/install/micro_ros_agent/lib:/home/gadzz/ardu_ws/install/keyboard_msgs/lib:/home/gadzz/ardu_ws/install/ardupilot_msgs/lib:/opt/ros/humble/opt/rviz_ogre_vendor/lib:/opt/ros/humble/lib/x86_64-linux-gnu:/opt/ros/humble/lib'), ('SHLVL', '2'), ('HOME', '/home/gadzz'), ('LESS', '-R'), ('OLDPWD', '/home/gadzz/tubitak_ws'), ('DESKTOP_SESSION', 'awesome'), ('TERM_PROGRAM_VERSION', '3.5a'), ('LSCOLORS', 'Gxfxcxdxbxegedabagacad'), ('ZSH', '/home/gadzz/.oh-my-zsh'), ('GTK_MODULES', 'gail:atk-bridge'), ('PAGER', 'less'), ('ROS_PYTHON_VERSION', '3'), ('LC_MONETARY', 'id_ID.UTF-8'), ('DBUS_SESSION_BUS_ADDRESS', 'unix:path=/run/user/1000/bus'), ('SYSTEMD_EXEC_PID', '2022'), ('VISUAL', 'nvim'), ('COLORTERM', 'truecolor'), ('FZF_BASE', '/usr/bin/fzf'), ('COLCON_PREFIX_PATH', '/home/gadzz/ardu_ws/install'), ('ROS_DISTRO', 'humble'), ('ALACRITTY_SOCKET', '/run/user/1000/Alacritty-:0-5220.sock'), ('GTK_IM_MODULE', 'ibus'), ('LOGNAME', 'gadzz'), ('WINDOWID', '46137349'), ('_', '/usr/bin/colcon'), ('PKG_CONFIG_PATH', '/home/gadzz/ardu_ws/install/sdformat_test_files/lib/x86_64-linux-gnu/pkgconfig:/home/gadzz/ardu_ws/install/sdformat_test_files/lib/pkgconfig'), ('ROS_VERSION', '2'), ('XDG_SESSION_CLASS', 'user'), ('ALACRITTY_LOG', '/tmp/Alacritty-5220.log'), ('TERM', 'tmux-256color'), ('USERNAME', 'gadzz'), ('XDG_SESSION_ID', '2'), ('ROS_LOCALHOST_ONLY', '0'), ('WINDOWPATH', '2'), ('PATH', '/home/gadzz/.local/bin:/home/gadzz/ardu_ws/install/ardupilot_sitl/bin:/opt/ros/humble/bin:/home/gadzz/.local/bin:/usr/lib/ccache:/home/gadzz/ardu_ws/src/ardupilot/Tools/autotest:/opt/gcc-arm-none-eabi-10-2020-q4-major/bin:/home/gadzz/.local/bin:/usr/local/sbin:/usr/local/bin:/usr/sbin:/usr/bin:/sbin:/bin:/usr/games:/usr/local/games:/snap/bin:/snap/bin:/home/gadzz/ardu_ws/Micro-XRCE-DDS-Gen/scripts:/home/gadzz/ardu_ws/src/ardupilot/Tools/autotest:/home/gadzz/ardu_ws/Micro-XRCE-DDS-Gen/scripts:/home/gadzz/ardu_ws/src/ardupilot/Tools/autotest'), ('DIRHISTORY_SIZE', '30'), ('LC_ADDRESS', 'id_ID.UTF-8'), ('XDG_RUNTIME_DIR', '/run/user/1000'), ('DISPLAY', ':0'), ('LANG', 'en_US.UTF-8'), ('LC_TELEPHONE', 'id_ID.UTF-8'), ('LS_COLORS', 'rs=0:di=01;34:ln=01;36:mh=00:pi=40;33:so=01;35:do=01;35:bd=40;33;01:cd=40;33;01:or=40;31;01:mi=00:su=37;41:sg=30;43:ca=30;41:tw=30;42:ow=34;42:st=37;44:ex=01;32:*.tar=01;31:*.tgz=01;31:*.arc=01;31:*.arj=01;31:*.taz=01;31:*.lha=01;31:*.lz4=01;31:*.lzh=01;31:*.lzma=01;31:*.tlz=01;31:*.txz=01;31:*.tzo=01;31:*.t7z=01;31:*.zip=01;31:*.z=01;31:*.dz=01;31:*.gz=01;31:*.lrz=01;31:*.lz=01;31:*.lzo=01;31:*.xz=01;31:*.zst=01;31:*.tzst=01;31:*.bz2=01;31:*.bz=01;31:*.tbz=01;31:*.tbz2=01;31:*.tz=01;31:*.deb=01;31:*.rpm=01;31:*.jar=01;31:*.war=01;31:*.ear=01;31:*.sar=01;31:*.rar=01;31:*.alz=01;31:*.ace=01;31:*.zoo=01;31:*.cpio=01;31:*.7z=01;31:*.rz=01;31:*.cab=01;31:*.wim=01;31:*.swm=01;31:*.dwm=01;31:*.esd=01;31:*.jpg=01;35:*.jpeg=01;35:*.mjpg=01;35:*.mjpeg=01;35:*.gif=01;35:*.bmp=01;35:*.pbm=01;35:*.pgm=01;35:*.ppm=01;35:*.tga=01;35:*.xbm=01;35:*.xpm=01;35:*.tif=01;35:*.tiff=01;35:*.png=01;35:*.svg=01;35:*.svgz=01;35:*.mng=01;35:*.pcx=01;35:*.mov=01;35:*.mpg=01;35:*.mpeg=01;35:*.m2v=01;35:*.mkv=01;35:*.webm=01;35:*.webp=01;35:*.ogm=01;35:*.mp4=01;35:*.m4v=01;35:*.mp4v=01;35:*.vob=01;35:*.qt=01;35:*.nuv=01;35:*.wmv=01;35:*.asf=01;35:*.rm=01;35:*.rmvb=01;35:*.flc=01;35:*.avi=01;35:*.fli=01;35:*.flv=01;35:*.gl=01;35:*.dl=01;35:*.xcf=01;35:*.xwd=01;35:*.yuv=01;35:*.cgm=01;35:*.emf=01;35:*.ogv=01;35:*.ogx=01;35:*.aac=00;36:*.au=00;36:*.flac=00;36:*.m4a=00;36:*.mid=00;36:*.midi=00;36:*.mka=00;36:*.mp3=00;36:*.mpc=00;36:*.ogg=00;36:*.ra=00;36:*.wav=00;36:*.oga=00;36:*.opus=00;36:*.spx=00;36:*.xspf=00;36:'), ('TERM_PROGRAM', 'tmux'), ('XAUTHORITY', '/run/user/1000/gdm/Xauthority'), ('XDG_SESSION_DESKTOP', 'awesome'), ('XMODIFIERS', '@im=ibus'), ('AMENT_PREFIX_PATH', '/home/gadzz/tubitak_ws/install/keyboard_msgs:/home/gadzz/ardu_ws/install/test_ros_gz_bridge:/home/gadzz/ardu_ws/install/ros_ign:/home/gadzz/ardu_ws/install/ros_ign_gazebo_demos:/home/gadzz/ardu_ws/install/ros_gz:/home/gadzz/ardu_ws/install/ros_gz_sim_demos:/home/gadzz/ardu_ws/install/ardupilot_gz_bringup:/home/gadzz/ardu_ws/install/sdformat_urdf:/home/gadzz/ardu_ws/install/ros_ign_interfaces:/home/gadzz/ardu_ws/install/ros_ign_image:/home/gadzz/ardu_ws/install/ros_ign_gazebo:/home/gadzz/ardu_ws/install/ros_ign_bridge:/home/gadzz/ardu_ws/install/ros_gz_sim:/home/gadzz/ardu_ws/install/ros_gz_image:/home/gadzz/ardu_ws/install/ros_gz_bridge:/home/gadzz/ardu_ws/install/ros_gz_interfaces:/home/gadzz/ardu_ws/install/ardupilot_dds_tests:/home/gadzz/ardu_ws/install/ardupilot_sitl:/home/gadzz/ardu_ws/install/micro_ros_agent:/home/gadzz/ardu_ws/install/keyboard:/home/gadzz/ardu_ws/install/keyboard_msgs:/home/gadzz/ardu_ws/install/ardupilot_sitl_models:/home/gadzz/ardu_ws/install/ardupilot_msgs:/home/gadzz/ardu_ws/install/ardupilot_gz_gazebo:/home/gadzz/ardu_ws/install/ardupilot_gz_description:/home/gadzz/ardu_ws/install/ardupilot_gz_application:/home/gadzz/ardu_ws/install/ardupilot_gazebo:/opt/ros/humble'), ('LC_NAME', 'id_ID.UTF-8'), ('SHELL', '/usr/bin/zsh'), ('GDMSESSION', 'awesome'), ('QT_ACCESSIBILITY', '1'), ('IGN_GAZEBO_RESOURCE_PATH', '/home/gadzz/ardu_ws/install/ros_gz_sim_demos/share'), ('LC_MEASUREMENT', 'id_ID.UTF-8'), ('GPG_AGENT_INFO', '/run/user/1000/gnupg/S.gpg-agent:0:1'), ('GZ_VERSION', 'harmonic'), ('LC_IDENTIFICATION', 'id_ID.UTF-8'), ('ALACRITTY_WINDOW_ID', '35651589'), ('QT_IM_MODULE', 'ibus'), ('XDG_VTNR', '2'), ('PWD', '/home/gadzz/tubitak_ws/build/mission_center'), ('CLUTTER_IM_MODULE', 'ibus'), ('XDG_CONFIG_DIRS', '/etc/xdg/xdg-awesome:/etc/xdg'), ('XDG_DATA_DIRS', '/usr/share/awesome:/usr/share/gnome:/usr/local/share/:/usr/share/:/var/lib/snapd/desktop'), ('LC_NUMERIC', 'id_ID.UTF-8'), ('PYTHONPATH', '/home/gadzz/tubitak_ws/install/keyboard_msgs/local/lib/python3.10/dist-packages:/home/gadzz/ardu_ws/install/ros_ign_interfaces/local/lib/python3.10/dist-packages:/home/gadzz/ardu_ws/install/ros_gz_interfaces/local/lib/python3.10/dist-packages:/home/gadzz/ardu_ws/install/ardupilot_dds_tests/lib/python3.10/site-packages:/home/gadzz/ardu_ws/install/ardupilot_sitl/local/lib/python3.10/dist-packages:/home/gadzz/ardu_ws/install/keyboard_msgs/local/lib/python3.10/dist-packages:/home/gadzz/ardu_ws/install/ardupilot_msgs/local/lib/python3.10/dist-packages:/opt/ros/humble/lib/python3.10/site-packages:/opt/ros/humble/local/lib/python3.10/dist-packages'), ('LC_PAPER', 'id_ID.UTF-8'), ('TMUX_PLUGIN_MANAGER_PATH', '/home/gadzz/.config/tmux/plugins/'), ('COLCON', '1'), ('TERMINAL', 'alacritty'), ('TMUX_PANE', '%5'), ('CMAKE_PREFIX_PATH', '/home/gadzz/tubitak_ws/install/keyboard_msgs:/home/gadzz/ardu_ws/install/test_ros_gz_bridge:/home/gadzz/ardu_ws/install/ros_ign:/home/gadzz/ardu_ws/install/ros_ign_gazebo_demos:/home/gadzz/ardu_ws/install/ros_gz:/home/gadzz/ardu_ws/install/ros_gz_sim_demos:/home/gadzz/ardu_ws/install/ardupilot_gz_bringup:/home/gadzz/ardu_ws/install/sdformat_urdf:/home/gadzz/ardu_ws/install/sdformat_test_files:/home/gadzz/ardu_ws/install/ros_ign_interfaces:/home/gadzz/ardu_ws/install/ros_ign_image:/home/gadzz/ardu_ws/install/ros_ign_gazebo:/home/gadzz/ardu_ws/install/ros_ign_bridge:/home/gadzz/ardu_ws/install/ros_gz_sim:/home/gadzz/ardu_ws/install/ros_gz_image:/home/gadzz/ardu_ws/install/ros_gz_bridge:/home/gadzz/ardu_ws/install/ros_gz_interfaces:/home/gadzz/ardu_ws/install/ardupilot_sitl:/home/gadzz/ardu_ws/install/micro_ros_agent:/home/gadzz/ardu_ws/install/keyboard:/home/gadzz/ardu_ws/install/keyboard_msgs:/home/gadzz/ardu_ws/install/ardupilot_sitl_models:/home/gadzz/ardu_ws/install/ardupilot_msgs:/home/gadzz/ardu_ws/install/ardupilot_gz_gazebo:/home/gadzz/ardu_ws/install/ardupilot_gz_description:/home/gadzz/ardu_ws/install/ardupilot_gz_application:/home/gadzz/ardu_ws/install/ardupilot_gazebo:/home/gadzz/ardu_ws/install/ardupilot_dds_tests:/opt/ros/humble'), ('EDITOR', 'geany'), ('HISTORY_IGNORE', '(ls|cd|pwd|exit|sudo reboot|history|cd -|cd ..)')]), 'shell': False}
[43.040818] (-) TimerEvent: {}
[43.050152] (mission_center) StdoutLine: {'line': b'-- Install configuration: ""\n'}
[43.050539] (mission_center) StdoutLine: {'line': b'-- Installing: /home/gadzz/tubitak_ws/install/mission_center/lib/libuav_mission.so\n'}
[43.071117] (mission_center) StdoutLine: {'line': b'-- Set runtime path of "/home/gadzz/tubitak_ws/install/mission_center/lib/libuav_mission.so" to ""\n'}
[43.071512] (mission_center) StdoutLine: {'line': b'-- Installing: /home/gadzz/tubitak_ws/install/mission_center/lib/mission_center/pilot_node\n'}
[43.072133] (mission_center) StdoutLine: {'line': b'-- Set runtime path of "/home/gadzz/tubitak_ws/install/mission_center/lib/mission_center/pilot_node" to ""\n'}
[43.072237] (mission_center) StdoutLine: {'line': b'-- Up-to-date: /home/gadzz/tubitak_ws/install/mission_center/lib/mission_center/safety_node\n'}
[43.072332] (mission_center) StdoutLine: {'line': b'-- Installing: /home/gadzz/tubitak_ws/install/mission_center/lib/mission_center/ui_node\n'}
[43.074457] (mission_center) StdoutLine: {'line': b'-- Set runtime path of "/home/gadzz/tubitak_ws/install/mission_center/lib/mission_center/ui_node" to ""\n'}
[43.074578] (mission_center) StdoutLine: {'line': b'-- Up-to-date: /home/gadzz/tubitak_ws/install/mission_center/share/mission_center/environment/library_path.sh\n'}
[43.074624] (mission_center) StdoutLine: {'line': b'-- Up-to-date: /home/gadzz/tubitak_ws/install/mission_center/share/mission_center/environment/library_path.dsv\n'}
[43.074668] (mission_center) StdoutLine: {'line': b'-- Up-to-date: /home/gadzz/tubitak_ws/install/mission_center/share/ament_index/resource_index/package_run_dependencies/mission_center\n'}
[43.074713] (mission_center) StdoutLine: {'line': b'-- Up-to-date: /home/gadzz/tubitak_ws/install/mission_center/share/ament_index/resource_index/parent_prefix_path/mission_center\n'}
[43.074806] (mission_center) StdoutLine: {'line': b'-- Up-to-date: /home/gadzz/tubitak_ws/install/mission_center/share/mission_center/environment/ament_prefix_path.sh\n'}
[43.074848] (mission_center) StdoutLine: {'line': b'-- Up-to-date: /home/gadzz/tubitak_ws/install/mission_center/share/mission_center/environment/ament_prefix_path.dsv\n'}
[43.074884] (mission_center) StdoutLine: {'line': b'-- Up-to-date: /home/gadzz/tubitak_ws/install/mission_center/share/mission_center/environment/path.sh\n'}
[43.074937] (mission_center) StdoutLine: {'line': b'-- Up-to-date: /home/gadzz/tubitak_ws/install/mission_center/share/mission_center/environment/path.dsv\n'}
[43.074996] (mission_center) StdoutLine: {'line': b'-- Up-to-date: /home/gadzz/tubitak_ws/install/mission_center/share/mission_center/local_setup.bash\n'}
[43.075055] (mission_center) StdoutLine: {'line': b'-- Up-to-date: /home/gadzz/tubitak_ws/install/mission_center/share/mission_center/local_setup.sh\n'}
[43.075103] (mission_center) StdoutLine: {'line': b'-- Up-to-date: /home/gadzz/tubitak_ws/install/mission_center/share/mission_center/local_setup.zsh\n'}
[43.075149] (mission_center) StdoutLine: {'line': b'-- Up-to-date: /home/gadzz/tubitak_ws/install/mission_center/share/mission_center/local_setup.dsv\n'}
[43.075195] (mission_center) StdoutLine: {'line': b'-- Installing: /home/gadzz/tubitak_ws/install/mission_center/share/mission_center/package.dsv\n'}
[43.075279] (mission_center) StdoutLine: {'line': b'-- Up-to-date: /home/gadzz/tubitak_ws/install/mission_center/share/ament_index/resource_index/packages/mission_center\n'}
[43.075380] (mission_center) StdoutLine: {'line': b'-- Up-to-date: /home/gadzz/tubitak_ws/install/mission_center/share/mission_center/cmake/ament_cmake_export_include_directories-extras.cmake\n'}
[43.075437] (mission_center) StdoutLine: {'line': b'-- Up-to-date: /home/gadzz/tubitak_ws/install/mission_center/share/mission_center/cmake/ament_cmake_export_libraries-extras.cmake\n'}
[43.075497] (mission_center) StdoutLine: {'line': b'-- Up-to-date: /home/gadzz/tubitak_ws/install/mission_center/share/mission_center/cmake/mission_centerConfig.cmake\n'}
[43.075549] (mission_center) StdoutLine: {'line': b'-- Up-to-date: /home/gadzz/tubitak_ws/install/mission_center/share/mission_center/cmake/mission_centerConfig-version.cmake\n'}
[43.075599] (mission_center) StdoutLine: {'line': b'-- Up-to-date: /home/gadzz/tubitak_ws/install/mission_center/share/mission_center/package.xml\n'}
[43.079426] (mission_center) CommandEnded: {'returncode': 0}
[43.101709] (mission_center) JobEnded: {'identifier': 'mission_center', 'rc': 0}
[43.102737] (-) EventReactorShutdown: {}
