[0.000000] (-) TimerEvent: {}
[0.001530] (keyboard_msgs) JobQueued: {'identifier': 'keyboard_msgs', 'dependencies': OrderedDict()}
[0.002265] (keyboard) JobQueued: {'identifier': 'keyboard', 'dependencies': OrderedDict([('keyboard_msgs', '/home/gadzz/Workspace/VTOL-MissionCenter/install/keyboard_msgs')])}
[0.002310] (mission_center) JobQueued: {'identifier': 'mission_center', 'dependencies': OrderedDict([('keyboard_msgs', '/home/gadzz/Workspace/VTOL-MissionCenter/install/keyboard_msgs')])}
[0.002329] (keyboard_msgs) JobStarted: {'identifier': 'keyboard_msgs'}
[0.020631] (keyboard_msgs) JobProgress: {'identifier': 'keyboard_msgs', 'progress': 'cmake'}
[0.021945] (keyboard_msgs) JobProgress: {'identifier': 'keyboard_msgs', 'progress': 'build'}
[0.023189] (keyboard_msgs) Command: {'cmd': ['/usr/bin/cmake', '--build', '/home/gadzz/Workspace/VTOL-MissionCenter/build/keyboard_msgs', '--', '-j8', '-l8'], 'cwd': '/home/gadzz/Workspace/VTOL-MissionCenter/build/keyboard_msgs', 'env': OrderedDict([('LESSOPEN', '| /usr/bin/lesspipe %s'), ('KDE_FULL_SESSION', 'true'), ('TMUX', '/tmp/tmux-1000/default,12136,0'), ('USER', 'gadzz'), ('PAM_KWALLET5_LOGIN', '/run/user/1000/kwallet5.socket'), ('LC_TIME', 'id_ID.UTF-8'), ('XDG_SEAT', 'seat0'), ('SSH_AGENT_PID', '2500'), ('XDG_SESSION_TYPE', 'x11'), ('XCURSOR_SIZE', '24'), ('SHLVL', '3'), ('LD_LIBRARY_PATH', '/home/gadzz/Workspace/VTOL-MissionCenter/install/mission_center/lib:/home/gadzz/Workspace/VTOL-MissionCenter/install/keyboard_msgs/lib:/opt/ros/humble/opt/rviz_ogre_vendor/lib:/opt/ros/humble/lib/x86_64-linux-gnu:/opt/ros/humble/lib'), ('LESS', '-R'), ('HOME', '/home/gadzz'), ('KDE_APPLICATIONS_AS_SCOPE', '1'), ('OLDPWD', '/home/gadzz/Workspace/VTOL-MissionCenter/build/mission_center'), ('TERM_PROGRAM_VERSION', '3.5a'), ('DESKTOP_SESSION', 'plasma'), ('LSCOLORS', 'Gxfxcxdxbxegedabagacad'), ('ZSH', '/home/gadzz/.oh-my-zsh'), ('ROS_PYTHON_VERSION', '3'), ('GTK_RC_FILES', '/etc/gtk/gtkrc:/home/gadzz/.gtkrc:/home/gadzz/.config/gtkrc'), ('GTK_MODULES', 'gail:atk-bridge'), ('XDG_SEAT_PATH', '/org/freedesktop/DisplayManager/Seat0'), ('KDE_SESSION_VERSION', '5'), ('PAGER', 'less'), ('LC_MONETARY', 'id_ID.UTF-8'), ('SYSTEMD_EXEC_PID', '2353'), ('DBUS_SESSION_BUS_ADDRESS', 'unix:path=/run/user/1000/bus'), ('COLORTERM', 'truecolor'), ('LIBVIRT_DEFAULT_URI', 'qemu:///system'), ('IM_CONFIG_PHASE', '1'), ('ROS_DISTRO', 'humble'), ('COLCON_PREFIX_PATH', '/home/gadzz/Workspace/VTOL-MissionCenter/install'), ('GTK_IM_MODULE', 'ibus'), ('LOGNAME', 'gadzz'), ('ALACRITTY_SOCKET', '/run/user/1000/Alacritty-:0-11977.sock'), ('WINDOWID', '113246213'), ('QT_AUTO_SCREEN_SCALE_FACTOR', '0'), ('_', '/usr/bin/colcon'), ('ROS_VERSION', '2'), ('XDG_SESSION_CLASS', 'user'), ('TERM', 'tmux-256color'), ('XDG_SESSION_ID', '4'), ('ALACRITTY_LOG', '/tmp/Alacritty-11977.log'), ('ROS_LOCALHOST_ONLY', '0'), ('GTK2_RC_FILES', '/etc/gtk-2.0/gtkrc:/home/gadzz/.gtkrc-2.0:/home/gadzz/.config/gtkrc-2.0'), ('PATH', '/home/gadzz/.cargo/bin:/home/gadzz/local/bin:/opt/ros/humble/bin:/home/gadzz/.cargo/bin:/home/gadzz/local/bin:/home/gadzz/.cargo/bin:/opt/gcc-arm-none-eabi-9-2020-q2-update/bin:/home/gadzz/.local/bin:/usr/local/sbin:/usr/local/bin:/usr/sbin:/usr/bin:/sbin:/bin:/usr/games:/usr/local/games:/snap/bin:/home/gadzz/.fzf/bin:/home/gadzz/Downloads/Micro-XRCE-DDS-Gen/scripts'), ('SESSION_MANAGER', 'local/gadzz:@/tmp/.ICE-unix/2714,unix/gadzz:/tmp/.ICE-unix/2714'), ('XDG_SESSION_PATH', '/org/freedesktop/DisplayManager/Session1'), ('LC_ADDRESS', 'id_ID.UTF-8'), ('XDG_RUNTIME_DIR', '/run/user/1000'), ('XCURSOR_THEME', 'breeze_cursors'), ('DISPLAY', ':0'), ('LANG', 'en_US.UTF-8'), ('XDG_CURRENT_DESKTOP', 'KDE'), ('LC_TELEPHONE', 'id_ID.UTF-8'), ('XMODIFIERS', '@im=ibus'), ('XDG_SESSION_DESKTOP', 'KDE'), ('XAUTHORITY', '/home/gadzz/.Xauthority'), ('LS_COLORS', 'rs=0:di=01;34:ln=01;36:mh=00:pi=40;33:so=01;35:do=01;35:bd=40;33;01:cd=40;33;01:or=40;31;01:mi=00:su=37;41:sg=30;43:ca=30;41:tw=30;42:ow=34;42:st=37;44:ex=01;32:*.tar=01;31:*.tgz=01;31:*.arc=01;31:*.arj=01;31:*.taz=01;31:*.lha=01;31:*.lz4=01;31:*.lzh=01;31:*.lzma=01;31:*.tlz=01;31:*.txz=01;31:*.tzo=01;31:*.t7z=01;31:*.zip=01;31:*.z=01;31:*.dz=01;31:*.gz=01;31:*.lrz=01;31:*.lz=01;31:*.lzo=01;31:*.xz=01;31:*.zst=01;31:*.tzst=01;31:*.bz2=01;31:*.bz=01;31:*.tbz=01;31:*.tbz2=01;31:*.tz=01;31:*.deb=01;31:*.rpm=01;31:*.jar=01;31:*.war=01;31:*.ear=01;31:*.sar=01;31:*.rar=01;31:*.alz=01;31:*.ace=01;31:*.zoo=01;31:*.cpio=01;31:*.7z=01;31:*.rz=01;31:*.cab=01;31:*.wim=01;31:*.swm=01;31:*.dwm=01;31:*.esd=01;31:*.jpg=01;35:*.jpeg=01;35:*.mjpg=01;35:*.mjpeg=01;35:*.gif=01;35:*.bmp=01;35:*.pbm=01;35:*.pgm=01;35:*.ppm=01;35:*.tga=01;35:*.xbm=01;35:*.xpm=01;35:*.tif=01;35:*.tiff=01;35:*.png=01;35:*.svg=01;35:*.svgz=01;35:*.mng=01;35:*.pcx=01;35:*.mov=01;35:*.mpg=01;35:*.mpeg=01;35:*.m2v=01;35:*.mkv=01;35:*.webm=01;35:*.webp=01;35:*.ogm=01;35:*.mp4=01;35:*.m4v=01;35:*.mp4v=01;35:*.vob=01;35:*.qt=01;35:*.nuv=01;35:*.wmv=01;35:*.asf=01;35:*.rm=01;35:*.rmvb=01;35:*.flc=01;35:*.avi=01;35:*.fli=01;35:*.flv=01;35:*.gl=01;35:*.dl=01;35:*.xcf=01;35:*.xwd=01;35:*.yuv=01;35:*.cgm=01;35:*.emf=01;35:*.ogv=01;35:*.ogx=01;35:*.aac=00;36:*.au=00;36:*.flac=00;36:*.m4a=00;36:*.mid=00;36:*.midi=00;36:*.mka=00;36:*.mp3=00;36:*.mpc=00;36:*.ogg=00;36:*.ra=00;36:*.wav=00;36:*.oga=00;36:*.opus=00;36:*.spx=00;36:*.xspf=00;36:'), ('TERM_PROGRAM', 'tmux'), ('SSH_AUTH_SOCK', '/tmp/ssh-XXXXXXhQJ7UG/agent.2413'), ('AMENT_PREFIX_PATH', '/home/gadzz/Workspace/VTOL-MissionCenter/install/mission_center:/home/gadzz/Workspace/VTOL-MissionCenter/install/keyboard:/home/gadzz/Workspace/VTOL-MissionCenter/install/keyboard_msgs:/opt/ros/humble'), ('SHELL', '/bin/bash'), ('LC_NAME', 'id_ID.UTF-8'), ('QT_ACCESSIBILITY', '1'), ('LESSCLOSE', '/usr/bin/lesspipe %s %s'), ('LC_MEASUREMENT', 'id_ID.UTF-8'), ('GPG_AGENT_INFO', '/run/user/1000/gnupg/S.gpg-agent:0:1'), ('LC_IDENTIFICATION', 'id_ID.UTF-8'), ('QT_IM_MODULE', 'ibus'), ('XDG_VTNR', '1'), ('ALACRITTY_WINDOW_ID', '113246213'), ('PWD', '/home/gadzz/Workspace/VTOL-MissionCenter/build/keyboard_msgs'), ('LC_ALL', 'en_US.UTF-8'), ('XDG_CONFIG_DIRS', '/home/gadzz/.config/kdedefaults:/etc/xdg/xdg-plasma:/etc/xdg'), ('CLUTTER_IM_MODULE', 'ibus'), ('XDG_DATA_DIRS', '/usr/share/plasma:/usr/share/gnome:/usr/local/share:/usr/share:/var/lib/snapd/desktop'), ('PYTHONPATH', '/home/gadzz/Workspace/VTOL-MissionCenter/install/keyboard_msgs/local/lib/python3.10/dist-packages:/opt/ros/humble/lib/python3.10/site-packages:/opt/ros/humble/local/lib/python3.10/dist-packages'), ('LC_NUMERIC', 'id_ID.UTF-8'), ('TMUX_PLUGIN_MANAGER_PATH', '/home/gadzz/.config/tmux/plugins/'), ('LC_PAPER', 'id_ID.UTF-8'), ('KDE_SESSION_UID', '1000'), ('COLCON', '1'), ('TMUX_PANE', '%1'), ('CMAKE_PREFIX_PATH', '/home/gadzz/Workspace/VTOL-MissionCenter/install/mission_center:/home/gadzz/Workspace/VTOL-MissionCenter/install/keyboard:/home/gadzz/Workspace/VTOL-MissionCenter/install/keyboard_msgs:/opt/ros/humble')]), 'shell': False}
[0.099980] (-) TimerEvent: {}
[0.128731] (keyboard_msgs) StdoutLine: {'line': b'[  3%] Built target keyboard_msgs__cpp\n'}
[0.184052] (keyboard_msgs) StdoutLine: {'line': b'[  3%] Built target ament_cmake_python_copy_keyboard_msgs\n'}
[0.200243] (-) TimerEvent: {}
[0.232705] (keyboard_msgs) StdoutLine: {'line': b'[ 12%] Built target keyboard_msgs__rosidl_typesupport_introspection_cpp\n'}
[0.300316] (-) TimerEvent: {}
[0.401555] (-) TimerEvent: {}
[0.502271] (-) TimerEvent: {}
[0.588581] (keyboard_msgs) StdoutLine: {'line': b'running egg_info\n'}
[0.602443] (-) TimerEvent: {}
[0.615151] (keyboard_msgs) StdoutLine: {'line': b'writing keyboard_msgs.egg-info/PKG-INFO\n'}
[0.615637] (keyboard_msgs) StdoutLine: {'line': b'writing dependency_links to keyboard_msgs.egg-info/dependency_links.txt\n'}
[0.615942] (keyboard_msgs) StdoutLine: {'line': b'writing top-level names to keyboard_msgs.egg-info/top_level.txt\n'}
[0.696430] (keyboard_msgs) StdoutLine: {'line': b"reading manifest file 'keyboard_msgs.egg-info/SOURCES.txt'\n"}
[0.698064] (keyboard_msgs) StdoutLine: {'line': b"writing manifest file 'keyboard_msgs.egg-info/SOURCES.txt'\n"}
[0.702658] (-) TimerEvent: {}
[0.770296] (keyboard_msgs) StdoutLine: {'line': b'[ 12%] Built target ament_cmake_python_build_keyboard_msgs_egg\n'}
[0.803186] (-) TimerEvent: {}
[0.809752] (keyboard_msgs) StdoutLine: {'line': b'[ 22%] Built target keyboard_msgs__rosidl_typesupport_fastrtps_cpp\n'}
[0.849091] (keyboard_msgs) StdoutLine: {'line': b'[ 32%] Built target keyboard_msgs__rosidl_typesupport_cpp\n'}
[0.885348] (keyboard_msgs) StdoutLine: {'line': b'[ 41%] Built target keyboard_msgs__rosidl_generator_c\n'}
[0.902879] (-) TimerEvent: {}
[0.934543] (keyboard_msgs) StdoutLine: {'line': b'[ 51%] Built target keyboard_msgs__rosidl_typesupport_fastrtps_c\n'}
[0.973612] (keyboard_msgs) StdoutLine: {'line': b'[ 61%] Built target keyboard_msgs__rosidl_typesupport_c\n'}
[1.003000] (-) TimerEvent: {}
[1.011063] (keyboard_msgs) StdoutLine: {'line': b'[ 70%] Built target keyboard_msgs__rosidl_typesupport_introspection_c\n'}
[1.048644] (keyboard_msgs) StdoutLine: {'line': b'[ 70%] Built target keyboard_msgs\n'}
[1.090158] (keyboard_msgs) StdoutLine: {'line': b'[ 74%] Built target keyboard_msgs__py\n'}
[1.103145] (-) TimerEvent: {}
[1.124756] (keyboard_msgs) StdoutLine: {'line': b'[ 80%] Built target keyboard_msgs__rosidl_generator_py\n'}
[1.160477] (keyboard_msgs) StdoutLine: {'line': b'[ 87%] Built target keyboard_msgs__rosidl_typesupport_fastrtps_c__pyext\n'}
[1.203319] (-) TimerEvent: {}
[1.209022] (keyboard_msgs) StdoutLine: {'line': b'[ 93%] Built target keyboard_msgs__rosidl_typesupport_c__pyext\n'}
[1.250758] (keyboard_msgs) StdoutLine: {'line': b'[100%] Built target keyboard_msgs__rosidl_typesupport_introspection_c__pyext\n'}
[1.272228] (keyboard_msgs) CommandEnded: {'returncode': 0}
[1.274066] (keyboard_msgs) JobProgress: {'identifier': 'keyboard_msgs', 'progress': 'install'}
[1.294536] (keyboard_msgs) Command: {'cmd': ['/usr/bin/cmake', '--install', '/home/gadzz/Workspace/VTOL-MissionCenter/build/keyboard_msgs'], 'cwd': '/home/gadzz/Workspace/VTOL-MissionCenter/build/keyboard_msgs', 'env': OrderedDict([('LESSOPEN', '| /usr/bin/lesspipe %s'), ('KDE_FULL_SESSION', 'true'), ('TMUX', '/tmp/tmux-1000/default,12136,0'), ('USER', 'gadzz'), ('PAM_KWALLET5_LOGIN', '/run/user/1000/kwallet5.socket'), ('LC_TIME', 'id_ID.UTF-8'), ('XDG_SEAT', 'seat0'), ('SSH_AGENT_PID', '2500'), ('XDG_SESSION_TYPE', 'x11'), ('XCURSOR_SIZE', '24'), ('SHLVL', '3'), ('LD_LIBRARY_PATH', '/home/gadzz/Workspace/VTOL-MissionCenter/install/mission_center/lib:/home/gadzz/Workspace/VTOL-MissionCenter/install/keyboard_msgs/lib:/opt/ros/humble/opt/rviz_ogre_vendor/lib:/opt/ros/humble/lib/x86_64-linux-gnu:/opt/ros/humble/lib'), ('LESS', '-R'), ('HOME', '/home/gadzz'), ('KDE_APPLICATIONS_AS_SCOPE', '1'), ('OLDPWD', '/home/gadzz/Workspace/VTOL-MissionCenter/build/mission_center'), ('TERM_PROGRAM_VERSION', '3.5a'), ('DESKTOP_SESSION', 'plasma'), ('LSCOLORS', 'Gxfxcxdxbxegedabagacad'), ('ZSH', '/home/gadzz/.oh-my-zsh'), ('ROS_PYTHON_VERSION', '3'), ('GTK_RC_FILES', '/etc/gtk/gtkrc:/home/gadzz/.gtkrc:/home/gadzz/.config/gtkrc'), ('GTK_MODULES', 'gail:atk-bridge'), ('XDG_SEAT_PATH', '/org/freedesktop/DisplayManager/Seat0'), ('KDE_SESSION_VERSION', '5'), ('PAGER', 'less'), ('LC_MONETARY', 'id_ID.UTF-8'), ('SYSTEMD_EXEC_PID', '2353'), ('DBUS_SESSION_BUS_ADDRESS', 'unix:path=/run/user/1000/bus'), ('COLORTERM', 'truecolor'), ('LIBVIRT_DEFAULT_URI', 'qemu:///system'), ('IM_CONFIG_PHASE', '1'), ('ROS_DISTRO', 'humble'), ('COLCON_PREFIX_PATH', '/home/gadzz/Workspace/VTOL-MissionCenter/install'), ('GTK_IM_MODULE', 'ibus'), ('LOGNAME', 'gadzz'), ('ALACRITTY_SOCKET', '/run/user/1000/Alacritty-:0-11977.sock'), ('WINDOWID', '113246213'), ('QT_AUTO_SCREEN_SCALE_FACTOR', '0'), ('_', '/usr/bin/colcon'), ('ROS_VERSION', '2'), ('XDG_SESSION_CLASS', 'user'), ('TERM', 'tmux-256color'), ('XDG_SESSION_ID', '4'), ('ALACRITTY_LOG', '/tmp/Alacritty-11977.log'), ('ROS_LOCALHOST_ONLY', '0'), ('GTK2_RC_FILES', '/etc/gtk-2.0/gtkrc:/home/gadzz/.gtkrc-2.0:/home/gadzz/.config/gtkrc-2.0'), ('PATH', '/home/gadzz/.cargo/bin:/home/gadzz/local/bin:/opt/ros/humble/bin:/home/gadzz/.cargo/bin:/home/gadzz/local/bin:/home/gadzz/.cargo/bin:/opt/gcc-arm-none-eabi-9-2020-q2-update/bin:/home/gadzz/.local/bin:/usr/local/sbin:/usr/local/bin:/usr/sbin:/usr/bin:/sbin:/bin:/usr/games:/usr/local/games:/snap/bin:/home/gadzz/.fzf/bin:/home/gadzz/Downloads/Micro-XRCE-DDS-Gen/scripts'), ('SESSION_MANAGER', 'local/gadzz:@/tmp/.ICE-unix/2714,unix/gadzz:/tmp/.ICE-unix/2714'), ('XDG_SESSION_PATH', '/org/freedesktop/DisplayManager/Session1'), ('LC_ADDRESS', 'id_ID.UTF-8'), ('XDG_RUNTIME_DIR', '/run/user/1000'), ('XCURSOR_THEME', 'breeze_cursors'), ('DISPLAY', ':0'), ('LANG', 'en_US.UTF-8'), ('XDG_CURRENT_DESKTOP', 'KDE'), ('LC_TELEPHONE', 'id_ID.UTF-8'), ('XMODIFIERS', '@im=ibus'), ('XDG_SESSION_DESKTOP', 'KDE'), ('XAUTHORITY', '/home/gadzz/.Xauthority'), ('LS_COLORS', 'rs=0:di=01;34:ln=01;36:mh=00:pi=40;33:so=01;35:do=01;35:bd=40;33;01:cd=40;33;01:or=40;31;01:mi=00:su=37;41:sg=30;43:ca=30;41:tw=30;42:ow=34;42:st=37;44:ex=01;32:*.tar=01;31:*.tgz=01;31:*.arc=01;31:*.arj=01;31:*.taz=01;31:*.lha=01;31:*.lz4=01;31:*.lzh=01;31:*.lzma=01;31:*.tlz=01;31:*.txz=01;31:*.tzo=01;31:*.t7z=01;31:*.zip=01;31:*.z=01;31:*.dz=01;31:*.gz=01;31:*.lrz=01;31:*.lz=01;31:*.lzo=01;31:*.xz=01;31:*.zst=01;31:*.tzst=01;31:*.bz2=01;31:*.bz=01;31:*.tbz=01;31:*.tbz2=01;31:*.tz=01;31:*.deb=01;31:*.rpm=01;31:*.jar=01;31:*.war=01;31:*.ear=01;31:*.sar=01;31:*.rar=01;31:*.alz=01;31:*.ace=01;31:*.zoo=01;31:*.cpio=01;31:*.7z=01;31:*.rz=01;31:*.cab=01;31:*.wim=01;31:*.swm=01;31:*.dwm=01;31:*.esd=01;31:*.jpg=01;35:*.jpeg=01;35:*.mjpg=01;35:*.mjpeg=01;35:*.gif=01;35:*.bmp=01;35:*.pbm=01;35:*.pgm=01;35:*.ppm=01;35:*.tga=01;35:*.xbm=01;35:*.xpm=01;35:*.tif=01;35:*.tiff=01;35:*.png=01;35:*.svg=01;35:*.svgz=01;35:*.mng=01;35:*.pcx=01;35:*.mov=01;35:*.mpg=01;35:*.mpeg=01;35:*.m2v=01;35:*.mkv=01;35:*.webm=01;35:*.webp=01;35:*.ogm=01;35:*.mp4=01;35:*.m4v=01;35:*.mp4v=01;35:*.vob=01;35:*.qt=01;35:*.nuv=01;35:*.wmv=01;35:*.asf=01;35:*.rm=01;35:*.rmvb=01;35:*.flc=01;35:*.avi=01;35:*.fli=01;35:*.flv=01;35:*.gl=01;35:*.dl=01;35:*.xcf=01;35:*.xwd=01;35:*.yuv=01;35:*.cgm=01;35:*.emf=01;35:*.ogv=01;35:*.ogx=01;35:*.aac=00;36:*.au=00;36:*.flac=00;36:*.m4a=00;36:*.mid=00;36:*.midi=00;36:*.mka=00;36:*.mp3=00;36:*.mpc=00;36:*.ogg=00;36:*.ra=00;36:*.wav=00;36:*.oga=00;36:*.opus=00;36:*.spx=00;36:*.xspf=00;36:'), ('TERM_PROGRAM', 'tmux'), ('SSH_AUTH_SOCK', '/tmp/ssh-XXXXXXhQJ7UG/agent.2413'), ('AMENT_PREFIX_PATH', '/home/gadzz/Workspace/VTOL-MissionCenter/install/mission_center:/home/gadzz/Workspace/VTOL-MissionCenter/install/keyboard:/home/gadzz/Workspace/VTOL-MissionCenter/install/keyboard_msgs:/opt/ros/humble'), ('SHELL', '/bin/bash'), ('LC_NAME', 'id_ID.UTF-8'), ('QT_ACCESSIBILITY', '1'), ('LESSCLOSE', '/usr/bin/lesspipe %s %s'), ('LC_MEASUREMENT', 'id_ID.UTF-8'), ('GPG_AGENT_INFO', '/run/user/1000/gnupg/S.gpg-agent:0:1'), ('LC_IDENTIFICATION', 'id_ID.UTF-8'), ('QT_IM_MODULE', 'ibus'), ('XDG_VTNR', '1'), ('ALACRITTY_WINDOW_ID', '113246213'), ('PWD', '/home/gadzz/Workspace/VTOL-MissionCenter/build/keyboard_msgs'), ('LC_ALL', 'en_US.UTF-8'), ('XDG_CONFIG_DIRS', '/home/gadzz/.config/kdedefaults:/etc/xdg/xdg-plasma:/etc/xdg'), ('CLUTTER_IM_MODULE', 'ibus'), ('XDG_DATA_DIRS', '/usr/share/plasma:/usr/share/gnome:/usr/local/share:/usr/share:/var/lib/snapd/desktop'), ('PYTHONPATH', '/home/gadzz/Workspace/VTOL-MissionCenter/install/keyboard_msgs/local/lib/python3.10/dist-packages:/opt/ros/humble/lib/python3.10/site-packages:/opt/ros/humble/local/lib/python3.10/dist-packages'), ('LC_NUMERIC', 'id_ID.UTF-8'), ('TMUX_PLUGIN_MANAGER_PATH', '/home/gadzz/.config/tmux/plugins/'), ('LC_PAPER', 'id_ID.UTF-8'), ('KDE_SESSION_UID', '1000'), ('COLCON', '1'), ('TMUX_PANE', '%1'), ('CMAKE_PREFIX_PATH', '/home/gadzz/Workspace/VTOL-MissionCenter/install/mission_center:/home/gadzz/Workspace/VTOL-MissionCenter/install/keyboard:/home/gadzz/Workspace/VTOL-MissionCenter/install/keyboard_msgs:/opt/ros/humble')]), 'shell': False}
[1.303524] (-) TimerEvent: {}
[1.305971] (keyboard_msgs) StdoutLine: {'line': b'-- Install configuration: ""\n'}
[1.306209] (keyboard_msgs) StdoutLine: {'line': b'-- Up-to-date: /home/gadzz/Workspace/VTOL-MissionCenter/install/keyboard_msgs/share/ament_index/resource_index/rosidl_interfaces/keyboard_msgs\n'}
[1.306473] (keyboard_msgs) StdoutLine: {'line': b'-- Up-to-date: /home/gadzz/Workspace/VTOL-MissionCenter/install/keyboard_msgs/include/keyboard_msgs/keyboard_msgs\n'}
[1.306815] (keyboard_msgs) StdoutLine: {'line': b'-- Up-to-date: /home/gadzz/Workspace/VTOL-MissionCenter/install/keyboard_msgs/include/keyboard_msgs/keyboard_msgs/msg\n'}
[1.306891] (keyboard_msgs) StdoutLine: {'line': b'-- Up-to-date: /home/gadzz/Workspace/VTOL-MissionCenter/install/keyboard_msgs/include/keyboard_msgs/keyboard_msgs/msg/detail\n'}
[1.306949] (keyboard_msgs) StdoutLine: {'line': b'-- Up-to-date: /home/gadzz/Workspace/VTOL-MissionCenter/install/keyboard_msgs/include/keyboard_msgs/keyboard_msgs/msg/detail/key__functions.c\n'}
[1.307010] (keyboard_msgs) StdoutLine: {'line': b'-- Up-to-date: /home/gadzz/Workspace/VTOL-MissionCenter/install/keyboard_msgs/include/keyboard_msgs/keyboard_msgs/msg/detail/key__type_support.h\n'}
[1.307066] (keyboard_msgs) StdoutLine: {'line': b'-- Up-to-date: /home/gadzz/Workspace/VTOL-MissionCenter/install/keyboard_msgs/include/keyboard_msgs/keyboard_msgs/msg/detail/key__functions.h\n'}
[1.307125] (keyboard_msgs) StdoutLine: {'line': b'-- Up-to-date: /home/gadzz/Workspace/VTOL-MissionCenter/install/keyboard_msgs/include/keyboard_msgs/keyboard_msgs/msg/detail/key__struct.h\n'}
[1.307182] (keyboard_msgs) StdoutLine: {'line': b'-- Up-to-date: /home/gadzz/Workspace/VTOL-MissionCenter/install/keyboard_msgs/include/keyboard_msgs/keyboard_msgs/msg/key.h\n'}
[1.307776] (keyboard_msgs) StdoutLine: {'line': b'-- Up-to-date: /home/gadzz/Workspace/VTOL-MissionCenter/install/keyboard_msgs/include/keyboard_msgs/keyboard_msgs/msg/rosidl_generator_c__visibility_control.h\n'}
[1.307877] (keyboard_msgs) StdoutLine: {'line': b'-- Up-to-date: /home/gadzz/Workspace/VTOL-MissionCenter/install/keyboard_msgs/share/keyboard_msgs/environment/library_path.sh\n'}
[1.307948] (keyboard_msgs) StdoutLine: {'line': b'-- Up-to-date: /home/gadzz/Workspace/VTOL-MissionCenter/install/keyboard_msgs/share/keyboard_msgs/environment/library_path.dsv\n'}
[1.308239] (keyboard_msgs) StdoutLine: {'line': b'-- Up-to-date: /home/gadzz/Workspace/VTOL-MissionCenter/install/keyboard_msgs/lib/libkeyboard_msgs__rosidl_generator_c.so\n'}
[1.308293] (keyboard_msgs) StdoutLine: {'line': b'-- Up-to-date: /home/gadzz/Workspace/VTOL-MissionCenter/install/keyboard_msgs/include/keyboard_msgs/keyboard_msgs\n'}
[1.308379] (keyboard_msgs) StdoutLine: {'line': b'-- Up-to-date: /home/gadzz/Workspace/VTOL-MissionCenter/install/keyboard_msgs/include/keyboard_msgs/keyboard_msgs/msg\n'}
[1.308420] (keyboard_msgs) StdoutLine: {'line': b'-- Up-to-date: /home/gadzz/Workspace/VTOL-MissionCenter/install/keyboard_msgs/include/keyboard_msgs/keyboard_msgs/msg/detail\n'}
[1.308492] (keyboard_msgs) StdoutLine: {'line': b'-- Up-to-date: /home/gadzz/Workspace/VTOL-MissionCenter/install/keyboard_msgs/include/keyboard_msgs/keyboard_msgs/msg/detail/key__rosidl_typesupport_fastrtps_c.h\n'}
[1.308567] (keyboard_msgs) StdoutLine: {'line': b'-- Up-to-date: /home/gadzz/Workspace/VTOL-MissionCenter/install/keyboard_msgs/include/keyboard_msgs/keyboard_msgs/msg/rosidl_typesupport_fastrtps_c__visibility_control.h\n'}
[1.308626] (keyboard_msgs) StdoutLine: {'line': b'-- Up-to-date: /home/gadzz/Workspace/VTOL-MissionCenter/install/keyboard_msgs/lib/libkeyboard_msgs__rosidl_typesupport_fastrtps_c.so\n'}
[1.308694] (keyboard_msgs) StdoutLine: {'line': b'-- Up-to-date: /home/gadzz/Workspace/VTOL-MissionCenter/install/keyboard_msgs/include/keyboard_msgs/keyboard_msgs\n'}
[1.308747] (keyboard_msgs) StdoutLine: {'line': b'-- Up-to-date: /home/gadzz/Workspace/VTOL-MissionCenter/install/keyboard_msgs/include/keyboard_msgs/keyboard_msgs/msg\n'}
[1.308799] (keyboard_msgs) StdoutLine: {'line': b'-- Up-to-date: /home/gadzz/Workspace/VTOL-MissionCenter/install/keyboard_msgs/include/keyboard_msgs/keyboard_msgs/msg/detail\n'}
[1.308871] (keyboard_msgs) StdoutLine: {'line': b'-- Up-to-date: /home/gadzz/Workspace/VTOL-MissionCenter/install/keyboard_msgs/include/keyboard_msgs/keyboard_msgs/msg/detail/key__struct.hpp\n'}
[1.308955] (keyboard_msgs) StdoutLine: {'line': b'-- Up-to-date: /home/gadzz/Workspace/VTOL-MissionCenter/install/keyboard_msgs/include/keyboard_msgs/keyboard_msgs/msg/detail/key__type_support.hpp\n'}
[1.309050] (keyboard_msgs) StdoutLine: {'line': b'-- Up-to-date: /home/gadzz/Workspace/VTOL-MissionCenter/install/keyboard_msgs/include/keyboard_msgs/keyboard_msgs/msg/detail/key__builder.hpp\n'}
[1.309138] (keyboard_msgs) StdoutLine: {'line': b'-- Up-to-date: /home/gadzz/Workspace/VTOL-MissionCenter/install/keyboard_msgs/include/keyboard_msgs/keyboard_msgs/msg/detail/key__traits.hpp\n'}
[1.309213] (keyboard_msgs) StdoutLine: {'line': b'-- Up-to-date: /home/gadzz/Workspace/VTOL-MissionCenter/install/keyboard_msgs/include/keyboard_msgs/keyboard_msgs/msg/key.hpp\n'}
[1.309310] (keyboard_msgs) StdoutLine: {'line': b'-- Up-to-date: /home/gadzz/Workspace/VTOL-MissionCenter/install/keyboard_msgs/include/keyboard_msgs/keyboard_msgs/msg/rosidl_generator_cpp__visibility_control.hpp\n'}
[1.309428] (keyboard_msgs) StdoutLine: {'line': b'-- Up-to-date: /home/gadzz/Workspace/VTOL-MissionCenter/install/keyboard_msgs/include/keyboard_msgs/keyboard_msgs\n'}
[1.309524] (keyboard_msgs) StdoutLine: {'line': b'-- Up-to-date: /home/gadzz/Workspace/VTOL-MissionCenter/install/keyboard_msgs/include/keyboard_msgs/keyboard_msgs/msg\n'}
[1.309613] (keyboard_msgs) StdoutLine: {'line': b'-- Up-to-date: /home/gadzz/Workspace/VTOL-MissionCenter/install/keyboard_msgs/include/keyboard_msgs/keyboard_msgs/msg/detail\n'}
[1.309718] (keyboard_msgs) StdoutLine: {'line': b'-- Up-to-date: /home/gadzz/Workspace/VTOL-MissionCenter/install/keyboard_msgs/include/keyboard_msgs/keyboard_msgs/msg/detail/key__rosidl_typesupport_fastrtps_cpp.hpp\n'}
[1.309810] (keyboard_msgs) StdoutLine: {'line': b'-- Up-to-date: /home/gadzz/Workspace/VTOL-MissionCenter/install/keyboard_msgs/include/keyboard_msgs/keyboard_msgs/msg/detail/dds_fastrtps\n'}
[1.309879] (keyboard_msgs) StdoutLine: {'line': b'-- Up-to-date: /home/gadzz/Workspace/VTOL-MissionCenter/install/keyboard_msgs/include/keyboard_msgs/keyboard_msgs/msg/rosidl_typesupport_fastrtps_cpp__visibility_control.h\n'}
[1.309957] (keyboard_msgs) StdoutLine: {'line': b'-- Up-to-date: /home/gadzz/Workspace/VTOL-MissionCenter/install/keyboard_msgs/lib/libkeyboard_msgs__rosidl_typesupport_fastrtps_cpp.so\n'}
[1.310029] (keyboard_msgs) StdoutLine: {'line': b'-- Up-to-date: /home/gadzz/Workspace/VTOL-MissionCenter/install/keyboard_msgs/include/keyboard_msgs/keyboard_msgs\n'}
[1.310078] (keyboard_msgs) StdoutLine: {'line': b'-- Up-to-date: /home/gadzz/Workspace/VTOL-MissionCenter/install/keyboard_msgs/include/keyboard_msgs/keyboard_msgs/msg\n'}
[1.310120] (keyboard_msgs) StdoutLine: {'line': b'-- Up-to-date: /home/gadzz/Workspace/VTOL-MissionCenter/install/keyboard_msgs/include/keyboard_msgs/keyboard_msgs/msg/detail\n'}
[1.310163] (keyboard_msgs) StdoutLine: {'line': b'-- Up-to-date: /home/gadzz/Workspace/VTOL-MissionCenter/install/keyboard_msgs/include/keyboard_msgs/keyboard_msgs/msg/detail/key__type_support.c\n'}
[1.310204] (keyboard_msgs) StdoutLine: {'line': b'-- Up-to-date: /home/gadzz/Workspace/VTOL-MissionCenter/install/keyboard_msgs/include/keyboard_msgs/keyboard_msgs/msg/detail/key__rosidl_typesupport_introspection_c.h\n'}
[1.310244] (keyboard_msgs) StdoutLine: {'line': b'-- Up-to-date: /home/gadzz/Workspace/VTOL-MissionCenter/install/keyboard_msgs/include/keyboard_msgs/keyboard_msgs/msg/rosidl_typesupport_introspection_c__visibility_control.h\n'}
[1.310283] (keyboard_msgs) StdoutLine: {'line': b'-- Up-to-date: /home/gadzz/Workspace/VTOL-MissionCenter/install/keyboard_msgs/lib/libkeyboard_msgs__rosidl_typesupport_introspection_c.so\n'}
[1.310329] (keyboard_msgs) StdoutLine: {'line': b'-- Up-to-date: /home/gadzz/Workspace/VTOL-MissionCenter/install/keyboard_msgs/lib/libkeyboard_msgs__rosidl_typesupport_c.so\n'}
[1.310499] (keyboard_msgs) StdoutLine: {'line': b'-- Up-to-date: /home/gadzz/Workspace/VTOL-MissionCenter/install/keyboard_msgs/include/keyboard_msgs/keyboard_msgs\n'}
[1.310811] (keyboard_msgs) StdoutLine: {'line': b'-- Up-to-date: /home/gadzz/Workspace/VTOL-MissionCenter/install/keyboard_msgs/include/keyboard_msgs/keyboard_msgs/msg\n'}
[1.311248] (keyboard_msgs) StdoutLine: {'line': b'-- Up-to-date: /home/gadzz/Workspace/VTOL-MissionCenter/install/keyboard_msgs/include/keyboard_msgs/keyboard_msgs/msg/detail\n'}
[1.311339] (keyboard_msgs) StdoutLine: {'line': b'-- Up-to-date: /home/gadzz/Workspace/VTOL-MissionCenter/install/keyboard_msgs/include/keyboard_msgs/keyboard_msgs/msg/detail/key__type_support.cpp\n'}
[1.311438] (keyboard_msgs) StdoutLine: {'line': b'-- Up-to-date: /home/gadzz/Workspace/VTOL-MissionCenter/install/keyboard_msgs/include/keyboard_msgs/keyboard_msgs/msg/detail/key__rosidl_typesupport_introspection_cpp.hpp\n'}
[1.311515] (keyboard_msgs) StdoutLine: {'line': b'-- Up-to-date: /home/gadzz/Workspace/VTOL-MissionCenter/install/keyboard_msgs/lib/libkeyboard_msgs__rosidl_typesupport_introspection_cpp.so\n'}
[1.311617] (keyboard_msgs) StdoutLine: {'line': b'-- Up-to-date: /home/gadzz/Workspace/VTOL-MissionCenter/install/keyboard_msgs/lib/libkeyboard_msgs__rosidl_typesupport_cpp.so\n'}
[1.311729] (keyboard_msgs) StdoutLine: {'line': b'-- Up-to-date: /home/gadzz/Workspace/VTOL-MissionCenter/install/keyboard_msgs/share/keyboard_msgs/environment/pythonpath.sh\n'}
[1.311819] (keyboard_msgs) StdoutLine: {'line': b'-- Up-to-date: /home/gadzz/Workspace/VTOL-MissionCenter/install/keyboard_msgs/share/keyboard_msgs/environment/pythonpath.dsv\n'}
[1.311941] (keyboard_msgs) StdoutLine: {'line': b'-- Up-to-date: /home/gadzz/Workspace/VTOL-MissionCenter/install/keyboard_msgs/local/lib/python3.10/dist-packages/keyboard_msgs-1.0.0-py3.10.egg-info\n'}
[1.312022] (keyboard_msgs) StdoutLine: {'line': b'-- Installing: /home/gadzz/Workspace/VTOL-MissionCenter/install/keyboard_msgs/local/lib/python3.10/dist-packages/keyboard_msgs-1.0.0-py3.10.egg-info/top_level.txt\n'}
[1.312094] (keyboard_msgs) StdoutLine: {'line': b'-- Installing: /home/gadzz/Workspace/VTOL-MissionCenter/install/keyboard_msgs/local/lib/python3.10/dist-packages/keyboard_msgs-1.0.0-py3.10.egg-info/PKG-INFO\n'}
[1.312197] (keyboard_msgs) StdoutLine: {'line': b'-- Installing: /home/gadzz/Workspace/VTOL-MissionCenter/install/keyboard_msgs/local/lib/python3.10/dist-packages/keyboard_msgs-1.0.0-py3.10.egg-info/dependency_links.txt\n'}
[1.312375] (keyboard_msgs) StdoutLine: {'line': b'-- Installing: /home/gadzz/Workspace/VTOL-MissionCenter/install/keyboard_msgs/local/lib/python3.10/dist-packages/keyboard_msgs-1.0.0-py3.10.egg-info/SOURCES.txt\n'}
[1.312448] (keyboard_msgs) StdoutLine: {'line': b'-- Up-to-date: /home/gadzz/Workspace/VTOL-MissionCenter/install/keyboard_msgs/local/lib/python3.10/dist-packages/keyboard_msgs\n'}
[1.312507] (keyboard_msgs) StdoutLine: {'line': b'-- Up-to-date: /home/gadzz/Workspace/VTOL-MissionCenter/install/keyboard_msgs/local/lib/python3.10/dist-packages/keyboard_msgs/_keyboard_msgs_s.ep.rosidl_typesupport_fastrtps_c.c\n'}
[1.312569] (keyboard_msgs) StdoutLine: {'line': b'-- Up-to-date: /home/gadzz/Workspace/VTOL-MissionCenter/install/keyboard_msgs/local/lib/python3.10/dist-packages/keyboard_msgs/msg\n'}
[1.312626] (keyboard_msgs) StdoutLine: {'line': b'-- Up-to-date: /home/gadzz/Workspace/VTOL-MissionCenter/install/keyboard_msgs/local/lib/python3.10/dist-packages/keyboard_msgs/msg/_key.py\n'}
[1.312714] (keyboard_msgs) StdoutLine: {'line': b'-- Up-to-date: /home/gadzz/Workspace/VTOL-MissionCenter/install/keyboard_msgs/local/lib/python3.10/dist-packages/keyboard_msgs/msg/_key_s.c\n'}
[1.312774] (keyboard_msgs) StdoutLine: {'line': b'-- Up-to-date: /home/gadzz/Workspace/VTOL-MissionCenter/install/keyboard_msgs/local/lib/python3.10/dist-packages/keyboard_msgs/msg/__init__.py\n'}
[1.312841] (keyboard_msgs) StdoutLine: {'line': b'-- Up-to-date: /home/gadzz/Workspace/VTOL-MissionCenter/install/keyboard_msgs/local/lib/python3.10/dist-packages/keyboard_msgs/_keyboard_msgs_s.ep.rosidl_typesupport_c.c\n'}
[1.312911] (keyboard_msgs) StdoutLine: {'line': b'-- Up-to-date: /home/gadzz/Workspace/VTOL-MissionCenter/install/keyboard_msgs/local/lib/python3.10/dist-packages/keyboard_msgs/libkeyboard_msgs__rosidl_generator_py.so\n'}
[1.312994] (keyboard_msgs) StdoutLine: {'line': b'-- Up-to-date: /home/gadzz/Workspace/VTOL-MissionCenter/install/keyboard_msgs/local/lib/python3.10/dist-packages/keyboard_msgs/_keyboard_msgs_s.ep.rosidl_typesupport_introspection_c.c\n'}
[1.313059] (keyboard_msgs) StdoutLine: {'line': b'-- Up-to-date: /home/gadzz/Workspace/VTOL-MissionCenter/install/keyboard_msgs/local/lib/python3.10/dist-packages/keyboard_msgs/keyboard_msgs_s__rosidl_typesupport_fastrtps_c.cpython-310-x86_64-linux-gnu.so\n'}
[1.313121] (keyboard_msgs) StdoutLine: {'line': b'-- Up-to-date: /home/gadzz/Workspace/VTOL-MissionCenter/install/keyboard_msgs/local/lib/python3.10/dist-packages/keyboard_msgs/__init__.py\n'}
[1.313193] (keyboard_msgs) StdoutLine: {'line': b'-- Up-to-date: /home/gadzz/Workspace/VTOL-MissionCenter/install/keyboard_msgs/local/lib/python3.10/dist-packages/keyboard_msgs/keyboard_msgs_s__rosidl_typesupport_c.cpython-310-x86_64-linux-gnu.so\n'}
[1.313262] (keyboard_msgs) StdoutLine: {'line': b'-- Up-to-date: /home/gadzz/Workspace/VTOL-MissionCenter/install/keyboard_msgs/local/lib/python3.10/dist-packages/keyboard_msgs/keyboard_msgs_s__rosidl_typesupport_introspection_c.cpython-310-x86_64-linux-gnu.so\n'}
[1.367748] (keyboard_msgs) StdoutLine: {'line': b"Listing '/home/gadzz/Workspace/VTOL-MissionCenter/install/keyboard_msgs/local/lib/python3.10/dist-packages/keyboard_msgs'...\n"}
[1.368125] (keyboard_msgs) StdoutLine: {'line': b"Listing '/home/gadzz/Workspace/VTOL-MissionCenter/install/keyboard_msgs/local/lib/python3.10/dist-packages/keyboard_msgs/msg'...\n"}
[1.376064] (keyboard_msgs) StdoutLine: {'line': b'-- Up-to-date: /home/gadzz/Workspace/VTOL-MissionCenter/install/keyboard_msgs/local/lib/python3.10/dist-packages/keyboard_msgs/keyboard_msgs_s__rosidl_typesupport_fastrtps_c.cpython-310-x86_64-linux-gnu.so\n'}
[1.376424] (keyboard_msgs) StdoutLine: {'line': b'-- Up-to-date: /home/gadzz/Workspace/VTOL-MissionCenter/install/keyboard_msgs/local/lib/python3.10/dist-packages/keyboard_msgs/keyboard_msgs_s__rosidl_typesupport_introspection_c.cpython-310-x86_64-linux-gnu.so\n'}
[1.376556] (keyboard_msgs) StdoutLine: {'line': b'-- Up-to-date: /home/gadzz/Workspace/VTOL-MissionCenter/install/keyboard_msgs/local/lib/python3.10/dist-packages/keyboard_msgs/keyboard_msgs_s__rosidl_typesupport_c.cpython-310-x86_64-linux-gnu.so\n'}
[1.377046] (keyboard_msgs) StdoutLine: {'line': b'-- Up-to-date: /home/gadzz/Workspace/VTOL-MissionCenter/install/keyboard_msgs/lib/libkeyboard_msgs__rosidl_generator_py.so\n'}
[1.377381] (keyboard_msgs) StdoutLine: {'line': b'-- Up-to-date: /home/gadzz/Workspace/VTOL-MissionCenter/install/keyboard_msgs/share/keyboard_msgs/msg/Key.idl\n'}
[1.377506] (keyboard_msgs) StdoutLine: {'line': b'-- Up-to-date: /home/gadzz/Workspace/VTOL-MissionCenter/install/keyboard_msgs/share/keyboard_msgs/msg/Key.msg\n'}
[1.377582] (keyboard_msgs) StdoutLine: {'line': b'-- Up-to-date: /home/gadzz/Workspace/VTOL-MissionCenter/install/keyboard_msgs/share/ament_index/resource_index/package_run_dependencies/keyboard_msgs\n'}
[1.377653] (keyboard_msgs) StdoutLine: {'line': b'-- Up-to-date: /home/gadzz/Workspace/VTOL-MissionCenter/install/keyboard_msgs/share/ament_index/resource_index/parent_prefix_path/keyboard_msgs\n'}
[1.377897] (keyboard_msgs) StdoutLine: {'line': b'-- Up-to-date: /home/gadzz/Workspace/VTOL-MissionCenter/install/keyboard_msgs/share/keyboard_msgs/environment/ament_prefix_path.sh\n'}
[1.378043] (keyboard_msgs) StdoutLine: {'line': b'-- Up-to-date: /home/gadzz/Workspace/VTOL-MissionCenter/install/keyboard_msgs/share/keyboard_msgs/environment/ament_prefix_path.dsv\n'}
[1.378139] (keyboard_msgs) StdoutLine: {'line': b'-- Up-to-date: /home/gadzz/Workspace/VTOL-MissionCenter/install/keyboard_msgs/share/keyboard_msgs/environment/path.sh\n'}
[1.378282] (keyboard_msgs) StdoutLine: {'line': b'-- Up-to-date: /home/gadzz/Workspace/VTOL-MissionCenter/install/keyboard_msgs/share/keyboard_msgs/environment/path.dsv\n'}
[1.378465] (keyboard_msgs) StdoutLine: {'line': b'-- Up-to-date: /home/gadzz/Workspace/VTOL-MissionCenter/install/keyboard_msgs/share/keyboard_msgs/local_setup.bash\n'}
[1.378567] (keyboard_msgs) StdoutLine: {'line': b'-- Up-to-date: /home/gadzz/Workspace/VTOL-MissionCenter/install/keyboard_msgs/share/keyboard_msgs/local_setup.sh\n'}
[1.378647] (keyboard_msgs) StdoutLine: {'line': b'-- Up-to-date: /home/gadzz/Workspace/VTOL-MissionCenter/install/keyboard_msgs/share/keyboard_msgs/local_setup.zsh\n'}
[1.378849] (keyboard_msgs) StdoutLine: {'line': b'-- Up-to-date: /home/gadzz/Workspace/VTOL-MissionCenter/install/keyboard_msgs/share/keyboard_msgs/local_setup.dsv\n'}
[1.378929] (keyboard_msgs) StdoutLine: {'line': b'-- Installing: /home/gadzz/Workspace/VTOL-MissionCenter/install/keyboard_msgs/share/keyboard_msgs/package.dsv\n'}
[1.379026] (keyboard_msgs) StdoutLine: {'line': b'-- Up-to-date: /home/gadzz/Workspace/VTOL-MissionCenter/install/keyboard_msgs/share/ament_index/resource_index/packages/keyboard_msgs\n'}
[1.379099] (keyboard_msgs) StdoutLine: {'line': b'-- Up-to-date: /home/gadzz/Workspace/VTOL-MissionCenter/install/keyboard_msgs/share/keyboard_msgs/cmake/export_keyboard_msgs__rosidl_generator_cExport.cmake\n'}
[1.379165] (keyboard_msgs) StdoutLine: {'line': b'-- Up-to-date: /home/gadzz/Workspace/VTOL-MissionCenter/install/keyboard_msgs/share/keyboard_msgs/cmake/export_keyboard_msgs__rosidl_generator_cExport-noconfig.cmake\n'}
[1.379232] (keyboard_msgs) StdoutLine: {'line': b'-- Up-to-date: /home/gadzz/Workspace/VTOL-MissionCenter/install/keyboard_msgs/share/keyboard_msgs/cmake/export_keyboard_msgs__rosidl_typesupport_fastrtps_cExport.cmake\n'}
[1.379293] (keyboard_msgs) StdoutLine: {'line': b'-- Up-to-date: /home/gadzz/Workspace/VTOL-MissionCenter/install/keyboard_msgs/share/keyboard_msgs/cmake/export_keyboard_msgs__rosidl_typesupport_fastrtps_cExport-noconfig.cmake\n'}
[1.379375] (keyboard_msgs) StdoutLine: {'line': b'-- Up-to-date: /home/gadzz/Workspace/VTOL-MissionCenter/install/keyboard_msgs/share/keyboard_msgs/cmake/export_keyboard_msgs__rosidl_generator_cppExport.cmake\n'}
[1.379438] (keyboard_msgs) StdoutLine: {'line': b'-- Up-to-date: /home/gadzz/Workspace/VTOL-MissionCenter/install/keyboard_msgs/share/keyboard_msgs/cmake/export_keyboard_msgs__rosidl_typesupport_fastrtps_cppExport.cmake\n'}
[1.379505] (keyboard_msgs) StdoutLine: {'line': b'-- Up-to-date: /home/gadzz/Workspace/VTOL-MissionCenter/install/keyboard_msgs/share/keyboard_msgs/cmake/export_keyboard_msgs__rosidl_typesupport_fastrtps_cppExport-noconfig.cmake\n'}
[1.379574] (keyboard_msgs) StdoutLine: {'line': b'-- Up-to-date: /home/gadzz/Workspace/VTOL-MissionCenter/install/keyboard_msgs/share/keyboard_msgs/cmake/keyboard_msgs__rosidl_typesupport_introspection_cExport.cmake\n'}
[1.379637] (keyboard_msgs) StdoutLine: {'line': b'-- Up-to-date: /home/gadzz/Workspace/VTOL-MissionCenter/install/keyboard_msgs/share/keyboard_msgs/cmake/keyboard_msgs__rosidl_typesupport_introspection_cExport-noconfig.cmake\n'}
[1.379909] (keyboard_msgs) StdoutLine: {'line': b'-- Up-to-date: /home/gadzz/Workspace/VTOL-MissionCenter/install/keyboard_msgs/share/keyboard_msgs/cmake/keyboard_msgs__rosidl_typesupport_cExport.cmake\n'}
[1.380012] (keyboard_msgs) StdoutLine: {'line': b'-- Up-to-date: /home/gadzz/Workspace/VTOL-MissionCenter/install/keyboard_msgs/share/keyboard_msgs/cmake/keyboard_msgs__rosidl_typesupport_cExport-noconfig.cmake\n'}
[1.380075] (keyboard_msgs) StdoutLine: {'line': b'-- Up-to-date: /home/gadzz/Workspace/VTOL-MissionCenter/install/keyboard_msgs/share/keyboard_msgs/cmake/keyboard_msgs__rosidl_typesupport_introspection_cppExport.cmake\n'}
[1.380131] (keyboard_msgs) StdoutLine: {'line': b'-- Up-to-date: /home/gadzz/Workspace/VTOL-MissionCenter/install/keyboard_msgs/share/keyboard_msgs/cmake/keyboard_msgs__rosidl_typesupport_introspection_cppExport-noconfig.cmake\n'}
[1.380195] (keyboard_msgs) StdoutLine: {'line': b'-- Up-to-date: /home/gadzz/Workspace/VTOL-MissionCenter/install/keyboard_msgs/share/keyboard_msgs/cmake/keyboard_msgs__rosidl_typesupport_cppExport.cmake\n'}
[1.380267] (keyboard_msgs) StdoutLine: {'line': b'-- Up-to-date: /home/gadzz/Workspace/VTOL-MissionCenter/install/keyboard_msgs/share/keyboard_msgs/cmake/keyboard_msgs__rosidl_typesupport_cppExport-noconfig.cmake\n'}
[1.380355] (keyboard_msgs) StdoutLine: {'line': b'-- Up-to-date: /home/gadzz/Workspace/VTOL-MissionCenter/install/keyboard_msgs/share/keyboard_msgs/cmake/export_keyboard_msgs__rosidl_generator_pyExport.cmake\n'}
[1.380413] (keyboard_msgs) StdoutLine: {'line': b'-- Up-to-date: /home/gadzz/Workspace/VTOL-MissionCenter/install/keyboard_msgs/share/keyboard_msgs/cmake/export_keyboard_msgs__rosidl_generator_pyExport-noconfig.cmake\n'}
[1.380476] (keyboard_msgs) StdoutLine: {'line': b'-- Up-to-date: /home/gadzz/Workspace/VTOL-MissionCenter/install/keyboard_msgs/share/keyboard_msgs/cmake/rosidl_cmake-extras.cmake\n'}
[1.380523] (keyboard_msgs) StdoutLine: {'line': b'-- Up-to-date: /home/gadzz/Workspace/VTOL-MissionCenter/install/keyboard_msgs/share/keyboard_msgs/cmake/ament_cmake_export_dependencies-extras.cmake\n'}
[1.380570] (keyboard_msgs) StdoutLine: {'line': b'-- Up-to-date: /home/gadzz/Workspace/VTOL-MissionCenter/install/keyboard_msgs/share/keyboard_msgs/cmake/ament_cmake_export_include_directories-extras.cmake\n'}
[1.380615] (keyboard_msgs) StdoutLine: {'line': b'-- Up-to-date: /home/gadzz/Workspace/VTOL-MissionCenter/install/keyboard_msgs/share/keyboard_msgs/cmake/ament_cmake_export_libraries-extras.cmake\n'}
[1.380667] (keyboard_msgs) StdoutLine: {'line': b'-- Up-to-date: /home/gadzz/Workspace/VTOL-MissionCenter/install/keyboard_msgs/share/keyboard_msgs/cmake/ament_cmake_export_targets-extras.cmake\n'}
[1.380802] (keyboard_msgs) StdoutLine: {'line': b'-- Up-to-date: /home/gadzz/Workspace/VTOL-MissionCenter/install/keyboard_msgs/share/keyboard_msgs/cmake/rosidl_cmake_export_typesupport_targets-extras.cmake\n'}
[1.380986] (keyboard_msgs) StdoutLine: {'line': b'-- Up-to-date: /home/gadzz/Workspace/VTOL-MissionCenter/install/keyboard_msgs/share/keyboard_msgs/cmake/rosidl_cmake_export_typesupport_libraries-extras.cmake\n'}
[1.381122] (keyboard_msgs) StdoutLine: {'line': b'-- Up-to-date: /home/gadzz/Workspace/VTOL-MissionCenter/install/keyboard_msgs/share/keyboard_msgs/cmake/keyboard_msgsConfig.cmake\n'}
[1.381201] (keyboard_msgs) StdoutLine: {'line': b'-- Up-to-date: /home/gadzz/Workspace/VTOL-MissionCenter/install/keyboard_msgs/share/keyboard_msgs/cmake/keyboard_msgsConfig-version.cmake\n'}
[1.381649] (keyboard_msgs) StdoutLine: {'line': b'-- Up-to-date: /home/gadzz/Workspace/VTOL-MissionCenter/install/keyboard_msgs/share/keyboard_msgs/package.xml\n'}
[1.384237] (keyboard_msgs) CommandEnded: {'returncode': 0}
[1.404306] (-) TimerEvent: {}
[1.418913] (keyboard_msgs) JobEnded: {'identifier': 'keyboard_msgs', 'rc': 0}
[1.421724] (keyboard) JobStarted: {'identifier': 'keyboard'}
[1.427577] (mission_center) JobStarted: {'identifier': 'mission_center'}
[1.437182] (keyboard) JobProgress: {'identifier': 'keyboard', 'progress': 'cmake'}
[1.438061] (keyboard) JobProgress: {'identifier': 'keyboard', 'progress': 'build'}
[1.438731] (keyboard) Command: {'cmd': ['/usr/bin/cmake', '--build', '/home/gadzz/Workspace/VTOL-MissionCenter/build/keyboard', '--', '-j8', '-l8'], 'cwd': '/home/gadzz/Workspace/VTOL-MissionCenter/build/keyboard', 'env': OrderedDict([('LESSOPEN', '| /usr/bin/lesspipe %s'), ('KDE_FULL_SESSION', 'true'), ('TMUX', '/tmp/tmux-1000/default,12136,0'), ('USER', 'gadzz'), ('PAM_KWALLET5_LOGIN', '/run/user/1000/kwallet5.socket'), ('LC_TIME', 'id_ID.UTF-8'), ('XDG_SEAT', 'seat0'), ('SSH_AGENT_PID', '2500'), ('XDG_SESSION_TYPE', 'x11'), ('XCURSOR_SIZE', '24'), ('SHLVL', '3'), ('LD_LIBRARY_PATH', '/home/gadzz/Workspace/VTOL-MissionCenter/install/keyboard_msgs/lib:/home/gadzz/Workspace/VTOL-MissionCenter/install/mission_center/lib:/opt/ros/humble/opt/rviz_ogre_vendor/lib:/opt/ros/humble/lib/x86_64-linux-gnu:/opt/ros/humble/lib'), ('LESS', '-R'), ('HOME', '/home/gadzz'), ('KDE_APPLICATIONS_AS_SCOPE', '1'), ('OLDPWD', '/home/gadzz/Workspace/VTOL-MissionCenter/build/mission_center'), ('TERM_PROGRAM_VERSION', '3.5a'), ('DESKTOP_SESSION', 'plasma'), ('LSCOLORS', 'Gxfxcxdxbxegedabagacad'), ('ZSH', '/home/gadzz/.oh-my-zsh'), ('ROS_PYTHON_VERSION', '3'), ('GTK_RC_FILES', '/etc/gtk/gtkrc:/home/gadzz/.gtkrc:/home/gadzz/.config/gtkrc'), ('GTK_MODULES', 'gail:atk-bridge'), ('XDG_SEAT_PATH', '/org/freedesktop/DisplayManager/Seat0'), ('KDE_SESSION_VERSION', '5'), ('PAGER', 'less'), ('LC_MONETARY', 'id_ID.UTF-8'), ('SYSTEMD_EXEC_PID', '2353'), ('DBUS_SESSION_BUS_ADDRESS', 'unix:path=/run/user/1000/bus'), ('COLORTERM', 'truecolor'), ('LIBVIRT_DEFAULT_URI', 'qemu:///system'), ('IM_CONFIG_PHASE', '1'), ('ROS_DISTRO', 'humble'), ('COLCON_PREFIX_PATH', '/home/gadzz/Workspace/VTOL-MissionCenter/install'), ('GTK_IM_MODULE', 'ibus'), ('LOGNAME', 'gadzz'), ('ALACRITTY_SOCKET', '/run/user/1000/Alacritty-:0-11977.sock'), ('WINDOWID', '113246213'), ('QT_AUTO_SCREEN_SCALE_FACTOR', '0'), ('_', '/usr/bin/colcon'), ('ROS_VERSION', '2'), ('XDG_SESSION_CLASS', 'user'), ('TERM', 'tmux-256color'), ('XDG_SESSION_ID', '4'), ('ALACRITTY_LOG', '/tmp/Alacritty-11977.log'), ('ROS_LOCALHOST_ONLY', '0'), ('GTK2_RC_FILES', '/etc/gtk-2.0/gtkrc:/home/gadzz/.gtkrc-2.0:/home/gadzz/.config/gtkrc-2.0'), ('PATH', '/home/gadzz/.cargo/bin:/home/gadzz/local/bin:/opt/ros/humble/bin:/home/gadzz/.cargo/bin:/home/gadzz/local/bin:/home/gadzz/.cargo/bin:/opt/gcc-arm-none-eabi-9-2020-q2-update/bin:/home/gadzz/.local/bin:/usr/local/sbin:/usr/local/bin:/usr/sbin:/usr/bin:/sbin:/bin:/usr/games:/usr/local/games:/snap/bin:/home/gadzz/.fzf/bin:/home/gadzz/Downloads/Micro-XRCE-DDS-Gen/scripts'), ('SESSION_MANAGER', 'local/gadzz:@/tmp/.ICE-unix/2714,unix/gadzz:/tmp/.ICE-unix/2714'), ('XDG_SESSION_PATH', '/org/freedesktop/DisplayManager/Session1'), ('LC_ADDRESS', 'id_ID.UTF-8'), ('XDG_RUNTIME_DIR', '/run/user/1000'), ('XCURSOR_THEME', 'breeze_cursors'), ('DISPLAY', ':0'), ('LANG', 'en_US.UTF-8'), ('XDG_CURRENT_DESKTOP', 'KDE'), ('LC_TELEPHONE', 'id_ID.UTF-8'), ('XMODIFIERS', '@im=ibus'), ('XDG_SESSION_DESKTOP', 'KDE'), ('XAUTHORITY', '/home/gadzz/.Xauthority'), ('LS_COLORS', 'rs=0:di=01;34:ln=01;36:mh=00:pi=40;33:so=01;35:do=01;35:bd=40;33;01:cd=40;33;01:or=40;31;01:mi=00:su=37;41:sg=30;43:ca=30;41:tw=30;42:ow=34;42:st=37;44:ex=01;32:*.tar=01;31:*.tgz=01;31:*.arc=01;31:*.arj=01;31:*.taz=01;31:*.lha=01;31:*.lz4=01;31:*.lzh=01;31:*.lzma=01;31:*.tlz=01;31:*.txz=01;31:*.tzo=01;31:*.t7z=01;31:*.zip=01;31:*.z=01;31:*.dz=01;31:*.gz=01;31:*.lrz=01;31:*.lz=01;31:*.lzo=01;31:*.xz=01;31:*.zst=01;31:*.tzst=01;31:*.bz2=01;31:*.bz=01;31:*.tbz=01;31:*.tbz2=01;31:*.tz=01;31:*.deb=01;31:*.rpm=01;31:*.jar=01;31:*.war=01;31:*.ear=01;31:*.sar=01;31:*.rar=01;31:*.alz=01;31:*.ace=01;31:*.zoo=01;31:*.cpio=01;31:*.7z=01;31:*.rz=01;31:*.cab=01;31:*.wim=01;31:*.swm=01;31:*.dwm=01;31:*.esd=01;31:*.jpg=01;35:*.jpeg=01;35:*.mjpg=01;35:*.mjpeg=01;35:*.gif=01;35:*.bmp=01;35:*.pbm=01;35:*.pgm=01;35:*.ppm=01;35:*.tga=01;35:*.xbm=01;35:*.xpm=01;35:*.tif=01;35:*.tiff=01;35:*.png=01;35:*.svg=01;35:*.svgz=01;35:*.mng=01;35:*.pcx=01;35:*.mov=01;35:*.mpg=01;35:*.mpeg=01;35:*.m2v=01;35:*.mkv=01;35:*.webm=01;35:*.webp=01;35:*.ogm=01;35:*.mp4=01;35:*.m4v=01;35:*.mp4v=01;35:*.vob=01;35:*.qt=01;35:*.nuv=01;35:*.wmv=01;35:*.asf=01;35:*.rm=01;35:*.rmvb=01;35:*.flc=01;35:*.avi=01;35:*.fli=01;35:*.flv=01;35:*.gl=01;35:*.dl=01;35:*.xcf=01;35:*.xwd=01;35:*.yuv=01;35:*.cgm=01;35:*.emf=01;35:*.ogv=01;35:*.ogx=01;35:*.aac=00;36:*.au=00;36:*.flac=00;36:*.m4a=00;36:*.mid=00;36:*.midi=00;36:*.mka=00;36:*.mp3=00;36:*.mpc=00;36:*.ogg=00;36:*.ra=00;36:*.wav=00;36:*.oga=00;36:*.opus=00;36:*.spx=00;36:*.xspf=00;36:'), ('TERM_PROGRAM', 'tmux'), ('SSH_AUTH_SOCK', '/tmp/ssh-XXXXXXhQJ7UG/agent.2413'), ('AMENT_PREFIX_PATH', '/home/gadzz/Workspace/VTOL-MissionCenter/install/mission_center:/home/gadzz/Workspace/VTOL-MissionCenter/install/keyboard:/home/gadzz/Workspace/VTOL-MissionCenter/install/keyboard_msgs:/opt/ros/humble'), ('SHELL', '/bin/bash'), ('LC_NAME', 'id_ID.UTF-8'), ('QT_ACCESSIBILITY', '1'), ('LESSCLOSE', '/usr/bin/lesspipe %s %s'), ('LC_MEASUREMENT', 'id_ID.UTF-8'), ('GPG_AGENT_INFO', '/run/user/1000/gnupg/S.gpg-agent:0:1'), ('LC_IDENTIFICATION', 'id_ID.UTF-8'), ('QT_IM_MODULE', 'ibus'), ('XDG_VTNR', '1'), ('ALACRITTY_WINDOW_ID', '113246213'), ('PWD', '/home/gadzz/Workspace/VTOL-MissionCenter/build/keyboard'), ('LC_ALL', 'en_US.UTF-8'), ('XDG_CONFIG_DIRS', '/home/gadzz/.config/kdedefaults:/etc/xdg/xdg-plasma:/etc/xdg'), ('CLUTTER_IM_MODULE', 'ibus'), ('XDG_DATA_DIRS', '/usr/share/plasma:/usr/share/gnome:/usr/local/share:/usr/share:/var/lib/snapd/desktop'), ('PYTHONPATH', '/home/gadzz/Workspace/VTOL-MissionCenter/install/keyboard_msgs/local/lib/python3.10/dist-packages:/opt/ros/humble/lib/python3.10/site-packages:/opt/ros/humble/local/lib/python3.10/dist-packages'), ('LC_NUMERIC', 'id_ID.UTF-8'), ('TMUX_PLUGIN_MANAGER_PATH', '/home/gadzz/.config/tmux/plugins/'), ('LC_PAPER', 'id_ID.UTF-8'), ('KDE_SESSION_UID', '1000'), ('COLCON', '1'), ('TMUX_PANE', '%1'), ('CMAKE_PREFIX_PATH', '/home/gadzz/Workspace/VTOL-MissionCenter/install/keyboard_msgs:/home/gadzz/Workspace/VTOL-MissionCenter/install/mission_center:/home/gadzz/Workspace/VTOL-MissionCenter/install/keyboard:/opt/ros/humble')]), 'shell': False}
[1.443721] (mission_center) JobProgress: {'identifier': 'mission_center', 'progress': 'cmake'}
[1.449084] (mission_center) JobProgress: {'identifier': 'mission_center', 'progress': 'build'}
[1.449265] (mission_center) Command: {'cmd': ['/usr/bin/cmake', '--build', '/home/gadzz/Workspace/VTOL-MissionCenter/build/mission_center', '--', '-j8', '-l8'], 'cwd': '/home/gadzz/Workspace/VTOL-MissionCenter/build/mission_center', 'env': OrderedDict([('LESSOPEN', '| /usr/bin/lesspipe %s'), ('KDE_FULL_SESSION', 'true'), ('TMUX', '/tmp/tmux-1000/default,12136,0'), ('USER', 'gadzz'), ('PAM_KWALLET5_LOGIN', '/run/user/1000/kwallet5.socket'), ('LC_TIME', 'id_ID.UTF-8'), ('XDG_SEAT', 'seat0'), ('SSH_AGENT_PID', '2500'), ('XDG_SESSION_TYPE', 'x11'), ('XCURSOR_SIZE', '24'), ('SHLVL', '3'), ('LD_LIBRARY_PATH', '/home/gadzz/Workspace/VTOL-MissionCenter/install/keyboard_msgs/lib:/home/gadzz/Workspace/VTOL-MissionCenter/install/mission_center/lib:/opt/ros/humble/opt/rviz_ogre_vendor/lib:/opt/ros/humble/lib/x86_64-linux-gnu:/opt/ros/humble/lib'), ('LESS', '-R'), ('HOME', '/home/gadzz'), ('KDE_APPLICATIONS_AS_SCOPE', '1'), ('OLDPWD', '/home/gadzz/Workspace/VTOL-MissionCenter/build/mission_center'), ('TERM_PROGRAM_VERSION', '3.5a'), ('DESKTOP_SESSION', 'plasma'), ('LSCOLORS', 'Gxfxcxdxbxegedabagacad'), ('ZSH', '/home/gadzz/.oh-my-zsh'), ('ROS_PYTHON_VERSION', '3'), ('GTK_RC_FILES', '/etc/gtk/gtkrc:/home/gadzz/.gtkrc:/home/gadzz/.config/gtkrc'), ('GTK_MODULES', 'gail:atk-bridge'), ('XDG_SEAT_PATH', '/org/freedesktop/DisplayManager/Seat0'), ('KDE_SESSION_VERSION', '5'), ('PAGER', 'less'), ('LC_MONETARY', 'id_ID.UTF-8'), ('SYSTEMD_EXEC_PID', '2353'), ('DBUS_SESSION_BUS_ADDRESS', 'unix:path=/run/user/1000/bus'), ('COLORTERM', 'truecolor'), ('LIBVIRT_DEFAULT_URI', 'qemu:///system'), ('IM_CONFIG_PHASE', '1'), ('ROS_DISTRO', 'humble'), ('COLCON_PREFIX_PATH', '/home/gadzz/Workspace/VTOL-MissionCenter/install'), ('GTK_IM_MODULE', 'ibus'), ('LOGNAME', 'gadzz'), ('ALACRITTY_SOCKET', '/run/user/1000/Alacritty-:0-11977.sock'), ('WINDOWID', '113246213'), ('QT_AUTO_SCREEN_SCALE_FACTOR', '0'), ('_', '/usr/bin/colcon'), ('ROS_VERSION', '2'), ('XDG_SESSION_CLASS', 'user'), ('TERM', 'tmux-256color'), ('XDG_SESSION_ID', '4'), ('ALACRITTY_LOG', '/tmp/Alacritty-11977.log'), ('ROS_LOCALHOST_ONLY', '0'), ('GTK2_RC_FILES', '/etc/gtk-2.0/gtkrc:/home/gadzz/.gtkrc-2.0:/home/gadzz/.config/gtkrc-2.0'), ('PATH', '/home/gadzz/.cargo/bin:/home/gadzz/local/bin:/opt/ros/humble/bin:/home/gadzz/.cargo/bin:/home/gadzz/local/bin:/home/gadzz/.cargo/bin:/opt/gcc-arm-none-eabi-9-2020-q2-update/bin:/home/gadzz/.local/bin:/usr/local/sbin:/usr/local/bin:/usr/sbin:/usr/bin:/sbin:/bin:/usr/games:/usr/local/games:/snap/bin:/home/gadzz/.fzf/bin:/home/gadzz/Downloads/Micro-XRCE-DDS-Gen/scripts'), ('SESSION_MANAGER', 'local/gadzz:@/tmp/.ICE-unix/2714,unix/gadzz:/tmp/.ICE-unix/2714'), ('XDG_SESSION_PATH', '/org/freedesktop/DisplayManager/Session1'), ('LC_ADDRESS', 'id_ID.UTF-8'), ('XDG_RUNTIME_DIR', '/run/user/1000'), ('XCURSOR_THEME', 'breeze_cursors'), ('DISPLAY', ':0'), ('LANG', 'en_US.UTF-8'), ('XDG_CURRENT_DESKTOP', 'KDE'), ('LC_TELEPHONE', 'id_ID.UTF-8'), ('XMODIFIERS', '@im=ibus'), ('XDG_SESSION_DESKTOP', 'KDE'), ('XAUTHORITY', '/home/gadzz/.Xauthority'), ('LS_COLORS', 'rs=0:di=01;34:ln=01;36:mh=00:pi=40;33:so=01;35:do=01;35:bd=40;33;01:cd=40;33;01:or=40;31;01:mi=00:su=37;41:sg=30;43:ca=30;41:tw=30;42:ow=34;42:st=37;44:ex=01;32:*.tar=01;31:*.tgz=01;31:*.arc=01;31:*.arj=01;31:*.taz=01;31:*.lha=01;31:*.lz4=01;31:*.lzh=01;31:*.lzma=01;31:*.tlz=01;31:*.txz=01;31:*.tzo=01;31:*.t7z=01;31:*.zip=01;31:*.z=01;31:*.dz=01;31:*.gz=01;31:*.lrz=01;31:*.lz=01;31:*.lzo=01;31:*.xz=01;31:*.zst=01;31:*.tzst=01;31:*.bz2=01;31:*.bz=01;31:*.tbz=01;31:*.tbz2=01;31:*.tz=01;31:*.deb=01;31:*.rpm=01;31:*.jar=01;31:*.war=01;31:*.ear=01;31:*.sar=01;31:*.rar=01;31:*.alz=01;31:*.ace=01;31:*.zoo=01;31:*.cpio=01;31:*.7z=01;31:*.rz=01;31:*.cab=01;31:*.wim=01;31:*.swm=01;31:*.dwm=01;31:*.esd=01;31:*.jpg=01;35:*.jpeg=01;35:*.mjpg=01;35:*.mjpeg=01;35:*.gif=01;35:*.bmp=01;35:*.pbm=01;35:*.pgm=01;35:*.ppm=01;35:*.tga=01;35:*.xbm=01;35:*.xpm=01;35:*.tif=01;35:*.tiff=01;35:*.png=01;35:*.svg=01;35:*.svgz=01;35:*.mng=01;35:*.pcx=01;35:*.mov=01;35:*.mpg=01;35:*.mpeg=01;35:*.m2v=01;35:*.mkv=01;35:*.webm=01;35:*.webp=01;35:*.ogm=01;35:*.mp4=01;35:*.m4v=01;35:*.mp4v=01;35:*.vob=01;35:*.qt=01;35:*.nuv=01;35:*.wmv=01;35:*.asf=01;35:*.rm=01;35:*.rmvb=01;35:*.flc=01;35:*.avi=01;35:*.fli=01;35:*.flv=01;35:*.gl=01;35:*.dl=01;35:*.xcf=01;35:*.xwd=01;35:*.yuv=01;35:*.cgm=01;35:*.emf=01;35:*.ogv=01;35:*.ogx=01;35:*.aac=00;36:*.au=00;36:*.flac=00;36:*.m4a=00;36:*.mid=00;36:*.midi=00;36:*.mka=00;36:*.mp3=00;36:*.mpc=00;36:*.ogg=00;36:*.ra=00;36:*.wav=00;36:*.oga=00;36:*.opus=00;36:*.spx=00;36:*.xspf=00;36:'), ('TERM_PROGRAM', 'tmux'), ('SSH_AUTH_SOCK', '/tmp/ssh-XXXXXXhQJ7UG/agent.2413'), ('AMENT_PREFIX_PATH', '/home/gadzz/Workspace/VTOL-MissionCenter/install/mission_center:/home/gadzz/Workspace/VTOL-MissionCenter/install/keyboard:/home/gadzz/Workspace/VTOL-MissionCenter/install/keyboard_msgs:/opt/ros/humble'), ('SHELL', '/bin/bash'), ('LC_NAME', 'id_ID.UTF-8'), ('QT_ACCESSIBILITY', '1'), ('LESSCLOSE', '/usr/bin/lesspipe %s %s'), ('LC_MEASUREMENT', 'id_ID.UTF-8'), ('GPG_AGENT_INFO', '/run/user/1000/gnupg/S.gpg-agent:0:1'), ('LC_IDENTIFICATION', 'id_ID.UTF-8'), ('QT_IM_MODULE', 'ibus'), ('XDG_VTNR', '1'), ('ALACRITTY_WINDOW_ID', '113246213'), ('PWD', '/home/gadzz/Workspace/VTOL-MissionCenter/build/mission_center'), ('LC_ALL', 'en_US.UTF-8'), ('XDG_CONFIG_DIRS', '/home/gadzz/.config/kdedefaults:/etc/xdg/xdg-plasma:/etc/xdg'), ('CLUTTER_IM_MODULE', 'ibus'), ('XDG_DATA_DIRS', '/usr/share/plasma:/usr/share/gnome:/usr/local/share:/usr/share:/var/lib/snapd/desktop'), ('PYTHONPATH', '/home/gadzz/Workspace/VTOL-MissionCenter/install/keyboard_msgs/local/lib/python3.10/dist-packages:/opt/ros/humble/lib/python3.10/site-packages:/opt/ros/humble/local/lib/python3.10/dist-packages'), ('LC_NUMERIC', 'id_ID.UTF-8'), ('TMUX_PLUGIN_MANAGER_PATH', '/home/gadzz/.config/tmux/plugins/'), ('LC_PAPER', 'id_ID.UTF-8'), ('KDE_SESSION_UID', '1000'), ('COLCON', '1'), ('TMUX_PANE', '%1'), ('CMAKE_PREFIX_PATH', '/home/gadzz/Workspace/VTOL-MissionCenter/install/keyboard_msgs:/home/gadzz/Workspace/VTOL-MissionCenter/install/mission_center:/home/gadzz/Workspace/VTOL-MissionCenter/install/keyboard:/opt/ros/humble')]), 'shell': False}
[1.504736] (-) TimerEvent: {}
[1.534919] (mission_center) StdoutLine: {'line': b'\x1b[35m\x1b[1mConsolidate compiler generated dependencies of target uav_mission\x1b[0m\n'}
[1.548259] (keyboard) StdoutLine: {'line': b'[100%] Built target keyboard\n'}
[1.568011] (mission_center) StdoutLine: {'line': b'[  6%] \x1b[32mBuilding CXX object CMakeFiles/uav_mission.dir/src/uav_mission.cpp.o\x1b[0m\n'}
[1.572023] (keyboard) CommandEnded: {'returncode': 0}
[1.572619] (keyboard) JobProgress: {'identifier': 'keyboard', 'progress': 'install'}
[1.572657] (keyboard) Command: {'cmd': ['/usr/bin/cmake', '--install', '/home/gadzz/Workspace/VTOL-MissionCenter/build/keyboard'], 'cwd': '/home/gadzz/Workspace/VTOL-MissionCenter/build/keyboard', 'env': OrderedDict([('LESSOPEN', '| /usr/bin/lesspipe %s'), ('KDE_FULL_SESSION', 'true'), ('TMUX', '/tmp/tmux-1000/default,12136,0'), ('USER', 'gadzz'), ('PAM_KWALLET5_LOGIN', '/run/user/1000/kwallet5.socket'), ('LC_TIME', 'id_ID.UTF-8'), ('XDG_SEAT', 'seat0'), ('SSH_AGENT_PID', '2500'), ('XDG_SESSION_TYPE', 'x11'), ('XCURSOR_SIZE', '24'), ('SHLVL', '3'), ('LD_LIBRARY_PATH', '/home/gadzz/Workspace/VTOL-MissionCenter/install/keyboard_msgs/lib:/home/gadzz/Workspace/VTOL-MissionCenter/install/mission_center/lib:/opt/ros/humble/opt/rviz_ogre_vendor/lib:/opt/ros/humble/lib/x86_64-linux-gnu:/opt/ros/humble/lib'), ('LESS', '-R'), ('HOME', '/home/gadzz'), ('KDE_APPLICATIONS_AS_SCOPE', '1'), ('OLDPWD', '/home/gadzz/Workspace/VTOL-MissionCenter/build/mission_center'), ('TERM_PROGRAM_VERSION', '3.5a'), ('DESKTOP_SESSION', 'plasma'), ('LSCOLORS', 'Gxfxcxdxbxegedabagacad'), ('ZSH', '/home/gadzz/.oh-my-zsh'), ('ROS_PYTHON_VERSION', '3'), ('GTK_RC_FILES', '/etc/gtk/gtkrc:/home/gadzz/.gtkrc:/home/gadzz/.config/gtkrc'), ('GTK_MODULES', 'gail:atk-bridge'), ('XDG_SEAT_PATH', '/org/freedesktop/DisplayManager/Seat0'), ('KDE_SESSION_VERSION', '5'), ('PAGER', 'less'), ('LC_MONETARY', 'id_ID.UTF-8'), ('SYSTEMD_EXEC_PID', '2353'), ('DBUS_SESSION_BUS_ADDRESS', 'unix:path=/run/user/1000/bus'), ('COLORTERM', 'truecolor'), ('LIBVIRT_DEFAULT_URI', 'qemu:///system'), ('IM_CONFIG_PHASE', '1'), ('ROS_DISTRO', 'humble'), ('COLCON_PREFIX_PATH', '/home/gadzz/Workspace/VTOL-MissionCenter/install'), ('GTK_IM_MODULE', 'ibus'), ('LOGNAME', 'gadzz'), ('ALACRITTY_SOCKET', '/run/user/1000/Alacritty-:0-11977.sock'), ('WINDOWID', '113246213'), ('QT_AUTO_SCREEN_SCALE_FACTOR', '0'), ('_', '/usr/bin/colcon'), ('ROS_VERSION', '2'), ('XDG_SESSION_CLASS', 'user'), ('TERM', 'tmux-256color'), ('XDG_SESSION_ID', '4'), ('ALACRITTY_LOG', '/tmp/Alacritty-11977.log'), ('ROS_LOCALHOST_ONLY', '0'), ('GTK2_RC_FILES', '/etc/gtk-2.0/gtkrc:/home/gadzz/.gtkrc-2.0:/home/gadzz/.config/gtkrc-2.0'), ('PATH', '/home/gadzz/.cargo/bin:/home/gadzz/local/bin:/opt/ros/humble/bin:/home/gadzz/.cargo/bin:/home/gadzz/local/bin:/home/gadzz/.cargo/bin:/opt/gcc-arm-none-eabi-9-2020-q2-update/bin:/home/gadzz/.local/bin:/usr/local/sbin:/usr/local/bin:/usr/sbin:/usr/bin:/sbin:/bin:/usr/games:/usr/local/games:/snap/bin:/home/gadzz/.fzf/bin:/home/gadzz/Downloads/Micro-XRCE-DDS-Gen/scripts'), ('SESSION_MANAGER', 'local/gadzz:@/tmp/.ICE-unix/2714,unix/gadzz:/tmp/.ICE-unix/2714'), ('XDG_SESSION_PATH', '/org/freedesktop/DisplayManager/Session1'), ('LC_ADDRESS', 'id_ID.UTF-8'), ('XDG_RUNTIME_DIR', '/run/user/1000'), ('XCURSOR_THEME', 'breeze_cursors'), ('DISPLAY', ':0'), ('LANG', 'en_US.UTF-8'), ('XDG_CURRENT_DESKTOP', 'KDE'), ('LC_TELEPHONE', 'id_ID.UTF-8'), ('XMODIFIERS', '@im=ibus'), ('XDG_SESSION_DESKTOP', 'KDE'), ('XAUTHORITY', '/home/gadzz/.Xauthority'), ('LS_COLORS', 'rs=0:di=01;34:ln=01;36:mh=00:pi=40;33:so=01;35:do=01;35:bd=40;33;01:cd=40;33;01:or=40;31;01:mi=00:su=37;41:sg=30;43:ca=30;41:tw=30;42:ow=34;42:st=37;44:ex=01;32:*.tar=01;31:*.tgz=01;31:*.arc=01;31:*.arj=01;31:*.taz=01;31:*.lha=01;31:*.lz4=01;31:*.lzh=01;31:*.lzma=01;31:*.tlz=01;31:*.txz=01;31:*.tzo=01;31:*.t7z=01;31:*.zip=01;31:*.z=01;31:*.dz=01;31:*.gz=01;31:*.lrz=01;31:*.lz=01;31:*.lzo=01;31:*.xz=01;31:*.zst=01;31:*.tzst=01;31:*.bz2=01;31:*.bz=01;31:*.tbz=01;31:*.tbz2=01;31:*.tz=01;31:*.deb=01;31:*.rpm=01;31:*.jar=01;31:*.war=01;31:*.ear=01;31:*.sar=01;31:*.rar=01;31:*.alz=01;31:*.ace=01;31:*.zoo=01;31:*.cpio=01;31:*.7z=01;31:*.rz=01;31:*.cab=01;31:*.wim=01;31:*.swm=01;31:*.dwm=01;31:*.esd=01;31:*.jpg=01;35:*.jpeg=01;35:*.mjpg=01;35:*.mjpeg=01;35:*.gif=01;35:*.bmp=01;35:*.pbm=01;35:*.pgm=01;35:*.ppm=01;35:*.tga=01;35:*.xbm=01;35:*.xpm=01;35:*.tif=01;35:*.tiff=01;35:*.png=01;35:*.svg=01;35:*.svgz=01;35:*.mng=01;35:*.pcx=01;35:*.mov=01;35:*.mpg=01;35:*.mpeg=01;35:*.m2v=01;35:*.mkv=01;35:*.webm=01;35:*.webp=01;35:*.ogm=01;35:*.mp4=01;35:*.m4v=01;35:*.mp4v=01;35:*.vob=01;35:*.qt=01;35:*.nuv=01;35:*.wmv=01;35:*.asf=01;35:*.rm=01;35:*.rmvb=01;35:*.flc=01;35:*.avi=01;35:*.fli=01;35:*.flv=01;35:*.gl=01;35:*.dl=01;35:*.xcf=01;35:*.xwd=01;35:*.yuv=01;35:*.cgm=01;35:*.emf=01;35:*.ogv=01;35:*.ogx=01;35:*.aac=00;36:*.au=00;36:*.flac=00;36:*.m4a=00;36:*.mid=00;36:*.midi=00;36:*.mka=00;36:*.mp3=00;36:*.mpc=00;36:*.ogg=00;36:*.ra=00;36:*.wav=00;36:*.oga=00;36:*.opus=00;36:*.spx=00;36:*.xspf=00;36:'), ('TERM_PROGRAM', 'tmux'), ('SSH_AUTH_SOCK', '/tmp/ssh-XXXXXXhQJ7UG/agent.2413'), ('AMENT_PREFIX_PATH', '/home/gadzz/Workspace/VTOL-MissionCenter/install/mission_center:/home/gadzz/Workspace/VTOL-MissionCenter/install/keyboard:/home/gadzz/Workspace/VTOL-MissionCenter/install/keyboard_msgs:/opt/ros/humble'), ('SHELL', '/bin/bash'), ('LC_NAME', 'id_ID.UTF-8'), ('QT_ACCESSIBILITY', '1'), ('LESSCLOSE', '/usr/bin/lesspipe %s %s'), ('LC_MEASUREMENT', 'id_ID.UTF-8'), ('GPG_AGENT_INFO', '/run/user/1000/gnupg/S.gpg-agent:0:1'), ('LC_IDENTIFICATION', 'id_ID.UTF-8'), ('QT_IM_MODULE', 'ibus'), ('XDG_VTNR', '1'), ('ALACRITTY_WINDOW_ID', '113246213'), ('PWD', '/home/gadzz/Workspace/VTOL-MissionCenter/build/keyboard'), ('LC_ALL', 'en_US.UTF-8'), ('XDG_CONFIG_DIRS', '/home/gadzz/.config/kdedefaults:/etc/xdg/xdg-plasma:/etc/xdg'), ('CLUTTER_IM_MODULE', 'ibus'), ('XDG_DATA_DIRS', '/usr/share/plasma:/usr/share/gnome:/usr/local/share:/usr/share:/var/lib/snapd/desktop'), ('PYTHONPATH', '/home/gadzz/Workspace/VTOL-MissionCenter/install/keyboard_msgs/local/lib/python3.10/dist-packages:/opt/ros/humble/lib/python3.10/site-packages:/opt/ros/humble/local/lib/python3.10/dist-packages'), ('LC_NUMERIC', 'id_ID.UTF-8'), ('TMUX_PLUGIN_MANAGER_PATH', '/home/gadzz/.config/tmux/plugins/'), ('LC_PAPER', 'id_ID.UTF-8'), ('KDE_SESSION_UID', '1000'), ('COLCON', '1'), ('TMUX_PANE', '%1'), ('CMAKE_PREFIX_PATH', '/home/gadzz/Workspace/VTOL-MissionCenter/install/keyboard_msgs:/home/gadzz/Workspace/VTOL-MissionCenter/install/mission_center:/home/gadzz/Workspace/VTOL-MissionCenter/install/keyboard:/opt/ros/humble')]), 'shell': False}
[1.585368] (keyboard) StdoutLine: {'line': b'-- Install configuration: "Release"\n'}
[1.585710] (keyboard) StdoutLine: {'line': b'-- Up-to-date: /home/gadzz/Workspace/VTOL-MissionCenter/install/keyboard/lib/keyboard/keyboard\n'}
[1.585953] (keyboard) StdoutLine: {'line': b'-- Up-to-date: /home/gadzz/Workspace/VTOL-MissionCenter/install/keyboard/lib/keyboard/keyboard_to_joy.py\n'}
[1.586045] (keyboard) StdoutLine: {'line': b'-- Up-to-date: /home/gadzz/Workspace/VTOL-MissionCenter/install/keyboard/share/keyboard/config\n'}
[1.586112] (keyboard) StdoutLine: {'line': b'-- Up-to-date: /home/gadzz/Workspace/VTOL-MissionCenter/install/keyboard/share/keyboard/config/example_config.yaml\n'}
[1.586183] (keyboard) StdoutLine: {'line': b'-- Up-to-date: /home/gadzz/Workspace/VTOL-MissionCenter/install/keyboard/share/ament_index/resource_index/package_run_dependencies/keyboard\n'}
[1.587008] (keyboard) StdoutLine: {'line': b'-- Up-to-date: /home/gadzz/Workspace/VTOL-MissionCenter/install/keyboard/share/ament_index/resource_index/parent_prefix_path/keyboard\n'}
[1.587209] (keyboard) StdoutLine: {'line': b'-- Up-to-date: /home/gadzz/Workspace/VTOL-MissionCenter/install/keyboard/share/keyboard/environment/ament_prefix_path.sh\n'}
[1.587280] (keyboard) StdoutLine: {'line': b'-- Up-to-date: /home/gadzz/Workspace/VTOL-MissionCenter/install/keyboard/share/keyboard/environment/ament_prefix_path.dsv\n'}
[1.587371] (keyboard) StdoutLine: {'line': b'-- Up-to-date: /home/gadzz/Workspace/VTOL-MissionCenter/install/keyboard/share/keyboard/environment/path.sh\n'}
[1.587436] (keyboard) StdoutLine: {'line': b'-- Up-to-date: /home/gadzz/Workspace/VTOL-MissionCenter/install/keyboard/share/keyboard/environment/path.dsv\n'}
[1.587507] (keyboard) StdoutLine: {'line': b'-- Up-to-date: /home/gadzz/Workspace/VTOL-MissionCenter/install/keyboard/share/keyboard/local_setup.bash\n'}
[1.588494] (keyboard) StdoutLine: {'line': b'-- Up-to-date: /home/gadzz/Workspace/VTOL-MissionCenter/install/keyboard/share/keyboard/local_setup.sh\n'}
[1.588570] (keyboard) StdoutLine: {'line': b'-- Up-to-date: /home/gadzz/Workspace/VTOL-MissionCenter/install/keyboard/share/keyboard/local_setup.zsh\n'}
[1.588634] (keyboard) StdoutLine: {'line': b'-- Up-to-date: /home/gadzz/Workspace/VTOL-MissionCenter/install/keyboard/share/keyboard/local_setup.dsv\n'}
[1.588744] (keyboard) StdoutLine: {'line': b'-- Installing: /home/gadzz/Workspace/VTOL-MissionCenter/install/keyboard/share/keyboard/package.dsv\n'}
[1.588816] (keyboard) StdoutLine: {'line': b'-- Up-to-date: /home/gadzz/Workspace/VTOL-MissionCenter/install/keyboard/share/ament_index/resource_index/packages/keyboard\n'}
[1.588893] (keyboard) StdoutLine: {'line': b'-- Up-to-date: /home/gadzz/Workspace/VTOL-MissionCenter/install/keyboard/share/keyboard/cmake/keyboardConfig.cmake\n'}
[1.589012] (keyboard) StdoutLine: {'line': b'-- Up-to-date: /home/gadzz/Workspace/VTOL-MissionCenter/install/keyboard/share/keyboard/cmake/keyboardConfig-version.cmake\n'}
[1.589146] (keyboard) StdoutLine: {'line': b'-- Up-to-date: /home/gadzz/Workspace/VTOL-MissionCenter/install/keyboard/share/keyboard/package.xml\n'}
[1.592628] (keyboard) CommandEnded: {'returncode': 0}
[1.605190] (-) TimerEvent: {}
[1.625636] (keyboard) JobEnded: {'identifier': 'keyboard', 'rc': 0}
[1.705531] (-) TimerEvent: {}
[1.806026] (-) TimerEvent: {}
[1.907868] (-) TimerEvent: {}
[2.010617] (-) TimerEvent: {}
[2.111414] (-) TimerEvent: {}
[2.212281] (-) TimerEvent: {}
[2.314211] (-) TimerEvent: {}
[2.414647] (-) TimerEvent: {}
[2.515224] (-) TimerEvent: {}
[2.615610] (-) TimerEvent: {}
[2.716182] (-) TimerEvent: {}
[2.816560] (-) TimerEvent: {}
[2.916991] (-) TimerEvent: {}
[3.018122] (-) TimerEvent: {}
[3.118879] (-) TimerEvent: {}
[3.219523] (-) TimerEvent: {}
[3.320617] (-) TimerEvent: {}
[3.421299] (-) TimerEvent: {}
[3.522066] (-) TimerEvent: {}
[3.623558] (-) TimerEvent: {}
[3.724186] (-) TimerEvent: {}
[3.825813] (-) TimerEvent: {}
[3.926415] (-) TimerEvent: {}
[4.026995] (-) TimerEvent: {}
[4.127461] (-) TimerEvent: {}
[4.228163] (-) TimerEvent: {}
[4.330101] (-) TimerEvent: {}
[4.433593] (-) TimerEvent: {}
[4.535509] (-) TimerEvent: {}
[4.636052] (-) TimerEvent: {}
[4.736722] (-) TimerEvent: {}
[4.837276] (-) TimerEvent: {}
[4.937706] (-) TimerEvent: {}
[5.038118] (-) TimerEvent: {}
[5.138779] (-) TimerEvent: {}
[5.240512] (-) TimerEvent: {}
[5.341057] (-) TimerEvent: {}
[5.441896] (-) TimerEvent: {}
[5.544068] (-) TimerEvent: {}
[5.644844] (-) TimerEvent: {}
[5.745525] (-) TimerEvent: {}
[5.846157] (-) TimerEvent: {}
[5.946770] (-) TimerEvent: {}
[6.047409] (-) TimerEvent: {}
[6.148044] (-) TimerEvent: {}
[6.250773] (-) TimerEvent: {}
[6.351180] (-) TimerEvent: {}
[6.451784] (-) TimerEvent: {}
[6.552382] (-) TimerEvent: {}
[6.652880] (-) TimerEvent: {}
[6.753592] (-) TimerEvent: {}
[6.854272] (-) TimerEvent: {}
[6.955267] (-) TimerEvent: {}
[7.055968] (-) TimerEvent: {}
[7.156755] (-) TimerEvent: {}
[7.257296] (-) TimerEvent: {}
[7.358135] (-) TimerEvent: {}
[7.440735] (mission_center) StderrLine: {'line': b'In file included from \x1b[01m\x1b[K/home/gadzz/Workspace/VTOL-MissionCenter/src/mission_center/src/uav_mission.cpp:1\x1b[m\x1b[K:\n'}
[7.442515] (mission_center) StderrLine: {'line': b'\x1b[01m\x1b[K/home/gadzz/Workspace/VTOL-MissionCenter/src/mission_center/include/mission_center/uav_mission.hpp:\x1b[m\x1b[K In member function \xe2\x80\x98\x1b[01m\x1b[Kbool UAV_Mission::killPilotCb(std::shared_ptr<std_srvs::srv::Empty_Request_<std::allocator<void> > >, std::shared_ptr<std_srvs::srv::Empty_Response_<std::allocator<void> > >)\x1b[m\x1b[K\xe2\x80\x99:\n'}
[7.442619] (mission_center) StderrLine: {'line': b'\x1b[01m\x1b[K/home/gadzz/Workspace/VTOL-MissionCenter/src/mission_center/include/mission_center/uav_mission.hpp:98:73:\x1b[m\x1b[K \x1b[01;35m\x1b[Kwarning: \x1b[m\x1b[Kunused parameter \xe2\x80\x98\x1b[01m\x1b[Krequest\x1b[m\x1b[K\xe2\x80\x99 [\x1b[01;35m\x1b[K\x1b]8;;https://gcc.gnu.org/onlinedocs/gcc/Warning-Options.html#index-Wunused-parameter\x07-Wunused-parameter\x1b]8;;\x07\x1b[m\x1b[K]\n'}
[7.442684] (mission_center) StderrLine: {'line': b'   98 | \x1b[01;35m\x1b[Kst std::shared_ptr<std_srvs::srv::Empty::Request> request\x1b[m\x1b[K,\n'}
[7.442745] (mission_center) StderrLine: {'line': b'      | \x1b[01;35m\x1b[K~~~~~~~~~~~~~~~~~~~~~~~~~~~~~~~~~~~~~~~~~~~~~~~~~~^~~~~~~\x1b[m\x1b[K\n'}
[7.442799] (mission_center) StderrLine: {'line': b'\n'}
[7.442860] (mission_center) StderrLine: {'line': b'\x1b[01m\x1b[K/home/gadzz/Workspace/VTOL-MissionCenter/src/mission_center/include/mission_center/uav_mission.hpp:99:68:\x1b[m\x1b[K \x1b[01;35m\x1b[Kwarning: \x1b[m\x1b[Kunused parameter \xe2\x80\x98\x1b[01m\x1b[Kresponse\x1b[m\x1b[K\xe2\x80\x99 [\x1b[01;35m\x1b[K\x1b]8;;https://gcc.gnu.org/onlinedocs/gcc/Warning-Options.html#index-Wunused-parameter\x07-Wunused-parameter\x1b]8;;\x07\x1b[m\x1b[K]\n'}
[7.442917] (mission_center) StderrLine: {'line': b'   99 | \x1b[01;35m\x1b[Ktd::shared_ptr<std_srvs::srv::Empty::Response> response\x1b[m\x1b[K) {\n'}
[7.442971] (mission_center) StderrLine: {'line': b'      | \x1b[01;35m\x1b[K~~~~~~~~~~~~~~~~~~~~~~~~~~~~~~~~~~~~~~~~~~~~~~~^~~~~~~~\x1b[m\x1b[K\n'}
[7.443030] (mission_center) StderrLine: {'line': b'\n'}
[7.458711] (-) TimerEvent: {}
[7.559739] (-) TimerEvent: {}
[7.598047] (mission_center) StderrLine: {'line': b'\x1b[01m\x1b[K/home/gadzz/Workspace/VTOL-MissionCenter/src/mission_center/src/uav_mission.cpp:\x1b[m\x1b[K In member function \xe2\x80\x98\x1b[01m\x1b[Kbool UAV_Mission::restartMission(std::shared_ptr<std_srvs::srv::Empty_Request_<std::allocator<void> > >, std::shared_ptr<std_srvs::srv::Empty_Response_<std::allocator<void> > >)\x1b[m\x1b[K\xe2\x80\x99:\n'}
[7.598398] (mission_center) StderrLine: {'line': b'\x1b[01m\x1b[K/home/gadzz/Workspace/VTOL-MissionCenter/src/mission_center/src/uav_mission.cpp:90:58:\x1b[m\x1b[K \x1b[01;35m\x1b[Kwarning: \x1b[m\x1b[Kunused parameter \xe2\x80\x98\x1b[01m\x1b[Krequest\x1b[m\x1b[K\xe2\x80\x99 [\x1b[01;35m\x1b[K\x1b]8;;https://gcc.gnu.org/onlinedocs/gcc/Warning-Options.html#index-Wunused-parameter\x07-Wunused-parameter\x1b]8;;\x07\x1b[m\x1b[K]\n'}
[7.598508] (mission_center) StderrLine: {'line': b'   90 | \x1b[01;35m\x1b[Kst std::shared_ptr<std_srvs::srv::Empty::Request> request\x1b[m\x1b[K,\n'}
[7.598604] (mission_center) StderrLine: {'line': b'      | \x1b[01;35m\x1b[K~~~~~~~~~~~~~~~~~~~~~~~~~~~~~~~~~~~~~~~~~~~~~~~~~~^~~~~~~\x1b[m\x1b[K\n'}
[7.598713] (mission_center) StderrLine: {'line': b'\n'}
[7.598798] (mission_center) StderrLine: {'line': b'\x1b[01m\x1b[K/home/gadzz/Workspace/VTOL-MissionCenter/src/mission_center/src/uav_mission.cpp:91:53:\x1b[m\x1b[K \x1b[01;35m\x1b[Kwarning: \x1b[m\x1b[Kunused parameter \xe2\x80\x98\x1b[01m\x1b[Kresponse\x1b[m\x1b[K\xe2\x80\x99 [\x1b[01;35m\x1b[K\x1b]8;;https://gcc.gnu.org/onlinedocs/gcc/Warning-Options.html#index-Wunused-parameter\x07-Wunused-parameter\x1b]8;;\x07\x1b[m\x1b[K]\n'}
[7.598877] (mission_center) StderrLine: {'line': b'   91 | \x1b[01;35m\x1b[Ktd::shared_ptr<std_srvs::srv::Empty::Response> response\x1b[m\x1b[K) {\n'}
[7.598959] (mission_center) StderrLine: {'line': b'      | \x1b[01;35m\x1b[K~~~~~~~~~~~~~~~~~~~~~~~~~~~~~~~~~~~~~~~~~~~~~~~^~~~~~~~\x1b[m\x1b[K\n'}
[7.599025] (mission_center) StderrLine: {'line': b'\n'}
[7.660047] (-) TimerEvent: {}
[7.737018] (mission_center) StderrLine: {'line': b'\x1b[01m\x1b[K/home/gadzz/Workspace/VTOL-MissionCenter/src/mission_center/src/uav_mission.cpp:\x1b[m\x1b[K In member function \xe2\x80\x98\x1b[01m\x1b[Kvoid UAV_Mission::switch_mode(std::string)\x1b[m\x1b[K\xe2\x80\x99:\n'}
[7.737391] (mission_center) StderrLine: {'line': b'\x1b[01m\x1b[K/home/gadzz/Workspace/VTOL-MissionCenter/src/mission_center/src/uav_mission.cpp:186:11:\x1b[m\x1b[K \x1b[01;35m\x1b[Kwarning: \x1b[m\x1b[Kunused variable \xe2\x80\x98\x1b[01m\x1b[KgotTopic\x1b[m\x1b[K\xe2\x80\x99 [\x1b[01;35m\x1b[K\x1b]8;;https://gcc.gnu.org/onlinedocs/gcc/Warning-Options.html#index-Wunused-variable\x07-Wunused-variable\x1b]8;;\x07\x1b[m\x1b[K]\n'}
[7.737533] (mission_center) StderrLine: {'line': b'  186 |       int \x1b[01;35m\x1b[KgotTopic\x1b[m\x1b[K =\n'}
[7.737602] (mission_center) StderrLine: {'line': b'      |           \x1b[01;35m\x1b[K^~~~~~~~\x1b[m\x1b[K\n'}
[7.760127] (-) TimerEvent: {}
[7.860758] (-) TimerEvent: {}
[7.867075] (mission_center) StderrLine: {'line': b'\x1b[01m\x1b[K/home/gadzz/Workspace/VTOL-MissionCenter/src/mission_center/src/uav_mission.cpp:\x1b[m\x1b[K In member function \xe2\x80\x98\x1b[01m\x1b[Kvoid UAV_Mission::arm_throttle()\x1b[m\x1b[K\xe2\x80\x99:\n'}
[7.868533] (mission_center) StderrLine: {'line': b'\x1b[01m\x1b[K/home/gadzz/Workspace/VTOL-MissionCenter/src/mission_center/src/uav_mission.cpp:327:11:\x1b[m\x1b[K \x1b[01;35m\x1b[Kwarning: \x1b[m\x1b[Kunused variable \xe2\x80\x98\x1b[01m\x1b[KgotTopic\x1b[m\x1b[K\xe2\x80\x99 [\x1b[01;35m\x1b[K\x1b]8;;https://gcc.gnu.org/onlinedocs/gcc/Warning-Options.html#index-Wunused-variable\x07-Wunused-variable\x1b]8;;\x07\x1b[m\x1b[K]\n'}
[7.868812] (mission_center) StderrLine: {'line': b'  327 |       int \x1b[01;35m\x1b[KgotTopic\x1b[m\x1b[K =\n'}
[7.868887] (mission_center) StderrLine: {'line': b'      |           \x1b[01;35m\x1b[K^~~~~~~~\x1b[m\x1b[K\n'}
[7.960914] (-) TimerEvent: {}
[7.970676] (mission_center) StderrLine: {'line': b'\x1b[01m\x1b[K/home/gadzz/Workspace/VTOL-MissionCenter/src/mission_center/src/uav_mission.cpp:\x1b[m\x1b[K In member function \xe2\x80\x98\x1b[01m\x1b[Kvoid UAV_Mission::move_servo(int, int)\x1b[m\x1b[K\xe2\x80\x99:\n'}
[7.971512] (mission_center) StderrLine: {'line': b'\x1b[01m\x1b[K/home/gadzz/Workspace/VTOL-MissionCenter/src/mission_center/src/uav_mission.cpp:344:10:\x1b[m\x1b[K \x1b[01;35m\x1b[Kwarning: \x1b[m\x1b[Kunused variable \xe2\x80\x98\x1b[01m\x1b[Kstart_time\x1b[m\x1b[K\xe2\x80\x99 [\x1b[01;35m\x1b[K\x1b]8;;https://gcc.gnu.org/onlinedocs/gcc/Warning-Options.html#index-Wunused-variable\x07-Wunused-variable\x1b]8;;\x07\x1b[m\x1b[K]\n'}
[7.971842] (mission_center) StderrLine: {'line': b'  344 |   double \x1b[01;35m\x1b[Kstart_time\x1b[m\x1b[K = nh->now().seconds();\n'}
[7.971900] (mission_center) StderrLine: {'line': b'      |          \x1b[01;35m\x1b[K^~~~~~~~~~\x1b[m\x1b[K\n'}
[8.061035] (-) TimerEvent: {}
[8.080770] (mission_center) StderrLine: {'line': b'\x1b[01m\x1b[K/home/gadzz/Workspace/VTOL-MissionCenter/src/mission_center/src/uav_mission.cpp:\x1b[m\x1b[K In member function \xe2\x80\x98\x1b[01m\x1b[Kvoid UAV_Mission::takeoff(double)\x1b[m\x1b[K\xe2\x80\x99:\n'}
[8.081017] (mission_center) StderrLine: {'line': b'\x1b[01m\x1b[K/home/gadzz/Workspace/VTOL-MissionCenter/src/mission_center/src/uav_mission.cpp:379:8:\x1b[m\x1b[K \x1b[01;35m\x1b[Kwarning: \x1b[m\x1b[Kunused variable \xe2\x80\x98\x1b[01m\x1b[Ktmp_check\x1b[m\x1b[K\xe2\x80\x99 [\x1b[01;35m\x1b[K\x1b]8;;https://gcc.gnu.org/onlinedocs/gcc/Warning-Options.html#index-Wunused-variable\x07-Wunused-variable\x1b]8;;\x07\x1b[m\x1b[K]\n'}
[8.081108] (mission_center) StderrLine: {'line': b'  379 |   bool \x1b[01;35m\x1b[Ktmp_check\x1b[m\x1b[K = getAlt(current_alt, "local_pose");\n'}
[8.081174] (mission_center) StderrLine: {'line': b'      |        \x1b[01;35m\x1b[K^~~~~~~~~\x1b[m\x1b[K\n'}
[8.161130] (-) TimerEvent: {}
[8.262081] (-) TimerEvent: {}
[8.362481] (-) TimerEvent: {}
[8.463249] (-) TimerEvent: {}
[8.564452] (-) TimerEvent: {}
[8.597373] (mission_center) StderrLine: {'line': b'\x1b[01m\x1b[K/home/gadzz/Workspace/VTOL-MissionCenter/src/mission_center/src/uav_mission.cpp:\x1b[m\x1b[K In member function \xe2\x80\x98\x1b[01m\x1b[Kbool UAV_Mission::init()\x1b[m\x1b[K\xe2\x80\x99:\n'}
[8.597630] (mission_center) StderrLine: {'line': b'\x1b[01m\x1b[K/home/gadzz/Workspace/VTOL-MissionCenter/src/mission_center/src/uav_mission.cpp:491:8:\x1b[m\x1b[K \x1b[01;35m\x1b[Kwarning: \x1b[m\x1b[Kvariable \xe2\x80\x98\x1b[01m\x1b[Kqos_profile\x1b[m\x1b[K\xe2\x80\x99 set but not used [\x1b[01;35m\x1b[K\x1b]8;;https://gcc.gnu.org/onlinedocs/gcc/Warning-Options.html#index-Wunused-but-set-variable\x07-Wunused-but-set-variable\x1b]8;;\x07\x1b[m\x1b[K]\n'}
[8.597719] (mission_center) StderrLine: {'line': b'  491 |   auto \x1b[01;35m\x1b[Kqos_profile\x1b[m\x1b[K = rclcpp::QoS(rclcpp::QoSInitialization::from_rmw(qos), qos);\n'}
[8.597784] (mission_center) StderrLine: {'line': b'      |        \x1b[01;35m\x1b[K^~~~~~~~~~~\x1b[m\x1b[K\n'}
[8.664644] (-) TimerEvent: {}
[8.765543] (-) TimerEvent: {}
[8.866354] (-) TimerEvent: {}
[8.931128] (mission_center) StderrLine: {'line': b'/home/gadzz/Workspace/VTOL-MissionCenter/src/mission_center/src/uav_mission.cpp: In instantiation of \xe2\x80\x98\x1b[01m\x1b[Kbool UAV_Mission::getTopicVal(T&, const string&, std::chrono::seconds) [with T = mavros_msgs::msg::State_<std::allocator<void> >; std::string = std::__cxx11::basic_string<char>; std::chrono::seconds = std::chrono::duration<long int>]\x1b[m\x1b[K\xe2\x80\x99:\n'}
[8.931528] (mission_center) StderrLine: {'line': b'\x1b[01m\x1b[K/home/gadzz/Workspace/VTOL-MissionCenter/src/mission_center/src/uav_mission.cpp:187:22:\x1b[m\x1b[K   required from here\n'}
[8.931609] (mission_center) StderrLine: {'line': b'\x1b[01m\x1b[K/home/gadzz/Workspace/VTOL-MissionCenter/src/mission_center/src/uav_mission.cpp:102:21:\x1b[m\x1b[K \x1b[01;35m\x1b[Kwarning: \x1b[m\x1b[Kvariable \xe2\x80\x98\x1b[01m\x1b[Kqos\x1b[m\x1b[K\xe2\x80\x99 set but not used [\x1b[01;35m\x1b[K\x1b]8;;https://gcc.gnu.org/onlinedocs/gcc/Warning-Options.html#index-Wunused-but-set-variable\x07-Wunused-but-set-variable\x1b]8;;\x07\x1b[m\x1b[K]\n'}
[8.931706] (mission_center) StderrLine: {'line': b'  102 |   rmw_qos_profile_t \x1b[01;35m\x1b[Kqos\x1b[m\x1b[K = rmw_qos_profile_default;\n'}
[8.931781] (mission_center) StderrLine: {'line': b'      |                     \x1b[01;35m\x1b[K^~~\x1b[m\x1b[K\n'}
[8.966649] (-) TimerEvent: {}
[9.067416] (-) TimerEvent: {}
[9.131563] (mission_center) StderrLine: {'line': b'/home/gadzz/Workspace/VTOL-MissionCenter/src/mission_center/src/uav_mission.cpp: In instantiation of \xe2\x80\x98\x1b[01m\x1b[Kbool UAV_Mission::getTopicVal(T&, const string&, std::chrono::seconds) [with T = std_msgs::msg::Float64_<std::allocator<void> >; std::string = std::__cxx11::basic_string<char>; std::chrono::seconds = std::chrono::duration<long int>]\x1b[m\x1b[K\xe2\x80\x99:\n'}
[9.131784] (mission_center) StderrLine: {'line': b'\x1b[01m\x1b[K/home/gadzz/Workspace/VTOL-MissionCenter/src/mission_center/src/uav_mission.cpp:220:16:\x1b[m\x1b[K   required from here\n'}
[9.131864] (mission_center) StderrLine: {'line': b'\x1b[01m\x1b[K/home/gadzz/Workspace/VTOL-MissionCenter/src/mission_center/src/uav_mission.cpp:102:21:\x1b[m\x1b[K \x1b[01;35m\x1b[Kwarning: \x1b[m\x1b[Kvariable \xe2\x80\x98\x1b[01m\x1b[Kqos\x1b[m\x1b[K\xe2\x80\x99 set but not used [\x1b[01;35m\x1b[K\x1b]8;;https://gcc.gnu.org/onlinedocs/gcc/Warning-Options.html#index-Wunused-but-set-variable\x07-Wunused-but-set-variable\x1b]8;;\x07\x1b[m\x1b[K]\n'}
[9.168472] (-) TimerEvent: {}
[9.268979] (-) TimerEvent: {}
[9.270977] (mission_center) StderrLine: {'line': b'/home/gadzz/Workspace/VTOL-MissionCenter/src/mission_center/src/uav_mission.cpp: In instantiation of \xe2\x80\x98\x1b[01m\x1b[Kbool UAV_Mission::getTopicVal(T&, const string&, std::chrono::seconds) [with T = geometry_msgs::msg::PoseStamped_<std::allocator<void> >; std::string = std::__cxx11::basic_string<char>; std::chrono::seconds = std::chrono::duration<long int>]\x1b[m\x1b[K\xe2\x80\x99:\n'}
[9.272259] (mission_center) StderrLine: {'line': b'\x1b[01m\x1b[K/home/gadzz/Workspace/VTOL-MissionCenter/src/mission_center/src/uav_mission.cpp:261:14:\x1b[m\x1b[K   required from here\n'}
[9.272490] (mission_center) StderrLine: {'line': b'\x1b[01m\x1b[K/home/gadzz/Workspace/VTOL-MissionCenter/src/mission_center/src/uav_mission.cpp:102:21:\x1b[m\x1b[K \x1b[01;35m\x1b[Kwarning: \x1b[m\x1b[Kvariable \xe2\x80\x98\x1b[01m\x1b[Kqos\x1b[m\x1b[K\xe2\x80\x99 set but not used [\x1b[01;35m\x1b[K\x1b]8;;https://gcc.gnu.org/onlinedocs/gcc/Warning-Options.html#index-Wunused-but-set-variable\x07-Wunused-but-set-variable\x1b]8;;\x07\x1b[m\x1b[K]\n'}
[9.369591] (-) TimerEvent: {}
[9.470320] (-) TimerEvent: {}
[9.570819] (-) TimerEvent: {}
[9.671719] (-) TimerEvent: {}
[9.773365] (-) TimerEvent: {}
[9.874288] (-) TimerEvent: {}
[9.974893] (-) TimerEvent: {}
[10.075554] (-) TimerEvent: {}
[10.176016] (-) TimerEvent: {}
[10.276977] (-) TimerEvent: {}
[10.377500] (-) TimerEvent: {}
[10.478465] (-) TimerEvent: {}
[10.579029] (-) TimerEvent: {}
[10.680460] (-) TimerEvent: {}
[10.781314] (-) TimerEvent: {}
[10.881925] (-) TimerEvent: {}
[10.983670] (-) TimerEvent: {}
[11.084322] (-) TimerEvent: {}
[11.185095] (-) TimerEvent: {}
[11.286229] (-) TimerEvent: {}
[11.387177] (-) TimerEvent: {}
[11.487576] (-) TimerEvent: {}
[11.588254] (-) TimerEvent: {}
[11.688965] (-) TimerEvent: {}
[11.789777] (-) TimerEvent: {}
[11.890489] (-) TimerEvent: {}
[11.991440] (-) TimerEvent: {}
[12.093776] (-) TimerEvent: {}
[12.194379] (-) TimerEvent: {}
[12.295438] (-) TimerEvent: {}
[12.396843] (-) TimerEvent: {}
[12.497615] (-) TimerEvent: {}
[12.599921] (-) TimerEvent: {}
[12.700361] (-) TimerEvent: {}
[12.801504] (-) TimerEvent: {}
[12.902351] (-) TimerEvent: {}
[13.003358] (-) TimerEvent: {}
[13.103889] (-) TimerEvent: {}
[13.204601] (-) TimerEvent: {}
[13.305398] (-) TimerEvent: {}
[13.406182] (-) TimerEvent: {}
[13.507153] (-) TimerEvent: {}
[13.607692] (-) TimerEvent: {}
[13.708292] (-) TimerEvent: {}
[13.808906] (-) TimerEvent: {}
[13.909445] (-) TimerEvent: {}
[14.010653] (-) TimerEvent: {}
[14.111717] (-) TimerEvent: {}
[14.212851] (-) TimerEvent: {}
[14.314490] (-) TimerEvent: {}
[14.415200] (-) TimerEvent: {}
[14.516174] (-) TimerEvent: {}
[14.617325] (-) TimerEvent: {}
[14.717954] (-) TimerEvent: {}
[14.818558] (-) TimerEvent: {}
[14.919170] (-) TimerEvent: {}
[15.020394] (-) TimerEvent: {}
[15.122044] (-) TimerEvent: {}
[15.223334] (-) TimerEvent: {}
[15.324815] (-) TimerEvent: {}
[15.425717] (-) TimerEvent: {}
[15.530829] (-) TimerEvent: {}
[15.631905] (-) TimerEvent: {}
[15.733017] (-) TimerEvent: {}
[15.834148] (-) TimerEvent: {}
[15.935341] (-) TimerEvent: {}
[16.036559] (-) TimerEvent: {}
[16.137299] (-) TimerEvent: {}
[16.237944] (-) TimerEvent: {}
[16.338333] (-) TimerEvent: {}
[16.438719] (-) TimerEvent: {}
[16.539107] (-) TimerEvent: {}
[16.640610] (-) TimerEvent: {}
[16.741442] (-) TimerEvent: {}
[16.842188] (-) TimerEvent: {}
[16.942770] (-) TimerEvent: {}
[17.043259] (-) TimerEvent: {}
[17.143714] (-) TimerEvent: {}
[17.244143] (-) TimerEvent: {}
[17.345017] (-) TimerEvent: {}
[17.445570] (-) TimerEvent: {}
[17.546581] (-) TimerEvent: {}
[17.647279] (-) TimerEvent: {}
[17.747841] (-) TimerEvent: {}
[17.848480] (-) TimerEvent: {}
[17.948983] (-) TimerEvent: {}
[18.049560] (-) TimerEvent: {}
[18.150622] (-) TimerEvent: {}
[18.252405] (-) TimerEvent: {}
[18.353143] (-) TimerEvent: {}
[18.453741] (-) TimerEvent: {}
[18.554234] (-) TimerEvent: {}
[18.654778] (-) TimerEvent: {}
[18.755460] (-) TimerEvent: {}
[18.855915] (-) TimerEvent: {}
[18.956613] (-) TimerEvent: {}
[19.057128] (-) TimerEvent: {}
[19.157785] (-) TimerEvent: {}
[19.258382] (-) TimerEvent: {}
[19.359573] (-) TimerEvent: {}
[19.460303] (-) TimerEvent: {}
[19.560773] (-) TimerEvent: {}
[19.661236] (-) TimerEvent: {}
[19.761749] (-) TimerEvent: {}
[19.862349] (-) TimerEvent: {}
[19.963029] (-) TimerEvent: {}
[20.063502] (-) TimerEvent: {}
[20.164220] (-) TimerEvent: {}
[20.264628] (-) TimerEvent: {}
[20.365193] (-) TimerEvent: {}
[20.465894] (-) TimerEvent: {}
[20.566421] (-) TimerEvent: {}
[20.667063] (-) TimerEvent: {}
[20.767545] (-) TimerEvent: {}
[20.868167] (-) TimerEvent: {}
[20.968833] (-) TimerEvent: {}
[21.069414] (-) TimerEvent: {}
[21.169851] (-) TimerEvent: {}
[21.270484] (-) TimerEvent: {}
[21.371034] (-) TimerEvent: {}
[21.471567] (-) TimerEvent: {}
[21.572127] (-) TimerEvent: {}
[21.673988] (-) TimerEvent: {}
[21.774729] (-) TimerEvent: {}
[21.875327] (-) TimerEvent: {}
[21.976467] (-) TimerEvent: {}
[22.076903] (-) TimerEvent: {}
[22.177427] (-) TimerEvent: {}
[22.277968] (-) TimerEvent: {}
[22.378702] (-) TimerEvent: {}
[22.479458] (-) TimerEvent: {}
[22.579873] (-) TimerEvent: {}
[22.680377] (-) TimerEvent: {}
[22.781243] (-) TimerEvent: {}
[22.882738] (-) TimerEvent: {}
[22.983305] (-) TimerEvent: {}
[23.083888] (-) TimerEvent: {}
[23.184327] (-) TimerEvent: {}
[23.285203] (-) TimerEvent: {}
[23.385629] (-) TimerEvent: {}
[23.486081] (-) TimerEvent: {}
[23.586572] (-) TimerEvent: {}
[23.687330] (-) TimerEvent: {}
[23.787728] (-) TimerEvent: {}
[23.888714] (-) TimerEvent: {}
[23.989108] (-) TimerEvent: {}
[24.089657] (-) TimerEvent: {}
[24.190675] (-) TimerEvent: {}
[24.291309] (-) TimerEvent: {}
[24.392410] (-) TimerEvent: {}
[24.492881] (-) TimerEvent: {}
[24.593367] (-) TimerEvent: {}
[24.694167] (-) TimerEvent: {}
[24.795395] (-) TimerEvent: {}
[24.895858] (-) TimerEvent: {}
[24.996529] (-) TimerEvent: {}
[25.097582] (-) TimerEvent: {}
[25.198130] (-) TimerEvent: {}
[25.298577] (-) TimerEvent: {}
[25.398990] (-) TimerEvent: {}
[25.499470] (-) TimerEvent: {}
[25.600033] (-) TimerEvent: {}
[25.700404] (-) TimerEvent: {}
[25.800769] (-) TimerEvent: {}
[25.901287] (-) TimerEvent: {}
[26.001783] (-) TimerEvent: {}
[26.102837] (-) TimerEvent: {}
[26.203513] (-) TimerEvent: {}
[26.304116] (-) TimerEvent: {}
[26.404724] (-) TimerEvent: {}
[26.505667] (-) TimerEvent: {}
[26.606268] (-) TimerEvent: {}
[26.706735] (-) TimerEvent: {}
[26.807168] (-) TimerEvent: {}
[26.907541] (-) TimerEvent: {}
[27.008032] (-) TimerEvent: {}
[27.108977] (-) TimerEvent: {}
[27.209502] (-) TimerEvent: {}
[27.310204] (-) TimerEvent: {}
[27.410742] (-) TimerEvent: {}
[27.511330] (-) TimerEvent: {}
[27.611987] (-) TimerEvent: {}
[27.712627] (-) TimerEvent: {}
[27.813854] (-) TimerEvent: {}
[27.914773] (-) TimerEvent: {}
[28.015506] (-) TimerEvent: {}
[28.116007] (-) TimerEvent: {}
[28.216686] (-) TimerEvent: {}
[28.317201] (-) TimerEvent: {}
[28.417577] (-) TimerEvent: {}
[28.518180] (-) TimerEvent: {}
[28.618735] (-) TimerEvent: {}
[28.719251] (-) TimerEvent: {}
[28.820319] (-) TimerEvent: {}
[28.921889] (-) TimerEvent: {}
[29.022278] (-) TimerEvent: {}
[29.122916] (-) TimerEvent: {}
[29.224180] (-) TimerEvent: {}
[29.324830] (-) TimerEvent: {}
[29.426714] (-) TimerEvent: {}
[29.527098] (-) TimerEvent: {}
[29.627827] (-) TimerEvent: {}
[29.728526] (-) TimerEvent: {}
[29.829343] (-) TimerEvent: {}
[29.929971] (-) TimerEvent: {}
[30.030571] (-) TimerEvent: {}
[30.131204] (-) TimerEvent: {}
[30.232090] (-) TimerEvent: {}
[30.332484] (-) TimerEvent: {}
[30.433233] (-) TimerEvent: {}
[30.533917] (-) TimerEvent: {}
[30.637293] (-) TimerEvent: {}
[30.737792] (-) TimerEvent: {}
[30.838231] (-) TimerEvent: {}
[30.938772] (-) TimerEvent: {}
[31.040037] (-) TimerEvent: {}
[31.140618] (-) TimerEvent: {}
[31.241482] (-) TimerEvent: {}
[31.342170] (-) TimerEvent: {}
[31.442858] (-) TimerEvent: {}
[31.543553] (-) TimerEvent: {}
[31.643979] (-) TimerEvent: {}
[31.744642] (-) TimerEvent: {}
[31.845192] (-) TimerEvent: {}
[31.946254] (-) TimerEvent: {}
[32.046703] (-) TimerEvent: {}
[32.147262] (-) TimerEvent: {}
[32.247733] (-) TimerEvent: {}
[32.348120] (-) TimerEvent: {}
[32.448655] (-) TimerEvent: {}
[32.549097] (-) TimerEvent: {}
[32.649583] (-) TimerEvent: {}
[32.750309] (-) TimerEvent: {}
[32.850831] (-) TimerEvent: {}
[32.951275] (-) TimerEvent: {}
[33.051749] (-) TimerEvent: {}
[33.152581] (-) TimerEvent: {}
[33.253355] (-) TimerEvent: {}
[33.355106] (-) TimerEvent: {}
[33.456790] (-) TimerEvent: {}
[33.558030] (-) TimerEvent: {}
[33.659183] (-) TimerEvent: {}
[33.760264] (-) TimerEvent: {}
[33.860983] (-) TimerEvent: {}
[33.961817] (-) TimerEvent: {}
[34.062148] (-) TimerEvent: {}
[34.162627] (-) TimerEvent: {}
[34.263116] (-) TimerEvent: {}
[34.363561] (-) TimerEvent: {}
[34.464318] (-) TimerEvent: {}
[34.564709] (-) TimerEvent: {}
[34.665236] (-) TimerEvent: {}
[34.765730] (-) TimerEvent: {}
[34.866154] (-) TimerEvent: {}
[34.966610] (-) TimerEvent: {}
[35.067021] (-) TimerEvent: {}
[35.167554] (-) TimerEvent: {}
[35.268122] (-) TimerEvent: {}
[35.369241] (-) TimerEvent: {}
[35.469913] (-) TimerEvent: {}
[35.570451] (-) TimerEvent: {}
[35.671052] (-) TimerEvent: {}
[35.771498] (-) TimerEvent: {}
[35.872045] (-) TimerEvent: {}
[35.972534] (-) TimerEvent: {}
[36.073111] (-) TimerEvent: {}
[36.173549] (-) TimerEvent: {}
[36.274228] (-) TimerEvent: {}
[36.374875] (-) TimerEvent: {}
[36.475370] (-) TimerEvent: {}
[36.575892] (-) TimerEvent: {}
[36.676389] (-) TimerEvent: {}
[36.777307] (-) TimerEvent: {}
[36.878616] (-) TimerEvent: {}
[36.979067] (-) TimerEvent: {}
[37.079559] (-) TimerEvent: {}
[37.179927] (-) TimerEvent: {}
[37.280505] (-) TimerEvent: {}
[37.381100] (-) TimerEvent: {}
[37.481604] (-) TimerEvent: {}
[37.582223] (-) TimerEvent: {}
[37.682783] (-) TimerEvent: {}
[37.783321] (-) TimerEvent: {}
[37.883819] (-) TimerEvent: {}
[37.984564] (-) TimerEvent: {}
[38.085033] (-) TimerEvent: {}
[38.185704] (-) TimerEvent: {}
[38.286539] (-) TimerEvent: {}
[38.386893] (-) TimerEvent: {}
[38.487398] (-) TimerEvent: {}
[38.587809] (-) TimerEvent: {}
[38.688333] (-) TimerEvent: {}
[38.789040] (-) TimerEvent: {}
[38.889863] (-) TimerEvent: {}
[38.991149] (-) TimerEvent: {}
[39.091877] (-) TimerEvent: {}
[39.192261] (-) TimerEvent: {}
[39.292871] (-) TimerEvent: {}
[39.393412] (-) TimerEvent: {}
[39.494354] (-) TimerEvent: {}
[39.595348] (-) TimerEvent: {}
[39.697725] (-) TimerEvent: {}
[39.799388] (-) TimerEvent: {}
[39.900190] (-) TimerEvent: {}
[40.001366] (-) TimerEvent: {}
[40.102299] (-) TimerEvent: {}
[40.203230] (-) TimerEvent: {}
[40.304007] (-) TimerEvent: {}
[40.404766] (-) TimerEvent: {}
[40.505252] (-) TimerEvent: {}
[40.605736] (-) TimerEvent: {}
[40.706236] (-) TimerEvent: {}
[40.806722] (-) TimerEvent: {}
[40.907140] (-) TimerEvent: {}
[41.007796] (-) TimerEvent: {}
[41.108509] (-) TimerEvent: {}
[41.209179] (-) TimerEvent: {}
[41.309734] (-) TimerEvent: {}
[41.410902] (-) TimerEvent: {}
[41.511402] (-) TimerEvent: {}
[41.612327] (-) TimerEvent: {}
[41.712731] (-) TimerEvent: {}
[41.813271] (-) TimerEvent: {}
[41.913849] (-) TimerEvent: {}
[42.014505] (-) TimerEvent: {}
[42.115709] (-) TimerEvent: {}
[42.216544] (-) TimerEvent: {}
[42.316930] (-) TimerEvent: {}
[42.417297] (-) TimerEvent: {}
[42.518200] (-) TimerEvent: {}
[42.620029] (-) TimerEvent: {}
[42.720919] (-) TimerEvent: {}
[42.821473] (-) TimerEvent: {}
[42.923644] (-) TimerEvent: {}
[43.024402] (-) TimerEvent: {}
[43.124890] (-) TimerEvent: {}
[43.225535] (-) TimerEvent: {}
[43.327252] (-) TimerEvent: {}
[43.428905] (-) TimerEvent: {}
[43.529399] (-) TimerEvent: {}
[43.630052] (-) TimerEvent: {}
[43.730526] (-) TimerEvent: {}
[43.830980] (-) TimerEvent: {}
[43.931717] (-) TimerEvent: {}
[44.032548] (-) TimerEvent: {}
[44.132912] (-) TimerEvent: {}
[44.233583] (-) TimerEvent: {}
[44.334074] (-) TimerEvent: {}
[44.434596] (-) TimerEvent: {}
[44.535483] (-) TimerEvent: {}
[44.636142] (-) TimerEvent: {}
[44.736719] (-) TimerEvent: {}
[44.837115] (-) TimerEvent: {}
[44.937407] (-) TimerEvent: {}
[45.037749] (-) TimerEvent: {}
[45.138270] (-) TimerEvent: {}
[45.238972] (-) TimerEvent: {}
[45.339794] (-) TimerEvent: {}
[45.441031] (-) TimerEvent: {}
[45.542360] (-) TimerEvent: {}
[45.643038] (-) TimerEvent: {}
[45.743730] (-) TimerEvent: {}
[45.844451] (-) TimerEvent: {}
[45.945060] (-) TimerEvent: {}
[46.022705] (mission_center) StdoutLine: {'line': b'[ 12%] \x1b[32m\x1b[1mLinking CXX shared library libuav_mission.so\x1b[0m\n'}
[46.045209] (-) TimerEvent: {}
[46.145812] (-) TimerEvent: {}
[46.246360] (-) TimerEvent: {}
[46.347217] (-) TimerEvent: {}
[46.447940] (-) TimerEvent: {}
[46.548439] (-) TimerEvent: {}
[46.649374] (-) TimerEvent: {}
[46.750294] (-) TimerEvent: {}
[46.851210] (-) TimerEvent: {}
[46.952812] (-) TimerEvent: {}
[47.053307] (-) TimerEvent: {}
[47.154958] (-) TimerEvent: {}
[47.255751] (-) TimerEvent: {}
[47.356178] (-) TimerEvent: {}
[47.457315] (-) TimerEvent: {}
[47.558496] (-) TimerEvent: {}
[47.659446] (-) TimerEvent: {}
[47.760981] (-) TimerEvent: {}
[47.861915] (-) TimerEvent: {}
[47.962901] (-) TimerEvent: {}
[48.063590] (-) TimerEvent: {}
[48.164224] (-) TimerEvent: {}
[48.265296] (-) TimerEvent: {}
[48.365939] (-) TimerEvent: {}
[48.466537] (-) TimerEvent: {}
[48.567135] (-) TimerEvent: {}
[48.667911] (-) TimerEvent: {}
[48.768298] (-) TimerEvent: {}
[48.868938] (-) TimerEvent: {}
[48.969484] (-) TimerEvent: {}
[49.070803] (-) TimerEvent: {}
[49.171286] (-) TimerEvent: {}
[49.271589] (-) TimerEvent: {}
[49.371947] (-) TimerEvent: {}
[49.472457] (-) TimerEvent: {}
[49.573353] (-) TimerEvent: {}
[49.673954] (-) TimerEvent: {}
[49.774622] (-) TimerEvent: {}
[49.875119] (-) TimerEvent: {}
[49.975511] (-) TimerEvent: {}
[50.018689] (mission_center) StdoutLine: {'line': b'[ 12%] Built target uav_mission\n'}
[50.065635] (mission_center) StdoutLine: {'line': b'[ 25%] Built target trajectory_streamer\n'}
[50.075629] (-) TimerEvent: {}
[50.110801] (mission_center) StdoutLine: {'line': b'[ 31%] \x1b[32m\x1b[1mLinking CXX executable ui_node\x1b[0m\n'}
[50.175882] (-) TimerEvent: {}
[50.276483] (-) TimerEvent: {}
[50.377368] (-) TimerEvent: {}
[50.478119] (-) TimerEvent: {}
[50.578547] (-) TimerEvent: {}
[50.679109] (-) TimerEvent: {}
[50.779551] (-) TimerEvent: {}
[50.880366] (-) TimerEvent: {}
[50.980840] (-) TimerEvent: {}
[51.081552] (-) TimerEvent: {}
[51.109116] (mission_center) StdoutLine: {'line': b'[ 75%] Built target ui_node\n'}
[51.160631] (mission_center) StdoutLine: {'line': b'[ 81%] \x1b[32mBuilding CXX object CMakeFiles/pilot_node.dir/src/pilot_node.cpp.o\x1b[0m\n'}
[51.181749] (-) TimerEvent: {}
[51.282336] (-) TimerEvent: {}
[51.382753] (-) TimerEvent: {}
[51.483461] (-) TimerEvent: {}
[51.584050] (-) TimerEvent: {}
[51.684568] (-) TimerEvent: {}
[51.785708] (-) TimerEvent: {}
[51.887176] (-) TimerEvent: {}
[51.987795] (-) TimerEvent: {}
[52.088297] (-) TimerEvent: {}
[52.188701] (-) TimerEvent: {}
[52.289128] (-) TimerEvent: {}
[52.389741] (-) TimerEvent: {}
[52.490332] (-) TimerEvent: {}
[52.591079] (-) TimerEvent: {}
[52.691704] (-) TimerEvent: {}
[52.792191] (-) TimerEvent: {}
[52.892642] (-) TimerEvent: {}
[52.994322] (-) TimerEvent: {}
[53.094805] (-) TimerEvent: {}
[53.195498] (-) TimerEvent: {}
[53.295939] (-) TimerEvent: {}
[53.396645] (-) TimerEvent: {}
[53.497167] (-) TimerEvent: {}
[53.597925] (-) TimerEvent: {}
[53.698902] (-) TimerEvent: {}
[53.800046] (-) TimerEvent: {}
[53.900741] (-) TimerEvent: {}
[54.001431] (-) TimerEvent: {}
[54.102168] (-) TimerEvent: {}
[54.202690] (-) TimerEvent: {}
[54.303109] (-) TimerEvent: {}
[54.403980] (-) TimerEvent: {}
[54.504367] (-) TimerEvent: {}
[54.604970] (-) TimerEvent: {}
[54.705421] (-) TimerEvent: {}
[54.806255] (-) TimerEvent: {}
[54.906968] (-) TimerEvent: {}
[55.007601] (-) TimerEvent: {}
[55.108779] (-) TimerEvent: {}
[55.211399] (-) TimerEvent: {}
[55.312649] (-) TimerEvent: {}
[55.413241] (-) TimerEvent: {}
[55.513958] (-) TimerEvent: {}
[55.614467] (-) TimerEvent: {}
[55.715213] (-) TimerEvent: {}
[55.816108] (-) TimerEvent: {}
[55.916826] (-) TimerEvent: {}
[56.018589] (-) TimerEvent: {}
[56.119154] (-) TimerEvent: {}
[56.219780] (-) TimerEvent: {}
[56.320521] (-) TimerEvent: {}
[56.421214] (-) TimerEvent: {}
[56.522157] (-) TimerEvent: {}
[56.623047] (-) TimerEvent: {}
[56.723689] (-) TimerEvent: {}
[56.824003] (-) TimerEvent: {}
[56.924763] (-) TimerEvent: {}
[56.948578] (mission_center) StderrLine: {'line': b'In file included from \x1b[01m\x1b[K/home/gadzz/Workspace/VTOL-MissionCenter/src/mission_center/src/pilot_node.cpp:1\x1b[m\x1b[K:\n'}
[56.948947] (mission_center) StderrLine: {'line': b'\x1b[01m\x1b[K/home/gadzz/Workspace/VTOL-MissionCenter/src/mission_center/include/mission_center/uav_mission.hpp:\x1b[m\x1b[K In member function \xe2\x80\x98\x1b[01m\x1b[Kbool UAV_Mission::killPilotCb(std::shared_ptr<std_srvs::srv::Empty_Request_<std::allocator<void> > >, std::shared_ptr<std_srvs::srv::Empty_Response_<std::allocator<void> > >)\x1b[m\x1b[K\xe2\x80\x99:\n'}
[56.949214] (mission_center) StderrLine: {'line': b'\x1b[01m\x1b[K/home/gadzz/Workspace/VTOL-MissionCenter/src/mission_center/include/mission_center/uav_mission.hpp:98:73:\x1b[m\x1b[K \x1b[01;35m\x1b[Kwarning: \x1b[m\x1b[Kunused parameter \xe2\x80\x98\x1b[01m\x1b[Krequest\x1b[m\x1b[K\xe2\x80\x99 [\x1b[01;35m\x1b[K\x1b]8;;https://gcc.gnu.org/onlinedocs/gcc/Warning-Options.html#index-Wunused-parameter\x07-Wunused-parameter\x1b]8;;\x07\x1b[m\x1b[K]\n'}
[56.949281] (mission_center) StderrLine: {'line': b'   98 | \x1b[01;35m\x1b[Kst std::shared_ptr<std_srvs::srv::Empty::Request> request\x1b[m\x1b[K,\n'}
[56.949341] (mission_center) StderrLine: {'line': b'      | \x1b[01;35m\x1b[K~~~~~~~~~~~~~~~~~~~~~~~~~~~~~~~~~~~~~~~~~~~~~~~~~~^~~~~~~\x1b[m\x1b[K\n'}
[56.949604] (mission_center) StderrLine: {'line': b'\n'}
[56.949706] (mission_center) StderrLine: {'line': b'\x1b[01m\x1b[K/home/gadzz/Workspace/VTOL-MissionCenter/src/mission_center/include/mission_center/uav_mission.hpp:99:68:\x1b[m\x1b[K \x1b[01;35m\x1b[Kwarning: \x1b[m\x1b[Kunused parameter \xe2\x80\x98\x1b[01m\x1b[Kresponse\x1b[m\x1b[K\xe2\x80\x99 [\x1b[01;35m\x1b[K\x1b]8;;https://gcc.gnu.org/onlinedocs/gcc/Warning-Options.html#index-Wunused-parameter\x07-Wunused-parameter\x1b]8;;\x07\x1b[m\x1b[K]\n'}
[56.949785] (mission_center) StderrLine: {'line': b'   99 | \x1b[01;35m\x1b[Ktd::shared_ptr<std_srvs::srv::Empty::Response> response\x1b[m\x1b[K) {\n'}
[56.949844] (mission_center) StderrLine: {'line': b'      | \x1b[01;35m\x1b[K~~~~~~~~~~~~~~~~~~~~~~~~~~~~~~~~~~~~~~~~~~~~~~~^~~~~~~~\x1b[m\x1b[K\n'}
[56.949903] (mission_center) StderrLine: {'line': b'\n'}
[56.975523] (mission_center) StderrLine: {'line': b'\x1b[01m\x1b[K/home/gadzz/Workspace/VTOL-MissionCenter/src/mission_center/src/pilot_node.cpp:\x1b[m\x1b[K In member function \xe2\x80\x98\x1b[01m\x1b[Kbool PilotNode::killPilotCb(std::shared_ptr<std_srvs::srv::Empty_Request_<std::allocator<void> > >, std::shared_ptr<std_srvs::srv::Empty_Response_<std::allocator<void> > >)\x1b[m\x1b[K\xe2\x80\x99:\n'}
[56.975762] (mission_center) StderrLine: {'line': b'\x1b[01m\x1b[K/home/gadzz/Workspace/VTOL-MissionCenter/src/mission_center/src/pilot_node.cpp:27:73:\x1b[m\x1b[K \x1b[01;35m\x1b[Kwarning: \x1b[m\x1b[Kunused parameter \xe2\x80\x98\x1b[01m\x1b[Krequest\x1b[m\x1b[K\xe2\x80\x99 [\x1b[01;35m\x1b[K\x1b]8;;https://gcc.gnu.org/onlinedocs/gcc/Warning-Options.html#index-Wunused-parameter\x07-Wunused-parameter\x1b]8;;\x07\x1b[m\x1b[K]\n'}
[56.975821] (mission_center) StderrLine: {'line': b'   27 | \x1b[01;35m\x1b[Kst std::shared_ptr<std_srvs::srv::Empty::Request> request\x1b[m\x1b[K,\n'}
[56.975880] (mission_center) StderrLine: {'line': b'      | \x1b[01;35m\x1b[K~~~~~~~~~~~~~~~~~~~~~~~~~~~~~~~~~~~~~~~~~~~~~~~~~~^~~~~~~\x1b[m\x1b[K\n'}
[56.975942] (mission_center) StderrLine: {'line': b'\n'}
[56.976004] (mission_center) StderrLine: {'line': b'\x1b[01m\x1b[K/home/gadzz/Workspace/VTOL-MissionCenter/src/mission_center/src/pilot_node.cpp:28:68:\x1b[m\x1b[K \x1b[01;35m\x1b[Kwarning: \x1b[m\x1b[Kunused parameter \xe2\x80\x98\x1b[01m\x1b[Kresponse\x1b[m\x1b[K\xe2\x80\x99 [\x1b[01;35m\x1b[K\x1b]8;;https://gcc.gnu.org/onlinedocs/gcc/Warning-Options.html#index-Wunused-parameter\x07-Wunused-parameter\x1b]8;;\x07\x1b[m\x1b[K]\n'}
[56.976117] (mission_center) StderrLine: {'line': b'   28 | \x1b[01;35m\x1b[Ktd::shared_ptr<std_srvs::srv::Empty::Response> response\x1b[m\x1b[K) {\n'}
[56.976173] (mission_center) StderrLine: {'line': b'      | \x1b[01;35m\x1b[K~~~~~~~~~~~~~~~~~~~~~~~~~~~~~~~~~~~~~~~~~~~~~~~^~~~~~~~\x1b[m\x1b[K\n'}
[56.976230] (mission_center) StderrLine: {'line': b'\n'}
[57.024896] (-) TimerEvent: {}
[57.125644] (-) TimerEvent: {}
[57.226936] (-) TimerEvent: {}
[57.327707] (-) TimerEvent: {}
[57.429607] (-) TimerEvent: {}
[57.530000] (-) TimerEvent: {}
[57.630520] (-) TimerEvent: {}
[57.731239] (-) TimerEvent: {}
[57.834775] (-) TimerEvent: {}
[57.935323] (-) TimerEvent: {}
[58.035823] (-) TimerEvent: {}
[58.136317] (-) TimerEvent: {}
[58.236761] (-) TimerEvent: {}
[58.337325] (-) TimerEvent: {}
[58.437783] (-) TimerEvent: {}
[58.538475] (-) TimerEvent: {}
[58.638996] (-) TimerEvent: {}
[58.739831] (-) TimerEvent: {}
[58.842518] (-) TimerEvent: {}
[58.943218] (-) TimerEvent: {}
[59.044096] (-) TimerEvent: {}
[59.144757] (-) TimerEvent: {}
[59.245826] (-) TimerEvent: {}
[59.346518] (-) TimerEvent: {}
[59.447115] (-) TimerEvent: {}
[59.547570] (-) TimerEvent: {}
[59.606300] (mission_center) StdoutLine: {'line': b'[ 87%] \x1b[32m\x1b[1mLinking CXX executable pilot_node\x1b[0m\n'}
[59.647872] (-) TimerEvent: {}
[59.748987] (-) TimerEvent: {}
[59.849737] (-) TimerEvent: {}
[59.950920] (-) TimerEvent: {}
[60.051590] (-) TimerEvent: {}
[60.152542] (-) TimerEvent: {}
[60.253172] (-) TimerEvent: {}
[60.353897] (-) TimerEvent: {}
[60.454942] (-) TimerEvent: {}
[60.556382] (-) TimerEvent: {}
[60.659988] (-) TimerEvent: {}
[60.761859] (-) TimerEvent: {}
[60.863062] (-) TimerEvent: {}
[60.964325] (-) TimerEvent: {}
[61.065189] (-) TimerEvent: {}
[61.165904] (-) TimerEvent: {}
[61.266606] (-) TimerEvent: {}
[61.367274] (-) TimerEvent: {}
[61.467985] (-) TimerEvent: {}
[61.568407] (-) TimerEvent: {}
[61.668887] (-) TimerEvent: {}
[61.769201] (-) TimerEvent: {}
[61.836766] (mission_center) StdoutLine: {'line': b'[ 87%] Built target pilot_node\n'}
[61.869358] (-) TimerEvent: {}
[61.872063] (mission_center) StdoutLine: {'line': b'[100%] Built target safety_node\n'}
[61.894885] (mission_center) CommandEnded: {'returncode': 0}
[61.897651] (mission_center) JobProgress: {'identifier': 'mission_center', 'progress': 'install'}
[61.897741] (mission_center) Command: {'cmd': ['/usr/bin/cmake', '--install', '/home/gadzz/Workspace/VTOL-MissionCenter/build/mission_center'], 'cwd': '/home/gadzz/Workspace/VTOL-MissionCenter/build/mission_center', 'env': OrderedDict([('LESSOPEN', '| /usr/bin/lesspipe %s'), ('KDE_FULL_SESSION', 'true'), ('TMUX', '/tmp/tmux-1000/default,12136,0'), ('USER', 'gadzz'), ('PAM_KWALLET5_LOGIN', '/run/user/1000/kwallet5.socket'), ('LC_TIME', 'id_ID.UTF-8'), ('XDG_SEAT', 'seat0'), ('SSH_AGENT_PID', '2500'), ('XDG_SESSION_TYPE', 'x11'), ('XCURSOR_SIZE', '24'), ('SHLVL', '3'), ('LD_LIBRARY_PATH', '/home/gadzz/Workspace/VTOL-MissionCenter/install/keyboard_msgs/lib:/home/gadzz/Workspace/VTOL-MissionCenter/install/mission_center/lib:/opt/ros/humble/opt/rviz_ogre_vendor/lib:/opt/ros/humble/lib/x86_64-linux-gnu:/opt/ros/humble/lib'), ('LESS', '-R'), ('HOME', '/home/gadzz'), ('KDE_APPLICATIONS_AS_SCOPE', '1'), ('OLDPWD', '/home/gadzz/Workspace/VTOL-MissionCenter/build/mission_center'), ('TERM_PROGRAM_VERSION', '3.5a'), ('DESKTOP_SESSION', 'plasma'), ('LSCOLORS', 'Gxfxcxdxbxegedabagacad'), ('ZSH', '/home/gadzz/.oh-my-zsh'), ('ROS_PYTHON_VERSION', '3'), ('GTK_RC_FILES', '/etc/gtk/gtkrc:/home/gadzz/.gtkrc:/home/gadzz/.config/gtkrc'), ('GTK_MODULES', 'gail:atk-bridge'), ('XDG_SEAT_PATH', '/org/freedesktop/DisplayManager/Seat0'), ('KDE_SESSION_VERSION', '5'), ('PAGER', 'less'), ('LC_MONETARY', 'id_ID.UTF-8'), ('SYSTEMD_EXEC_PID', '2353'), ('DBUS_SESSION_BUS_ADDRESS', 'unix:path=/run/user/1000/bus'), ('COLORTERM', 'truecolor'), ('LIBVIRT_DEFAULT_URI', 'qemu:///system'), ('IM_CONFIG_PHASE', '1'), ('ROS_DISTRO', 'humble'), ('COLCON_PREFIX_PATH', '/home/gadzz/Workspace/VTOL-MissionCenter/install'), ('GTK_IM_MODULE', 'ibus'), ('LOGNAME', 'gadzz'), ('ALACRITTY_SOCKET', '/run/user/1000/Alacritty-:0-11977.sock'), ('WINDOWID', '113246213'), ('QT_AUTO_SCREEN_SCALE_FACTOR', '0'), ('_', '/usr/bin/colcon'), ('ROS_VERSION', '2'), ('XDG_SESSION_CLASS', 'user'), ('TERM', 'tmux-256color'), ('XDG_SESSION_ID', '4'), ('ALACRITTY_LOG', '/tmp/Alacritty-11977.log'), ('ROS_LOCALHOST_ONLY', '0'), ('GTK2_RC_FILES', '/etc/gtk-2.0/gtkrc:/home/gadzz/.gtkrc-2.0:/home/gadzz/.config/gtkrc-2.0'), ('PATH', '/home/gadzz/.cargo/bin:/home/gadzz/local/bin:/opt/ros/humble/bin:/home/gadzz/.cargo/bin:/home/gadzz/local/bin:/home/gadzz/.cargo/bin:/opt/gcc-arm-none-eabi-9-2020-q2-update/bin:/home/gadzz/.local/bin:/usr/local/sbin:/usr/local/bin:/usr/sbin:/usr/bin:/sbin:/bin:/usr/games:/usr/local/games:/snap/bin:/home/gadzz/.fzf/bin:/home/gadzz/Downloads/Micro-XRCE-DDS-Gen/scripts'), ('SESSION_MANAGER', 'local/gadzz:@/tmp/.ICE-unix/2714,unix/gadzz:/tmp/.ICE-unix/2714'), ('XDG_SESSION_PATH', '/org/freedesktop/DisplayManager/Session1'), ('LC_ADDRESS', 'id_ID.UTF-8'), ('XDG_RUNTIME_DIR', '/run/user/1000'), ('XCURSOR_THEME', 'breeze_cursors'), ('DISPLAY', ':0'), ('LANG', 'en_US.UTF-8'), ('XDG_CURRENT_DESKTOP', 'KDE'), ('LC_TELEPHONE', 'id_ID.UTF-8'), ('XMODIFIERS', '@im=ibus'), ('XDG_SESSION_DESKTOP', 'KDE'), ('XAUTHORITY', '/home/gadzz/.Xauthority'), ('LS_COLORS', 'rs=0:di=01;34:ln=01;36:mh=00:pi=40;33:so=01;35:do=01;35:bd=40;33;01:cd=40;33;01:or=40;31;01:mi=00:su=37;41:sg=30;43:ca=30;41:tw=30;42:ow=34;42:st=37;44:ex=01;32:*.tar=01;31:*.tgz=01;31:*.arc=01;31:*.arj=01;31:*.taz=01;31:*.lha=01;31:*.lz4=01;31:*.lzh=01;31:*.lzma=01;31:*.tlz=01;31:*.txz=01;31:*.tzo=01;31:*.t7z=01;31:*.zip=01;31:*.z=01;31:*.dz=01;31:*.gz=01;31:*.lrz=01;31:*.lz=01;31:*.lzo=01;31:*.xz=01;31:*.zst=01;31:*.tzst=01;31:*.bz2=01;31:*.bz=01;31:*.tbz=01;31:*.tbz2=01;31:*.tz=01;31:*.deb=01;31:*.rpm=01;31:*.jar=01;31:*.war=01;31:*.ear=01;31:*.sar=01;31:*.rar=01;31:*.alz=01;31:*.ace=01;31:*.zoo=01;31:*.cpio=01;31:*.7z=01;31:*.rz=01;31:*.cab=01;31:*.wim=01;31:*.swm=01;31:*.dwm=01;31:*.esd=01;31:*.jpg=01;35:*.jpeg=01;35:*.mjpg=01;35:*.mjpeg=01;35:*.gif=01;35:*.bmp=01;35:*.pbm=01;35:*.pgm=01;35:*.ppm=01;35:*.tga=01;35:*.xbm=01;35:*.xpm=01;35:*.tif=01;35:*.tiff=01;35:*.png=01;35:*.svg=01;35:*.svgz=01;35:*.mng=01;35:*.pcx=01;35:*.mov=01;35:*.mpg=01;35:*.mpeg=01;35:*.m2v=01;35:*.mkv=01;35:*.webm=01;35:*.webp=01;35:*.ogm=01;35:*.mp4=01;35:*.m4v=01;35:*.mp4v=01;35:*.vob=01;35:*.qt=01;35:*.nuv=01;35:*.wmv=01;35:*.asf=01;35:*.rm=01;35:*.rmvb=01;35:*.flc=01;35:*.avi=01;35:*.fli=01;35:*.flv=01;35:*.gl=01;35:*.dl=01;35:*.xcf=01;35:*.xwd=01;35:*.yuv=01;35:*.cgm=01;35:*.emf=01;35:*.ogv=01;35:*.ogx=01;35:*.aac=00;36:*.au=00;36:*.flac=00;36:*.m4a=00;36:*.mid=00;36:*.midi=00;36:*.mka=00;36:*.mp3=00;36:*.mpc=00;36:*.ogg=00;36:*.ra=00;36:*.wav=00;36:*.oga=00;36:*.opus=00;36:*.spx=00;36:*.xspf=00;36:'), ('TERM_PROGRAM', 'tmux'), ('SSH_AUTH_SOCK', '/tmp/ssh-XXXXXXhQJ7UG/agent.2413'), ('AMENT_PREFIX_PATH', '/home/gadzz/Workspace/VTOL-MissionCenter/install/mission_center:/home/gadzz/Workspace/VTOL-MissionCenter/install/keyboard:/home/gadzz/Workspace/VTOL-MissionCenter/install/keyboard_msgs:/opt/ros/humble'), ('SHELL', '/bin/bash'), ('LC_NAME', 'id_ID.UTF-8'), ('QT_ACCESSIBILITY', '1'), ('LESSCLOSE', '/usr/bin/lesspipe %s %s'), ('LC_MEASUREMENT', 'id_ID.UTF-8'), ('GPG_AGENT_INFO', '/run/user/1000/gnupg/S.gpg-agent:0:1'), ('LC_IDENTIFICATION', 'id_ID.UTF-8'), ('QT_IM_MODULE', 'ibus'), ('XDG_VTNR', '1'), ('ALACRITTY_WINDOW_ID', '113246213'), ('PWD', '/home/gadzz/Workspace/VTOL-MissionCenter/build/mission_center'), ('LC_ALL', 'en_US.UTF-8'), ('XDG_CONFIG_DIRS', '/home/gadzz/.config/kdedefaults:/etc/xdg/xdg-plasma:/etc/xdg'), ('CLUTTER_IM_MODULE', 'ibus'), ('XDG_DATA_DIRS', '/usr/share/plasma:/usr/share/gnome:/usr/local/share:/usr/share:/var/lib/snapd/desktop'), ('PYTHONPATH', '/home/gadzz/Workspace/VTOL-MissionCenter/install/keyboard_msgs/local/lib/python3.10/dist-packages:/opt/ros/humble/lib/python3.10/site-packages:/opt/ros/humble/local/lib/python3.10/dist-packages'), ('LC_NUMERIC', 'id_ID.UTF-8'), ('TMUX_PLUGIN_MANAGER_PATH', '/home/gadzz/.config/tmux/plugins/'), ('LC_PAPER', 'id_ID.UTF-8'), ('KDE_SESSION_UID', '1000'), ('COLCON', '1'), ('TMUX_PANE', '%1'), ('CMAKE_PREFIX_PATH', '/home/gadzz/Workspace/VTOL-MissionCenter/install/keyboard_msgs:/home/gadzz/Workspace/VTOL-MissionCenter/install/mission_center:/home/gadzz/Workspace/VTOL-MissionCenter/install/keyboard:/opt/ros/humble')]), 'shell': False}
[61.906687] (mission_center) StdoutLine: {'line': b'-- Install configuration: ""\n'}
[61.906951] (mission_center) StdoutLine: {'line': b'-- Installing: /home/gadzz/Workspace/VTOL-MissionCenter/install/mission_center/lib/libuav_mission.so\n'}
[61.937626] (mission_center) StdoutLine: {'line': b'-- Set runtime path of "/home/gadzz/Workspace/VTOL-MissionCenter/install/mission_center/lib/libuav_mission.so" to ""\n'}
[61.937909] (mission_center) StdoutLine: {'line': b'-- Installing: /home/gadzz/Workspace/VTOL-MissionCenter/install/mission_center/lib/mission_center/pilot_node\n'}
[61.939957] (mission_center) StdoutLine: {'line': b'-- Set runtime path of "/home/gadzz/Workspace/VTOL-MissionCenter/install/mission_center/lib/mission_center/pilot_node" to ""\n'}
[61.940413] (mission_center) StdoutLine: {'line': b'-- Up-to-date: /home/gadzz/Workspace/VTOL-MissionCenter/install/mission_center/lib/mission_center/safety_node\n'}
[61.940531] (mission_center) StdoutLine: {'line': b'-- Installing: /home/gadzz/Workspace/VTOL-MissionCenter/install/mission_center/lib/mission_center/ui_node\n'}
[61.944809] (mission_center) StdoutLine: {'line': b'-- Set runtime path of "/home/gadzz/Workspace/VTOL-MissionCenter/install/mission_center/lib/mission_center/ui_node" to ""\n'}
[61.945011] (mission_center) StdoutLine: {'line': b'-- Up-to-date: /home/gadzz/Workspace/VTOL-MissionCenter/install/mission_center/share/mission_center//launch\n'}
[61.945175] (mission_center) StdoutLine: {'line': b'-- Up-to-date: /home/gadzz/Workspace/VTOL-MissionCenter/install/mission_center/share/mission_center//launch/mav.tlog.raw\n'}
[61.945330] (mission_center) StdoutLine: {'line': b'-- Up-to-date: /home/gadzz/Workspace/VTOL-MissionCenter/install/mission_center/share/mission_center//launch/sim_apm.launch\n'}
[61.945414] (mission_center) StdoutLine: {'line': b'-- Up-to-date: /home/gadzz/Workspace/VTOL-MissionCenter/install/mission_center/share/mission_center//launch/test\n'}
[61.945459] (mission_center) StdoutLine: {'line': b'-- Up-to-date: /home/gadzz/Workspace/VTOL-MissionCenter/install/mission_center/share/mission_center//launch/test/logs\n'}
[61.945516] (mission_center) StdoutLine: {'line': b'-- Up-to-date: /home/gadzz/Workspace/VTOL-MissionCenter/install/mission_center/share/mission_center//launch/test/logs/2025-10-07\n'}
[61.945562] (mission_center) StdoutLine: {'line': b'-- Up-to-date: /home/gadzz/Workspace/VTOL-MissionCenter/install/mission_center/share/mission_center//launch/test/logs/2025-10-07/flight1\n'}
[61.945614] (mission_center) StdoutLine: {'line': b'-- Up-to-date: /home/gadzz/Workspace/VTOL-MissionCenter/install/mission_center/share/mission_center//launch/test/logs/2025-10-07/flight1/flight.tlog.raw\n'}
[61.945669] (mission_center) StdoutLine: {'line': b'-- Up-to-date: /home/gadzz/Workspace/VTOL-MissionCenter/install/mission_center/share/mission_center//launch/test/logs/2025-10-07/flight1/flight.tlog\n'}
[61.945776] (mission_center) StdoutLine: {'line': b'-- Up-to-date: /home/gadzz/Workspace/VTOL-MissionCenter/install/mission_center/share/mission_center//launch/test/logs/2025-10-07/flight1/defaults.parm\n'}
[61.945840] (mission_center) StdoutLine: {'line': b'-- Up-to-date: /home/gadzz/Workspace/VTOL-MissionCenter/install/mission_center/share/mission_center//launch/test/logs/2025-10-07/flight1/mav.parm\n'}
[61.945897] (mission_center) StdoutLine: {'line': b'-- Up-to-date: /home/gadzz/Workspace/VTOL-MissionCenter/install/mission_center/share/mission_center//launch/mav.tlog\n'}
[61.945954] (mission_center) StdoutLine: {'line': b'-- Up-to-date: /home/gadzz/Workspace/VTOL-MissionCenter/install/mission_center/share/mission_center//launch/eeprom.bin\n'}
[61.946004] (mission_center) StdoutLine: {'line': b'-- Up-to-date: /home/gadzz/Workspace/VTOL-MissionCenter/install/mission_center/share/mission_center//launch/real_apm.launch\n'}
[61.946067] (mission_center) StdoutLine: {'line': b'-- Up-to-date: /home/gadzz/Workspace/VTOL-MissionCenter/install/mission_center/lib/mission_center/trajectory_streamer\n'}
[61.946110] (mission_center) StdoutLine: {'line': b'-- Up-to-date: /home/gadzz/Workspace/VTOL-MissionCenter/install/mission_center/share/mission_center/environment/library_path.sh\n'}
[61.946154] (mission_center) StdoutLine: {'line': b'-- Up-to-date: /home/gadzz/Workspace/VTOL-MissionCenter/install/mission_center/share/mission_center/environment/library_path.dsv\n'}
[61.946195] (mission_center) StdoutLine: {'line': b'-- Up-to-date: /home/gadzz/Workspace/VTOL-MissionCenter/install/mission_center/share/ament_index/resource_index/package_run_dependencies/mission_center\n'}
[61.946240] (mission_center) StdoutLine: {'line': b'-- Up-to-date: /home/gadzz/Workspace/VTOL-MissionCenter/install/mission_center/share/ament_index/resource_index/parent_prefix_path/mission_center\n'}
[61.946287] (mission_center) StdoutLine: {'line': b'-- Up-to-date: /home/gadzz/Workspace/VTOL-MissionCenter/install/mission_center/share/mission_center/environment/ament_prefix_path.sh\n'}
[61.946325] (mission_center) StdoutLine: {'line': b'-- Up-to-date: /home/gadzz/Workspace/VTOL-MissionCenter/install/mission_center/share/mission_center/environment/ament_prefix_path.dsv\n'}
[61.946380] (mission_center) StdoutLine: {'line': b'-- Up-to-date: /home/gadzz/Workspace/VTOL-MissionCenter/install/mission_center/share/mission_center/environment/path.sh\n'}
[61.946419] (mission_center) StdoutLine: {'line': b'-- Up-to-date: /home/gadzz/Workspace/VTOL-MissionCenter/install/mission_center/share/mission_center/environment/path.dsv\n'}
[61.946458] (mission_center) StdoutLine: {'line': b'-- Up-to-date: /home/gadzz/Workspace/VTOL-MissionCenter/install/mission_center/share/mission_center/local_setup.bash\n'}
[61.946497] (mission_center) StdoutLine: {'line': b'-- Up-to-date: /home/gadzz/Workspace/VTOL-MissionCenter/install/mission_center/share/mission_center/local_setup.sh\n'}
[61.946534] (mission_center) StdoutLine: {'line': b'-- Up-to-date: /home/gadzz/Workspace/VTOL-MissionCenter/install/mission_center/share/mission_center/local_setup.zsh\n'}
[61.946576] (mission_center) StdoutLine: {'line': b'-- Up-to-date: /home/gadzz/Workspace/VTOL-MissionCenter/install/mission_center/share/mission_center/local_setup.dsv\n'}
[61.946643] (mission_center) StdoutLine: {'line': b'-- Installing: /home/gadzz/Workspace/VTOL-MissionCenter/install/mission_center/share/mission_center/package.dsv\n'}
[61.946785] (mission_center) StdoutLine: {'line': b'-- Up-to-date: /home/gadzz/Workspace/VTOL-MissionCenter/install/mission_center/share/ament_index/resource_index/packages/mission_center\n'}
[61.946873] (mission_center) StdoutLine: {'line': b'-- Up-to-date: /home/gadzz/Workspace/VTOL-MissionCenter/install/mission_center/share/mission_center/cmake/ament_cmake_export_include_directories-extras.cmake\n'}
[61.946936] (mission_center) StdoutLine: {'line': b'-- Up-to-date: /home/gadzz/Workspace/VTOL-MissionCenter/install/mission_center/share/mission_center/cmake/ament_cmake_export_libraries-extras.cmake\n'}
[61.946998] (mission_center) StdoutLine: {'line': b'-- Up-to-date: /home/gadzz/Workspace/VTOL-MissionCenter/install/mission_center/share/mission_center/cmake/mission_centerConfig.cmake\n'}
[61.947068] (mission_center) StdoutLine: {'line': b'-- Up-to-date: /home/gadzz/Workspace/VTOL-MissionCenter/install/mission_center/share/mission_center/cmake/mission_centerConfig-version.cmake\n'}
[61.947145] (mission_center) StdoutLine: {'line': b'-- Up-to-date: /home/gadzz/Workspace/VTOL-MissionCenter/install/mission_center/share/mission_center/package.xml\n'}
[61.947998] (mission_center) CommandEnded: {'returncode': 0}
[61.969998] (-) TimerEvent: {}
[61.972911] (mission_center) JobEnded: {'identifier': 'mission_center', 'rc': 0}
[61.974799] (-) EventReactorShutdown: {}
