[0.000000] (-) TimerEvent: {}
[0.000890] (keyboard_msgs) JobQueued: {'identifier': 'keyboard_msgs', 'dependencies': OrderedDict()}
[0.001778] (keyboard) JobQueued: {'identifier': 'keyboard', 'dependencies': OrderedDict([('keyboard_msgs', '/home/gadzz/tubitak_ws/install/keyboard_msgs')])}
[0.002346] (mission_center) JobQueued: {'identifier': 'mission_center', 'dependencies': OrderedDict([('keyboard_msgs', '/home/gadzz/tubitak_ws/install/keyboard_msgs')])}
[0.002424] (keyboard_msgs) JobStarted: {'identifier': 'keyboard_msgs'}
[0.022198] (keyboard_msgs) JobProgress: {'identifier': 'keyboard_msgs', 'progress': 'cmake'}
[0.024061] (keyboard_msgs) JobProgress: {'identifier': 'keyboard_msgs', 'progress': 'build'}
[0.025510] (keyboard_msgs) Command: {'cmd': ['/usr/bin/cmake', '--build', '/home/gadzz/tubitak_ws/build/keyboard_msgs', '--', '-j8', '-l8'], 'cwd': '/home/gadzz/tubitak_ws/build/keyboard_msgs', 'env': OrderedDict([('GZ_SIM_SYSTEM_PLUGIN_PATH', '/home/gadzz/ardu_ws/install/ardupilot_sitl_models/lib/ardupilot_sitl_models/:/home/gadzz/ardu_ws/install/ardupilot_gz_gazebo/lib/ardupilot_gz_gazebo/:/home/gadzz/ardu_ws/install/ardupilot_gazebo/lib/ardupilot_gazebo/'), ('TMUX', '/tmp/tmux-1000/default,6097,1'), ('GZ_SIM_RESOURCE_PATH', '/home/gadzz/ardu_ws/install/ardupilot_sitl_models/share/ardupilot_sitl_models/worlds:/home/gadzz/ardu_ws/install/ardupilot_sitl_models/share/ardupilot_sitl_models/models:/home/gadzz/ardu_ws/install/ardupilot_sitl_models/share:/home/gadzz/ardu_ws/install/ardupilot_gz_gazebo/share/ardupilot_gz_gazebo/worlds:/home/gadzz/ardu_ws/install/ardupilot_gz_description/share/ardupilot_gz_description/models:/home/gadzz/ardu_ws/install/ardupilot_gz_description/share:/home/gadzz/ardu_ws/install/ardupilot_gazebo/share/ardupilot_gazebo/worlds:/home/gadzz/ardu_ws/install/ardupilot_gazebo/share/ardupilot_gazebo/models:/home/gadzz/ardu_ws/install/ardupilot_gazebo/share'), ('LC_TIME', 'id_ID.UTF-8'), ('USER', 'gadzz'), ('XDG_SEAT', 'seat0'), ('XDG_SESSION_TYPE', 'x11'), ('BROWSER', 'firefox-esr'), ('LD_LIBRARY_PATH', '/home/gadzz/ardu_ws/install/sdformat_urdf/lib:/home/gadzz/ardu_ws/install/ros_ign_interfaces/lib:/home/gadzz/ardu_ws/install/ros_gz_sim/lib:/home/gadzz/ardu_ws/install/ros_gz_bridge/lib:/home/gadzz/ardu_ws/install/ros_gz_interfaces/lib:/home/gadzz/ardu_ws/install/micro_ros_agent/lib:/home/gadzz/ardu_ws/install/keyboard_msgs/lib:/home/gadzz/ardu_ws/install/ardupilot_msgs/lib:/opt/ros/humble/opt/rviz_ogre_vendor/lib:/opt/ros/humble/lib/x86_64-linux-gnu:/opt/ros/humble/lib'), ('SHLVL', '2'), ('HOME', '/home/gadzz'), ('LESS', '-R'), ('OLDPWD', '/home/gadzz/tubitak_ws'), ('DESKTOP_SESSION', 'awesome'), ('TERM_PROGRAM_VERSION', '3.5a'), ('LSCOLORS', 'Gxfxcxdxbxegedabagacad'), ('ZSH', '/home/gadzz/.oh-my-zsh'), ('GTK_MODULES', 'gail:atk-bridge'), ('PAGER', 'less'), ('ROS_PYTHON_VERSION', '3'), ('LC_MONETARY', 'id_ID.UTF-8'), ('DBUS_SESSION_BUS_ADDRESS', 'unix:path=/run/user/1000/bus'), ('SYSTEMD_EXEC_PID', '2022'), ('VISUAL', 'nvim'), ('COLORTERM', 'truecolor'), ('FZF_BASE', '/usr/bin/fzf'), ('COLCON_PREFIX_PATH', '/home/gadzz/ardu_ws/install'), ('ROS_DISTRO', 'humble'), ('ALACRITTY_SOCKET', '/run/user/1000/Alacritty-:0-5220.sock'), ('GTK_IM_MODULE', 'ibus'), ('LOGNAME', 'gadzz'), ('WINDOWID', '46137349'), ('_', '/usr/bin/colcon'), ('PKG_CONFIG_PATH', '/home/gadzz/ardu_ws/install/sdformat_test_files/lib/x86_64-linux-gnu/pkgconfig:/home/gadzz/ardu_ws/install/sdformat_test_files/lib/pkgconfig'), ('ROS_VERSION', '2'), ('XDG_SESSION_CLASS', 'user'), ('ALACRITTY_LOG', '/tmp/Alacritty-5220.log'), ('TERM', 'tmux-256color'), ('USERNAME', 'gadzz'), ('XDG_SESSION_ID', '2'), ('ROS_LOCALHOST_ONLY', '0'), ('WINDOWPATH', '2'), ('PATH', '/home/gadzz/.local/bin:/home/gadzz/ardu_ws/install/ardupilot_sitl/bin:/opt/ros/humble/bin:/home/gadzz/.local/bin:/usr/lib/ccache:/home/gadzz/ardu_ws/src/ardupilot/Tools/autotest:/opt/gcc-arm-none-eabi-10-2020-q4-major/bin:/home/gadzz/.local/bin:/usr/local/sbin:/usr/local/bin:/usr/sbin:/usr/bin:/sbin:/bin:/usr/games:/usr/local/games:/snap/bin:/snap/bin:/home/gadzz/ardu_ws/Micro-XRCE-DDS-Gen/scripts:/home/gadzz/ardu_ws/src/ardupilot/Tools/autotest:/home/gadzz/ardu_ws/Micro-XRCE-DDS-Gen/scripts:/home/gadzz/ardu_ws/src/ardupilot/Tools/autotest'), ('DIRHISTORY_SIZE', '30'), ('LC_ADDRESS', 'id_ID.UTF-8'), ('XDG_RUNTIME_DIR', '/run/user/1000'), ('DISPLAY', ':0'), ('LANG', 'en_US.UTF-8'), ('LC_TELEPHONE', 'id_ID.UTF-8'), ('LS_COLORS', 'rs=0:di=01;34:ln=01;36:mh=00:pi=40;33:so=01;35:do=01;35:bd=40;33;01:cd=40;33;01:or=40;31;01:mi=00:su=37;41:sg=30;43:ca=30;41:tw=30;42:ow=34;42:st=37;44:ex=01;32:*.tar=01;31:*.tgz=01;31:*.arc=01;31:*.arj=01;31:*.taz=01;31:*.lha=01;31:*.lz4=01;31:*.lzh=01;31:*.lzma=01;31:*.tlz=01;31:*.txz=01;31:*.tzo=01;31:*.t7z=01;31:*.zip=01;31:*.z=01;31:*.dz=01;31:*.gz=01;31:*.lrz=01;31:*.lz=01;31:*.lzo=01;31:*.xz=01;31:*.zst=01;31:*.tzst=01;31:*.bz2=01;31:*.bz=01;31:*.tbz=01;31:*.tbz2=01;31:*.tz=01;31:*.deb=01;31:*.rpm=01;31:*.jar=01;31:*.war=01;31:*.ear=01;31:*.sar=01;31:*.rar=01;31:*.alz=01;31:*.ace=01;31:*.zoo=01;31:*.cpio=01;31:*.7z=01;31:*.rz=01;31:*.cab=01;31:*.wim=01;31:*.swm=01;31:*.dwm=01;31:*.esd=01;31:*.jpg=01;35:*.jpeg=01;35:*.mjpg=01;35:*.mjpeg=01;35:*.gif=01;35:*.bmp=01;35:*.pbm=01;35:*.pgm=01;35:*.ppm=01;35:*.tga=01;35:*.xbm=01;35:*.xpm=01;35:*.tif=01;35:*.tiff=01;35:*.png=01;35:*.svg=01;35:*.svgz=01;35:*.mng=01;35:*.pcx=01;35:*.mov=01;35:*.mpg=01;35:*.mpeg=01;35:*.m2v=01;35:*.mkv=01;35:*.webm=01;35:*.webp=01;35:*.ogm=01;35:*.mp4=01;35:*.m4v=01;35:*.mp4v=01;35:*.vob=01;35:*.qt=01;35:*.nuv=01;35:*.wmv=01;35:*.asf=01;35:*.rm=01;35:*.rmvb=01;35:*.flc=01;35:*.avi=01;35:*.fli=01;35:*.flv=01;35:*.gl=01;35:*.dl=01;35:*.xcf=01;35:*.xwd=01;35:*.yuv=01;35:*.cgm=01;35:*.emf=01;35:*.ogv=01;35:*.ogx=01;35:*.aac=00;36:*.au=00;36:*.flac=00;36:*.m4a=00;36:*.mid=00;36:*.midi=00;36:*.mka=00;36:*.mp3=00;36:*.mpc=00;36:*.ogg=00;36:*.ra=00;36:*.wav=00;36:*.oga=00;36:*.opus=00;36:*.spx=00;36:*.xspf=00;36:'), ('TERM_PROGRAM', 'tmux'), ('XAUTHORITY', '/run/user/1000/gdm/Xauthority'), ('XDG_SESSION_DESKTOP', 'awesome'), ('XMODIFIERS', '@im=ibus'), ('AMENT_PREFIX_PATH', '/home/gadzz/ardu_ws/install/test_ros_gz_bridge:/home/gadzz/ardu_ws/install/ros_ign:/home/gadzz/ardu_ws/install/ros_ign_gazebo_demos:/home/gadzz/ardu_ws/install/ros_gz:/home/gadzz/ardu_ws/install/ros_gz_sim_demos:/home/gadzz/ardu_ws/install/ardupilot_gz_bringup:/home/gadzz/ardu_ws/install/sdformat_urdf:/home/gadzz/ardu_ws/install/ros_ign_interfaces:/home/gadzz/ardu_ws/install/ros_ign_image:/home/gadzz/ardu_ws/install/ros_ign_gazebo:/home/gadzz/ardu_ws/install/ros_ign_bridge:/home/gadzz/ardu_ws/install/ros_gz_sim:/home/gadzz/ardu_ws/install/ros_gz_image:/home/gadzz/ardu_ws/install/ros_gz_bridge:/home/gadzz/ardu_ws/install/ros_gz_interfaces:/home/gadzz/ardu_ws/install/ardupilot_dds_tests:/home/gadzz/ardu_ws/install/ardupilot_sitl:/home/gadzz/ardu_ws/install/micro_ros_agent:/home/gadzz/ardu_ws/install/keyboard:/home/gadzz/ardu_ws/install/keyboard_msgs:/home/gadzz/ardu_ws/install/ardupilot_sitl_models:/home/gadzz/ardu_ws/install/ardupilot_msgs:/home/gadzz/ardu_ws/install/ardupilot_gz_gazebo:/home/gadzz/ardu_ws/install/ardupilot_gz_description:/home/gadzz/ardu_ws/install/ardupilot_gz_application:/home/gadzz/ardu_ws/install/ardupilot_gazebo:/opt/ros/humble'), ('LC_NAME', 'id_ID.UTF-8'), ('SHELL', '/usr/bin/zsh'), ('GDMSESSION', 'awesome'), ('QT_ACCESSIBILITY', '1'), ('IGN_GAZEBO_RESOURCE_PATH', '/home/gadzz/ardu_ws/install/ros_gz_sim_demos/share'), ('LC_MEASUREMENT', 'id_ID.UTF-8'), ('GPG_AGENT_INFO', '/run/user/1000/gnupg/S.gpg-agent:0:1'), ('GZ_VERSION', 'harmonic'), ('LC_IDENTIFICATION', 'id_ID.UTF-8'), ('ALACRITTY_WINDOW_ID', '35651589'), ('QT_IM_MODULE', 'ibus'), ('XDG_VTNR', '2'), ('PWD', '/home/gadzz/tubitak_ws/build/keyboard_msgs'), ('CLUTTER_IM_MODULE', 'ibus'), ('XDG_CONFIG_DIRS', '/etc/xdg/xdg-awesome:/etc/xdg'), ('XDG_DATA_DIRS', '/usr/share/awesome:/usr/share/gnome:/usr/local/share/:/usr/share/:/var/lib/snapd/desktop'), ('LC_NUMERIC', 'id_ID.UTF-8'), ('PYTHONPATH', '/home/gadzz/ardu_ws/install/ros_ign_interfaces/local/lib/python3.10/dist-packages:/home/gadzz/ardu_ws/install/ros_gz_interfaces/local/lib/python3.10/dist-packages:/home/gadzz/ardu_ws/install/ardupilot_dds_tests/lib/python3.10/site-packages:/home/gadzz/ardu_ws/install/ardupilot_sitl/local/lib/python3.10/dist-packages:/home/gadzz/ardu_ws/install/keyboard_msgs/local/lib/python3.10/dist-packages:/home/gadzz/ardu_ws/install/ardupilot_msgs/local/lib/python3.10/dist-packages:/opt/ros/humble/lib/python3.10/site-packages:/opt/ros/humble/local/lib/python3.10/dist-packages'), ('LC_PAPER', 'id_ID.UTF-8'), ('TMUX_PLUGIN_MANAGER_PATH', '/home/gadzz/.config/tmux/plugins/'), ('COLCON', '1'), ('TERMINAL', 'alacritty'), ('TMUX_PANE', '%6'), ('CMAKE_PREFIX_PATH', '/home/gadzz/ardu_ws/install/test_ros_gz_bridge:/home/gadzz/ardu_ws/install/ros_ign:/home/gadzz/ardu_ws/install/ros_ign_gazebo_demos:/home/gadzz/ardu_ws/install/ros_gz:/home/gadzz/ardu_ws/install/ros_gz_sim_demos:/home/gadzz/ardu_ws/install/ardupilot_gz_bringup:/home/gadzz/ardu_ws/install/sdformat_urdf:/home/gadzz/ardu_ws/install/sdformat_test_files:/home/gadzz/ardu_ws/install/ros_ign_interfaces:/home/gadzz/ardu_ws/install/ros_ign_image:/home/gadzz/ardu_ws/install/ros_ign_gazebo:/home/gadzz/ardu_ws/install/ros_ign_bridge:/home/gadzz/ardu_ws/install/ros_gz_sim:/home/gadzz/ardu_ws/install/ros_gz_image:/home/gadzz/ardu_ws/install/ros_gz_bridge:/home/gadzz/ardu_ws/install/ros_gz_interfaces:/home/gadzz/ardu_ws/install/ardupilot_sitl:/home/gadzz/ardu_ws/install/micro_ros_agent:/home/gadzz/ardu_ws/install/keyboard:/home/gadzz/ardu_ws/install/keyboard_msgs:/home/gadzz/ardu_ws/install/ardupilot_sitl_models:/home/gadzz/ardu_ws/install/ardupilot_msgs:/home/gadzz/ardu_ws/install/ardupilot_gz_gazebo:/home/gadzz/ardu_ws/install/ardupilot_gz_description:/home/gadzz/ardu_ws/install/ardupilot_gz_application:/home/gadzz/ardu_ws/install/ardupilot_gazebo:/home/gadzz/ardu_ws/install/ardupilot_dds_tests:/opt/ros/humble'), ('EDITOR', 'geany'), ('HISTORY_IGNORE', '(ls|cd|pwd|exit|sudo reboot|history|cd -|cd ..)')]), 'shell': False}
[0.099510] (-) TimerEvent: {}
[0.114311] (keyboard_msgs) StdoutLine: {'line': b'[  3%] Built target keyboard_msgs__cpp\n'}
[0.170355] (keyboard_msgs) StdoutLine: {'line': b'[  3%] Built target ament_cmake_python_copy_keyboard_msgs\n'}
[0.200312] (-) TimerEvent: {}
[0.220014] (keyboard_msgs) StdoutLine: {'line': b'[ 12%] Built target keyboard_msgs__rosidl_typesupport_introspection_cpp\n'}
[0.300629] (-) TimerEvent: {}
[0.401675] (-) TimerEvent: {}
[0.502184] (-) TimerEvent: {}
[0.591806] (keyboard_msgs) StdoutLine: {'line': b'running egg_info\n'}
[0.593806] (keyboard_msgs) StdoutLine: {'line': b'writing keyboard_msgs.egg-info/PKG-INFO\n'}
[0.594339] (keyboard_msgs) StdoutLine: {'line': b'writing dependency_links to keyboard_msgs.egg-info/dependency_links.txt\n'}
[0.594550] (keyboard_msgs) StdoutLine: {'line': b'writing top-level names to keyboard_msgs.egg-info/top_level.txt\n'}
[0.602329] (-) TimerEvent: {}
[0.602860] (keyboard_msgs) StdoutLine: {'line': b"reading manifest file 'keyboard_msgs.egg-info/SOURCES.txt'\n"}
[0.603856] (keyboard_msgs) StdoutLine: {'line': b"writing manifest file 'keyboard_msgs.egg-info/SOURCES.txt'\n"}
[0.682318] (keyboard_msgs) StdoutLine: {'line': b'[ 12%] Built target ament_cmake_python_build_keyboard_msgs_egg\n'}
[0.702506] (-) TimerEvent: {}
[0.718272] (keyboard_msgs) StdoutLine: {'line': b'[ 22%] Built target keyboard_msgs__rosidl_typesupport_fastrtps_cpp\n'}
[0.765086] (keyboard_msgs) StdoutLine: {'line': b'[ 32%] Built target keyboard_msgs__rosidl_typesupport_cpp\n'}
[0.802691] (-) TimerEvent: {}
[0.820408] (keyboard_msgs) StdoutLine: {'line': b'[ 41%] Built target keyboard_msgs__rosidl_generator_c\n'}
[0.868873] (keyboard_msgs) StdoutLine: {'line': b'[ 51%] Built target keyboard_msgs__rosidl_typesupport_fastrtps_c\n'}
[0.902964] (-) TimerEvent: {}
[0.918019] (keyboard_msgs) StdoutLine: {'line': b'[ 61%] Built target keyboard_msgs__rosidl_typesupport_c\n'}
[0.956169] (keyboard_msgs) StdoutLine: {'line': b'[ 70%] Built target keyboard_msgs__rosidl_typesupport_introspection_c\n'}
[0.990447] (keyboard_msgs) StdoutLine: {'line': b'[ 70%] Built target keyboard_msgs\n'}
[1.003037] (-) TimerEvent: {}
[1.024980] (keyboard_msgs) StdoutLine: {'line': b'[ 74%] Built target keyboard_msgs__py\n'}
[1.077643] (keyboard_msgs) StdoutLine: {'line': b'[ 80%] Built target keyboard_msgs__rosidl_generator_py\n'}
[1.103319] (-) TimerEvent: {}
[1.128015] (keyboard_msgs) StdoutLine: {'line': b'[ 87%] Built target keyboard_msgs__rosidl_typesupport_fastrtps_c__pyext\n'}
[1.178502] (keyboard_msgs) StdoutLine: {'line': b'[ 93%] Built target keyboard_msgs__rosidl_typesupport_c__pyext\n'}
[1.203565] (-) TimerEvent: {}
[1.221993] (keyboard_msgs) StdoutLine: {'line': b'[100%] Built target keyboard_msgs__rosidl_typesupport_introspection_c__pyext\n'}
[1.242546] (keyboard_msgs) CommandEnded: {'returncode': 0}
[1.244018] (keyboard_msgs) JobProgress: {'identifier': 'keyboard_msgs', 'progress': 'install'}
[1.258567] (keyboard_msgs) Command: {'cmd': ['/usr/bin/cmake', '--install', '/home/gadzz/tubitak_ws/build/keyboard_msgs'], 'cwd': '/home/gadzz/tubitak_ws/build/keyboard_msgs', 'env': OrderedDict([('GZ_SIM_SYSTEM_PLUGIN_PATH', '/home/gadzz/ardu_ws/install/ardupilot_sitl_models/lib/ardupilot_sitl_models/:/home/gadzz/ardu_ws/install/ardupilot_gz_gazebo/lib/ardupilot_gz_gazebo/:/home/gadzz/ardu_ws/install/ardupilot_gazebo/lib/ardupilot_gazebo/'), ('TMUX', '/tmp/tmux-1000/default,6097,1'), ('GZ_SIM_RESOURCE_PATH', '/home/gadzz/ardu_ws/install/ardupilot_sitl_models/share/ardupilot_sitl_models/worlds:/home/gadzz/ardu_ws/install/ardupilot_sitl_models/share/ardupilot_sitl_models/models:/home/gadzz/ardu_ws/install/ardupilot_sitl_models/share:/home/gadzz/ardu_ws/install/ardupilot_gz_gazebo/share/ardupilot_gz_gazebo/worlds:/home/gadzz/ardu_ws/install/ardupilot_gz_description/share/ardupilot_gz_description/models:/home/gadzz/ardu_ws/install/ardupilot_gz_description/share:/home/gadzz/ardu_ws/install/ardupilot_gazebo/share/ardupilot_gazebo/worlds:/home/gadzz/ardu_ws/install/ardupilot_gazebo/share/ardupilot_gazebo/models:/home/gadzz/ardu_ws/install/ardupilot_gazebo/share'), ('LC_TIME', 'id_ID.UTF-8'), ('USER', 'gadzz'), ('XDG_SEAT', 'seat0'), ('XDG_SESSION_TYPE', 'x11'), ('BROWSER', 'firefox-esr'), ('LD_LIBRARY_PATH', '/home/gadzz/ardu_ws/install/sdformat_urdf/lib:/home/gadzz/ardu_ws/install/ros_ign_interfaces/lib:/home/gadzz/ardu_ws/install/ros_gz_sim/lib:/home/gadzz/ardu_ws/install/ros_gz_bridge/lib:/home/gadzz/ardu_ws/install/ros_gz_interfaces/lib:/home/gadzz/ardu_ws/install/micro_ros_agent/lib:/home/gadzz/ardu_ws/install/keyboard_msgs/lib:/home/gadzz/ardu_ws/install/ardupilot_msgs/lib:/opt/ros/humble/opt/rviz_ogre_vendor/lib:/opt/ros/humble/lib/x86_64-linux-gnu:/opt/ros/humble/lib'), ('SHLVL', '2'), ('HOME', '/home/gadzz'), ('LESS', '-R'), ('OLDPWD', '/home/gadzz/tubitak_ws'), ('DESKTOP_SESSION', 'awesome'), ('TERM_PROGRAM_VERSION', '3.5a'), ('LSCOLORS', 'Gxfxcxdxbxegedabagacad'), ('ZSH', '/home/gadzz/.oh-my-zsh'), ('GTK_MODULES', 'gail:atk-bridge'), ('PAGER', 'less'), ('ROS_PYTHON_VERSION', '3'), ('LC_MONETARY', 'id_ID.UTF-8'), ('DBUS_SESSION_BUS_ADDRESS', 'unix:path=/run/user/1000/bus'), ('SYSTEMD_EXEC_PID', '2022'), ('VISUAL', 'nvim'), ('COLORTERM', 'truecolor'), ('FZF_BASE', '/usr/bin/fzf'), ('COLCON_PREFIX_PATH', '/home/gadzz/ardu_ws/install'), ('ROS_DISTRO', 'humble'), ('ALACRITTY_SOCKET', '/run/user/1000/Alacritty-:0-5220.sock'), ('GTK_IM_MODULE', 'ibus'), ('LOGNAME', 'gadzz'), ('WINDOWID', '46137349'), ('_', '/usr/bin/colcon'), ('PKG_CONFIG_PATH', '/home/gadzz/ardu_ws/install/sdformat_test_files/lib/x86_64-linux-gnu/pkgconfig:/home/gadzz/ardu_ws/install/sdformat_test_files/lib/pkgconfig'), ('ROS_VERSION', '2'), ('XDG_SESSION_CLASS', 'user'), ('ALACRITTY_LOG', '/tmp/Alacritty-5220.log'), ('TERM', 'tmux-256color'), ('USERNAME', 'gadzz'), ('XDG_SESSION_ID', '2'), ('ROS_LOCALHOST_ONLY', '0'), ('WINDOWPATH', '2'), ('PATH', '/home/gadzz/.local/bin:/home/gadzz/ardu_ws/install/ardupilot_sitl/bin:/opt/ros/humble/bin:/home/gadzz/.local/bin:/usr/lib/ccache:/home/gadzz/ardu_ws/src/ardupilot/Tools/autotest:/opt/gcc-arm-none-eabi-10-2020-q4-major/bin:/home/gadzz/.local/bin:/usr/local/sbin:/usr/local/bin:/usr/sbin:/usr/bin:/sbin:/bin:/usr/games:/usr/local/games:/snap/bin:/snap/bin:/home/gadzz/ardu_ws/Micro-XRCE-DDS-Gen/scripts:/home/gadzz/ardu_ws/src/ardupilot/Tools/autotest:/home/gadzz/ardu_ws/Micro-XRCE-DDS-Gen/scripts:/home/gadzz/ardu_ws/src/ardupilot/Tools/autotest'), ('DIRHISTORY_SIZE', '30'), ('LC_ADDRESS', 'id_ID.UTF-8'), ('XDG_RUNTIME_DIR', '/run/user/1000'), ('DISPLAY', ':0'), ('LANG', 'en_US.UTF-8'), ('LC_TELEPHONE', 'id_ID.UTF-8'), ('LS_COLORS', 'rs=0:di=01;34:ln=01;36:mh=00:pi=40;33:so=01;35:do=01;35:bd=40;33;01:cd=40;33;01:or=40;31;01:mi=00:su=37;41:sg=30;43:ca=30;41:tw=30;42:ow=34;42:st=37;44:ex=01;32:*.tar=01;31:*.tgz=01;31:*.arc=01;31:*.arj=01;31:*.taz=01;31:*.lha=01;31:*.lz4=01;31:*.lzh=01;31:*.lzma=01;31:*.tlz=01;31:*.txz=01;31:*.tzo=01;31:*.t7z=01;31:*.zip=01;31:*.z=01;31:*.dz=01;31:*.gz=01;31:*.lrz=01;31:*.lz=01;31:*.lzo=01;31:*.xz=01;31:*.zst=01;31:*.tzst=01;31:*.bz2=01;31:*.bz=01;31:*.tbz=01;31:*.tbz2=01;31:*.tz=01;31:*.deb=01;31:*.rpm=01;31:*.jar=01;31:*.war=01;31:*.ear=01;31:*.sar=01;31:*.rar=01;31:*.alz=01;31:*.ace=01;31:*.zoo=01;31:*.cpio=01;31:*.7z=01;31:*.rz=01;31:*.cab=01;31:*.wim=01;31:*.swm=01;31:*.dwm=01;31:*.esd=01;31:*.jpg=01;35:*.jpeg=01;35:*.mjpg=01;35:*.mjpeg=01;35:*.gif=01;35:*.bmp=01;35:*.pbm=01;35:*.pgm=01;35:*.ppm=01;35:*.tga=01;35:*.xbm=01;35:*.xpm=01;35:*.tif=01;35:*.tiff=01;35:*.png=01;35:*.svg=01;35:*.svgz=01;35:*.mng=01;35:*.pcx=01;35:*.mov=01;35:*.mpg=01;35:*.mpeg=01;35:*.m2v=01;35:*.mkv=01;35:*.webm=01;35:*.webp=01;35:*.ogm=01;35:*.mp4=01;35:*.m4v=01;35:*.mp4v=01;35:*.vob=01;35:*.qt=01;35:*.nuv=01;35:*.wmv=01;35:*.asf=01;35:*.rm=01;35:*.rmvb=01;35:*.flc=01;35:*.avi=01;35:*.fli=01;35:*.flv=01;35:*.gl=01;35:*.dl=01;35:*.xcf=01;35:*.xwd=01;35:*.yuv=01;35:*.cgm=01;35:*.emf=01;35:*.ogv=01;35:*.ogx=01;35:*.aac=00;36:*.au=00;36:*.flac=00;36:*.m4a=00;36:*.mid=00;36:*.midi=00;36:*.mka=00;36:*.mp3=00;36:*.mpc=00;36:*.ogg=00;36:*.ra=00;36:*.wav=00;36:*.oga=00;36:*.opus=00;36:*.spx=00;36:*.xspf=00;36:'), ('TERM_PROGRAM', 'tmux'), ('XAUTHORITY', '/run/user/1000/gdm/Xauthority'), ('XDG_SESSION_DESKTOP', 'awesome'), ('XMODIFIERS', '@im=ibus'), ('AMENT_PREFIX_PATH', '/home/gadzz/ardu_ws/install/test_ros_gz_bridge:/home/gadzz/ardu_ws/install/ros_ign:/home/gadzz/ardu_ws/install/ros_ign_gazebo_demos:/home/gadzz/ardu_ws/install/ros_gz:/home/gadzz/ardu_ws/install/ros_gz_sim_demos:/home/gadzz/ardu_ws/install/ardupilot_gz_bringup:/home/gadzz/ardu_ws/install/sdformat_urdf:/home/gadzz/ardu_ws/install/ros_ign_interfaces:/home/gadzz/ardu_ws/install/ros_ign_image:/home/gadzz/ardu_ws/install/ros_ign_gazebo:/home/gadzz/ardu_ws/install/ros_ign_bridge:/home/gadzz/ardu_ws/install/ros_gz_sim:/home/gadzz/ardu_ws/install/ros_gz_image:/home/gadzz/ardu_ws/install/ros_gz_bridge:/home/gadzz/ardu_ws/install/ros_gz_interfaces:/home/gadzz/ardu_ws/install/ardupilot_dds_tests:/home/gadzz/ardu_ws/install/ardupilot_sitl:/home/gadzz/ardu_ws/install/micro_ros_agent:/home/gadzz/ardu_ws/install/keyboard:/home/gadzz/ardu_ws/install/keyboard_msgs:/home/gadzz/ardu_ws/install/ardupilot_sitl_models:/home/gadzz/ardu_ws/install/ardupilot_msgs:/home/gadzz/ardu_ws/install/ardupilot_gz_gazebo:/home/gadzz/ardu_ws/install/ardupilot_gz_description:/home/gadzz/ardu_ws/install/ardupilot_gz_application:/home/gadzz/ardu_ws/install/ardupilot_gazebo:/opt/ros/humble'), ('LC_NAME', 'id_ID.UTF-8'), ('SHELL', '/usr/bin/zsh'), ('GDMSESSION', 'awesome'), ('QT_ACCESSIBILITY', '1'), ('IGN_GAZEBO_RESOURCE_PATH', '/home/gadzz/ardu_ws/install/ros_gz_sim_demos/share'), ('LC_MEASUREMENT', 'id_ID.UTF-8'), ('GPG_AGENT_INFO', '/run/user/1000/gnupg/S.gpg-agent:0:1'), ('GZ_VERSION', 'harmonic'), ('LC_IDENTIFICATION', 'id_ID.UTF-8'), ('ALACRITTY_WINDOW_ID', '35651589'), ('QT_IM_MODULE', 'ibus'), ('XDG_VTNR', '2'), ('PWD', '/home/gadzz/tubitak_ws/build/keyboard_msgs'), ('CLUTTER_IM_MODULE', 'ibus'), ('XDG_CONFIG_DIRS', '/etc/xdg/xdg-awesome:/etc/xdg'), ('XDG_DATA_DIRS', '/usr/share/awesome:/usr/share/gnome:/usr/local/share/:/usr/share/:/var/lib/snapd/desktop'), ('LC_NUMERIC', 'id_ID.UTF-8'), ('PYTHONPATH', '/home/gadzz/ardu_ws/install/ros_ign_interfaces/local/lib/python3.10/dist-packages:/home/gadzz/ardu_ws/install/ros_gz_interfaces/local/lib/python3.10/dist-packages:/home/gadzz/ardu_ws/install/ardupilot_dds_tests/lib/python3.10/site-packages:/home/gadzz/ardu_ws/install/ardupilot_sitl/local/lib/python3.10/dist-packages:/home/gadzz/ardu_ws/install/keyboard_msgs/local/lib/python3.10/dist-packages:/home/gadzz/ardu_ws/install/ardupilot_msgs/local/lib/python3.10/dist-packages:/opt/ros/humble/lib/python3.10/site-packages:/opt/ros/humble/local/lib/python3.10/dist-packages'), ('LC_PAPER', 'id_ID.UTF-8'), ('TMUX_PLUGIN_MANAGER_PATH', '/home/gadzz/.config/tmux/plugins/'), ('COLCON', '1'), ('TERMINAL', 'alacritty'), ('TMUX_PANE', '%6'), ('CMAKE_PREFIX_PATH', '/home/gadzz/ardu_ws/install/test_ros_gz_bridge:/home/gadzz/ardu_ws/install/ros_ign:/home/gadzz/ardu_ws/install/ros_ign_gazebo_demos:/home/gadzz/ardu_ws/install/ros_gz:/home/gadzz/ardu_ws/install/ros_gz_sim_demos:/home/gadzz/ardu_ws/install/ardupilot_gz_bringup:/home/gadzz/ardu_ws/install/sdformat_urdf:/home/gadzz/ardu_ws/install/sdformat_test_files:/home/gadzz/ardu_ws/install/ros_ign_interfaces:/home/gadzz/ardu_ws/install/ros_ign_image:/home/gadzz/ardu_ws/install/ros_ign_gazebo:/home/gadzz/ardu_ws/install/ros_ign_bridge:/home/gadzz/ardu_ws/install/ros_gz_sim:/home/gadzz/ardu_ws/install/ros_gz_image:/home/gadzz/ardu_ws/install/ros_gz_bridge:/home/gadzz/ardu_ws/install/ros_gz_interfaces:/home/gadzz/ardu_ws/install/ardupilot_sitl:/home/gadzz/ardu_ws/install/micro_ros_agent:/home/gadzz/ardu_ws/install/keyboard:/home/gadzz/ardu_ws/install/keyboard_msgs:/home/gadzz/ardu_ws/install/ardupilot_sitl_models:/home/gadzz/ardu_ws/install/ardupilot_msgs:/home/gadzz/ardu_ws/install/ardupilot_gz_gazebo:/home/gadzz/ardu_ws/install/ardupilot_gz_description:/home/gadzz/ardu_ws/install/ardupilot_gz_application:/home/gadzz/ardu_ws/install/ardupilot_gazebo:/home/gadzz/ardu_ws/install/ardupilot_dds_tests:/opt/ros/humble'), ('EDITOR', 'geany'), ('HISTORY_IGNORE', '(ls|cd|pwd|exit|sudo reboot|history|cd -|cd ..)')]), 'shell': False}
[1.273455] (keyboard_msgs) StdoutLine: {'line': b'-- Install configuration: ""\n'}
[1.274161] (keyboard_msgs) StdoutLine: {'line': b'-- Up-to-date: /home/gadzz/tubitak_ws/install/keyboard_msgs/share/ament_index/resource_index/rosidl_interfaces/keyboard_msgs\n'}
[1.274242] (keyboard_msgs) StdoutLine: {'line': b'-- Up-to-date: /home/gadzz/tubitak_ws/install/keyboard_msgs/include/keyboard_msgs/keyboard_msgs\n'}
[1.274302] (keyboard_msgs) StdoutLine: {'line': b'-- Up-to-date: /home/gadzz/tubitak_ws/install/keyboard_msgs/include/keyboard_msgs/keyboard_msgs/msg\n'}
[1.274354] (keyboard_msgs) StdoutLine: {'line': b'-- Up-to-date: /home/gadzz/tubitak_ws/install/keyboard_msgs/include/keyboard_msgs/keyboard_msgs/msg/rosidl_generator_c__visibility_control.h\n'}
[1.274438] (keyboard_msgs) StdoutLine: {'line': b'-- Up-to-date: /home/gadzz/tubitak_ws/install/keyboard_msgs/include/keyboard_msgs/keyboard_msgs/msg/detail\n'}
[1.274491] (keyboard_msgs) StdoutLine: {'line': b'-- Up-to-date: /home/gadzz/tubitak_ws/install/keyboard_msgs/include/keyboard_msgs/keyboard_msgs/msg/detail/key__functions.c\n'}
[1.274545] (keyboard_msgs) StdoutLine: {'line': b'-- Up-to-date: /home/gadzz/tubitak_ws/install/keyboard_msgs/include/keyboard_msgs/keyboard_msgs/msg/detail/key__type_support.h\n'}
[1.274595] (keyboard_msgs) StdoutLine: {'line': b'-- Up-to-date: /home/gadzz/tubitak_ws/install/keyboard_msgs/include/keyboard_msgs/keyboard_msgs/msg/detail/key__functions.h\n'}
[1.274644] (keyboard_msgs) StdoutLine: {'line': b'-- Up-to-date: /home/gadzz/tubitak_ws/install/keyboard_msgs/include/keyboard_msgs/keyboard_msgs/msg/detail/key__struct.h\n'}
[1.274699] (keyboard_msgs) StdoutLine: {'line': b'-- Up-to-date: /home/gadzz/tubitak_ws/install/keyboard_msgs/include/keyboard_msgs/keyboard_msgs/msg/key.h\n'}
[1.274755] (keyboard_msgs) StdoutLine: {'line': b'-- Up-to-date: /home/gadzz/tubitak_ws/install/keyboard_msgs/share/keyboard_msgs/environment/library_path.sh\n'}
[1.274814] (keyboard_msgs) StdoutLine: {'line': b'-- Up-to-date: /home/gadzz/tubitak_ws/install/keyboard_msgs/share/keyboard_msgs/environment/library_path.dsv\n'}
[1.274930] (keyboard_msgs) StdoutLine: {'line': b'-- Up-to-date: /home/gadzz/tubitak_ws/install/keyboard_msgs/lib/libkeyboard_msgs__rosidl_generator_c.so\n'}
[1.275085] (keyboard_msgs) StdoutLine: {'line': b'-- Up-to-date: /home/gadzz/tubitak_ws/install/keyboard_msgs/include/keyboard_msgs/keyboard_msgs\n'}
[1.275131] (keyboard_msgs) StdoutLine: {'line': b'-- Up-to-date: /home/gadzz/tubitak_ws/install/keyboard_msgs/include/keyboard_msgs/keyboard_msgs/msg\n'}
[1.275182] (keyboard_msgs) StdoutLine: {'line': b'-- Up-to-date: /home/gadzz/tubitak_ws/install/keyboard_msgs/include/keyboard_msgs/keyboard_msgs/msg/detail\n'}
[1.275258] (keyboard_msgs) StdoutLine: {'line': b'-- Up-to-date: /home/gadzz/tubitak_ws/install/keyboard_msgs/include/keyboard_msgs/keyboard_msgs/msg/detail/key__rosidl_typesupport_fastrtps_c.h\n'}
[1.275328] (keyboard_msgs) StdoutLine: {'line': b'-- Up-to-date: /home/gadzz/tubitak_ws/install/keyboard_msgs/include/keyboard_msgs/keyboard_msgs/msg/rosidl_typesupport_fastrtps_c__visibility_control.h\n'}
[1.275499] (keyboard_msgs) StdoutLine: {'line': b'-- Up-to-date: /home/gadzz/tubitak_ws/install/keyboard_msgs/lib/libkeyboard_msgs__rosidl_typesupport_fastrtps_c.so\n'}
[1.275586] (keyboard_msgs) StdoutLine: {'line': b'-- Up-to-date: /home/gadzz/tubitak_ws/install/keyboard_msgs/include/keyboard_msgs/keyboard_msgs\n'}
[1.275630] (keyboard_msgs) StdoutLine: {'line': b'-- Up-to-date: /home/gadzz/tubitak_ws/install/keyboard_msgs/include/keyboard_msgs/keyboard_msgs/msg\n'}
[1.275675] (keyboard_msgs) StdoutLine: {'line': b'-- Up-to-date: /home/gadzz/tubitak_ws/install/keyboard_msgs/include/keyboard_msgs/keyboard_msgs/msg/key.hpp\n'}
[1.275734] (keyboard_msgs) StdoutLine: {'line': b'-- Up-to-date: /home/gadzz/tubitak_ws/install/keyboard_msgs/include/keyboard_msgs/keyboard_msgs/msg/detail\n'}
[1.275786] (keyboard_msgs) StdoutLine: {'line': b'-- Up-to-date: /home/gadzz/tubitak_ws/install/keyboard_msgs/include/keyboard_msgs/keyboard_msgs/msg/detail/key__traits.hpp\n'}
[1.275841] (keyboard_msgs) StdoutLine: {'line': b'-- Up-to-date: /home/gadzz/tubitak_ws/install/keyboard_msgs/include/keyboard_msgs/keyboard_msgs/msg/detail/key__struct.hpp\n'}
[1.275941] (keyboard_msgs) StdoutLine: {'line': b'-- Up-to-date: /home/gadzz/tubitak_ws/install/keyboard_msgs/include/keyboard_msgs/keyboard_msgs/msg/detail/key__type_support.hpp\n'}
[1.275988] (keyboard_msgs) StdoutLine: {'line': b'-- Up-to-date: /home/gadzz/tubitak_ws/install/keyboard_msgs/include/keyboard_msgs/keyboard_msgs/msg/detail/key__builder.hpp\n'}
[1.276042] (keyboard_msgs) StdoutLine: {'line': b'-- Up-to-date: /home/gadzz/tubitak_ws/install/keyboard_msgs/include/keyboard_msgs/keyboard_msgs/msg/rosidl_generator_cpp__visibility_control.hpp\n'}
[1.276098] (keyboard_msgs) StdoutLine: {'line': b'-- Up-to-date: /home/gadzz/tubitak_ws/install/keyboard_msgs/include/keyboard_msgs/keyboard_msgs\n'}
[1.276154] (keyboard_msgs) StdoutLine: {'line': b'-- Up-to-date: /home/gadzz/tubitak_ws/install/keyboard_msgs/include/keyboard_msgs/keyboard_msgs/msg\n'}
[1.276208] (keyboard_msgs) StdoutLine: {'line': b'-- Up-to-date: /home/gadzz/tubitak_ws/install/keyboard_msgs/include/keyboard_msgs/keyboard_msgs/msg/rosidl_typesupport_fastrtps_cpp__visibility_control.h\n'}
[1.276258] (keyboard_msgs) StdoutLine: {'line': b'-- Up-to-date: /home/gadzz/tubitak_ws/install/keyboard_msgs/include/keyboard_msgs/keyboard_msgs/msg/detail\n'}
[1.276304] (keyboard_msgs) StdoutLine: {'line': b'-- Up-to-date: /home/gadzz/tubitak_ws/install/keyboard_msgs/include/keyboard_msgs/keyboard_msgs/msg/detail/dds_fastrtps\n'}
[1.276356] (keyboard_msgs) StdoutLine: {'line': b'-- Up-to-date: /home/gadzz/tubitak_ws/install/keyboard_msgs/include/keyboard_msgs/keyboard_msgs/msg/detail/key__rosidl_typesupport_fastrtps_cpp.hpp\n'}
[1.276474] (keyboard_msgs) StdoutLine: {'line': b'-- Up-to-date: /home/gadzz/tubitak_ws/install/keyboard_msgs/lib/libkeyboard_msgs__rosidl_typesupport_fastrtps_cpp.so\n'}
[1.276514] (keyboard_msgs) StdoutLine: {'line': b'-- Up-to-date: /home/gadzz/tubitak_ws/install/keyboard_msgs/include/keyboard_msgs/keyboard_msgs\n'}
[1.276557] (keyboard_msgs) StdoutLine: {'line': b'-- Up-to-date: /home/gadzz/tubitak_ws/install/keyboard_msgs/include/keyboard_msgs/keyboard_msgs/msg\n'}
[1.276613] (keyboard_msgs) StdoutLine: {'line': b'-- Up-to-date: /home/gadzz/tubitak_ws/install/keyboard_msgs/include/keyboard_msgs/keyboard_msgs/msg/rosidl_typesupport_introspection_c__visibility_control.h\n'}
[1.276652] (keyboard_msgs) StdoutLine: {'line': b'-- Up-to-date: /home/gadzz/tubitak_ws/install/keyboard_msgs/include/keyboard_msgs/keyboard_msgs/msg/detail\n'}
[1.276696] (keyboard_msgs) StdoutLine: {'line': b'-- Up-to-date: /home/gadzz/tubitak_ws/install/keyboard_msgs/include/keyboard_msgs/keyboard_msgs/msg/detail/key__rosidl_typesupport_introspection_c.h\n'}
[1.276741] (keyboard_msgs) StdoutLine: {'line': b'-- Up-to-date: /home/gadzz/tubitak_ws/install/keyboard_msgs/include/keyboard_msgs/keyboard_msgs/msg/detail/key__type_support.c\n'}
[1.276786] (keyboard_msgs) StdoutLine: {'line': b'-- Up-to-date: /home/gadzz/tubitak_ws/install/keyboard_msgs/lib/libkeyboard_msgs__rosidl_typesupport_introspection_c.so\n'}
[1.276831] (keyboard_msgs) StdoutLine: {'line': b'-- Up-to-date: /home/gadzz/tubitak_ws/install/keyboard_msgs/lib/libkeyboard_msgs__rosidl_typesupport_c.so\n'}
[1.276875] (keyboard_msgs) StdoutLine: {'line': b'-- Up-to-date: /home/gadzz/tubitak_ws/install/keyboard_msgs/include/keyboard_msgs/keyboard_msgs\n'}
[1.276919] (keyboard_msgs) StdoutLine: {'line': b'-- Up-to-date: /home/gadzz/tubitak_ws/install/keyboard_msgs/include/keyboard_msgs/keyboard_msgs/msg\n'}
[1.276963] (keyboard_msgs) StdoutLine: {'line': b'-- Up-to-date: /home/gadzz/tubitak_ws/install/keyboard_msgs/include/keyboard_msgs/keyboard_msgs/msg/detail\n'}
[1.277006] (keyboard_msgs) StdoutLine: {'line': b'-- Up-to-date: /home/gadzz/tubitak_ws/install/keyboard_msgs/include/keyboard_msgs/keyboard_msgs/msg/detail/key__rosidl_typesupport_introspection_cpp.hpp\n'}
[1.277073] (keyboard_msgs) StdoutLine: {'line': b'-- Up-to-date: /home/gadzz/tubitak_ws/install/keyboard_msgs/include/keyboard_msgs/keyboard_msgs/msg/detail/key__type_support.cpp\n'}
[1.277120] (keyboard_msgs) StdoutLine: {'line': b'-- Up-to-date: /home/gadzz/tubitak_ws/install/keyboard_msgs/lib/libkeyboard_msgs__rosidl_typesupport_introspection_cpp.so\n'}
[1.277163] (keyboard_msgs) StdoutLine: {'line': b'-- Up-to-date: /home/gadzz/tubitak_ws/install/keyboard_msgs/lib/libkeyboard_msgs__rosidl_typesupport_cpp.so\n'}
[1.277207] (keyboard_msgs) StdoutLine: {'line': b'-- Up-to-date: /home/gadzz/tubitak_ws/install/keyboard_msgs/share/keyboard_msgs/environment/pythonpath.sh\n'}
[1.277252] (keyboard_msgs) StdoutLine: {'line': b'-- Up-to-date: /home/gadzz/tubitak_ws/install/keyboard_msgs/share/keyboard_msgs/environment/pythonpath.dsv\n'}
[1.277297] (keyboard_msgs) StdoutLine: {'line': b'-- Up-to-date: /home/gadzz/tubitak_ws/install/keyboard_msgs/local/lib/python3.10/dist-packages/keyboard_msgs-1.0.0-py3.10.egg-info\n'}
[1.277368] (keyboard_msgs) StdoutLine: {'line': b'-- Installing: /home/gadzz/tubitak_ws/install/keyboard_msgs/local/lib/python3.10/dist-packages/keyboard_msgs-1.0.0-py3.10.egg-info/top_level.txt\n'}
[1.277423] (keyboard_msgs) StdoutLine: {'line': b'-- Installing: /home/gadzz/tubitak_ws/install/keyboard_msgs/local/lib/python3.10/dist-packages/keyboard_msgs-1.0.0-py3.10.egg-info/dependency_links.txt\n'}
[1.277458] (keyboard_msgs) StdoutLine: {'line': b'-- Installing: /home/gadzz/tubitak_ws/install/keyboard_msgs/local/lib/python3.10/dist-packages/keyboard_msgs-1.0.0-py3.10.egg-info/PKG-INFO\n'}
[1.277489] (keyboard_msgs) StdoutLine: {'line': b'-- Installing: /home/gadzz/tubitak_ws/install/keyboard_msgs/local/lib/python3.10/dist-packages/keyboard_msgs-1.0.0-py3.10.egg-info/SOURCES.txt\n'}
[1.277520] (keyboard_msgs) StdoutLine: {'line': b'-- Up-to-date: /home/gadzz/tubitak_ws/install/keyboard_msgs/local/lib/python3.10/dist-packages/keyboard_msgs\n'}
[1.277561] (keyboard_msgs) StdoutLine: {'line': b'-- Up-to-date: /home/gadzz/tubitak_ws/install/keyboard_msgs/local/lib/python3.10/dist-packages/keyboard_msgs/_keyboard_msgs_s.ep.rosidl_typesupport_c.c\n'}
[1.277592] (keyboard_msgs) StdoutLine: {'line': b'-- Up-to-date: /home/gadzz/tubitak_ws/install/keyboard_msgs/local/lib/python3.10/dist-packages/keyboard_msgs/_keyboard_msgs_s.ep.rosidl_typesupport_introspection_c.c\n'}
[1.277628] (keyboard_msgs) StdoutLine: {'line': b'-- Up-to-date: /home/gadzz/tubitak_ws/install/keyboard_msgs/local/lib/python3.10/dist-packages/keyboard_msgs/__init__.py\n'}
[1.277659] (keyboard_msgs) StdoutLine: {'line': b'-- Up-to-date: /home/gadzz/tubitak_ws/install/keyboard_msgs/local/lib/python3.10/dist-packages/keyboard_msgs/keyboard_msgs_s__rosidl_typesupport_fastrtps_c.cpython-310-x86_64-linux-gnu.so\n'}
[1.277689] (keyboard_msgs) StdoutLine: {'line': b'-- Up-to-date: /home/gadzz/tubitak_ws/install/keyboard_msgs/local/lib/python3.10/dist-packages/keyboard_msgs/keyboard_msgs_s__rosidl_typesupport_introspection_c.cpython-310-x86_64-linux-gnu.so\n'}
[1.277721] (keyboard_msgs) StdoutLine: {'line': b'-- Up-to-date: /home/gadzz/tubitak_ws/install/keyboard_msgs/local/lib/python3.10/dist-packages/keyboard_msgs/keyboard_msgs_s__rosidl_typesupport_c.cpython-310-x86_64-linux-gnu.so\n'}
[1.277751] (keyboard_msgs) StdoutLine: {'line': b'-- Up-to-date: /home/gadzz/tubitak_ws/install/keyboard_msgs/local/lib/python3.10/dist-packages/keyboard_msgs/msg\n'}
[1.277786] (keyboard_msgs) StdoutLine: {'line': b'-- Up-to-date: /home/gadzz/tubitak_ws/install/keyboard_msgs/local/lib/python3.10/dist-packages/keyboard_msgs/msg/__init__.py\n'}
[1.277815] (keyboard_msgs) StdoutLine: {'line': b'-- Up-to-date: /home/gadzz/tubitak_ws/install/keyboard_msgs/local/lib/python3.10/dist-packages/keyboard_msgs/msg/_key_s.c\n'}
[1.277847] (keyboard_msgs) StdoutLine: {'line': b'-- Up-to-date: /home/gadzz/tubitak_ws/install/keyboard_msgs/local/lib/python3.10/dist-packages/keyboard_msgs/msg/_key.py\n'}
[1.277879] (keyboard_msgs) StdoutLine: {'line': b'-- Up-to-date: /home/gadzz/tubitak_ws/install/keyboard_msgs/local/lib/python3.10/dist-packages/keyboard_msgs/libkeyboard_msgs__rosidl_generator_py.so\n'}
[1.277911] (keyboard_msgs) StdoutLine: {'line': b'-- Up-to-date: /home/gadzz/tubitak_ws/install/keyboard_msgs/local/lib/python3.10/dist-packages/keyboard_msgs/_keyboard_msgs_s.ep.rosidl_typesupport_fastrtps_c.c\n'}
[1.303679] (-) TimerEvent: {}
[1.322951] (keyboard_msgs) StdoutLine: {'line': b"Listing '/home/gadzz/tubitak_ws/install/keyboard_msgs/local/lib/python3.10/dist-packages/keyboard_msgs'...\n"}
[1.323588] (keyboard_msgs) StdoutLine: {'line': b"Listing '/home/gadzz/tubitak_ws/install/keyboard_msgs/local/lib/python3.10/dist-packages/keyboard_msgs/msg'...\n"}
[1.334702] (keyboard_msgs) StdoutLine: {'line': b'-- Up-to-date: /home/gadzz/tubitak_ws/install/keyboard_msgs/local/lib/python3.10/dist-packages/keyboard_msgs/keyboard_msgs_s__rosidl_typesupport_fastrtps_c.cpython-310-x86_64-linux-gnu.so\n'}
[1.335317] (keyboard_msgs) StdoutLine: {'line': b'-- Up-to-date: /home/gadzz/tubitak_ws/install/keyboard_msgs/local/lib/python3.10/dist-packages/keyboard_msgs/keyboard_msgs_s__rosidl_typesupport_introspection_c.cpython-310-x86_64-linux-gnu.so\n'}
[1.335452] (keyboard_msgs) StdoutLine: {'line': b'-- Up-to-date: /home/gadzz/tubitak_ws/install/keyboard_msgs/local/lib/python3.10/dist-packages/keyboard_msgs/keyboard_msgs_s__rosidl_typesupport_c.cpython-310-x86_64-linux-gnu.so\n'}
[1.335763] (keyboard_msgs) StdoutLine: {'line': b'-- Up-to-date: /home/gadzz/tubitak_ws/install/keyboard_msgs/lib/libkeyboard_msgs__rosidl_generator_py.so\n'}
[1.335862] (keyboard_msgs) StdoutLine: {'line': b'-- Up-to-date: /home/gadzz/tubitak_ws/install/keyboard_msgs/share/keyboard_msgs/msg/Key.idl\n'}
[1.335915] (keyboard_msgs) StdoutLine: {'line': b'-- Up-to-date: /home/gadzz/tubitak_ws/install/keyboard_msgs/share/keyboard_msgs/msg/Key.msg\n'}
[1.335965] (keyboard_msgs) StdoutLine: {'line': b'-- Up-to-date: /home/gadzz/tubitak_ws/install/keyboard_msgs/share/ament_index/resource_index/package_run_dependencies/keyboard_msgs\n'}
[1.336029] (keyboard_msgs) StdoutLine: {'line': b'-- Up-to-date: /home/gadzz/tubitak_ws/install/keyboard_msgs/share/ament_index/resource_index/parent_prefix_path/keyboard_msgs\n'}
[1.336114] (keyboard_msgs) StdoutLine: {'line': b'-- Up-to-date: /home/gadzz/tubitak_ws/install/keyboard_msgs/share/keyboard_msgs/environment/ament_prefix_path.sh\n'}
[1.336178] (keyboard_msgs) StdoutLine: {'line': b'-- Up-to-date: /home/gadzz/tubitak_ws/install/keyboard_msgs/share/keyboard_msgs/environment/ament_prefix_path.dsv\n'}
[1.336312] (keyboard_msgs) StdoutLine: {'line': b'-- Up-to-date: /home/gadzz/tubitak_ws/install/keyboard_msgs/share/keyboard_msgs/environment/path.sh\n'}
[1.336437] (keyboard_msgs) StdoutLine: {'line': b'-- Up-to-date: /home/gadzz/tubitak_ws/install/keyboard_msgs/share/keyboard_msgs/environment/path.dsv\n'}
[1.336511] (keyboard_msgs) StdoutLine: {'line': b'-- Up-to-date: /home/gadzz/tubitak_ws/install/keyboard_msgs/share/keyboard_msgs/local_setup.bash\n'}
[1.336604] (keyboard_msgs) StdoutLine: {'line': b'-- Up-to-date: /home/gadzz/tubitak_ws/install/keyboard_msgs/share/keyboard_msgs/local_setup.sh\n'}
[1.336799] (keyboard_msgs) StdoutLine: {'line': b'-- Up-to-date: /home/gadzz/tubitak_ws/install/keyboard_msgs/share/keyboard_msgs/local_setup.zsh\n'}
[1.336907] (keyboard_msgs) StdoutLine: {'line': b'-- Up-to-date: /home/gadzz/tubitak_ws/install/keyboard_msgs/share/keyboard_msgs/local_setup.dsv\n'}
[1.336978] (keyboard_msgs) StdoutLine: {'line': b'-- Installing: /home/gadzz/tubitak_ws/install/keyboard_msgs/share/keyboard_msgs/package.dsv\n'}
[1.337047] (keyboard_msgs) StdoutLine: {'line': b'-- Up-to-date: /home/gadzz/tubitak_ws/install/keyboard_msgs/share/ament_index/resource_index/packages/keyboard_msgs\n'}
[1.337222] (keyboard_msgs) StdoutLine: {'line': b'-- Up-to-date: /home/gadzz/tubitak_ws/install/keyboard_msgs/share/keyboard_msgs/cmake/export_keyboard_msgs__rosidl_generator_cExport.cmake\n'}
[1.337727] (keyboard_msgs) StdoutLine: {'line': b'-- Up-to-date: /home/gadzz/tubitak_ws/install/keyboard_msgs/share/keyboard_msgs/cmake/export_keyboard_msgs__rosidl_generator_cExport-noconfig.cmake\n'}
[1.337903] (keyboard_msgs) StdoutLine: {'line': b'-- Up-to-date: /home/gadzz/tubitak_ws/install/keyboard_msgs/share/keyboard_msgs/cmake/export_keyboard_msgs__rosidl_typesupport_fastrtps_cExport.cmake\n'}
[1.337958] (keyboard_msgs) StdoutLine: {'line': b'-- Up-to-date: /home/gadzz/tubitak_ws/install/keyboard_msgs/share/keyboard_msgs/cmake/export_keyboard_msgs__rosidl_typesupport_fastrtps_cExport-noconfig.cmake\n'}
[1.338012] (keyboard_msgs) StdoutLine: {'line': b'-- Up-to-date: /home/gadzz/tubitak_ws/install/keyboard_msgs/share/keyboard_msgs/cmake/export_keyboard_msgs__rosidl_generator_cppExport.cmake\n'}
[1.338070] (keyboard_msgs) StdoutLine: {'line': b'-- Up-to-date: /home/gadzz/tubitak_ws/install/keyboard_msgs/share/keyboard_msgs/cmake/export_keyboard_msgs__rosidl_typesupport_fastrtps_cppExport.cmake\n'}
[1.338128] (keyboard_msgs) StdoutLine: {'line': b'-- Up-to-date: /home/gadzz/tubitak_ws/install/keyboard_msgs/share/keyboard_msgs/cmake/export_keyboard_msgs__rosidl_typesupport_fastrtps_cppExport-noconfig.cmake\n'}
[1.338175] (keyboard_msgs) StdoutLine: {'line': b'-- Up-to-date: /home/gadzz/tubitak_ws/install/keyboard_msgs/share/keyboard_msgs/cmake/keyboard_msgs__rosidl_typesupport_introspection_cExport.cmake\n'}
[1.338226] (keyboard_msgs) StdoutLine: {'line': b'-- Up-to-date: /home/gadzz/tubitak_ws/install/keyboard_msgs/share/keyboard_msgs/cmake/keyboard_msgs__rosidl_typesupport_introspection_cExport-noconfig.cmake\n'}
[1.338276] (keyboard_msgs) StdoutLine: {'line': b'-- Up-to-date: /home/gadzz/tubitak_ws/install/keyboard_msgs/share/keyboard_msgs/cmake/keyboard_msgs__rosidl_typesupport_cExport.cmake\n'}
[1.338328] (keyboard_msgs) StdoutLine: {'line': b'-- Up-to-date: /home/gadzz/tubitak_ws/install/keyboard_msgs/share/keyboard_msgs/cmake/keyboard_msgs__rosidl_typesupport_cExport-noconfig.cmake\n'}
[1.338396] (keyboard_msgs) StdoutLine: {'line': b'-- Up-to-date: /home/gadzz/tubitak_ws/install/keyboard_msgs/share/keyboard_msgs/cmake/keyboard_msgs__rosidl_typesupport_introspection_cppExport.cmake\n'}
[1.338557] (keyboard_msgs) StdoutLine: {'line': b'-- Up-to-date: /home/gadzz/tubitak_ws/install/keyboard_msgs/share/keyboard_msgs/cmake/keyboard_msgs__rosidl_typesupport_introspection_cppExport-noconfig.cmake\n'}
[1.338694] (keyboard_msgs) StdoutLine: {'line': b'-- Up-to-date: /home/gadzz/tubitak_ws/install/keyboard_msgs/share/keyboard_msgs/cmake/keyboard_msgs__rosidl_typesupport_cppExport.cmake\n'}
[1.338753] (keyboard_msgs) StdoutLine: {'line': b'-- Up-to-date: /home/gadzz/tubitak_ws/install/keyboard_msgs/share/keyboard_msgs/cmake/keyboard_msgs__rosidl_typesupport_cppExport-noconfig.cmake\n'}
[1.338817] (keyboard_msgs) StdoutLine: {'line': b'-- Up-to-date: /home/gadzz/tubitak_ws/install/keyboard_msgs/share/keyboard_msgs/cmake/export_keyboard_msgs__rosidl_generator_pyExport.cmake\n'}
[1.338932] (keyboard_msgs) StdoutLine: {'line': b'-- Up-to-date: /home/gadzz/tubitak_ws/install/keyboard_msgs/share/keyboard_msgs/cmake/export_keyboard_msgs__rosidl_generator_pyExport-noconfig.cmake\n'}
[1.339186] (keyboard_msgs) StdoutLine: {'line': b'-- Up-to-date: /home/gadzz/tubitak_ws/install/keyboard_msgs/share/keyboard_msgs/cmake/rosidl_cmake-extras.cmake\n'}
[1.339505] (keyboard_msgs) StdoutLine: {'line': b'-- Up-to-date: /home/gadzz/tubitak_ws/install/keyboard_msgs/share/keyboard_msgs/cmake/ament_cmake_export_dependencies-extras.cmake\n'}
[1.340153] (keyboard_msgs) StdoutLine: {'line': b'-- Up-to-date: /home/gadzz/tubitak_ws/install/keyboard_msgs/share/keyboard_msgs/cmake/ament_cmake_export_include_directories-extras.cmake\n'}
[1.340258] (keyboard_msgs) StdoutLine: {'line': b'-- Up-to-date: /home/gadzz/tubitak_ws/install/keyboard_msgs/share/keyboard_msgs/cmake/ament_cmake_export_libraries-extras.cmake\n'}
[1.340339] (keyboard_msgs) StdoutLine: {'line': b'-- Up-to-date: /home/gadzz/tubitak_ws/install/keyboard_msgs/share/keyboard_msgs/cmake/ament_cmake_export_targets-extras.cmake\n'}
[1.340569] (keyboard_msgs) StdoutLine: {'line': b'-- Up-to-date: /home/gadzz/tubitak_ws/install/keyboard_msgs/share/keyboard_msgs/cmake/rosidl_cmake_export_typesupport_targets-extras.cmake\n'}
[1.340641] (keyboard_msgs) StdoutLine: {'line': b'-- Up-to-date: /home/gadzz/tubitak_ws/install/keyboard_msgs/share/keyboard_msgs/cmake/rosidl_cmake_export_typesupport_libraries-extras.cmake\n'}
[1.340704] (keyboard_msgs) StdoutLine: {'line': b'-- Up-to-date: /home/gadzz/tubitak_ws/install/keyboard_msgs/share/keyboard_msgs/cmake/keyboard_msgsConfig.cmake\n'}
[1.340748] (keyboard_msgs) StdoutLine: {'line': b'-- Up-to-date: /home/gadzz/tubitak_ws/install/keyboard_msgs/share/keyboard_msgs/cmake/keyboard_msgsConfig-version.cmake\n'}
[1.340793] (keyboard_msgs) StdoutLine: {'line': b'-- Up-to-date: /home/gadzz/tubitak_ws/install/keyboard_msgs/share/keyboard_msgs/package.xml\n'}
[1.343778] (keyboard_msgs) CommandEnded: {'returncode': 0}
[1.398015] (keyboard_msgs) JobEnded: {'identifier': 'keyboard_msgs', 'rc': 0}
[1.401366] (keyboard) JobStarted: {'identifier': 'keyboard'}
[1.403799] (-) TimerEvent: {}
[1.409520] (mission_center) JobStarted: {'identifier': 'mission_center'}
[1.422364] (keyboard) JobProgress: {'identifier': 'keyboard', 'progress': 'cmake'}
[1.426314] (keyboard) JobProgress: {'identifier': 'keyboard', 'progress': 'build'}
[1.426474] (keyboard) Command: {'cmd': ['/usr/bin/cmake', '--build', '/home/gadzz/tubitak_ws/build/keyboard', '--', '-j8', '-l8'], 'cwd': '/home/gadzz/tubitak_ws/build/keyboard', 'env': OrderedDict([('GZ_SIM_SYSTEM_PLUGIN_PATH', '/home/gadzz/ardu_ws/install/ardupilot_sitl_models/lib/ardupilot_sitl_models/:/home/gadzz/ardu_ws/install/ardupilot_gz_gazebo/lib/ardupilot_gz_gazebo/:/home/gadzz/ardu_ws/install/ardupilot_gazebo/lib/ardupilot_gazebo/'), ('TMUX', '/tmp/tmux-1000/default,6097,1'), ('GZ_SIM_RESOURCE_PATH', '/home/gadzz/ardu_ws/install/ardupilot_sitl_models/share/ardupilot_sitl_models/worlds:/home/gadzz/ardu_ws/install/ardupilot_sitl_models/share/ardupilot_sitl_models/models:/home/gadzz/ardu_ws/install/ardupilot_sitl_models/share:/home/gadzz/ardu_ws/install/ardupilot_gz_gazebo/share/ardupilot_gz_gazebo/worlds:/home/gadzz/ardu_ws/install/ardupilot_gz_description/share/ardupilot_gz_description/models:/home/gadzz/ardu_ws/install/ardupilot_gz_description/share:/home/gadzz/ardu_ws/install/ardupilot_gazebo/share/ardupilot_gazebo/worlds:/home/gadzz/ardu_ws/install/ardupilot_gazebo/share/ardupilot_gazebo/models:/home/gadzz/ardu_ws/install/ardupilot_gazebo/share'), ('LC_TIME', 'id_ID.UTF-8'), ('USER', 'gadzz'), ('XDG_SEAT', 'seat0'), ('XDG_SESSION_TYPE', 'x11'), ('BROWSER', 'firefox-esr'), ('LD_LIBRARY_PATH', '/home/gadzz/tubitak_ws/install/keyboard_msgs/lib:/home/gadzz/ardu_ws/install/sdformat_urdf/lib:/home/gadzz/ardu_ws/install/ros_ign_interfaces/lib:/home/gadzz/ardu_ws/install/ros_gz_sim/lib:/home/gadzz/ardu_ws/install/ros_gz_bridge/lib:/home/gadzz/ardu_ws/install/ros_gz_interfaces/lib:/home/gadzz/ardu_ws/install/micro_ros_agent/lib:/home/gadzz/ardu_ws/install/keyboard_msgs/lib:/home/gadzz/ardu_ws/install/ardupilot_msgs/lib:/opt/ros/humble/opt/rviz_ogre_vendor/lib:/opt/ros/humble/lib/x86_64-linux-gnu:/opt/ros/humble/lib'), ('SHLVL', '2'), ('HOME', '/home/gadzz'), ('LESS', '-R'), ('OLDPWD', '/home/gadzz/tubitak_ws'), ('DESKTOP_SESSION', 'awesome'), ('TERM_PROGRAM_VERSION', '3.5a'), ('LSCOLORS', 'Gxfxcxdxbxegedabagacad'), ('ZSH', '/home/gadzz/.oh-my-zsh'), ('GTK_MODULES', 'gail:atk-bridge'), ('PAGER', 'less'), ('ROS_PYTHON_VERSION', '3'), ('LC_MONETARY', 'id_ID.UTF-8'), ('DBUS_SESSION_BUS_ADDRESS', 'unix:path=/run/user/1000/bus'), ('SYSTEMD_EXEC_PID', '2022'), ('VISUAL', 'nvim'), ('COLORTERM', 'truecolor'), ('FZF_BASE', '/usr/bin/fzf'), ('COLCON_PREFIX_PATH', '/home/gadzz/ardu_ws/install'), ('ROS_DISTRO', 'humble'), ('ALACRITTY_SOCKET', '/run/user/1000/Alacritty-:0-5220.sock'), ('GTK_IM_MODULE', 'ibus'), ('LOGNAME', 'gadzz'), ('WINDOWID', '46137349'), ('_', '/usr/bin/colcon'), ('PKG_CONFIG_PATH', '/home/gadzz/ardu_ws/install/sdformat_test_files/lib/x86_64-linux-gnu/pkgconfig:/home/gadzz/ardu_ws/install/sdformat_test_files/lib/pkgconfig'), ('ROS_VERSION', '2'), ('XDG_SESSION_CLASS', 'user'), ('ALACRITTY_LOG', '/tmp/Alacritty-5220.log'), ('TERM', 'tmux-256color'), ('USERNAME', 'gadzz'), ('XDG_SESSION_ID', '2'), ('ROS_LOCALHOST_ONLY', '0'), ('WINDOWPATH', '2'), ('PATH', '/home/gadzz/.local/bin:/home/gadzz/ardu_ws/install/ardupilot_sitl/bin:/opt/ros/humble/bin:/home/gadzz/.local/bin:/usr/lib/ccache:/home/gadzz/ardu_ws/src/ardupilot/Tools/autotest:/opt/gcc-arm-none-eabi-10-2020-q4-major/bin:/home/gadzz/.local/bin:/usr/local/sbin:/usr/local/bin:/usr/sbin:/usr/bin:/sbin:/bin:/usr/games:/usr/local/games:/snap/bin:/snap/bin:/home/gadzz/ardu_ws/Micro-XRCE-DDS-Gen/scripts:/home/gadzz/ardu_ws/src/ardupilot/Tools/autotest:/home/gadzz/ardu_ws/Micro-XRCE-DDS-Gen/scripts:/home/gadzz/ardu_ws/src/ardupilot/Tools/autotest'), ('DIRHISTORY_SIZE', '30'), ('LC_ADDRESS', 'id_ID.UTF-8'), ('XDG_RUNTIME_DIR', '/run/user/1000'), ('DISPLAY', ':0'), ('LANG', 'en_US.UTF-8'), ('LC_TELEPHONE', 'id_ID.UTF-8'), ('LS_COLORS', 'rs=0:di=01;34:ln=01;36:mh=00:pi=40;33:so=01;35:do=01;35:bd=40;33;01:cd=40;33;01:or=40;31;01:mi=00:su=37;41:sg=30;43:ca=30;41:tw=30;42:ow=34;42:st=37;44:ex=01;32:*.tar=01;31:*.tgz=01;31:*.arc=01;31:*.arj=01;31:*.taz=01;31:*.lha=01;31:*.lz4=01;31:*.lzh=01;31:*.lzma=01;31:*.tlz=01;31:*.txz=01;31:*.tzo=01;31:*.t7z=01;31:*.zip=01;31:*.z=01;31:*.dz=01;31:*.gz=01;31:*.lrz=01;31:*.lz=01;31:*.lzo=01;31:*.xz=01;31:*.zst=01;31:*.tzst=01;31:*.bz2=01;31:*.bz=01;31:*.tbz=01;31:*.tbz2=01;31:*.tz=01;31:*.deb=01;31:*.rpm=01;31:*.jar=01;31:*.war=01;31:*.ear=01;31:*.sar=01;31:*.rar=01;31:*.alz=01;31:*.ace=01;31:*.zoo=01;31:*.cpio=01;31:*.7z=01;31:*.rz=01;31:*.cab=01;31:*.wim=01;31:*.swm=01;31:*.dwm=01;31:*.esd=01;31:*.jpg=01;35:*.jpeg=01;35:*.mjpg=01;35:*.mjpeg=01;35:*.gif=01;35:*.bmp=01;35:*.pbm=01;35:*.pgm=01;35:*.ppm=01;35:*.tga=01;35:*.xbm=01;35:*.xpm=01;35:*.tif=01;35:*.tiff=01;35:*.png=01;35:*.svg=01;35:*.svgz=01;35:*.mng=01;35:*.pcx=01;35:*.mov=01;35:*.mpg=01;35:*.mpeg=01;35:*.m2v=01;35:*.mkv=01;35:*.webm=01;35:*.webp=01;35:*.ogm=01;35:*.mp4=01;35:*.m4v=01;35:*.mp4v=01;35:*.vob=01;35:*.qt=01;35:*.nuv=01;35:*.wmv=01;35:*.asf=01;35:*.rm=01;35:*.rmvb=01;35:*.flc=01;35:*.avi=01;35:*.fli=01;35:*.flv=01;35:*.gl=01;35:*.dl=01;35:*.xcf=01;35:*.xwd=01;35:*.yuv=01;35:*.cgm=01;35:*.emf=01;35:*.ogv=01;35:*.ogx=01;35:*.aac=00;36:*.au=00;36:*.flac=00;36:*.m4a=00;36:*.mid=00;36:*.midi=00;36:*.mka=00;36:*.mp3=00;36:*.mpc=00;36:*.ogg=00;36:*.ra=00;36:*.wav=00;36:*.oga=00;36:*.opus=00;36:*.spx=00;36:*.xspf=00;36:'), ('TERM_PROGRAM', 'tmux'), ('XAUTHORITY', '/run/user/1000/gdm/Xauthority'), ('XDG_SESSION_DESKTOP', 'awesome'), ('XMODIFIERS', '@im=ibus'), ('AMENT_PREFIX_PATH', '/home/gadzz/tubitak_ws/install/keyboard_msgs:/home/gadzz/ardu_ws/install/test_ros_gz_bridge:/home/gadzz/ardu_ws/install/ros_ign:/home/gadzz/ardu_ws/install/ros_ign_gazebo_demos:/home/gadzz/ardu_ws/install/ros_gz:/home/gadzz/ardu_ws/install/ros_gz_sim_demos:/home/gadzz/ardu_ws/install/ardupilot_gz_bringup:/home/gadzz/ardu_ws/install/sdformat_urdf:/home/gadzz/ardu_ws/install/ros_ign_interfaces:/home/gadzz/ardu_ws/install/ros_ign_image:/home/gadzz/ardu_ws/install/ros_ign_gazebo:/home/gadzz/ardu_ws/install/ros_ign_bridge:/home/gadzz/ardu_ws/install/ros_gz_sim:/home/gadzz/ardu_ws/install/ros_gz_image:/home/gadzz/ardu_ws/install/ros_gz_bridge:/home/gadzz/ardu_ws/install/ros_gz_interfaces:/home/gadzz/ardu_ws/install/ardupilot_dds_tests:/home/gadzz/ardu_ws/install/ardupilot_sitl:/home/gadzz/ardu_ws/install/micro_ros_agent:/home/gadzz/ardu_ws/install/keyboard:/home/gadzz/ardu_ws/install/keyboard_msgs:/home/gadzz/ardu_ws/install/ardupilot_sitl_models:/home/gadzz/ardu_ws/install/ardupilot_msgs:/home/gadzz/ardu_ws/install/ardupilot_gz_gazebo:/home/gadzz/ardu_ws/install/ardupilot_gz_description:/home/gadzz/ardu_ws/install/ardupilot_gz_application:/home/gadzz/ardu_ws/install/ardupilot_gazebo:/opt/ros/humble'), ('LC_NAME', 'id_ID.UTF-8'), ('SHELL', '/usr/bin/zsh'), ('GDMSESSION', 'awesome'), ('QT_ACCESSIBILITY', '1'), ('IGN_GAZEBO_RESOURCE_PATH', '/home/gadzz/ardu_ws/install/ros_gz_sim_demos/share'), ('LC_MEASUREMENT', 'id_ID.UTF-8'), ('GPG_AGENT_INFO', '/run/user/1000/gnupg/S.gpg-agent:0:1'), ('GZ_VERSION', 'harmonic'), ('LC_IDENTIFICATION', 'id_ID.UTF-8'), ('ALACRITTY_WINDOW_ID', '35651589'), ('QT_IM_MODULE', 'ibus'), ('XDG_VTNR', '2'), ('PWD', '/home/gadzz/tubitak_ws/build/keyboard'), ('CLUTTER_IM_MODULE', 'ibus'), ('XDG_CONFIG_DIRS', '/etc/xdg/xdg-awesome:/etc/xdg'), ('XDG_DATA_DIRS', '/usr/share/awesome:/usr/share/gnome:/usr/local/share/:/usr/share/:/var/lib/snapd/desktop'), ('LC_NUMERIC', 'id_ID.UTF-8'), ('PYTHONPATH', '/home/gadzz/tubitak_ws/install/keyboard_msgs/local/lib/python3.10/dist-packages:/home/gadzz/ardu_ws/install/ros_ign_interfaces/local/lib/python3.10/dist-packages:/home/gadzz/ardu_ws/install/ros_gz_interfaces/local/lib/python3.10/dist-packages:/home/gadzz/ardu_ws/install/ardupilot_dds_tests/lib/python3.10/site-packages:/home/gadzz/ardu_ws/install/ardupilot_sitl/local/lib/python3.10/dist-packages:/home/gadzz/ardu_ws/install/keyboard_msgs/local/lib/python3.10/dist-packages:/home/gadzz/ardu_ws/install/ardupilot_msgs/local/lib/python3.10/dist-packages:/opt/ros/humble/lib/python3.10/site-packages:/opt/ros/humble/local/lib/python3.10/dist-packages'), ('LC_PAPER', 'id_ID.UTF-8'), ('TMUX_PLUGIN_MANAGER_PATH', '/home/gadzz/.config/tmux/plugins/'), ('COLCON', '1'), ('TERMINAL', 'alacritty'), ('TMUX_PANE', '%6'), ('CMAKE_PREFIX_PATH', '/home/gadzz/tubitak_ws/install/keyboard_msgs:/home/gadzz/ardu_ws/install/test_ros_gz_bridge:/home/gadzz/ardu_ws/install/ros_ign:/home/gadzz/ardu_ws/install/ros_ign_gazebo_demos:/home/gadzz/ardu_ws/install/ros_gz:/home/gadzz/ardu_ws/install/ros_gz_sim_demos:/home/gadzz/ardu_ws/install/ardupilot_gz_bringup:/home/gadzz/ardu_ws/install/sdformat_urdf:/home/gadzz/ardu_ws/install/sdformat_test_files:/home/gadzz/ardu_ws/install/ros_ign_interfaces:/home/gadzz/ardu_ws/install/ros_ign_image:/home/gadzz/ardu_ws/install/ros_ign_gazebo:/home/gadzz/ardu_ws/install/ros_ign_bridge:/home/gadzz/ardu_ws/install/ros_gz_sim:/home/gadzz/ardu_ws/install/ros_gz_image:/home/gadzz/ardu_ws/install/ros_gz_bridge:/home/gadzz/ardu_ws/install/ros_gz_interfaces:/home/gadzz/ardu_ws/install/ardupilot_sitl:/home/gadzz/ardu_ws/install/micro_ros_agent:/home/gadzz/ardu_ws/install/keyboard:/home/gadzz/ardu_ws/install/keyboard_msgs:/home/gadzz/ardu_ws/install/ardupilot_sitl_models:/home/gadzz/ardu_ws/install/ardupilot_msgs:/home/gadzz/ardu_ws/install/ardupilot_gz_gazebo:/home/gadzz/ardu_ws/install/ardupilot_gz_description:/home/gadzz/ardu_ws/install/ardupilot_gz_application:/home/gadzz/ardu_ws/install/ardupilot_gazebo:/home/gadzz/ardu_ws/install/ardupilot_dds_tests:/opt/ros/humble'), ('EDITOR', 'geany'), ('HISTORY_IGNORE', '(ls|cd|pwd|exit|sudo reboot|history|cd -|cd ..)')]), 'shell': False}
[1.436920] (mission_center) JobProgress: {'identifier': 'mission_center', 'progress': 'cmake'}
[1.437128] (mission_center) JobProgress: {'identifier': 'mission_center', 'progress': 'build'}
[1.437168] (mission_center) Command: {'cmd': ['/usr/bin/cmake', '--build', '/home/gadzz/tubitak_ws/build/mission_center', '--', '-j8', '-l8'], 'cwd': '/home/gadzz/tubitak_ws/build/mission_center', 'env': OrderedDict([('GZ_SIM_SYSTEM_PLUGIN_PATH', '/home/gadzz/ardu_ws/install/ardupilot_sitl_models/lib/ardupilot_sitl_models/:/home/gadzz/ardu_ws/install/ardupilot_gz_gazebo/lib/ardupilot_gz_gazebo/:/home/gadzz/ardu_ws/install/ardupilot_gazebo/lib/ardupilot_gazebo/'), ('TMUX', '/tmp/tmux-1000/default,6097,1'), ('GZ_SIM_RESOURCE_PATH', '/home/gadzz/ardu_ws/install/ardupilot_sitl_models/share/ardupilot_sitl_models/worlds:/home/gadzz/ardu_ws/install/ardupilot_sitl_models/share/ardupilot_sitl_models/models:/home/gadzz/ardu_ws/install/ardupilot_sitl_models/share:/home/gadzz/ardu_ws/install/ardupilot_gz_gazebo/share/ardupilot_gz_gazebo/worlds:/home/gadzz/ardu_ws/install/ardupilot_gz_description/share/ardupilot_gz_description/models:/home/gadzz/ardu_ws/install/ardupilot_gz_description/share:/home/gadzz/ardu_ws/install/ardupilot_gazebo/share/ardupilot_gazebo/worlds:/home/gadzz/ardu_ws/install/ardupilot_gazebo/share/ardupilot_gazebo/models:/home/gadzz/ardu_ws/install/ardupilot_gazebo/share'), ('LC_TIME', 'id_ID.UTF-8'), ('USER', 'gadzz'), ('XDG_SEAT', 'seat0'), ('XDG_SESSION_TYPE', 'x11'), ('BROWSER', 'firefox-esr'), ('LD_LIBRARY_PATH', '/home/gadzz/tubitak_ws/install/keyboard_msgs/lib:/home/gadzz/ardu_ws/install/sdformat_urdf/lib:/home/gadzz/ardu_ws/install/ros_ign_interfaces/lib:/home/gadzz/ardu_ws/install/ros_gz_sim/lib:/home/gadzz/ardu_ws/install/ros_gz_bridge/lib:/home/gadzz/ardu_ws/install/ros_gz_interfaces/lib:/home/gadzz/ardu_ws/install/micro_ros_agent/lib:/home/gadzz/ardu_ws/install/keyboard_msgs/lib:/home/gadzz/ardu_ws/install/ardupilot_msgs/lib:/opt/ros/humble/opt/rviz_ogre_vendor/lib:/opt/ros/humble/lib/x86_64-linux-gnu:/opt/ros/humble/lib'), ('SHLVL', '2'), ('HOME', '/home/gadzz'), ('LESS', '-R'), ('OLDPWD', '/home/gadzz/tubitak_ws'), ('DESKTOP_SESSION', 'awesome'), ('TERM_PROGRAM_VERSION', '3.5a'), ('LSCOLORS', 'Gxfxcxdxbxegedabagacad'), ('ZSH', '/home/gadzz/.oh-my-zsh'), ('GTK_MODULES', 'gail:atk-bridge'), ('PAGER', 'less'), ('ROS_PYTHON_VERSION', '3'), ('LC_MONETARY', 'id_ID.UTF-8'), ('DBUS_SESSION_BUS_ADDRESS', 'unix:path=/run/user/1000/bus'), ('SYSTEMD_EXEC_PID', '2022'), ('VISUAL', 'nvim'), ('COLORTERM', 'truecolor'), ('FZF_BASE', '/usr/bin/fzf'), ('COLCON_PREFIX_PATH', '/home/gadzz/ardu_ws/install'), ('ROS_DISTRO', 'humble'), ('ALACRITTY_SOCKET', '/run/user/1000/Alacritty-:0-5220.sock'), ('GTK_IM_MODULE', 'ibus'), ('LOGNAME', 'gadzz'), ('WINDOWID', '46137349'), ('_', '/usr/bin/colcon'), ('PKG_CONFIG_PATH', '/home/gadzz/ardu_ws/install/sdformat_test_files/lib/x86_64-linux-gnu/pkgconfig:/home/gadzz/ardu_ws/install/sdformat_test_files/lib/pkgconfig'), ('ROS_VERSION', '2'), ('XDG_SESSION_CLASS', 'user'), ('ALACRITTY_LOG', '/tmp/Alacritty-5220.log'), ('TERM', 'tmux-256color'), ('USERNAME', 'gadzz'), ('XDG_SESSION_ID', '2'), ('ROS_LOCALHOST_ONLY', '0'), ('WINDOWPATH', '2'), ('PATH', '/home/gadzz/.local/bin:/home/gadzz/ardu_ws/install/ardupilot_sitl/bin:/opt/ros/humble/bin:/home/gadzz/.local/bin:/usr/lib/ccache:/home/gadzz/ardu_ws/src/ardupilot/Tools/autotest:/opt/gcc-arm-none-eabi-10-2020-q4-major/bin:/home/gadzz/.local/bin:/usr/local/sbin:/usr/local/bin:/usr/sbin:/usr/bin:/sbin:/bin:/usr/games:/usr/local/games:/snap/bin:/snap/bin:/home/gadzz/ardu_ws/Micro-XRCE-DDS-Gen/scripts:/home/gadzz/ardu_ws/src/ardupilot/Tools/autotest:/home/gadzz/ardu_ws/Micro-XRCE-DDS-Gen/scripts:/home/gadzz/ardu_ws/src/ardupilot/Tools/autotest'), ('DIRHISTORY_SIZE', '30'), ('LC_ADDRESS', 'id_ID.UTF-8'), ('XDG_RUNTIME_DIR', '/run/user/1000'), ('DISPLAY', ':0'), ('LANG', 'en_US.UTF-8'), ('LC_TELEPHONE', 'id_ID.UTF-8'), ('LS_COLORS', 'rs=0:di=01;34:ln=01;36:mh=00:pi=40;33:so=01;35:do=01;35:bd=40;33;01:cd=40;33;01:or=40;31;01:mi=00:su=37;41:sg=30;43:ca=30;41:tw=30;42:ow=34;42:st=37;44:ex=01;32:*.tar=01;31:*.tgz=01;31:*.arc=01;31:*.arj=01;31:*.taz=01;31:*.lha=01;31:*.lz4=01;31:*.lzh=01;31:*.lzma=01;31:*.tlz=01;31:*.txz=01;31:*.tzo=01;31:*.t7z=01;31:*.zip=01;31:*.z=01;31:*.dz=01;31:*.gz=01;31:*.lrz=01;31:*.lz=01;31:*.lzo=01;31:*.xz=01;31:*.zst=01;31:*.tzst=01;31:*.bz2=01;31:*.bz=01;31:*.tbz=01;31:*.tbz2=01;31:*.tz=01;31:*.deb=01;31:*.rpm=01;31:*.jar=01;31:*.war=01;31:*.ear=01;31:*.sar=01;31:*.rar=01;31:*.alz=01;31:*.ace=01;31:*.zoo=01;31:*.cpio=01;31:*.7z=01;31:*.rz=01;31:*.cab=01;31:*.wim=01;31:*.swm=01;31:*.dwm=01;31:*.esd=01;31:*.jpg=01;35:*.jpeg=01;35:*.mjpg=01;35:*.mjpeg=01;35:*.gif=01;35:*.bmp=01;35:*.pbm=01;35:*.pgm=01;35:*.ppm=01;35:*.tga=01;35:*.xbm=01;35:*.xpm=01;35:*.tif=01;35:*.tiff=01;35:*.png=01;35:*.svg=01;35:*.svgz=01;35:*.mng=01;35:*.pcx=01;35:*.mov=01;35:*.mpg=01;35:*.mpeg=01;35:*.m2v=01;35:*.mkv=01;35:*.webm=01;35:*.webp=01;35:*.ogm=01;35:*.mp4=01;35:*.m4v=01;35:*.mp4v=01;35:*.vob=01;35:*.qt=01;35:*.nuv=01;35:*.wmv=01;35:*.asf=01;35:*.rm=01;35:*.rmvb=01;35:*.flc=01;35:*.avi=01;35:*.fli=01;35:*.flv=01;35:*.gl=01;35:*.dl=01;35:*.xcf=01;35:*.xwd=01;35:*.yuv=01;35:*.cgm=01;35:*.emf=01;35:*.ogv=01;35:*.ogx=01;35:*.aac=00;36:*.au=00;36:*.flac=00;36:*.m4a=00;36:*.mid=00;36:*.midi=00;36:*.mka=00;36:*.mp3=00;36:*.mpc=00;36:*.ogg=00;36:*.ra=00;36:*.wav=00;36:*.oga=00;36:*.opus=00;36:*.spx=00;36:*.xspf=00;36:'), ('TERM_PROGRAM', 'tmux'), ('XAUTHORITY', '/run/user/1000/gdm/Xauthority'), ('XDG_SESSION_DESKTOP', 'awesome'), ('XMODIFIERS', '@im=ibus'), ('AMENT_PREFIX_PATH', '/home/gadzz/tubitak_ws/install/keyboard_msgs:/home/gadzz/ardu_ws/install/test_ros_gz_bridge:/home/gadzz/ardu_ws/install/ros_ign:/home/gadzz/ardu_ws/install/ros_ign_gazebo_demos:/home/gadzz/ardu_ws/install/ros_gz:/home/gadzz/ardu_ws/install/ros_gz_sim_demos:/home/gadzz/ardu_ws/install/ardupilot_gz_bringup:/home/gadzz/ardu_ws/install/sdformat_urdf:/home/gadzz/ardu_ws/install/ros_ign_interfaces:/home/gadzz/ardu_ws/install/ros_ign_image:/home/gadzz/ardu_ws/install/ros_ign_gazebo:/home/gadzz/ardu_ws/install/ros_ign_bridge:/home/gadzz/ardu_ws/install/ros_gz_sim:/home/gadzz/ardu_ws/install/ros_gz_image:/home/gadzz/ardu_ws/install/ros_gz_bridge:/home/gadzz/ardu_ws/install/ros_gz_interfaces:/home/gadzz/ardu_ws/install/ardupilot_dds_tests:/home/gadzz/ardu_ws/install/ardupilot_sitl:/home/gadzz/ardu_ws/install/micro_ros_agent:/home/gadzz/ardu_ws/install/keyboard:/home/gadzz/ardu_ws/install/keyboard_msgs:/home/gadzz/ardu_ws/install/ardupilot_sitl_models:/home/gadzz/ardu_ws/install/ardupilot_msgs:/home/gadzz/ardu_ws/install/ardupilot_gz_gazebo:/home/gadzz/ardu_ws/install/ardupilot_gz_description:/home/gadzz/ardu_ws/install/ardupilot_gz_application:/home/gadzz/ardu_ws/install/ardupilot_gazebo:/opt/ros/humble'), ('LC_NAME', 'id_ID.UTF-8'), ('SHELL', '/usr/bin/zsh'), ('GDMSESSION', 'awesome'), ('QT_ACCESSIBILITY', '1'), ('IGN_GAZEBO_RESOURCE_PATH', '/home/gadzz/ardu_ws/install/ros_gz_sim_demos/share'), ('LC_MEASUREMENT', 'id_ID.UTF-8'), ('GPG_AGENT_INFO', '/run/user/1000/gnupg/S.gpg-agent:0:1'), ('GZ_VERSION', 'harmonic'), ('LC_IDENTIFICATION', 'id_ID.UTF-8'), ('ALACRITTY_WINDOW_ID', '35651589'), ('QT_IM_MODULE', 'ibus'), ('XDG_VTNR', '2'), ('PWD', '/home/gadzz/tubitak_ws/build/mission_center'), ('CLUTTER_IM_MODULE', 'ibus'), ('XDG_CONFIG_DIRS', '/etc/xdg/xdg-awesome:/etc/xdg'), ('XDG_DATA_DIRS', '/usr/share/awesome:/usr/share/gnome:/usr/local/share/:/usr/share/:/var/lib/snapd/desktop'), ('LC_NUMERIC', 'id_ID.UTF-8'), ('PYTHONPATH', '/home/gadzz/tubitak_ws/install/keyboard_msgs/local/lib/python3.10/dist-packages:/home/gadzz/ardu_ws/install/ros_ign_interfaces/local/lib/python3.10/dist-packages:/home/gadzz/ardu_ws/install/ros_gz_interfaces/local/lib/python3.10/dist-packages:/home/gadzz/ardu_ws/install/ardupilot_dds_tests/lib/python3.10/site-packages:/home/gadzz/ardu_ws/install/ardupilot_sitl/local/lib/python3.10/dist-packages:/home/gadzz/ardu_ws/install/keyboard_msgs/local/lib/python3.10/dist-packages:/home/gadzz/ardu_ws/install/ardupilot_msgs/local/lib/python3.10/dist-packages:/opt/ros/humble/lib/python3.10/site-packages:/opt/ros/humble/local/lib/python3.10/dist-packages'), ('LC_PAPER', 'id_ID.UTF-8'), ('TMUX_PLUGIN_MANAGER_PATH', '/home/gadzz/.config/tmux/plugins/'), ('COLCON', '1'), ('TERMINAL', 'alacritty'), ('TMUX_PANE', '%6'), ('CMAKE_PREFIX_PATH', '/home/gadzz/tubitak_ws/install/keyboard_msgs:/home/gadzz/ardu_ws/install/test_ros_gz_bridge:/home/gadzz/ardu_ws/install/ros_ign:/home/gadzz/ardu_ws/install/ros_ign_gazebo_demos:/home/gadzz/ardu_ws/install/ros_gz:/home/gadzz/ardu_ws/install/ros_gz_sim_demos:/home/gadzz/ardu_ws/install/ardupilot_gz_bringup:/home/gadzz/ardu_ws/install/sdformat_urdf:/home/gadzz/ardu_ws/install/sdformat_test_files:/home/gadzz/ardu_ws/install/ros_ign_interfaces:/home/gadzz/ardu_ws/install/ros_ign_image:/home/gadzz/ardu_ws/install/ros_ign_gazebo:/home/gadzz/ardu_ws/install/ros_ign_bridge:/home/gadzz/ardu_ws/install/ros_gz_sim:/home/gadzz/ardu_ws/install/ros_gz_image:/home/gadzz/ardu_ws/install/ros_gz_bridge:/home/gadzz/ardu_ws/install/ros_gz_interfaces:/home/gadzz/ardu_ws/install/ardupilot_sitl:/home/gadzz/ardu_ws/install/micro_ros_agent:/home/gadzz/ardu_ws/install/keyboard:/home/gadzz/ardu_ws/install/keyboard_msgs:/home/gadzz/ardu_ws/install/ardupilot_sitl_models:/home/gadzz/ardu_ws/install/ardupilot_msgs:/home/gadzz/ardu_ws/install/ardupilot_gz_gazebo:/home/gadzz/ardu_ws/install/ardupilot_gz_description:/home/gadzz/ardu_ws/install/ardupilot_gz_application:/home/gadzz/ardu_ws/install/ardupilot_gazebo:/home/gadzz/ardu_ws/install/ardupilot_dds_tests:/opt/ros/humble'), ('EDITOR', 'geany'), ('HISTORY_IGNORE', '(ls|cd|pwd|exit|sudo reboot|history|cd -|cd ..)')]), 'shell': False}
[1.504196] (-) TimerEvent: {}
[1.532618] (mission_center) StdoutLine: {'line': b'\x1b[35m\x1b[1mConsolidate compiler generated dependencies of target uav_mission\x1b[0m\n'}
[1.549092] (keyboard) StdoutLine: {'line': b'[100%] Built target keyboard\n'}
[1.562716] (mission_center) StdoutLine: {'line': b'[  7%] \x1b[32mBuilding CXX object CMakeFiles/uav_mission.dir/src/uav_mission.cpp.o\x1b[0m\n'}
[1.573090] (keyboard) CommandEnded: {'returncode': 0}
[1.574238] (keyboard) JobProgress: {'identifier': 'keyboard', 'progress': 'install'}
[1.574560] (keyboard) Command: {'cmd': ['/usr/bin/cmake', '--install', '/home/gadzz/tubitak_ws/build/keyboard'], 'cwd': '/home/gadzz/tubitak_ws/build/keyboard', 'env': OrderedDict([('GZ_SIM_SYSTEM_PLUGIN_PATH', '/home/gadzz/ardu_ws/install/ardupilot_sitl_models/lib/ardupilot_sitl_models/:/home/gadzz/ardu_ws/install/ardupilot_gz_gazebo/lib/ardupilot_gz_gazebo/:/home/gadzz/ardu_ws/install/ardupilot_gazebo/lib/ardupilot_gazebo/'), ('TMUX', '/tmp/tmux-1000/default,6097,1'), ('GZ_SIM_RESOURCE_PATH', '/home/gadzz/ardu_ws/install/ardupilot_sitl_models/share/ardupilot_sitl_models/worlds:/home/gadzz/ardu_ws/install/ardupilot_sitl_models/share/ardupilot_sitl_models/models:/home/gadzz/ardu_ws/install/ardupilot_sitl_models/share:/home/gadzz/ardu_ws/install/ardupilot_gz_gazebo/share/ardupilot_gz_gazebo/worlds:/home/gadzz/ardu_ws/install/ardupilot_gz_description/share/ardupilot_gz_description/models:/home/gadzz/ardu_ws/install/ardupilot_gz_description/share:/home/gadzz/ardu_ws/install/ardupilot_gazebo/share/ardupilot_gazebo/worlds:/home/gadzz/ardu_ws/install/ardupilot_gazebo/share/ardupilot_gazebo/models:/home/gadzz/ardu_ws/install/ardupilot_gazebo/share'), ('LC_TIME', 'id_ID.UTF-8'), ('USER', 'gadzz'), ('XDG_SEAT', 'seat0'), ('XDG_SESSION_TYPE', 'x11'), ('BROWSER', 'firefox-esr'), ('LD_LIBRARY_PATH', '/home/gadzz/tubitak_ws/install/keyboard_msgs/lib:/home/gadzz/ardu_ws/install/sdformat_urdf/lib:/home/gadzz/ardu_ws/install/ros_ign_interfaces/lib:/home/gadzz/ardu_ws/install/ros_gz_sim/lib:/home/gadzz/ardu_ws/install/ros_gz_bridge/lib:/home/gadzz/ardu_ws/install/ros_gz_interfaces/lib:/home/gadzz/ardu_ws/install/micro_ros_agent/lib:/home/gadzz/ardu_ws/install/keyboard_msgs/lib:/home/gadzz/ardu_ws/install/ardupilot_msgs/lib:/opt/ros/humble/opt/rviz_ogre_vendor/lib:/opt/ros/humble/lib/x86_64-linux-gnu:/opt/ros/humble/lib'), ('SHLVL', '2'), ('HOME', '/home/gadzz'), ('LESS', '-R'), ('OLDPWD', '/home/gadzz/tubitak_ws'), ('DESKTOP_SESSION', 'awesome'), ('TERM_PROGRAM_VERSION', '3.5a'), ('LSCOLORS', 'Gxfxcxdxbxegedabagacad'), ('ZSH', '/home/gadzz/.oh-my-zsh'), ('GTK_MODULES', 'gail:atk-bridge'), ('PAGER', 'less'), ('ROS_PYTHON_VERSION', '3'), ('LC_MONETARY', 'id_ID.UTF-8'), ('DBUS_SESSION_BUS_ADDRESS', 'unix:path=/run/user/1000/bus'), ('SYSTEMD_EXEC_PID', '2022'), ('VISUAL', 'nvim'), ('COLORTERM', 'truecolor'), ('FZF_BASE', '/usr/bin/fzf'), ('COLCON_PREFIX_PATH', '/home/gadzz/ardu_ws/install'), ('ROS_DISTRO', 'humble'), ('ALACRITTY_SOCKET', '/run/user/1000/Alacritty-:0-5220.sock'), ('GTK_IM_MODULE', 'ibus'), ('LOGNAME', 'gadzz'), ('WINDOWID', '46137349'), ('_', '/usr/bin/colcon'), ('PKG_CONFIG_PATH', '/home/gadzz/ardu_ws/install/sdformat_test_files/lib/x86_64-linux-gnu/pkgconfig:/home/gadzz/ardu_ws/install/sdformat_test_files/lib/pkgconfig'), ('ROS_VERSION', '2'), ('XDG_SESSION_CLASS', 'user'), ('ALACRITTY_LOG', '/tmp/Alacritty-5220.log'), ('TERM', 'tmux-256color'), ('USERNAME', 'gadzz'), ('XDG_SESSION_ID', '2'), ('ROS_LOCALHOST_ONLY', '0'), ('WINDOWPATH', '2'), ('PATH', '/home/gadzz/.local/bin:/home/gadzz/ardu_ws/install/ardupilot_sitl/bin:/opt/ros/humble/bin:/home/gadzz/.local/bin:/usr/lib/ccache:/home/gadzz/ardu_ws/src/ardupilot/Tools/autotest:/opt/gcc-arm-none-eabi-10-2020-q4-major/bin:/home/gadzz/.local/bin:/usr/local/sbin:/usr/local/bin:/usr/sbin:/usr/bin:/sbin:/bin:/usr/games:/usr/local/games:/snap/bin:/snap/bin:/home/gadzz/ardu_ws/Micro-XRCE-DDS-Gen/scripts:/home/gadzz/ardu_ws/src/ardupilot/Tools/autotest:/home/gadzz/ardu_ws/Micro-XRCE-DDS-Gen/scripts:/home/gadzz/ardu_ws/src/ardupilot/Tools/autotest'), ('DIRHISTORY_SIZE', '30'), ('LC_ADDRESS', 'id_ID.UTF-8'), ('XDG_RUNTIME_DIR', '/run/user/1000'), ('DISPLAY', ':0'), ('LANG', 'en_US.UTF-8'), ('LC_TELEPHONE', 'id_ID.UTF-8'), ('LS_COLORS', 'rs=0:di=01;34:ln=01;36:mh=00:pi=40;33:so=01;35:do=01;35:bd=40;33;01:cd=40;33;01:or=40;31;01:mi=00:su=37;41:sg=30;43:ca=30;41:tw=30;42:ow=34;42:st=37;44:ex=01;32:*.tar=01;31:*.tgz=01;31:*.arc=01;31:*.arj=01;31:*.taz=01;31:*.lha=01;31:*.lz4=01;31:*.lzh=01;31:*.lzma=01;31:*.tlz=01;31:*.txz=01;31:*.tzo=01;31:*.t7z=01;31:*.zip=01;31:*.z=01;31:*.dz=01;31:*.gz=01;31:*.lrz=01;31:*.lz=01;31:*.lzo=01;31:*.xz=01;31:*.zst=01;31:*.tzst=01;31:*.bz2=01;31:*.bz=01;31:*.tbz=01;31:*.tbz2=01;31:*.tz=01;31:*.deb=01;31:*.rpm=01;31:*.jar=01;31:*.war=01;31:*.ear=01;31:*.sar=01;31:*.rar=01;31:*.alz=01;31:*.ace=01;31:*.zoo=01;31:*.cpio=01;31:*.7z=01;31:*.rz=01;31:*.cab=01;31:*.wim=01;31:*.swm=01;31:*.dwm=01;31:*.esd=01;31:*.jpg=01;35:*.jpeg=01;35:*.mjpg=01;35:*.mjpeg=01;35:*.gif=01;35:*.bmp=01;35:*.pbm=01;35:*.pgm=01;35:*.ppm=01;35:*.tga=01;35:*.xbm=01;35:*.xpm=01;35:*.tif=01;35:*.tiff=01;35:*.png=01;35:*.svg=01;35:*.svgz=01;35:*.mng=01;35:*.pcx=01;35:*.mov=01;35:*.mpg=01;35:*.mpeg=01;35:*.m2v=01;35:*.mkv=01;35:*.webm=01;35:*.webp=01;35:*.ogm=01;35:*.mp4=01;35:*.m4v=01;35:*.mp4v=01;35:*.vob=01;35:*.qt=01;35:*.nuv=01;35:*.wmv=01;35:*.asf=01;35:*.rm=01;35:*.rmvb=01;35:*.flc=01;35:*.avi=01;35:*.fli=01;35:*.flv=01;35:*.gl=01;35:*.dl=01;35:*.xcf=01;35:*.xwd=01;35:*.yuv=01;35:*.cgm=01;35:*.emf=01;35:*.ogv=01;35:*.ogx=01;35:*.aac=00;36:*.au=00;36:*.flac=00;36:*.m4a=00;36:*.mid=00;36:*.midi=00;36:*.mka=00;36:*.mp3=00;36:*.mpc=00;36:*.ogg=00;36:*.ra=00;36:*.wav=00;36:*.oga=00;36:*.opus=00;36:*.spx=00;36:*.xspf=00;36:'), ('TERM_PROGRAM', 'tmux'), ('XAUTHORITY', '/run/user/1000/gdm/Xauthority'), ('XDG_SESSION_DESKTOP', 'awesome'), ('XMODIFIERS', '@im=ibus'), ('AMENT_PREFIX_PATH', '/home/gadzz/tubitak_ws/install/keyboard_msgs:/home/gadzz/ardu_ws/install/test_ros_gz_bridge:/home/gadzz/ardu_ws/install/ros_ign:/home/gadzz/ardu_ws/install/ros_ign_gazebo_demos:/home/gadzz/ardu_ws/install/ros_gz:/home/gadzz/ardu_ws/install/ros_gz_sim_demos:/home/gadzz/ardu_ws/install/ardupilot_gz_bringup:/home/gadzz/ardu_ws/install/sdformat_urdf:/home/gadzz/ardu_ws/install/ros_ign_interfaces:/home/gadzz/ardu_ws/install/ros_ign_image:/home/gadzz/ardu_ws/install/ros_ign_gazebo:/home/gadzz/ardu_ws/install/ros_ign_bridge:/home/gadzz/ardu_ws/install/ros_gz_sim:/home/gadzz/ardu_ws/install/ros_gz_image:/home/gadzz/ardu_ws/install/ros_gz_bridge:/home/gadzz/ardu_ws/install/ros_gz_interfaces:/home/gadzz/ardu_ws/install/ardupilot_dds_tests:/home/gadzz/ardu_ws/install/ardupilot_sitl:/home/gadzz/ardu_ws/install/micro_ros_agent:/home/gadzz/ardu_ws/install/keyboard:/home/gadzz/ardu_ws/install/keyboard_msgs:/home/gadzz/ardu_ws/install/ardupilot_sitl_models:/home/gadzz/ardu_ws/install/ardupilot_msgs:/home/gadzz/ardu_ws/install/ardupilot_gz_gazebo:/home/gadzz/ardu_ws/install/ardupilot_gz_description:/home/gadzz/ardu_ws/install/ardupilot_gz_application:/home/gadzz/ardu_ws/install/ardupilot_gazebo:/opt/ros/humble'), ('LC_NAME', 'id_ID.UTF-8'), ('SHELL', '/usr/bin/zsh'), ('GDMSESSION', 'awesome'), ('QT_ACCESSIBILITY', '1'), ('IGN_GAZEBO_RESOURCE_PATH', '/home/gadzz/ardu_ws/install/ros_gz_sim_demos/share'), ('LC_MEASUREMENT', 'id_ID.UTF-8'), ('GPG_AGENT_INFO', '/run/user/1000/gnupg/S.gpg-agent:0:1'), ('GZ_VERSION', 'harmonic'), ('LC_IDENTIFICATION', 'id_ID.UTF-8'), ('ALACRITTY_WINDOW_ID', '35651589'), ('QT_IM_MODULE', 'ibus'), ('XDG_VTNR', '2'), ('PWD', '/home/gadzz/tubitak_ws/build/keyboard'), ('CLUTTER_IM_MODULE', 'ibus'), ('XDG_CONFIG_DIRS', '/etc/xdg/xdg-awesome:/etc/xdg'), ('XDG_DATA_DIRS', '/usr/share/awesome:/usr/share/gnome:/usr/local/share/:/usr/share/:/var/lib/snapd/desktop'), ('LC_NUMERIC', 'id_ID.UTF-8'), ('PYTHONPATH', '/home/gadzz/tubitak_ws/install/keyboard_msgs/local/lib/python3.10/dist-packages:/home/gadzz/ardu_ws/install/ros_ign_interfaces/local/lib/python3.10/dist-packages:/home/gadzz/ardu_ws/install/ros_gz_interfaces/local/lib/python3.10/dist-packages:/home/gadzz/ardu_ws/install/ardupilot_dds_tests/lib/python3.10/site-packages:/home/gadzz/ardu_ws/install/ardupilot_sitl/local/lib/python3.10/dist-packages:/home/gadzz/ardu_ws/install/keyboard_msgs/local/lib/python3.10/dist-packages:/home/gadzz/ardu_ws/install/ardupilot_msgs/local/lib/python3.10/dist-packages:/opt/ros/humble/lib/python3.10/site-packages:/opt/ros/humble/local/lib/python3.10/dist-packages'), ('LC_PAPER', 'id_ID.UTF-8'), ('TMUX_PLUGIN_MANAGER_PATH', '/home/gadzz/.config/tmux/plugins/'), ('COLCON', '1'), ('TERMINAL', 'alacritty'), ('TMUX_PANE', '%6'), ('CMAKE_PREFIX_PATH', '/home/gadzz/tubitak_ws/install/keyboard_msgs:/home/gadzz/ardu_ws/install/test_ros_gz_bridge:/home/gadzz/ardu_ws/install/ros_ign:/home/gadzz/ardu_ws/install/ros_ign_gazebo_demos:/home/gadzz/ardu_ws/install/ros_gz:/home/gadzz/ardu_ws/install/ros_gz_sim_demos:/home/gadzz/ardu_ws/install/ardupilot_gz_bringup:/home/gadzz/ardu_ws/install/sdformat_urdf:/home/gadzz/ardu_ws/install/sdformat_test_files:/home/gadzz/ardu_ws/install/ros_ign_interfaces:/home/gadzz/ardu_ws/install/ros_ign_image:/home/gadzz/ardu_ws/install/ros_ign_gazebo:/home/gadzz/ardu_ws/install/ros_ign_bridge:/home/gadzz/ardu_ws/install/ros_gz_sim:/home/gadzz/ardu_ws/install/ros_gz_image:/home/gadzz/ardu_ws/install/ros_gz_bridge:/home/gadzz/ardu_ws/install/ros_gz_interfaces:/home/gadzz/ardu_ws/install/ardupilot_sitl:/home/gadzz/ardu_ws/install/micro_ros_agent:/home/gadzz/ardu_ws/install/keyboard:/home/gadzz/ardu_ws/install/keyboard_msgs:/home/gadzz/ardu_ws/install/ardupilot_sitl_models:/home/gadzz/ardu_ws/install/ardupilot_msgs:/home/gadzz/ardu_ws/install/ardupilot_gz_gazebo:/home/gadzz/ardu_ws/install/ardupilot_gz_description:/home/gadzz/ardu_ws/install/ardupilot_gz_application:/home/gadzz/ardu_ws/install/ardupilot_gazebo:/home/gadzz/ardu_ws/install/ardupilot_dds_tests:/opt/ros/humble'), ('EDITOR', 'geany'), ('HISTORY_IGNORE', '(ls|cd|pwd|exit|sudo reboot|history|cd -|cd ..)')]), 'shell': False}
[1.587764] (keyboard) StdoutLine: {'line': b'-- Install configuration: "Release"\n'}
[1.588117] (keyboard) StdoutLine: {'line': b'-- Up-to-date: /home/gadzz/tubitak_ws/install/keyboard/lib/keyboard/keyboard\n'}
[1.588217] (keyboard) StdoutLine: {'line': b'-- Up-to-date: /home/gadzz/tubitak_ws/install/keyboard/lib/keyboard/keyboard_to_joy.py\n'}
[1.588271] (keyboard) StdoutLine: {'line': b'-- Up-to-date: /home/gadzz/tubitak_ws/install/keyboard/share/keyboard/config\n'}
[1.588326] (keyboard) StdoutLine: {'line': b'-- Up-to-date: /home/gadzz/tubitak_ws/install/keyboard/share/keyboard/config/example_config.yaml\n'}
[1.588384] (keyboard) StdoutLine: {'line': b'-- Up-to-date: /home/gadzz/tubitak_ws/install/keyboard/share/ament_index/resource_index/package_run_dependencies/keyboard\n'}
[1.588470] (keyboard) StdoutLine: {'line': b'-- Up-to-date: /home/gadzz/tubitak_ws/install/keyboard/share/ament_index/resource_index/parent_prefix_path/keyboard\n'}
[1.588521] (keyboard) StdoutLine: {'line': b'-- Up-to-date: /home/gadzz/tubitak_ws/install/keyboard/share/keyboard/environment/ament_prefix_path.sh\n'}
[1.588578] (keyboard) StdoutLine: {'line': b'-- Up-to-date: /home/gadzz/tubitak_ws/install/keyboard/share/keyboard/environment/ament_prefix_path.dsv\n'}
[1.588627] (keyboard) StdoutLine: {'line': b'-- Up-to-date: /home/gadzz/tubitak_ws/install/keyboard/share/keyboard/environment/path.sh\n'}
[1.588695] (keyboard) StdoutLine: {'line': b'-- Up-to-date: /home/gadzz/tubitak_ws/install/keyboard/share/keyboard/environment/path.dsv\n'}
[1.588760] (keyboard) StdoutLine: {'line': b'-- Up-to-date: /home/gadzz/tubitak_ws/install/keyboard/share/keyboard/local_setup.bash\n'}
[1.588822] (keyboard) StdoutLine: {'line': b'-- Up-to-date: /home/gadzz/tubitak_ws/install/keyboard/share/keyboard/local_setup.sh\n'}
[1.588931] (keyboard) StdoutLine: {'line': b'-- Up-to-date: /home/gadzz/tubitak_ws/install/keyboard/share/keyboard/local_setup.zsh\n'}
[1.589060] (keyboard) StdoutLine: {'line': b'-- Up-to-date: /home/gadzz/tubitak_ws/install/keyboard/share/keyboard/local_setup.dsv\n'}
[1.589238] (keyboard) StdoutLine: {'line': b'-- Installing: /home/gadzz/tubitak_ws/install/keyboard/share/keyboard/package.dsv\n'}
[1.589289] (keyboard) StdoutLine: {'line': b'-- Up-to-date: /home/gadzz/tubitak_ws/install/keyboard/share/ament_index/resource_index/packages/keyboard\n'}
[1.589523] (keyboard) StdoutLine: {'line': b'-- Up-to-date: /home/gadzz/tubitak_ws/install/keyboard/share/keyboard/cmake/keyboardConfig.cmake\n'}
[1.589569] (keyboard) StdoutLine: {'line': b'-- Up-to-date: /home/gadzz/tubitak_ws/install/keyboard/share/keyboard/cmake/keyboardConfig-version.cmake\n'}
[1.589612] (keyboard) StdoutLine: {'line': b'-- Up-to-date: /home/gadzz/tubitak_ws/install/keyboard/share/keyboard/package.xml\n'}
[1.594118] (keyboard) CommandEnded: {'returncode': 0}
[1.604720] (-) TimerEvent: {}
[1.630123] (keyboard) JobEnded: {'identifier': 'keyboard', 'rc': 0}
[1.704883] (-) TimerEvent: {}
[1.805824] (-) TimerEvent: {}
[1.906402] (-) TimerEvent: {}
[2.007030] (-) TimerEvent: {}
[2.107741] (-) TimerEvent: {}
[2.208332] (-) TimerEvent: {}
[2.309039] (-) TimerEvent: {}
[2.409451] (-) TimerEvent: {}
[2.510097] (-) TimerEvent: {}
[2.611417] (-) TimerEvent: {}
[2.712290] (-) TimerEvent: {}
[2.812981] (-) TimerEvent: {}
[2.913722] (-) TimerEvent: {}
[3.014327] (-) TimerEvent: {}
[3.114955] (-) TimerEvent: {}
[3.215778] (-) TimerEvent: {}
[3.316297] (-) TimerEvent: {}
[3.417275] (-) TimerEvent: {}
[3.518062] (-) TimerEvent: {}
[3.618731] (-) TimerEvent: {}
[3.720009] (-) TimerEvent: {}
[3.821148] (-) TimerEvent: {}
[3.922147] (-) TimerEvent: {}
[4.022655] (-) TimerEvent: {}
[4.123364] (-) TimerEvent: {}
[4.224093] (-) TimerEvent: {}
[4.324884] (-) TimerEvent: {}
[4.425595] (-) TimerEvent: {}
[4.526741] (-) TimerEvent: {}
[4.627430] (-) TimerEvent: {}
[4.728060] (-) TimerEvent: {}
[4.828534] (-) TimerEvent: {}
[4.929279] (-) TimerEvent: {}
[5.030406] (-) TimerEvent: {}
[5.131203] (-) TimerEvent: {}
[5.232121] (-) TimerEvent: {}
[5.333666] (-) TimerEvent: {}
[5.434441] (-) TimerEvent: {}
[5.535281] (-) TimerEvent: {}
[5.636164] (-) TimerEvent: {}
[5.736788] (-) TimerEvent: {}
[5.837413] (-) TimerEvent: {}
[5.938007] (-) TimerEvent: {}
[6.038610] (-) TimerEvent: {}
[6.139483] (-) TimerEvent: {}
[6.240594] (-) TimerEvent: {}
[6.341625] (-) TimerEvent: {}
[6.442276] (-) TimerEvent: {}
[6.542859] (-) TimerEvent: {}
[6.643589] (-) TimerEvent: {}
[6.744695] (-) TimerEvent: {}
[6.846094] (-) TimerEvent: {}
[6.947365] (-) TimerEvent: {}
[7.048912] (-) TimerEvent: {}
[7.149505] (-) TimerEvent: {}
[7.249967] (-) TimerEvent: {}
[7.350674] (-) TimerEvent: {}
[7.451723] (-) TimerEvent: {}
[7.552597] (-) TimerEvent: {}
[7.653786] (-) TimerEvent: {}
[7.754344] (-) TimerEvent: {}
[7.854912] (-) TimerEvent: {}
[7.955759] (-) TimerEvent: {}
[8.056430] (-) TimerEvent: {}
[8.156967] (-) TimerEvent: {}
[8.257791] (-) TimerEvent: {}
[8.358630] (-) TimerEvent: {}
[8.459483] (-) TimerEvent: {}
[8.560211] (-) TimerEvent: {}
[8.660782] (-) TimerEvent: {}
[8.761793] (-) TimerEvent: {}
[8.862605] (-) TimerEvent: {}
[8.963089] (-) TimerEvent: {}
[9.063652] (-) TimerEvent: {}
[9.164608] (-) TimerEvent: {}
[9.265362] (-) TimerEvent: {}
[9.366070] (-) TimerEvent: {}
[9.466830] (-) TimerEvent: {}
[9.567731] (-) TimerEvent: {}
[9.668563] (-) TimerEvent: {}
[9.769433] (-) TimerEvent: {}
[9.870038] (-) TimerEvent: {}
[9.971451] (-) TimerEvent: {}
[10.072223] (-) TimerEvent: {}
[10.173004] (-) TimerEvent: {}
[10.274464] (-) TimerEvent: {}
[10.375228] (-) TimerEvent: {}
[10.476180] (-) TimerEvent: {}
[10.577074] (-) TimerEvent: {}
[10.678244] (-) TimerEvent: {}
[10.778690] (-) TimerEvent: {}
[10.879837] (-) TimerEvent: {}
[10.980790] (-) TimerEvent: {}
[11.081472] (-) TimerEvent: {}
[11.182011] (-) TimerEvent: {}
[11.282697] (-) TimerEvent: {}
[11.383634] (-) TimerEvent: {}
[11.484526] (-) TimerEvent: {}
[11.585394] (-) TimerEvent: {}
[11.686415] (-) TimerEvent: {}
[11.787058] (-) TimerEvent: {}
[11.888056] (-) TimerEvent: {}
[11.989035] (-) TimerEvent: {}
[12.089660] (-) TimerEvent: {}
[12.190433] (-) TimerEvent: {}
[12.291788] (-) TimerEvent: {}
[12.392714] (-) TimerEvent: {}
[12.493438] (-) TimerEvent: {}
[12.594103] (-) TimerEvent: {}
[12.694697] (-) TimerEvent: {}
[12.795577] (-) TimerEvent: {}
[12.896608] (-) TimerEvent: {}
[12.997261] (-) TimerEvent: {}
[13.097804] (-) TimerEvent: {}
[13.198402] (-) TimerEvent: {}
[13.299016] (-) TimerEvent: {}
[13.399480] (-) TimerEvent: {}
[13.499956] (-) TimerEvent: {}
[13.600462] (-) TimerEvent: {}
[13.701051] (-) TimerEvent: {}
[13.801805] (-) TimerEvent: {}
[13.902431] (-) TimerEvent: {}
[14.003280] (-) TimerEvent: {}
[14.104678] (-) TimerEvent: {}
[14.205492] (-) TimerEvent: {}
[14.306173] (-) TimerEvent: {}
[14.407261] (-) TimerEvent: {}
[14.507946] (-) TimerEvent: {}
[14.608693] (-) TimerEvent: {}
[14.709253] (-) TimerEvent: {}
[14.809846] (-) TimerEvent: {}
[14.910391] (-) TimerEvent: {}
[15.011010] (-) TimerEvent: {}
[15.111829] (-) TimerEvent: {}
[15.212465] (-) TimerEvent: {}
[15.313054] (-) TimerEvent: {}
[15.414479] (-) TimerEvent: {}
[15.516008] (-) TimerEvent: {}
[15.616828] (-) TimerEvent: {}
[15.717404] (-) TimerEvent: {}
[15.818078] (-) TimerEvent: {}
[15.918602] (-) TimerEvent: {}
[16.019747] (-) TimerEvent: {}
[16.122160] (-) TimerEvent: {}
[16.223069] (-) TimerEvent: {}
[16.324217] (-) TimerEvent: {}
[16.425283] (-) TimerEvent: {}
[16.526039] (-) TimerEvent: {}
[16.626453] (-) TimerEvent: {}
[16.727132] (-) TimerEvent: {}
[16.827844] (-) TimerEvent: {}
[16.928459] (-) TimerEvent: {}
[17.028966] (-) TimerEvent: {}
[17.130016] (-) TimerEvent: {}
[17.230828] (-) TimerEvent: {}
[17.331677] (-) TimerEvent: {}
[17.433109] (-) TimerEvent: {}
[17.533766] (-) TimerEvent: {}
[17.634513] (-) TimerEvent: {}
[17.735371] (-) TimerEvent: {}
[17.836552] (-) TimerEvent: {}
[17.937507] (-) TimerEvent: {}
[18.038083] (-) TimerEvent: {}
[18.138818] (-) TimerEvent: {}
[18.239610] (-) TimerEvent: {}
[18.340381] (-) TimerEvent: {}
[18.441075] (-) TimerEvent: {}
[18.541782] (-) TimerEvent: {}
[18.642299] (-) TimerEvent: {}
[18.742945] (-) TimerEvent: {}
[18.843497] (-) TimerEvent: {}
[18.944185] (-) TimerEvent: {}
[19.044834] (-) TimerEvent: {}
[19.145568] (-) TimerEvent: {}
[19.246476] (-) TimerEvent: {}
[19.348396] (-) TimerEvent: {}
[19.449478] (-) TimerEvent: {}
[19.550260] (-) TimerEvent: {}
[19.651217] (-) TimerEvent: {}
[19.751938] (-) TimerEvent: {}
[19.852471] (-) TimerEvent: {}
[19.953310] (-) TimerEvent: {}
[20.054011] (-) TimerEvent: {}
[20.154886] (-) TimerEvent: {}
[20.256872] (-) TimerEvent: {}
[20.357339] (-) TimerEvent: {}
[20.458251] (-) TimerEvent: {}
[20.560286] (-) TimerEvent: {}
[20.662418] (-) TimerEvent: {}
[20.763185] (-) TimerEvent: {}
[20.863928] (-) TimerEvent: {}
[20.965246] (-) TimerEvent: {}
[21.066017] (-) TimerEvent: {}
[21.166867] (-) TimerEvent: {}
[21.268162] (-) TimerEvent: {}
[21.369976] (-) TimerEvent: {}
[21.470874] (-) TimerEvent: {}
[21.571326] (-) TimerEvent: {}
[21.672099] (-) TimerEvent: {}
[21.772819] (-) TimerEvent: {}
[21.873955] (-) TimerEvent: {}
[21.974630] (-) TimerEvent: {}
[22.075297] (-) TimerEvent: {}
[22.176156] (-) TimerEvent: {}
[22.276773] (-) TimerEvent: {}
[22.377237] (-) TimerEvent: {}
[22.478107] (-) TimerEvent: {}
[22.579131] (-) TimerEvent: {}
[22.679893] (-) TimerEvent: {}
[22.780908] (-) TimerEvent: {}
[22.882128] (-) TimerEvent: {}
[22.983113] (-) TimerEvent: {}
[23.084832] (-) TimerEvent: {}
[23.185881] (-) TimerEvent: {}
[23.286441] (-) TimerEvent: {}
[23.387825] (-) TimerEvent: {}
[23.488712] (-) TimerEvent: {}
[23.589999] (-) TimerEvent: {}
[23.690655] (-) TimerEvent: {}
[23.791136] (-) TimerEvent: {}
[23.891807] (-) TimerEvent: {}
[23.992553] (-) TimerEvent: {}
[24.093155] (-) TimerEvent: {}
[24.193838] (-) TimerEvent: {}
[24.295046] (-) TimerEvent: {}
[24.396534] (-) TimerEvent: {}
[24.497228] (-) TimerEvent: {}
[24.599494] (-) TimerEvent: {}
[24.700455] (-) TimerEvent: {}
[24.802016] (-) TimerEvent: {}
[24.902954] (-) TimerEvent: {}
[25.003991] (-) TimerEvent: {}
[25.104860] (-) TimerEvent: {}
[25.205900] (-) TimerEvent: {}
[25.306471] (-) TimerEvent: {}
[25.406916] (-) TimerEvent: {}
[25.507606] (-) TimerEvent: {}
[25.608338] (-) TimerEvent: {}
[25.709159] (-) TimerEvent: {}
[25.810618] (-) TimerEvent: {}
[25.911425] (-) TimerEvent: {}
[26.012301] (-) TimerEvent: {}
[26.112860] (-) TimerEvent: {}
[26.213452] (-) TimerEvent: {}
[26.313851] (-) TimerEvent: {}
[26.414409] (-) TimerEvent: {}
[26.515876] (-) TimerEvent: {}
[26.617936] (-) TimerEvent: {}
[26.718532] (-) TimerEvent: {}
[26.819022] (-) TimerEvent: {}
[26.919810] (-) TimerEvent: {}
[27.020808] (-) TimerEvent: {}
[27.121502] (-) TimerEvent: {}
[27.222152] (-) TimerEvent: {}
[27.323002] (-) TimerEvent: {}
[27.423803] (-) TimerEvent: {}
[27.524403] (-) TimerEvent: {}
[27.625051] (-) TimerEvent: {}
[27.725784] (-) TimerEvent: {}
[27.827049] (-) TimerEvent: {}
[27.927858] (-) TimerEvent: {}
[28.028809] (-) TimerEvent: {}
[28.129503] (-) TimerEvent: {}
[28.230108] (-) TimerEvent: {}
[28.331117] (-) TimerEvent: {}
[28.432287] (-) TimerEvent: {}
[28.533172] (-) TimerEvent: {}
[28.633933] (-) TimerEvent: {}
[28.735115] (-) TimerEvent: {}
[28.835717] (-) TimerEvent: {}
[28.936323] (-) TimerEvent: {}
[29.036813] (-) TimerEvent: {}
[29.137782] (-) TimerEvent: {}
[29.239786] (-) TimerEvent: {}
[29.340611] (-) TimerEvent: {}
[29.442069] (-) TimerEvent: {}
[29.542926] (-) TimerEvent: {}
[29.643424] (-) TimerEvent: {}
[29.744049] (-) TimerEvent: {}
[29.844958] (-) TimerEvent: {}
[29.946073] (-) TimerEvent: {}
[30.047309] (-) TimerEvent: {}
[30.148047] (-) TimerEvent: {}
[30.248717] (-) TimerEvent: {}
[30.349221] (-) TimerEvent: {}
[30.449721] (-) TimerEvent: {}
[30.550661] (-) TimerEvent: {}
[30.651894] (-) TimerEvent: {}
[30.752695] (-) TimerEvent: {}
[30.853771] (-) TimerEvent: {}
[30.954346] (-) TimerEvent: {}
[31.055094] (-) TimerEvent: {}
[31.155936] (-) TimerEvent: {}
[31.259819] (-) TimerEvent: {}
[31.360787] (-) TimerEvent: {}
[31.461328] (-) TimerEvent: {}
[31.561804] (-) TimerEvent: {}
[31.662419] (-) TimerEvent: {}
[31.763035] (-) TimerEvent: {}
[31.863696] (-) TimerEvent: {}
[31.964618] (-) TimerEvent: {}
[32.065207] (-) TimerEvent: {}
[32.165810] (-) TimerEvent: {}
[32.266469] (-) TimerEvent: {}
[32.367079] (-) TimerEvent: {}
[32.467746] (-) TimerEvent: {}
[32.568437] (-) TimerEvent: {}
[32.669860] (-) TimerEvent: {}
[32.770271] (-) TimerEvent: {}
[32.870865] (-) TimerEvent: {}
[32.971555] (-) TimerEvent: {}
[33.072455] (-) TimerEvent: {}
[33.173274] (-) TimerEvent: {}
[33.273980] (-) TimerEvent: {}
[33.374572] (-) TimerEvent: {}
[33.475349] (-) TimerEvent: {}
[33.575882] (-) TimerEvent: {}
[33.676337] (-) TimerEvent: {}
[33.777046] (-) TimerEvent: {}
[33.877799] (-) TimerEvent: {}
[33.978358] (-) TimerEvent: {}
[34.079095] (-) TimerEvent: {}
[34.180005] (-) TimerEvent: {}
[34.280553] (-) TimerEvent: {}
[34.381339] (-) TimerEvent: {}
[34.481958] (-) TimerEvent: {}
[34.582669] (-) TimerEvent: {}
[34.683577] (-) TimerEvent: {}
[34.784160] (-) TimerEvent: {}
[34.884823] (-) TimerEvent: {}
[34.985739] (-) TimerEvent: {}
[35.086347] (-) TimerEvent: {}
[35.186938] (-) TimerEvent: {}
[35.288225] (-) TimerEvent: {}
[35.389268] (-) TimerEvent: {}
[35.489975] (-) TimerEvent: {}
[35.590649] (-) TimerEvent: {}
[35.691763] (-) TimerEvent: {}
[35.792623] (-) TimerEvent: {}
[35.894035] (-) TimerEvent: {}
[35.994742] (-) TimerEvent: {}
[36.095295] (-) TimerEvent: {}
[36.195885] (-) TimerEvent: {}
[36.296629] (-) TimerEvent: {}
[36.398234] (-) TimerEvent: {}
[36.499535] (-) TimerEvent: {}
[36.600819] (-) TimerEvent: {}
[36.701445] (-) TimerEvent: {}
[36.802324] (-) TimerEvent: {}
[36.903614] (-) TimerEvent: {}
[37.004139] (-) TimerEvent: {}
[37.105077] (-) TimerEvent: {}
[37.206277] (-) TimerEvent: {}
[37.307635] (-) TimerEvent: {}
[37.408431] (-) TimerEvent: {}
[37.509205] (-) TimerEvent: {}
[37.609664] (-) TimerEvent: {}
[37.710010] (-) TimerEvent: {}
[37.810414] (-) TimerEvent: {}
[37.911971] (-) TimerEvent: {}
[38.014094] (-) TimerEvent: {}
[38.115485] (-) TimerEvent: {}
[38.216009] (-) TimerEvent: {}
[38.317307] (-) TimerEvent: {}
[38.418568] (-) TimerEvent: {}
[38.519173] (-) TimerEvent: {}
[38.620006] (-) TimerEvent: {}
[38.720680] (-) TimerEvent: {}
[38.821130] (-) TimerEvent: {}
[38.921948] (-) TimerEvent: {}
[39.022679] (-) TimerEvent: {}
[39.123708] (-) TimerEvent: {}
[39.224688] (-) TimerEvent: {}
[39.325537] (-) TimerEvent: {}
[39.426118] (-) TimerEvent: {}
[39.527030] (-) TimerEvent: {}
[39.628067] (-) TimerEvent: {}
[39.728821] (-) TimerEvent: {}
[39.829893] (-) TimerEvent: {}
[39.930508] (-) TimerEvent: {}
[40.031788] (-) TimerEvent: {}
[40.133222] (-) TimerEvent: {}
[40.233986] (-) TimerEvent: {}
[40.334659] (-) TimerEvent: {}
[40.344452] (mission_center) StderrLine: {'line': b'\x1b[01m\x1b[K/home/gadzz/tubitak_ws/src/mission_center/src/uav_mission.cpp:\x1b[m\x1b[K In member function \xe2\x80\x98\x1b[01m\x1b[Kvoid UAV_Mission::switch_mode(std::string)\x1b[m\x1b[K\xe2\x80\x99:\n'}
[40.344984] (mission_center) StderrLine: {'line': b'\x1b[01m\x1b[K/home/gadzz/tubitak_ws/src/mission_center/src/uav_mission.cpp:104:11:\x1b[m\x1b[K \x1b[01;35m\x1b[Kwarning: \x1b[m\x1b[Kunused variable \xe2\x80\x98\x1b[01m\x1b[KgotTopic\x1b[m\x1b[K\xe2\x80\x99 [\x1b[01;35m\x1b[K-Wunused-variable\x1b[m\x1b[K]\n'}
[40.345073] (mission_center) StderrLine: {'line': b'  104 |       int \x1b[01;35m\x1b[KgotTopic\x1b[m\x1b[K =\n'}
[40.345160] (mission_center) StderrLine: {'line': b'      |           \x1b[01;35m\x1b[K^~~~~~~~\x1b[m\x1b[K\n'}
[40.345246] (mission_center) StderrLine: {'line': b'\x1b[01m\x1b[K/home/gadzz/tubitak_ws/src/mission_center/src/uav_mission.cpp:\x1b[m\x1b[K In member function \xe2\x80\x98\x1b[01m\x1b[Kvoid UAV_Mission::arm_throttle()\x1b[m\x1b[K\xe2\x80\x99:\n'}
[40.345462] (mission_center) StderrLine: {'line': b'\x1b[01m\x1b[K/home/gadzz/tubitak_ws/src/mission_center/src/uav_mission.cpp:148:11:\x1b[m\x1b[K \x1b[01;35m\x1b[Kwarning: \x1b[m\x1b[Kunused variable \xe2\x80\x98\x1b[01m\x1b[KgotTopic\x1b[m\x1b[K\xe2\x80\x99 [\x1b[01;35m\x1b[K-Wunused-variable\x1b[m\x1b[K]\n'}
[40.345637] (mission_center) StderrLine: {'line': b'  148 |       int \x1b[01;35m\x1b[KgotTopic\x1b[m\x1b[K =\n'}
[40.345806] (mission_center) StderrLine: {'line': b'      |           \x1b[01;35m\x1b[K^~~~~~~~\x1b[m\x1b[K\n'}
[40.365777] (mission_center) StdoutLine: {'line': b'[ 14%] \x1b[32m\x1b[1mLinking CXX shared library libuav_mission.so\x1b[0m\n'}
[40.434929] (-) TimerEvent: {}
[40.535962] (-) TimerEvent: {}
[40.636894] (-) TimerEvent: {}
[40.737554] (-) TimerEvent: {}
[40.838294] (-) TimerEvent: {}
[40.940096] (-) TimerEvent: {}
[41.042458] (-) TimerEvent: {}
[41.143329] (-) TimerEvent: {}
[41.244456] (-) TimerEvent: {}
[41.345148] (-) TimerEvent: {}
[41.446070] (-) TimerEvent: {}
[41.548661] (-) TimerEvent: {}
[41.650185] (-) TimerEvent: {}
[41.751695] (-) TimerEvent: {}
[41.852289] (-) TimerEvent: {}
[41.953402] (-) TimerEvent: {}
[42.054324] (-) TimerEvent: {}
[42.155035] (-) TimerEvent: {}
[42.255690] (-) TimerEvent: {}
[42.356523] (-) TimerEvent: {}
[42.457117] (-) TimerEvent: {}
[42.557662] (-) TimerEvent: {}
[42.658434] (-) TimerEvent: {}
[42.759445] (-) TimerEvent: {}
[42.860254] (-) TimerEvent: {}
[42.961045] (-) TimerEvent: {}
[43.061472] (-) TimerEvent: {}
[43.161954] (-) TimerEvent: {}
[43.262882] (-) TimerEvent: {}
[43.365358] (-) TimerEvent: {}
[43.466456] (-) TimerEvent: {}
[43.567094] (-) TimerEvent: {}
[43.667916] (-) TimerEvent: {}
[43.730426] (mission_center) StdoutLine: {'line': b'[ 14%] Built target uav_mission\n'}
[43.768342] (-) TimerEvent: {}
[43.778411] (mission_center) StdoutLine: {'line': b'[ 28%] Built target safety_node\n'}
[43.817311] (mission_center) StdoutLine: {'line': b'[ 35%] \x1b[32m\x1b[1mLinking CXX executable ui_node\x1b[0m\n'}
[43.868820] (-) TimerEvent: {}
[43.972841] (-) TimerEvent: {}
[44.074020] (-) TimerEvent: {}
[44.175134] (-) TimerEvent: {}
[44.276662] (-) TimerEvent: {}
[44.377362] (-) TimerEvent: {}
[44.479793] (-) TimerEvent: {}
[44.580533] (-) TimerEvent: {}
[44.681788] (-) TimerEvent: {}
[44.782475] (-) TimerEvent: {}
[44.822361] (mission_center) StdoutLine: {'line': b'[ 85%] Built target ui_node\n'}
[44.867503] (mission_center) StdoutLine: {'line': b'[ 92%] \x1b[32m\x1b[1mLinking CXX executable pilot_node\x1b[0m\n'}
[44.882712] (-) TimerEvent: {}
[44.983574] (-) TimerEvent: {}
[45.084619] (-) TimerEvent: {}
[45.185795] (-) TimerEvent: {}
[45.286566] (-) TimerEvent: {}
[45.387297] (-) TimerEvent: {}
[45.488360] (-) TimerEvent: {}
[45.590250] (-) TimerEvent: {}
[45.691289] (-) TimerEvent: {}
[45.792550] (-) TimerEvent: {}
[45.893383] (-) TimerEvent: {}
[45.994160] (-) TimerEvent: {}
[46.095240] (-) TimerEvent: {}
[46.196073] (-) TimerEvent: {}
[46.297021] (-) TimerEvent: {}
[46.397825] (-) TimerEvent: {}
[46.498886] (-) TimerEvent: {}
[46.599953] (-) TimerEvent: {}
[46.701002] (-) TimerEvent: {}
[46.801829] (-) TimerEvent: {}
[46.903072] (-) TimerEvent: {}
[46.935695] (mission_center) StdoutLine: {'line': b'[100%] Built target pilot_node\n'}
[46.956399] (mission_center) CommandEnded: {'returncode': 0}
[46.957804] (mission_center) JobProgress: {'identifier': 'mission_center', 'progress': 'install'}
[46.958138] (mission_center) Command: {'cmd': ['/usr/bin/cmake', '--install', '/home/gadzz/tubitak_ws/build/mission_center'], 'cwd': '/home/gadzz/tubitak_ws/build/mission_center', 'env': OrderedDict([('GZ_SIM_SYSTEM_PLUGIN_PATH', '/home/gadzz/ardu_ws/install/ardupilot_sitl_models/lib/ardupilot_sitl_models/:/home/gadzz/ardu_ws/install/ardupilot_gz_gazebo/lib/ardupilot_gz_gazebo/:/home/gadzz/ardu_ws/install/ardupilot_gazebo/lib/ardupilot_gazebo/'), ('TMUX', '/tmp/tmux-1000/default,6097,1'), ('GZ_SIM_RESOURCE_PATH', '/home/gadzz/ardu_ws/install/ardupilot_sitl_models/share/ardupilot_sitl_models/worlds:/home/gadzz/ardu_ws/install/ardupilot_sitl_models/share/ardupilot_sitl_models/models:/home/gadzz/ardu_ws/install/ardupilot_sitl_models/share:/home/gadzz/ardu_ws/install/ardupilot_gz_gazebo/share/ardupilot_gz_gazebo/worlds:/home/gadzz/ardu_ws/install/ardupilot_gz_description/share/ardupilot_gz_description/models:/home/gadzz/ardu_ws/install/ardupilot_gz_description/share:/home/gadzz/ardu_ws/install/ardupilot_gazebo/share/ardupilot_gazebo/worlds:/home/gadzz/ardu_ws/install/ardupilot_gazebo/share/ardupilot_gazebo/models:/home/gadzz/ardu_ws/install/ardupilot_gazebo/share'), ('LC_TIME', 'id_ID.UTF-8'), ('USER', 'gadzz'), ('XDG_SEAT', 'seat0'), ('XDG_SESSION_TYPE', 'x11'), ('BROWSER', 'firefox-esr'), ('LD_LIBRARY_PATH', '/home/gadzz/tubitak_ws/install/keyboard_msgs/lib:/home/gadzz/ardu_ws/install/sdformat_urdf/lib:/home/gadzz/ardu_ws/install/ros_ign_interfaces/lib:/home/gadzz/ardu_ws/install/ros_gz_sim/lib:/home/gadzz/ardu_ws/install/ros_gz_bridge/lib:/home/gadzz/ardu_ws/install/ros_gz_interfaces/lib:/home/gadzz/ardu_ws/install/micro_ros_agent/lib:/home/gadzz/ardu_ws/install/keyboard_msgs/lib:/home/gadzz/ardu_ws/install/ardupilot_msgs/lib:/opt/ros/humble/opt/rviz_ogre_vendor/lib:/opt/ros/humble/lib/x86_64-linux-gnu:/opt/ros/humble/lib'), ('SHLVL', '2'), ('HOME', '/home/gadzz'), ('LESS', '-R'), ('OLDPWD', '/home/gadzz/tubitak_ws'), ('DESKTOP_SESSION', 'awesome'), ('TERM_PROGRAM_VERSION', '3.5a'), ('LSCOLORS', 'Gxfxcxdxbxegedabagacad'), ('ZSH', '/home/gadzz/.oh-my-zsh'), ('GTK_MODULES', 'gail:atk-bridge'), ('PAGER', 'less'), ('ROS_PYTHON_VERSION', '3'), ('LC_MONETARY', 'id_ID.UTF-8'), ('DBUS_SESSION_BUS_ADDRESS', 'unix:path=/run/user/1000/bus'), ('SYSTEMD_EXEC_PID', '2022'), ('VISUAL', 'nvim'), ('COLORTERM', 'truecolor'), ('FZF_BASE', '/usr/bin/fzf'), ('COLCON_PREFIX_PATH', '/home/gadzz/ardu_ws/install'), ('ROS_DISTRO', 'humble'), ('ALACRITTY_SOCKET', '/run/user/1000/Alacritty-:0-5220.sock'), ('GTK_IM_MODULE', 'ibus'), ('LOGNAME', 'gadzz'), ('WINDOWID', '46137349'), ('_', '/usr/bin/colcon'), ('PKG_CONFIG_PATH', '/home/gadzz/ardu_ws/install/sdformat_test_files/lib/x86_64-linux-gnu/pkgconfig:/home/gadzz/ardu_ws/install/sdformat_test_files/lib/pkgconfig'), ('ROS_VERSION', '2'), ('XDG_SESSION_CLASS', 'user'), ('ALACRITTY_LOG', '/tmp/Alacritty-5220.log'), ('TERM', 'tmux-256color'), ('USERNAME', 'gadzz'), ('XDG_SESSION_ID', '2'), ('ROS_LOCALHOST_ONLY', '0'), ('WINDOWPATH', '2'), ('PATH', '/home/gadzz/.local/bin:/home/gadzz/ardu_ws/install/ardupilot_sitl/bin:/opt/ros/humble/bin:/home/gadzz/.local/bin:/usr/lib/ccache:/home/gadzz/ardu_ws/src/ardupilot/Tools/autotest:/opt/gcc-arm-none-eabi-10-2020-q4-major/bin:/home/gadzz/.local/bin:/usr/local/sbin:/usr/local/bin:/usr/sbin:/usr/bin:/sbin:/bin:/usr/games:/usr/local/games:/snap/bin:/snap/bin:/home/gadzz/ardu_ws/Micro-XRCE-DDS-Gen/scripts:/home/gadzz/ardu_ws/src/ardupilot/Tools/autotest:/home/gadzz/ardu_ws/Micro-XRCE-DDS-Gen/scripts:/home/gadzz/ardu_ws/src/ardupilot/Tools/autotest'), ('DIRHISTORY_SIZE', '30'), ('LC_ADDRESS', 'id_ID.UTF-8'), ('XDG_RUNTIME_DIR', '/run/user/1000'), ('DISPLAY', ':0'), ('LANG', 'en_US.UTF-8'), ('LC_TELEPHONE', 'id_ID.UTF-8'), ('LS_COLORS', 'rs=0:di=01;34:ln=01;36:mh=00:pi=40;33:so=01;35:do=01;35:bd=40;33;01:cd=40;33;01:or=40;31;01:mi=00:su=37;41:sg=30;43:ca=30;41:tw=30;42:ow=34;42:st=37;44:ex=01;32:*.tar=01;31:*.tgz=01;31:*.arc=01;31:*.arj=01;31:*.taz=01;31:*.lha=01;31:*.lz4=01;31:*.lzh=01;31:*.lzma=01;31:*.tlz=01;31:*.txz=01;31:*.tzo=01;31:*.t7z=01;31:*.zip=01;31:*.z=01;31:*.dz=01;31:*.gz=01;31:*.lrz=01;31:*.lz=01;31:*.lzo=01;31:*.xz=01;31:*.zst=01;31:*.tzst=01;31:*.bz2=01;31:*.bz=01;31:*.tbz=01;31:*.tbz2=01;31:*.tz=01;31:*.deb=01;31:*.rpm=01;31:*.jar=01;31:*.war=01;31:*.ear=01;31:*.sar=01;31:*.rar=01;31:*.alz=01;31:*.ace=01;31:*.zoo=01;31:*.cpio=01;31:*.7z=01;31:*.rz=01;31:*.cab=01;31:*.wim=01;31:*.swm=01;31:*.dwm=01;31:*.esd=01;31:*.jpg=01;35:*.jpeg=01;35:*.mjpg=01;35:*.mjpeg=01;35:*.gif=01;35:*.bmp=01;35:*.pbm=01;35:*.pgm=01;35:*.ppm=01;35:*.tga=01;35:*.xbm=01;35:*.xpm=01;35:*.tif=01;35:*.tiff=01;35:*.png=01;35:*.svg=01;35:*.svgz=01;35:*.mng=01;35:*.pcx=01;35:*.mov=01;35:*.mpg=01;35:*.mpeg=01;35:*.m2v=01;35:*.mkv=01;35:*.webm=01;35:*.webp=01;35:*.ogm=01;35:*.mp4=01;35:*.m4v=01;35:*.mp4v=01;35:*.vob=01;35:*.qt=01;35:*.nuv=01;35:*.wmv=01;35:*.asf=01;35:*.rm=01;35:*.rmvb=01;35:*.flc=01;35:*.avi=01;35:*.fli=01;35:*.flv=01;35:*.gl=01;35:*.dl=01;35:*.xcf=01;35:*.xwd=01;35:*.yuv=01;35:*.cgm=01;35:*.emf=01;35:*.ogv=01;35:*.ogx=01;35:*.aac=00;36:*.au=00;36:*.flac=00;36:*.m4a=00;36:*.mid=00;36:*.midi=00;36:*.mka=00;36:*.mp3=00;36:*.mpc=00;36:*.ogg=00;36:*.ra=00;36:*.wav=00;36:*.oga=00;36:*.opus=00;36:*.spx=00;36:*.xspf=00;36:'), ('TERM_PROGRAM', 'tmux'), ('XAUTHORITY', '/run/user/1000/gdm/Xauthority'), ('XDG_SESSION_DESKTOP', 'awesome'), ('XMODIFIERS', '@im=ibus'), ('AMENT_PREFIX_PATH', '/home/gadzz/tubitak_ws/install/keyboard_msgs:/home/gadzz/ardu_ws/install/test_ros_gz_bridge:/home/gadzz/ardu_ws/install/ros_ign:/home/gadzz/ardu_ws/install/ros_ign_gazebo_demos:/home/gadzz/ardu_ws/install/ros_gz:/home/gadzz/ardu_ws/install/ros_gz_sim_demos:/home/gadzz/ardu_ws/install/ardupilot_gz_bringup:/home/gadzz/ardu_ws/install/sdformat_urdf:/home/gadzz/ardu_ws/install/ros_ign_interfaces:/home/gadzz/ardu_ws/install/ros_ign_image:/home/gadzz/ardu_ws/install/ros_ign_gazebo:/home/gadzz/ardu_ws/install/ros_ign_bridge:/home/gadzz/ardu_ws/install/ros_gz_sim:/home/gadzz/ardu_ws/install/ros_gz_image:/home/gadzz/ardu_ws/install/ros_gz_bridge:/home/gadzz/ardu_ws/install/ros_gz_interfaces:/home/gadzz/ardu_ws/install/ardupilot_dds_tests:/home/gadzz/ardu_ws/install/ardupilot_sitl:/home/gadzz/ardu_ws/install/micro_ros_agent:/home/gadzz/ardu_ws/install/keyboard:/home/gadzz/ardu_ws/install/keyboard_msgs:/home/gadzz/ardu_ws/install/ardupilot_sitl_models:/home/gadzz/ardu_ws/install/ardupilot_msgs:/home/gadzz/ardu_ws/install/ardupilot_gz_gazebo:/home/gadzz/ardu_ws/install/ardupilot_gz_description:/home/gadzz/ardu_ws/install/ardupilot_gz_application:/home/gadzz/ardu_ws/install/ardupilot_gazebo:/opt/ros/humble'), ('LC_NAME', 'id_ID.UTF-8'), ('SHELL', '/usr/bin/zsh'), ('GDMSESSION', 'awesome'), ('QT_ACCESSIBILITY', '1'), ('IGN_GAZEBO_RESOURCE_PATH', '/home/gadzz/ardu_ws/install/ros_gz_sim_demos/share'), ('LC_MEASUREMENT', 'id_ID.UTF-8'), ('GPG_AGENT_INFO', '/run/user/1000/gnupg/S.gpg-agent:0:1'), ('GZ_VERSION', 'harmonic'), ('LC_IDENTIFICATION', 'id_ID.UTF-8'), ('ALACRITTY_WINDOW_ID', '35651589'), ('QT_IM_MODULE', 'ibus'), ('XDG_VTNR', '2'), ('PWD', '/home/gadzz/tubitak_ws/build/mission_center'), ('CLUTTER_IM_MODULE', 'ibus'), ('XDG_CONFIG_DIRS', '/etc/xdg/xdg-awesome:/etc/xdg'), ('XDG_DATA_DIRS', '/usr/share/awesome:/usr/share/gnome:/usr/local/share/:/usr/share/:/var/lib/snapd/desktop'), ('LC_NUMERIC', 'id_ID.UTF-8'), ('PYTHONPATH', '/home/gadzz/tubitak_ws/install/keyboard_msgs/local/lib/python3.10/dist-packages:/home/gadzz/ardu_ws/install/ros_ign_interfaces/local/lib/python3.10/dist-packages:/home/gadzz/ardu_ws/install/ros_gz_interfaces/local/lib/python3.10/dist-packages:/home/gadzz/ardu_ws/install/ardupilot_dds_tests/lib/python3.10/site-packages:/home/gadzz/ardu_ws/install/ardupilot_sitl/local/lib/python3.10/dist-packages:/home/gadzz/ardu_ws/install/keyboard_msgs/local/lib/python3.10/dist-packages:/home/gadzz/ardu_ws/install/ardupilot_msgs/local/lib/python3.10/dist-packages:/opt/ros/humble/lib/python3.10/site-packages:/opt/ros/humble/local/lib/python3.10/dist-packages'), ('LC_PAPER', 'id_ID.UTF-8'), ('TMUX_PLUGIN_MANAGER_PATH', '/home/gadzz/.config/tmux/plugins/'), ('COLCON', '1'), ('TERMINAL', 'alacritty'), ('TMUX_PANE', '%6'), ('CMAKE_PREFIX_PATH', '/home/gadzz/tubitak_ws/install/keyboard_msgs:/home/gadzz/ardu_ws/install/test_ros_gz_bridge:/home/gadzz/ardu_ws/install/ros_ign:/home/gadzz/ardu_ws/install/ros_ign_gazebo_demos:/home/gadzz/ardu_ws/install/ros_gz:/home/gadzz/ardu_ws/install/ros_gz_sim_demos:/home/gadzz/ardu_ws/install/ardupilot_gz_bringup:/home/gadzz/ardu_ws/install/sdformat_urdf:/home/gadzz/ardu_ws/install/sdformat_test_files:/home/gadzz/ardu_ws/install/ros_ign_interfaces:/home/gadzz/ardu_ws/install/ros_ign_image:/home/gadzz/ardu_ws/install/ros_ign_gazebo:/home/gadzz/ardu_ws/install/ros_ign_bridge:/home/gadzz/ardu_ws/install/ros_gz_sim:/home/gadzz/ardu_ws/install/ros_gz_image:/home/gadzz/ardu_ws/install/ros_gz_bridge:/home/gadzz/ardu_ws/install/ros_gz_interfaces:/home/gadzz/ardu_ws/install/ardupilot_sitl:/home/gadzz/ardu_ws/install/micro_ros_agent:/home/gadzz/ardu_ws/install/keyboard:/home/gadzz/ardu_ws/install/keyboard_msgs:/home/gadzz/ardu_ws/install/ardupilot_sitl_models:/home/gadzz/ardu_ws/install/ardupilot_msgs:/home/gadzz/ardu_ws/install/ardupilot_gz_gazebo:/home/gadzz/ardu_ws/install/ardupilot_gz_description:/home/gadzz/ardu_ws/install/ardupilot_gz_application:/home/gadzz/ardu_ws/install/ardupilot_gazebo:/home/gadzz/ardu_ws/install/ardupilot_dds_tests:/opt/ros/humble'), ('EDITOR', 'geany'), ('HISTORY_IGNORE', '(ls|cd|pwd|exit|sudo reboot|history|cd -|cd ..)')]), 'shell': False}
[46.972707] (mission_center) StdoutLine: {'line': b'-- Install configuration: ""\n'}
[46.972949] (mission_center) StdoutLine: {'line': b'-- Installing: /home/gadzz/tubitak_ws/install/mission_center/lib/libuav_mission.so\n'}
[46.992707] (mission_center) StdoutLine: {'line': b'-- Set runtime path of "/home/gadzz/tubitak_ws/install/mission_center/lib/libuav_mission.so" to ""\n'}
[46.993066] (mission_center) StdoutLine: {'line': b'-- Installing: /home/gadzz/tubitak_ws/install/mission_center/lib/mission_center/pilot_node\n'}
[46.994173] (mission_center) StdoutLine: {'line': b'-- Set runtime path of "/home/gadzz/tubitak_ws/install/mission_center/lib/mission_center/pilot_node" to ""\n'}
[46.994342] (mission_center) StdoutLine: {'line': b'-- Up-to-date: /home/gadzz/tubitak_ws/install/mission_center/lib/mission_center/safety_node\n'}
[46.994439] (mission_center) StdoutLine: {'line': b'-- Installing: /home/gadzz/tubitak_ws/install/mission_center/lib/mission_center/ui_node\n'}
[46.998319] (mission_center) StdoutLine: {'line': b'-- Set runtime path of "/home/gadzz/tubitak_ws/install/mission_center/lib/mission_center/ui_node" to ""\n'}
[46.998647] (mission_center) StdoutLine: {'line': b'-- Up-to-date: /home/gadzz/tubitak_ws/install/mission_center/share/mission_center/environment/library_path.sh\n'}
[46.998698] (mission_center) StdoutLine: {'line': b'-- Up-to-date: /home/gadzz/tubitak_ws/install/mission_center/share/mission_center/environment/library_path.dsv\n'}
[46.998740] (mission_center) StdoutLine: {'line': b'-- Up-to-date: /home/gadzz/tubitak_ws/install/mission_center/share/ament_index/resource_index/package_run_dependencies/mission_center\n'}
[46.998792] (mission_center) StdoutLine: {'line': b'-- Up-to-date: /home/gadzz/tubitak_ws/install/mission_center/share/ament_index/resource_index/parent_prefix_path/mission_center\n'}
[46.998903] (mission_center) StdoutLine: {'line': b'-- Up-to-date: /home/gadzz/tubitak_ws/install/mission_center/share/mission_center/environment/ament_prefix_path.sh\n'}
[46.998979] (mission_center) StdoutLine: {'line': b'-- Up-to-date: /home/gadzz/tubitak_ws/install/mission_center/share/mission_center/environment/ament_prefix_path.dsv\n'}
[46.999057] (mission_center) StdoutLine: {'line': b'-- Up-to-date: /home/gadzz/tubitak_ws/install/mission_center/share/mission_center/environment/path.sh\n'}
[46.999157] (mission_center) StdoutLine: {'line': b'-- Up-to-date: /home/gadzz/tubitak_ws/install/mission_center/share/mission_center/environment/path.dsv\n'}
[46.999209] (mission_center) StdoutLine: {'line': b'-- Up-to-date: /home/gadzz/tubitak_ws/install/mission_center/share/mission_center/local_setup.bash\n'}
[46.999250] (mission_center) StdoutLine: {'line': b'-- Up-to-date: /home/gadzz/tubitak_ws/install/mission_center/share/mission_center/local_setup.sh\n'}
[46.999349] (mission_center) StdoutLine: {'line': b'-- Up-to-date: /home/gadzz/tubitak_ws/install/mission_center/share/mission_center/local_setup.zsh\n'}
[46.999444] (mission_center) StdoutLine: {'line': b'-- Up-to-date: /home/gadzz/tubitak_ws/install/mission_center/share/mission_center/local_setup.dsv\n'}
[46.999514] (mission_center) StdoutLine: {'line': b'-- Installing: /home/gadzz/tubitak_ws/install/mission_center/share/mission_center/package.dsv\n'}
[46.999570] (mission_center) StdoutLine: {'line': b'-- Up-to-date: /home/gadzz/tubitak_ws/install/mission_center/share/ament_index/resource_index/packages/mission_center\n'}
[46.999645] (mission_center) StdoutLine: {'line': b'-- Up-to-date: /home/gadzz/tubitak_ws/install/mission_center/share/mission_center/cmake/ament_cmake_export_include_directories-extras.cmake\n'}
[46.999811] (mission_center) StdoutLine: {'line': b'-- Up-to-date: /home/gadzz/tubitak_ws/install/mission_center/share/mission_center/cmake/ament_cmake_export_libraries-extras.cmake\n'}
[46.999913] (mission_center) StdoutLine: {'line': b'-- Up-to-date: /home/gadzz/tubitak_ws/install/mission_center/share/mission_center/cmake/mission_centerConfig.cmake\n'}
[47.000476] (mission_center) StdoutLine: {'line': b'-- Up-to-date: /home/gadzz/tubitak_ws/install/mission_center/share/mission_center/cmake/mission_centerConfig-version.cmake\n'}
[47.000653] (mission_center) StdoutLine: {'line': b'-- Up-to-date: /home/gadzz/tubitak_ws/install/mission_center/share/mission_center/package.xml\n'}
[47.003067] (mission_center) CommandEnded: {'returncode': 0}
[47.004395] (-) TimerEvent: {}
[47.022570] (mission_center) JobEnded: {'identifier': 'mission_center', 'rc': 0}
[47.024279] (-) EventReactorShutdown: {}
