[0.000000] (-) TimerEvent: {}
[0.000715] (keyboard_msgs) JobQueued: {'identifier': 'keyboard_msgs', 'dependencies': OrderedDict()}
[0.000994] (keyboard) JobQueued: {'identifier': 'keyboard', 'dependencies': OrderedDict([('keyboard_msgs', '/home/gadzz/Workspace/VTOL-MissionCenter/install/keyboard_msgs')])}
[0.001034] (mission_center) JobQueued: {'identifier': 'mission_center', 'dependencies': OrderedDict([('keyboard_msgs', '/home/gadzz/Workspace/VTOL-MissionCenter/install/keyboard_msgs')])}
[0.001062] (keyboard_msgs) JobStarted: {'identifier': 'keyboard_msgs'}
[0.010801] (keyboard_msgs) JobProgress: {'identifier': 'keyboard_msgs', 'progress': 'cmake'}
[0.011400] (keyboard_msgs) JobProgress: {'identifier': 'keyboard_msgs', 'progress': 'build'}
[0.012334] (keyboard_msgs) Command: {'cmd': ['/usr/bin/cmake', '--build', '/home/gadzz/Workspace/VTOL-MissionCenter/build/keyboard_msgs', '--', '-j8', '-l8'], 'cwd': '/home/gadzz/Workspace/VTOL-MissionCenter/build/keyboard_msgs', 'env': OrderedDict([('LESSOPEN', '| /usr/bin/lesspipe %s'), ('KDE_FULL_SESSION', 'true'), ('TMUX', '/tmp/tmux-1000/default,12136,0'), ('USER', 'gadzz'), ('PAM_KWALLET5_LOGIN', '/run/user/1000/kwallet5.socket'), ('LC_TIME', 'id_ID.UTF-8'), ('XDG_SEAT', 'seat0'), ('SSH_AGENT_PID', '2500'), ('XDG_SESSION_TYPE', 'x11'), ('XCURSOR_SIZE', '24'), ('SHLVL', '3'), ('LD_LIBRARY_PATH', '/home/gadzz/Workspace/VTOL-MissionCenter/install/mission_center/lib:/home/gadzz/Workspace/VTOL-MissionCenter/install/keyboard_msgs/lib:/opt/ros/humble/opt/rviz_ogre_vendor/lib:/opt/ros/humble/lib/x86_64-linux-gnu:/opt/ros/humble/lib'), ('LESS', '-R'), ('HOME', '/home/gadzz'), ('KDE_APPLICATIONS_AS_SCOPE', '1'), ('OLDPWD', '/home/gadzz/Workspace/VTOL-MissionCenter/build/mission_center'), ('TERM_PROGRAM_VERSION', '3.5a'), ('DESKTOP_SESSION', 'plasma'), ('LSCOLORS', 'Gxfxcxdxbxegedabagacad'), ('ZSH', '/home/gadzz/.oh-my-zsh'), ('ROS_PYTHON_VERSION', '3'), ('GTK_RC_FILES', '/etc/gtk/gtkrc:/home/gadzz/.gtkrc:/home/gadzz/.config/gtkrc'), ('GTK_MODULES', 'gail:atk-bridge'), ('XDG_SEAT_PATH', '/org/freedesktop/DisplayManager/Seat0'), ('KDE_SESSION_VERSION', '5'), ('PAGER', 'less'), ('LC_MONETARY', 'id_ID.UTF-8'), ('SYSTEMD_EXEC_PID', '2353'), ('DBUS_SESSION_BUS_ADDRESS', 'unix:path=/run/user/1000/bus'), ('COLORTERM', 'truecolor'), ('LIBVIRT_DEFAULT_URI', 'qemu:///system'), ('IM_CONFIG_PHASE', '1'), ('ROS_DISTRO', 'humble'), ('COLCON_PREFIX_PATH', '/home/gadzz/Workspace/VTOL-MissionCenter/install'), ('GTK_IM_MODULE', 'ibus'), ('LOGNAME', 'gadzz'), ('ALACRITTY_SOCKET', '/run/user/1000/Alacritty-:0-11977.sock'), ('WINDOWID', '113246213'), ('QT_AUTO_SCREEN_SCALE_FACTOR', '0'), ('_', '/usr/bin/colcon'), ('ROS_VERSION', '2'), ('XDG_SESSION_CLASS', 'user'), ('TERM', 'tmux-256color'), ('XDG_SESSION_ID', '4'), ('ALACRITTY_LOG', '/tmp/Alacritty-11977.log'), ('ROS_LOCALHOST_ONLY', '0'), ('GTK2_RC_FILES', '/etc/gtk-2.0/gtkrc:/home/gadzz/.gtkrc-2.0:/home/gadzz/.config/gtkrc-2.0'), ('PATH', '/home/gadzz/.cargo/bin:/home/gadzz/local/bin:/opt/ros/humble/bin:/home/gadzz/.cargo/bin:/home/gadzz/local/bin:/home/gadzz/.cargo/bin:/opt/gcc-arm-none-eabi-9-2020-q2-update/bin:/home/gadzz/.local/bin:/usr/local/sbin:/usr/local/bin:/usr/sbin:/usr/bin:/sbin:/bin:/usr/games:/usr/local/games:/snap/bin:/home/gadzz/.fzf/bin:/home/gadzz/Downloads/Micro-XRCE-DDS-Gen/scripts'), ('SESSION_MANAGER', 'local/gadzz:@/tmp/.ICE-unix/2714,unix/gadzz:/tmp/.ICE-unix/2714'), ('XDG_SESSION_PATH', '/org/freedesktop/DisplayManager/Session1'), ('LC_ADDRESS', 'id_ID.UTF-8'), ('XDG_RUNTIME_DIR', '/run/user/1000'), ('XCURSOR_THEME', 'breeze_cursors'), ('DISPLAY', ':0'), ('LANG', 'en_US.UTF-8'), ('XDG_CURRENT_DESKTOP', 'KDE'), ('LC_TELEPHONE', 'id_ID.UTF-8'), ('XMODIFIERS', '@im=ibus'), ('XDG_SESSION_DESKTOP', 'KDE'), ('XAUTHORITY', '/home/gadzz/.Xauthority'), ('LS_COLORS', 'rs=0:di=01;34:ln=01;36:mh=00:pi=40;33:so=01;35:do=01;35:bd=40;33;01:cd=40;33;01:or=40;31;01:mi=00:su=37;41:sg=30;43:ca=30;41:tw=30;42:ow=34;42:st=37;44:ex=01;32:*.tar=01;31:*.tgz=01;31:*.arc=01;31:*.arj=01;31:*.taz=01;31:*.lha=01;31:*.lz4=01;31:*.lzh=01;31:*.lzma=01;31:*.tlz=01;31:*.txz=01;31:*.tzo=01;31:*.t7z=01;31:*.zip=01;31:*.z=01;31:*.dz=01;31:*.gz=01;31:*.lrz=01;31:*.lz=01;31:*.lzo=01;31:*.xz=01;31:*.zst=01;31:*.tzst=01;31:*.bz2=01;31:*.bz=01;31:*.tbz=01;31:*.tbz2=01;31:*.tz=01;31:*.deb=01;31:*.rpm=01;31:*.jar=01;31:*.war=01;31:*.ear=01;31:*.sar=01;31:*.rar=01;31:*.alz=01;31:*.ace=01;31:*.zoo=01;31:*.cpio=01;31:*.7z=01;31:*.rz=01;31:*.cab=01;31:*.wim=01;31:*.swm=01;31:*.dwm=01;31:*.esd=01;31:*.jpg=01;35:*.jpeg=01;35:*.mjpg=01;35:*.mjpeg=01;35:*.gif=01;35:*.bmp=01;35:*.pbm=01;35:*.pgm=01;35:*.ppm=01;35:*.tga=01;35:*.xbm=01;35:*.xpm=01;35:*.tif=01;35:*.tiff=01;35:*.png=01;35:*.svg=01;35:*.svgz=01;35:*.mng=01;35:*.pcx=01;35:*.mov=01;35:*.mpg=01;35:*.mpeg=01;35:*.m2v=01;35:*.mkv=01;35:*.webm=01;35:*.webp=01;35:*.ogm=01;35:*.mp4=01;35:*.m4v=01;35:*.mp4v=01;35:*.vob=01;35:*.qt=01;35:*.nuv=01;35:*.wmv=01;35:*.asf=01;35:*.rm=01;35:*.rmvb=01;35:*.flc=01;35:*.avi=01;35:*.fli=01;35:*.flv=01;35:*.gl=01;35:*.dl=01;35:*.xcf=01;35:*.xwd=01;35:*.yuv=01;35:*.cgm=01;35:*.emf=01;35:*.ogv=01;35:*.ogx=01;35:*.aac=00;36:*.au=00;36:*.flac=00;36:*.m4a=00;36:*.mid=00;36:*.midi=00;36:*.mka=00;36:*.mp3=00;36:*.mpc=00;36:*.ogg=00;36:*.ra=00;36:*.wav=00;36:*.oga=00;36:*.opus=00;36:*.spx=00;36:*.xspf=00;36:'), ('TERM_PROGRAM', 'tmux'), ('SSH_AUTH_SOCK', '/tmp/ssh-XXXXXXhQJ7UG/agent.2413'), ('AMENT_PREFIX_PATH', '/home/gadzz/Workspace/VTOL-MissionCenter/install/mission_center:/home/gadzz/Workspace/VTOL-MissionCenter/install/keyboard:/home/gadzz/Workspace/VTOL-MissionCenter/install/keyboard_msgs:/opt/ros/humble'), ('SHELL', '/bin/bash'), ('LC_NAME', 'id_ID.UTF-8'), ('QT_ACCESSIBILITY', '1'), ('LESSCLOSE', '/usr/bin/lesspipe %s %s'), ('LC_MEASUREMENT', 'id_ID.UTF-8'), ('GPG_AGENT_INFO', '/run/user/1000/gnupg/S.gpg-agent:0:1'), ('LC_IDENTIFICATION', 'id_ID.UTF-8'), ('QT_IM_MODULE', 'ibus'), ('XDG_VTNR', '1'), ('ALACRITTY_WINDOW_ID', '113246213'), ('PWD', '/home/gadzz/Workspace/VTOL-MissionCenter/build/keyboard_msgs'), ('LC_ALL', 'en_US.UTF-8'), ('XDG_CONFIG_DIRS', '/home/gadzz/.config/kdedefaults:/etc/xdg/xdg-plasma:/etc/xdg'), ('CLUTTER_IM_MODULE', 'ibus'), ('XDG_DATA_DIRS', '/usr/share/plasma:/usr/share/gnome:/usr/local/share:/usr/share:/var/lib/snapd/desktop'), ('PYTHONPATH', '/home/gadzz/Workspace/VTOL-MissionCenter/install/keyboard_msgs/local/lib/python3.10/dist-packages:/opt/ros/humble/lib/python3.10/site-packages:/opt/ros/humble/local/lib/python3.10/dist-packages'), ('LC_NUMERIC', 'id_ID.UTF-8'), ('TMUX_PLUGIN_MANAGER_PATH', '/home/gadzz/.config/tmux/plugins/'), ('LC_PAPER', 'id_ID.UTF-8'), ('KDE_SESSION_UID', '1000'), ('COLCON', '1'), ('TMUX_PANE', '%1'), ('CMAKE_PREFIX_PATH', '/home/gadzz/Workspace/VTOL-MissionCenter/install/mission_center:/home/gadzz/Workspace/VTOL-MissionCenter/install/keyboard:/home/gadzz/Workspace/VTOL-MissionCenter/install/keyboard_msgs:/opt/ros/humble')]), 'shell': False}
[0.092806] (keyboard_msgs) StdoutLine: {'line': b'[  3%] Built target keyboard_msgs__cpp\n'}
[0.099593] (-) TimerEvent: {}
[0.138720] (keyboard_msgs) StdoutLine: {'line': b'[  3%] Built target ament_cmake_python_copy_keyboard_msgs\n'}
[0.168137] (keyboard_msgs) StdoutLine: {'line': b'[ 12%] Built target keyboard_msgs__rosidl_typesupport_introspection_cpp\n'}
[0.199717] (-) TimerEvent: {}
[0.300257] (-) TimerEvent: {}
[0.400651] (-) TimerEvent: {}
[0.482624] (keyboard_msgs) StdoutLine: {'line': b'running egg_info\n'}
[0.500761] (-) TimerEvent: {}
[0.507987] (keyboard_msgs) StdoutLine: {'line': b'writing keyboard_msgs.egg-info/PKG-INFO\n'}
[0.508859] (keyboard_msgs) StdoutLine: {'line': b'writing dependency_links to keyboard_msgs.egg-info/dependency_links.txt\n'}
[0.510223] (keyboard_msgs) StdoutLine: {'line': b'writing top-level names to keyboard_msgs.egg-info/top_level.txt\n'}
[0.580178] (keyboard_msgs) StdoutLine: {'line': b"reading manifest file 'keyboard_msgs.egg-info/SOURCES.txt'\n"}
[0.581831] (keyboard_msgs) StdoutLine: {'line': b"writing manifest file 'keyboard_msgs.egg-info/SOURCES.txt'\n"}
[0.600858] (-) TimerEvent: {}
[0.638365] (keyboard_msgs) StdoutLine: {'line': b'[ 12%] Built target ament_cmake_python_build_keyboard_msgs_egg\n'}
[0.678267] (keyboard_msgs) StdoutLine: {'line': b'[ 22%] Built target keyboard_msgs__rosidl_typesupport_fastrtps_cpp\n'}
[0.701003] (-) TimerEvent: {}
[0.709810] (keyboard_msgs) StdoutLine: {'line': b'[ 32%] Built target keyboard_msgs__rosidl_typesupport_cpp\n'}
[0.740753] (keyboard_msgs) StdoutLine: {'line': b'[ 41%] Built target keyboard_msgs__rosidl_generator_c\n'}
[0.770403] (keyboard_msgs) StdoutLine: {'line': b'[ 51%] Built target keyboard_msgs__rosidl_typesupport_fastrtps_c\n'}
[0.801127] (-) TimerEvent: {}
[0.803888] (keyboard_msgs) StdoutLine: {'line': b'[ 61%] Built target keyboard_msgs__rosidl_typesupport_c\n'}
[0.834214] (keyboard_msgs) StdoutLine: {'line': b'[ 70%] Built target keyboard_msgs__rosidl_typesupport_introspection_c\n'}
[0.866531] (keyboard_msgs) StdoutLine: {'line': b'[ 70%] Built target keyboard_msgs\n'}
[0.896198] (keyboard_msgs) StdoutLine: {'line': b'[ 74%] Built target keyboard_msgs__py\n'}
[0.901221] (-) TimerEvent: {}
[0.931742] (keyboard_msgs) StdoutLine: {'line': b'[ 80%] Built target keyboard_msgs__rosidl_generator_py\n'}
[0.965034] (keyboard_msgs) StdoutLine: {'line': b'[ 87%] Built target keyboard_msgs__rosidl_typesupport_fastrtps_c__pyext\n'}
[0.997610] (keyboard_msgs) StdoutLine: {'line': b'[ 93%] Built target keyboard_msgs__rosidl_typesupport_c__pyext\n'}
[1.001348] (-) TimerEvent: {}
[1.030928] (keyboard_msgs) StdoutLine: {'line': b'[100%] Built target keyboard_msgs__rosidl_typesupport_introspection_c__pyext\n'}
[1.045424] (keyboard_msgs) CommandEnded: {'returncode': 0}
[1.047508] (keyboard_msgs) JobProgress: {'identifier': 'keyboard_msgs', 'progress': 'install'}
[1.059727] (keyboard_msgs) Command: {'cmd': ['/usr/bin/cmake', '--install', '/home/gadzz/Workspace/VTOL-MissionCenter/build/keyboard_msgs'], 'cwd': '/home/gadzz/Workspace/VTOL-MissionCenter/build/keyboard_msgs', 'env': OrderedDict([('LESSOPEN', '| /usr/bin/lesspipe %s'), ('KDE_FULL_SESSION', 'true'), ('TMUX', '/tmp/tmux-1000/default,12136,0'), ('USER', 'gadzz'), ('PAM_KWALLET5_LOGIN', '/run/user/1000/kwallet5.socket'), ('LC_TIME', 'id_ID.UTF-8'), ('XDG_SEAT', 'seat0'), ('SSH_AGENT_PID', '2500'), ('XDG_SESSION_TYPE', 'x11'), ('XCURSOR_SIZE', '24'), ('SHLVL', '3'), ('LD_LIBRARY_PATH', '/home/gadzz/Workspace/VTOL-MissionCenter/install/mission_center/lib:/home/gadzz/Workspace/VTOL-MissionCenter/install/keyboard_msgs/lib:/opt/ros/humble/opt/rviz_ogre_vendor/lib:/opt/ros/humble/lib/x86_64-linux-gnu:/opt/ros/humble/lib'), ('LESS', '-R'), ('HOME', '/home/gadzz'), ('KDE_APPLICATIONS_AS_SCOPE', '1'), ('OLDPWD', '/home/gadzz/Workspace/VTOL-MissionCenter/build/mission_center'), ('TERM_PROGRAM_VERSION', '3.5a'), ('DESKTOP_SESSION', 'plasma'), ('LSCOLORS', 'Gxfxcxdxbxegedabagacad'), ('ZSH', '/home/gadzz/.oh-my-zsh'), ('ROS_PYTHON_VERSION', '3'), ('GTK_RC_FILES', '/etc/gtk/gtkrc:/home/gadzz/.gtkrc:/home/gadzz/.config/gtkrc'), ('GTK_MODULES', 'gail:atk-bridge'), ('XDG_SEAT_PATH', '/org/freedesktop/DisplayManager/Seat0'), ('KDE_SESSION_VERSION', '5'), ('PAGER', 'less'), ('LC_MONETARY', 'id_ID.UTF-8'), ('SYSTEMD_EXEC_PID', '2353'), ('DBUS_SESSION_BUS_ADDRESS', 'unix:path=/run/user/1000/bus'), ('COLORTERM', 'truecolor'), ('LIBVIRT_DEFAULT_URI', 'qemu:///system'), ('IM_CONFIG_PHASE', '1'), ('ROS_DISTRO', 'humble'), ('COLCON_PREFIX_PATH', '/home/gadzz/Workspace/VTOL-MissionCenter/install'), ('GTK_IM_MODULE', 'ibus'), ('LOGNAME', 'gadzz'), ('ALACRITTY_SOCKET', '/run/user/1000/Alacritty-:0-11977.sock'), ('WINDOWID', '113246213'), ('QT_AUTO_SCREEN_SCALE_FACTOR', '0'), ('_', '/usr/bin/colcon'), ('ROS_VERSION', '2'), ('XDG_SESSION_CLASS', 'user'), ('TERM', 'tmux-256color'), ('XDG_SESSION_ID', '4'), ('ALACRITTY_LOG', '/tmp/Alacritty-11977.log'), ('ROS_LOCALHOST_ONLY', '0'), ('GTK2_RC_FILES', '/etc/gtk-2.0/gtkrc:/home/gadzz/.gtkrc-2.0:/home/gadzz/.config/gtkrc-2.0'), ('PATH', '/home/gadzz/.cargo/bin:/home/gadzz/local/bin:/opt/ros/humble/bin:/home/gadzz/.cargo/bin:/home/gadzz/local/bin:/home/gadzz/.cargo/bin:/opt/gcc-arm-none-eabi-9-2020-q2-update/bin:/home/gadzz/.local/bin:/usr/local/sbin:/usr/local/bin:/usr/sbin:/usr/bin:/sbin:/bin:/usr/games:/usr/local/games:/snap/bin:/home/gadzz/.fzf/bin:/home/gadzz/Downloads/Micro-XRCE-DDS-Gen/scripts'), ('SESSION_MANAGER', 'local/gadzz:@/tmp/.ICE-unix/2714,unix/gadzz:/tmp/.ICE-unix/2714'), ('XDG_SESSION_PATH', '/org/freedesktop/DisplayManager/Session1'), ('LC_ADDRESS', 'id_ID.UTF-8'), ('XDG_RUNTIME_DIR', '/run/user/1000'), ('XCURSOR_THEME', 'breeze_cursors'), ('DISPLAY', ':0'), ('LANG', 'en_US.UTF-8'), ('XDG_CURRENT_DESKTOP', 'KDE'), ('LC_TELEPHONE', 'id_ID.UTF-8'), ('XMODIFIERS', '@im=ibus'), ('XDG_SESSION_DESKTOP', 'KDE'), ('XAUTHORITY', '/home/gadzz/.Xauthority'), ('LS_COLORS', 'rs=0:di=01;34:ln=01;36:mh=00:pi=40;33:so=01;35:do=01;35:bd=40;33;01:cd=40;33;01:or=40;31;01:mi=00:su=37;41:sg=30;43:ca=30;41:tw=30;42:ow=34;42:st=37;44:ex=01;32:*.tar=01;31:*.tgz=01;31:*.arc=01;31:*.arj=01;31:*.taz=01;31:*.lha=01;31:*.lz4=01;31:*.lzh=01;31:*.lzma=01;31:*.tlz=01;31:*.txz=01;31:*.tzo=01;31:*.t7z=01;31:*.zip=01;31:*.z=01;31:*.dz=01;31:*.gz=01;31:*.lrz=01;31:*.lz=01;31:*.lzo=01;31:*.xz=01;31:*.zst=01;31:*.tzst=01;31:*.bz2=01;31:*.bz=01;31:*.tbz=01;31:*.tbz2=01;31:*.tz=01;31:*.deb=01;31:*.rpm=01;31:*.jar=01;31:*.war=01;31:*.ear=01;31:*.sar=01;31:*.rar=01;31:*.alz=01;31:*.ace=01;31:*.zoo=01;31:*.cpio=01;31:*.7z=01;31:*.rz=01;31:*.cab=01;31:*.wim=01;31:*.swm=01;31:*.dwm=01;31:*.esd=01;31:*.jpg=01;35:*.jpeg=01;35:*.mjpg=01;35:*.mjpeg=01;35:*.gif=01;35:*.bmp=01;35:*.pbm=01;35:*.pgm=01;35:*.ppm=01;35:*.tga=01;35:*.xbm=01;35:*.xpm=01;35:*.tif=01;35:*.tiff=01;35:*.png=01;35:*.svg=01;35:*.svgz=01;35:*.mng=01;35:*.pcx=01;35:*.mov=01;35:*.mpg=01;35:*.mpeg=01;35:*.m2v=01;35:*.mkv=01;35:*.webm=01;35:*.webp=01;35:*.ogm=01;35:*.mp4=01;35:*.m4v=01;35:*.mp4v=01;35:*.vob=01;35:*.qt=01;35:*.nuv=01;35:*.wmv=01;35:*.asf=01;35:*.rm=01;35:*.rmvb=01;35:*.flc=01;35:*.avi=01;35:*.fli=01;35:*.flv=01;35:*.gl=01;35:*.dl=01;35:*.xcf=01;35:*.xwd=01;35:*.yuv=01;35:*.cgm=01;35:*.emf=01;35:*.ogv=01;35:*.ogx=01;35:*.aac=00;36:*.au=00;36:*.flac=00;36:*.m4a=00;36:*.mid=00;36:*.midi=00;36:*.mka=00;36:*.mp3=00;36:*.mpc=00;36:*.ogg=00;36:*.ra=00;36:*.wav=00;36:*.oga=00;36:*.opus=00;36:*.spx=00;36:*.xspf=00;36:'), ('TERM_PROGRAM', 'tmux'), ('SSH_AUTH_SOCK', '/tmp/ssh-XXXXXXhQJ7UG/agent.2413'), ('AMENT_PREFIX_PATH', '/home/gadzz/Workspace/VTOL-MissionCenter/install/mission_center:/home/gadzz/Workspace/VTOL-MissionCenter/install/keyboard:/home/gadzz/Workspace/VTOL-MissionCenter/install/keyboard_msgs:/opt/ros/humble'), ('SHELL', '/bin/bash'), ('LC_NAME', 'id_ID.UTF-8'), ('QT_ACCESSIBILITY', '1'), ('LESSCLOSE', '/usr/bin/lesspipe %s %s'), ('LC_MEASUREMENT', 'id_ID.UTF-8'), ('GPG_AGENT_INFO', '/run/user/1000/gnupg/S.gpg-agent:0:1'), ('LC_IDENTIFICATION', 'id_ID.UTF-8'), ('QT_IM_MODULE', 'ibus'), ('XDG_VTNR', '1'), ('ALACRITTY_WINDOW_ID', '113246213'), ('PWD', '/home/gadzz/Workspace/VTOL-MissionCenter/build/keyboard_msgs'), ('LC_ALL', 'en_US.UTF-8'), ('XDG_CONFIG_DIRS', '/home/gadzz/.config/kdedefaults:/etc/xdg/xdg-plasma:/etc/xdg'), ('CLUTTER_IM_MODULE', 'ibus'), ('XDG_DATA_DIRS', '/usr/share/plasma:/usr/share/gnome:/usr/local/share:/usr/share:/var/lib/snapd/desktop'), ('PYTHONPATH', '/home/gadzz/Workspace/VTOL-MissionCenter/install/keyboard_msgs/local/lib/python3.10/dist-packages:/opt/ros/humble/lib/python3.10/site-packages:/opt/ros/humble/local/lib/python3.10/dist-packages'), ('LC_NUMERIC', 'id_ID.UTF-8'), ('TMUX_PLUGIN_MANAGER_PATH', '/home/gadzz/.config/tmux/plugins/'), ('LC_PAPER', 'id_ID.UTF-8'), ('KDE_SESSION_UID', '1000'), ('COLCON', '1'), ('TMUX_PANE', '%1'), ('CMAKE_PREFIX_PATH', '/home/gadzz/Workspace/VTOL-MissionCenter/install/mission_center:/home/gadzz/Workspace/VTOL-MissionCenter/install/keyboard:/home/gadzz/Workspace/VTOL-MissionCenter/install/keyboard_msgs:/opt/ros/humble')]), 'shell': False}
[1.072379] (keyboard_msgs) StdoutLine: {'line': b'-- Install configuration: ""\n'}
[1.072751] (keyboard_msgs) StdoutLine: {'line': b'-- Up-to-date: /home/gadzz/Workspace/VTOL-MissionCenter/install/keyboard_msgs/share/ament_index/resource_index/rosidl_interfaces/keyboard_msgs\n'}
[1.072849] (keyboard_msgs) StdoutLine: {'line': b'-- Up-to-date: /home/gadzz/Workspace/VTOL-MissionCenter/install/keyboard_msgs/include/keyboard_msgs/keyboard_msgs\n'}
[1.072915] (keyboard_msgs) StdoutLine: {'line': b'-- Up-to-date: /home/gadzz/Workspace/VTOL-MissionCenter/install/keyboard_msgs/include/keyboard_msgs/keyboard_msgs/msg\n'}
[1.072976] (keyboard_msgs) StdoutLine: {'line': b'-- Up-to-date: /home/gadzz/Workspace/VTOL-MissionCenter/install/keyboard_msgs/include/keyboard_msgs/keyboard_msgs/msg/detail\n'}
[1.073026] (keyboard_msgs) StdoutLine: {'line': b'-- Up-to-date: /home/gadzz/Workspace/VTOL-MissionCenter/install/keyboard_msgs/include/keyboard_msgs/keyboard_msgs/msg/detail/key__functions.c\n'}
[1.073070] (keyboard_msgs) StdoutLine: {'line': b'-- Up-to-date: /home/gadzz/Workspace/VTOL-MissionCenter/install/keyboard_msgs/include/keyboard_msgs/keyboard_msgs/msg/detail/key__type_support.h\n'}
[1.073208] (keyboard_msgs) StdoutLine: {'line': b'-- Up-to-date: /home/gadzz/Workspace/VTOL-MissionCenter/install/keyboard_msgs/include/keyboard_msgs/keyboard_msgs/msg/detail/key__functions.h\n'}
[1.073296] (keyboard_msgs) StdoutLine: {'line': b'-- Up-to-date: /home/gadzz/Workspace/VTOL-MissionCenter/install/keyboard_msgs/include/keyboard_msgs/keyboard_msgs/msg/detail/key__struct.h\n'}
[1.073362] (keyboard_msgs) StdoutLine: {'line': b'-- Up-to-date: /home/gadzz/Workspace/VTOL-MissionCenter/install/keyboard_msgs/include/keyboard_msgs/keyboard_msgs/msg/key.h\n'}
[1.073432] (keyboard_msgs) StdoutLine: {'line': b'-- Up-to-date: /home/gadzz/Workspace/VTOL-MissionCenter/install/keyboard_msgs/include/keyboard_msgs/keyboard_msgs/msg/rosidl_generator_c__visibility_control.h\n'}
[1.073502] (keyboard_msgs) StdoutLine: {'line': b'-- Up-to-date: /home/gadzz/Workspace/VTOL-MissionCenter/install/keyboard_msgs/share/keyboard_msgs/environment/library_path.sh\n'}
[1.073620] (keyboard_msgs) StdoutLine: {'line': b'-- Up-to-date: /home/gadzz/Workspace/VTOL-MissionCenter/install/keyboard_msgs/share/keyboard_msgs/environment/library_path.dsv\n'}
[1.073716] (keyboard_msgs) StdoutLine: {'line': b'-- Up-to-date: /home/gadzz/Workspace/VTOL-MissionCenter/install/keyboard_msgs/lib/libkeyboard_msgs__rosidl_generator_c.so\n'}
[1.073793] (keyboard_msgs) StdoutLine: {'line': b'-- Up-to-date: /home/gadzz/Workspace/VTOL-MissionCenter/install/keyboard_msgs/include/keyboard_msgs/keyboard_msgs\n'}
[1.073864] (keyboard_msgs) StdoutLine: {'line': b'-- Up-to-date: /home/gadzz/Workspace/VTOL-MissionCenter/install/keyboard_msgs/include/keyboard_msgs/keyboard_msgs/msg\n'}
[1.073923] (keyboard_msgs) StdoutLine: {'line': b'-- Up-to-date: /home/gadzz/Workspace/VTOL-MissionCenter/install/keyboard_msgs/include/keyboard_msgs/keyboard_msgs/msg/detail\n'}
[1.073972] (keyboard_msgs) StdoutLine: {'line': b'-- Up-to-date: /home/gadzz/Workspace/VTOL-MissionCenter/install/keyboard_msgs/include/keyboard_msgs/keyboard_msgs/msg/detail/key__rosidl_typesupport_fastrtps_c.h\n'}
[1.074031] (keyboard_msgs) StdoutLine: {'line': b'-- Up-to-date: /home/gadzz/Workspace/VTOL-MissionCenter/install/keyboard_msgs/include/keyboard_msgs/keyboard_msgs/msg/rosidl_typesupport_fastrtps_c__visibility_control.h\n'}
[1.074092] (keyboard_msgs) StdoutLine: {'line': b'-- Up-to-date: /home/gadzz/Workspace/VTOL-MissionCenter/install/keyboard_msgs/lib/libkeyboard_msgs__rosidl_typesupport_fastrtps_c.so\n'}
[1.074159] (keyboard_msgs) StdoutLine: {'line': b'-- Up-to-date: /home/gadzz/Workspace/VTOL-MissionCenter/install/keyboard_msgs/include/keyboard_msgs/keyboard_msgs\n'}
[1.074317] (keyboard_msgs) StdoutLine: {'line': b'-- Up-to-date: /home/gadzz/Workspace/VTOL-MissionCenter/install/keyboard_msgs/include/keyboard_msgs/keyboard_msgs/msg\n'}
[1.074412] (keyboard_msgs) StdoutLine: {'line': b'-- Up-to-date: /home/gadzz/Workspace/VTOL-MissionCenter/install/keyboard_msgs/include/keyboard_msgs/keyboard_msgs/msg/detail\n'}
[1.074532] (keyboard_msgs) StdoutLine: {'line': b'-- Up-to-date: /home/gadzz/Workspace/VTOL-MissionCenter/install/keyboard_msgs/include/keyboard_msgs/keyboard_msgs/msg/detail/key__struct.hpp\n'}
[1.074610] (keyboard_msgs) StdoutLine: {'line': b'-- Up-to-date: /home/gadzz/Workspace/VTOL-MissionCenter/install/keyboard_msgs/include/keyboard_msgs/keyboard_msgs/msg/detail/key__type_support.hpp\n'}
[1.074732] (keyboard_msgs) StdoutLine: {'line': b'-- Up-to-date: /home/gadzz/Workspace/VTOL-MissionCenter/install/keyboard_msgs/include/keyboard_msgs/keyboard_msgs/msg/detail/key__builder.hpp\n'}
[1.074803] (keyboard_msgs) StdoutLine: {'line': b'-- Up-to-date: /home/gadzz/Workspace/VTOL-MissionCenter/install/keyboard_msgs/include/keyboard_msgs/keyboard_msgs/msg/detail/key__traits.hpp\n'}
[1.074849] (keyboard_msgs) StdoutLine: {'line': b'-- Up-to-date: /home/gadzz/Workspace/VTOL-MissionCenter/install/keyboard_msgs/include/keyboard_msgs/keyboard_msgs/msg/key.hpp\n'}
[1.074892] (keyboard_msgs) StdoutLine: {'line': b'-- Up-to-date: /home/gadzz/Workspace/VTOL-MissionCenter/install/keyboard_msgs/include/keyboard_msgs/keyboard_msgs/msg/rosidl_generator_cpp__visibility_control.hpp\n'}
[1.074935] (keyboard_msgs) StdoutLine: {'line': b'-- Up-to-date: /home/gadzz/Workspace/VTOL-MissionCenter/install/keyboard_msgs/include/keyboard_msgs/keyboard_msgs\n'}
[1.074978] (keyboard_msgs) StdoutLine: {'line': b'-- Up-to-date: /home/gadzz/Workspace/VTOL-MissionCenter/install/keyboard_msgs/include/keyboard_msgs/keyboard_msgs/msg\n'}
[1.075037] (keyboard_msgs) StdoutLine: {'line': b'-- Up-to-date: /home/gadzz/Workspace/VTOL-MissionCenter/install/keyboard_msgs/include/keyboard_msgs/keyboard_msgs/msg/detail\n'}
[1.075091] (keyboard_msgs) StdoutLine: {'line': b'-- Up-to-date: /home/gadzz/Workspace/VTOL-MissionCenter/install/keyboard_msgs/include/keyboard_msgs/keyboard_msgs/msg/detail/key__rosidl_typesupport_fastrtps_cpp.hpp\n'}
[1.075151] (keyboard_msgs) StdoutLine: {'line': b'-- Up-to-date: /home/gadzz/Workspace/VTOL-MissionCenter/install/keyboard_msgs/include/keyboard_msgs/keyboard_msgs/msg/detail/dds_fastrtps\n'}
[1.075197] (keyboard_msgs) StdoutLine: {'line': b'-- Up-to-date: /home/gadzz/Workspace/VTOL-MissionCenter/install/keyboard_msgs/include/keyboard_msgs/keyboard_msgs/msg/rosidl_typesupport_fastrtps_cpp__visibility_control.h\n'}
[1.075261] (keyboard_msgs) StdoutLine: {'line': b'-- Up-to-date: /home/gadzz/Workspace/VTOL-MissionCenter/install/keyboard_msgs/lib/libkeyboard_msgs__rosidl_typesupport_fastrtps_cpp.so\n'}
[1.075333] (keyboard_msgs) StdoutLine: {'line': b'-- Up-to-date: /home/gadzz/Workspace/VTOL-MissionCenter/install/keyboard_msgs/include/keyboard_msgs/keyboard_msgs\n'}
[1.075488] (keyboard_msgs) StdoutLine: {'line': b'-- Up-to-date: /home/gadzz/Workspace/VTOL-MissionCenter/install/keyboard_msgs/include/keyboard_msgs/keyboard_msgs/msg\n'}
[1.075573] (keyboard_msgs) StdoutLine: {'line': b'-- Up-to-date: /home/gadzz/Workspace/VTOL-MissionCenter/install/keyboard_msgs/include/keyboard_msgs/keyboard_msgs/msg/detail\n'}
[1.075663] (keyboard_msgs) StdoutLine: {'line': b'-- Up-to-date: /home/gadzz/Workspace/VTOL-MissionCenter/install/keyboard_msgs/include/keyboard_msgs/keyboard_msgs/msg/detail/key__type_support.c\n'}
[1.075740] (keyboard_msgs) StdoutLine: {'line': b'-- Up-to-date: /home/gadzz/Workspace/VTOL-MissionCenter/install/keyboard_msgs/include/keyboard_msgs/keyboard_msgs/msg/detail/key__rosidl_typesupport_introspection_c.h\n'}
[1.075806] (keyboard_msgs) StdoutLine: {'line': b'-- Up-to-date: /home/gadzz/Workspace/VTOL-MissionCenter/install/keyboard_msgs/include/keyboard_msgs/keyboard_msgs/msg/rosidl_typesupport_introspection_c__visibility_control.h\n'}
[1.075870] (keyboard_msgs) StdoutLine: {'line': b'-- Up-to-date: /home/gadzz/Workspace/VTOL-MissionCenter/install/keyboard_msgs/lib/libkeyboard_msgs__rosidl_typesupport_introspection_c.so\n'}
[1.075947] (keyboard_msgs) StdoutLine: {'line': b'-- Up-to-date: /home/gadzz/Workspace/VTOL-MissionCenter/install/keyboard_msgs/lib/libkeyboard_msgs__rosidl_typesupport_c.so\n'}
[1.076098] (keyboard_msgs) StdoutLine: {'line': b'-- Up-to-date: /home/gadzz/Workspace/VTOL-MissionCenter/install/keyboard_msgs/include/keyboard_msgs/keyboard_msgs\n'}
[1.076185] (keyboard_msgs) StdoutLine: {'line': b'-- Up-to-date: /home/gadzz/Workspace/VTOL-MissionCenter/install/keyboard_msgs/include/keyboard_msgs/keyboard_msgs/msg\n'}
[1.076266] (keyboard_msgs) StdoutLine: {'line': b'-- Up-to-date: /home/gadzz/Workspace/VTOL-MissionCenter/install/keyboard_msgs/include/keyboard_msgs/keyboard_msgs/msg/detail\n'}
[1.076338] (keyboard_msgs) StdoutLine: {'line': b'-- Up-to-date: /home/gadzz/Workspace/VTOL-MissionCenter/install/keyboard_msgs/include/keyboard_msgs/keyboard_msgs/msg/detail/key__type_support.cpp\n'}
[1.076414] (keyboard_msgs) StdoutLine: {'line': b'-- Up-to-date: /home/gadzz/Workspace/VTOL-MissionCenter/install/keyboard_msgs/include/keyboard_msgs/keyboard_msgs/msg/detail/key__rosidl_typesupport_introspection_cpp.hpp\n'}
[1.076510] (keyboard_msgs) StdoutLine: {'line': b'-- Up-to-date: /home/gadzz/Workspace/VTOL-MissionCenter/install/keyboard_msgs/lib/libkeyboard_msgs__rosidl_typesupport_introspection_cpp.so\n'}
[1.077156] (keyboard_msgs) StdoutLine: {'line': b'-- Up-to-date: /home/gadzz/Workspace/VTOL-MissionCenter/install/keyboard_msgs/lib/libkeyboard_msgs__rosidl_typesupport_cpp.so\n'}
[1.077374] (keyboard_msgs) StdoutLine: {'line': b'-- Up-to-date: /home/gadzz/Workspace/VTOL-MissionCenter/install/keyboard_msgs/share/keyboard_msgs/environment/pythonpath.sh\n'}
[1.077438] (keyboard_msgs) StdoutLine: {'line': b'-- Up-to-date: /home/gadzz/Workspace/VTOL-MissionCenter/install/keyboard_msgs/share/keyboard_msgs/environment/pythonpath.dsv\n'}
[1.077502] (keyboard_msgs) StdoutLine: {'line': b'-- Up-to-date: /home/gadzz/Workspace/VTOL-MissionCenter/install/keyboard_msgs/local/lib/python3.10/dist-packages/keyboard_msgs-1.0.0-py3.10.egg-info\n'}
[1.077592] (keyboard_msgs) StdoutLine: {'line': b'-- Installing: /home/gadzz/Workspace/VTOL-MissionCenter/install/keyboard_msgs/local/lib/python3.10/dist-packages/keyboard_msgs-1.0.0-py3.10.egg-info/top_level.txt\n'}
[1.078043] (keyboard_msgs) StdoutLine: {'line': b'-- Installing: /home/gadzz/Workspace/VTOL-MissionCenter/install/keyboard_msgs/local/lib/python3.10/dist-packages/keyboard_msgs-1.0.0-py3.10.egg-info/PKG-INFO\n'}
[1.078129] (keyboard_msgs) StdoutLine: {'line': b'-- Installing: /home/gadzz/Workspace/VTOL-MissionCenter/install/keyboard_msgs/local/lib/python3.10/dist-packages/keyboard_msgs-1.0.0-py3.10.egg-info/dependency_links.txt\n'}
[1.078188] (keyboard_msgs) StdoutLine: {'line': b'-- Installing: /home/gadzz/Workspace/VTOL-MissionCenter/install/keyboard_msgs/local/lib/python3.10/dist-packages/keyboard_msgs-1.0.0-py3.10.egg-info/SOURCES.txt\n'}
[1.078231] (keyboard_msgs) StdoutLine: {'line': b'-- Up-to-date: /home/gadzz/Workspace/VTOL-MissionCenter/install/keyboard_msgs/local/lib/python3.10/dist-packages/keyboard_msgs\n'}
[1.078273] (keyboard_msgs) StdoutLine: {'line': b'-- Up-to-date: /home/gadzz/Workspace/VTOL-MissionCenter/install/keyboard_msgs/local/lib/python3.10/dist-packages/keyboard_msgs/_keyboard_msgs_s.ep.rosidl_typesupport_fastrtps_c.c\n'}
[1.078315] (keyboard_msgs) StdoutLine: {'line': b'-- Up-to-date: /home/gadzz/Workspace/VTOL-MissionCenter/install/keyboard_msgs/local/lib/python3.10/dist-packages/keyboard_msgs/msg\n'}
[1.078369] (keyboard_msgs) StdoutLine: {'line': b'-- Up-to-date: /home/gadzz/Workspace/VTOL-MissionCenter/install/keyboard_msgs/local/lib/python3.10/dist-packages/keyboard_msgs/msg/_key.py\n'}
[1.078438] (keyboard_msgs) StdoutLine: {'line': b'-- Up-to-date: /home/gadzz/Workspace/VTOL-MissionCenter/install/keyboard_msgs/local/lib/python3.10/dist-packages/keyboard_msgs/msg/_key_s.c\n'}
[1.078508] (keyboard_msgs) StdoutLine: {'line': b'-- Up-to-date: /home/gadzz/Workspace/VTOL-MissionCenter/install/keyboard_msgs/local/lib/python3.10/dist-packages/keyboard_msgs/msg/__init__.py\n'}
[1.078573] (keyboard_msgs) StdoutLine: {'line': b'-- Up-to-date: /home/gadzz/Workspace/VTOL-MissionCenter/install/keyboard_msgs/local/lib/python3.10/dist-packages/keyboard_msgs/_keyboard_msgs_s.ep.rosidl_typesupport_c.c\n'}
[1.078671] (keyboard_msgs) StdoutLine: {'line': b'-- Up-to-date: /home/gadzz/Workspace/VTOL-MissionCenter/install/keyboard_msgs/local/lib/python3.10/dist-packages/keyboard_msgs/libkeyboard_msgs__rosidl_generator_py.so\n'}
[1.078751] (keyboard_msgs) StdoutLine: {'line': b'-- Up-to-date: /home/gadzz/Workspace/VTOL-MissionCenter/install/keyboard_msgs/local/lib/python3.10/dist-packages/keyboard_msgs/_keyboard_msgs_s.ep.rosidl_typesupport_introspection_c.c\n'}
[1.078835] (keyboard_msgs) StdoutLine: {'line': b'-- Up-to-date: /home/gadzz/Workspace/VTOL-MissionCenter/install/keyboard_msgs/local/lib/python3.10/dist-packages/keyboard_msgs/keyboard_msgs_s__rosidl_typesupport_fastrtps_c.cpython-310-x86_64-linux-gnu.so\n'}
[1.078912] (keyboard_msgs) StdoutLine: {'line': b'-- Up-to-date: /home/gadzz/Workspace/VTOL-MissionCenter/install/keyboard_msgs/local/lib/python3.10/dist-packages/keyboard_msgs/__init__.py\n'}
[1.078977] (keyboard_msgs) StdoutLine: {'line': b'-- Up-to-date: /home/gadzz/Workspace/VTOL-MissionCenter/install/keyboard_msgs/local/lib/python3.10/dist-packages/keyboard_msgs/keyboard_msgs_s__rosidl_typesupport_c.cpython-310-x86_64-linux-gnu.so\n'}
[1.079025] (keyboard_msgs) StdoutLine: {'line': b'-- Up-to-date: /home/gadzz/Workspace/VTOL-MissionCenter/install/keyboard_msgs/local/lib/python3.10/dist-packages/keyboard_msgs/keyboard_msgs_s__rosidl_typesupport_introspection_c.cpython-310-x86_64-linux-gnu.so\n'}
[1.101457] (-) TimerEvent: {}
[1.123065] (keyboard_msgs) StdoutLine: {'line': b"Listing '/home/gadzz/Workspace/VTOL-MissionCenter/install/keyboard_msgs/local/lib/python3.10/dist-packages/keyboard_msgs'...\n"}
[1.123562] (keyboard_msgs) StdoutLine: {'line': b"Listing '/home/gadzz/Workspace/VTOL-MissionCenter/install/keyboard_msgs/local/lib/python3.10/dist-packages/keyboard_msgs/msg'...\n"}
[1.132506] (keyboard_msgs) StdoutLine: {'line': b'-- Up-to-date: /home/gadzz/Workspace/VTOL-MissionCenter/install/keyboard_msgs/local/lib/python3.10/dist-packages/keyboard_msgs/keyboard_msgs_s__rosidl_typesupport_fastrtps_c.cpython-310-x86_64-linux-gnu.so\n'}
[1.132924] (keyboard_msgs) StdoutLine: {'line': b'-- Up-to-date: /home/gadzz/Workspace/VTOL-MissionCenter/install/keyboard_msgs/local/lib/python3.10/dist-packages/keyboard_msgs/keyboard_msgs_s__rosidl_typesupport_introspection_c.cpython-310-x86_64-linux-gnu.so\n'}
[1.133061] (keyboard_msgs) StdoutLine: {'line': b'-- Up-to-date: /home/gadzz/Workspace/VTOL-MissionCenter/install/keyboard_msgs/local/lib/python3.10/dist-packages/keyboard_msgs/keyboard_msgs_s__rosidl_typesupport_c.cpython-310-x86_64-linux-gnu.so\n'}
[1.133147] (keyboard_msgs) StdoutLine: {'line': b'-- Up-to-date: /home/gadzz/Workspace/VTOL-MissionCenter/install/keyboard_msgs/lib/libkeyboard_msgs__rosidl_generator_py.so\n'}
[1.133225] (keyboard_msgs) StdoutLine: {'line': b'-- Up-to-date: /home/gadzz/Workspace/VTOL-MissionCenter/install/keyboard_msgs/share/keyboard_msgs/msg/Key.idl\n'}
[1.133317] (keyboard_msgs) StdoutLine: {'line': b'-- Up-to-date: /home/gadzz/Workspace/VTOL-MissionCenter/install/keyboard_msgs/share/keyboard_msgs/msg/Key.msg\n'}
[1.133387] (keyboard_msgs) StdoutLine: {'line': b'-- Up-to-date: /home/gadzz/Workspace/VTOL-MissionCenter/install/keyboard_msgs/share/ament_index/resource_index/package_run_dependencies/keyboard_msgs\n'}
[1.133461] (keyboard_msgs) StdoutLine: {'line': b'-- Up-to-date: /home/gadzz/Workspace/VTOL-MissionCenter/install/keyboard_msgs/share/ament_index/resource_index/parent_prefix_path/keyboard_msgs\n'}
[1.133534] (keyboard_msgs) StdoutLine: {'line': b'-- Up-to-date: /home/gadzz/Workspace/VTOL-MissionCenter/install/keyboard_msgs/share/keyboard_msgs/environment/ament_prefix_path.sh\n'}
[1.133615] (keyboard_msgs) StdoutLine: {'line': b'-- Up-to-date: /home/gadzz/Workspace/VTOL-MissionCenter/install/keyboard_msgs/share/keyboard_msgs/environment/ament_prefix_path.dsv\n'}
[1.133893] (keyboard_msgs) StdoutLine: {'line': b'-- Up-to-date: /home/gadzz/Workspace/VTOL-MissionCenter/install/keyboard_msgs/share/keyboard_msgs/environment/path.sh\n'}
[1.133974] (keyboard_msgs) StdoutLine: {'line': b'-- Up-to-date: /home/gadzz/Workspace/VTOL-MissionCenter/install/keyboard_msgs/share/keyboard_msgs/environment/path.dsv\n'}
[1.134069] (keyboard_msgs) StdoutLine: {'line': b'-- Up-to-date: /home/gadzz/Workspace/VTOL-MissionCenter/install/keyboard_msgs/share/keyboard_msgs/local_setup.bash\n'}
[1.134292] (keyboard_msgs) StdoutLine: {'line': b'-- Up-to-date: /home/gadzz/Workspace/VTOL-MissionCenter/install/keyboard_msgs/share/keyboard_msgs/local_setup.sh\n'}
[1.134371] (keyboard_msgs) StdoutLine: {'line': b'-- Up-to-date: /home/gadzz/Workspace/VTOL-MissionCenter/install/keyboard_msgs/share/keyboard_msgs/local_setup.zsh\n'}
[1.134440] (keyboard_msgs) StdoutLine: {'line': b'-- Up-to-date: /home/gadzz/Workspace/VTOL-MissionCenter/install/keyboard_msgs/share/keyboard_msgs/local_setup.dsv\n'}
[1.134505] (keyboard_msgs) StdoutLine: {'line': b'-- Installing: /home/gadzz/Workspace/VTOL-MissionCenter/install/keyboard_msgs/share/keyboard_msgs/package.dsv\n'}
[1.134567] (keyboard_msgs) StdoutLine: {'line': b'-- Up-to-date: /home/gadzz/Workspace/VTOL-MissionCenter/install/keyboard_msgs/share/ament_index/resource_index/packages/keyboard_msgs\n'}
[1.134635] (keyboard_msgs) StdoutLine: {'line': b'-- Up-to-date: /home/gadzz/Workspace/VTOL-MissionCenter/install/keyboard_msgs/share/keyboard_msgs/cmake/export_keyboard_msgs__rosidl_generator_cExport.cmake\n'}
[1.134787] (keyboard_msgs) StdoutLine: {'line': b'-- Up-to-date: /home/gadzz/Workspace/VTOL-MissionCenter/install/keyboard_msgs/share/keyboard_msgs/cmake/export_keyboard_msgs__rosidl_generator_cExport-noconfig.cmake\n'}
[1.134928] (keyboard_msgs) StdoutLine: {'line': b'-- Up-to-date: /home/gadzz/Workspace/VTOL-MissionCenter/install/keyboard_msgs/share/keyboard_msgs/cmake/export_keyboard_msgs__rosidl_typesupport_fastrtps_cExport.cmake\n'}
[1.135001] (keyboard_msgs) StdoutLine: {'line': b'-- Up-to-date: /home/gadzz/Workspace/VTOL-MissionCenter/install/keyboard_msgs/share/keyboard_msgs/cmake/export_keyboard_msgs__rosidl_typesupport_fastrtps_cExport-noconfig.cmake\n'}
[1.135111] (keyboard_msgs) StdoutLine: {'line': b'-- Up-to-date: /home/gadzz/Workspace/VTOL-MissionCenter/install/keyboard_msgs/share/keyboard_msgs/cmake/export_keyboard_msgs__rosidl_generator_cppExport.cmake\n'}
[1.135159] (keyboard_msgs) StdoutLine: {'line': b'-- Up-to-date: /home/gadzz/Workspace/VTOL-MissionCenter/install/keyboard_msgs/share/keyboard_msgs/cmake/export_keyboard_msgs__rosidl_typesupport_fastrtps_cppExport.cmake\n'}
[1.135201] (keyboard_msgs) StdoutLine: {'line': b'-- Up-to-date: /home/gadzz/Workspace/VTOL-MissionCenter/install/keyboard_msgs/share/keyboard_msgs/cmake/export_keyboard_msgs__rosidl_typesupport_fastrtps_cppExport-noconfig.cmake\n'}
[1.135242] (keyboard_msgs) StdoutLine: {'line': b'-- Up-to-date: /home/gadzz/Workspace/VTOL-MissionCenter/install/keyboard_msgs/share/keyboard_msgs/cmake/keyboard_msgs__rosidl_typesupport_introspection_cExport.cmake\n'}
[1.135283] (keyboard_msgs) StdoutLine: {'line': b'-- Up-to-date: /home/gadzz/Workspace/VTOL-MissionCenter/install/keyboard_msgs/share/keyboard_msgs/cmake/keyboard_msgs__rosidl_typesupport_introspection_cExport-noconfig.cmake\n'}
[1.135323] (keyboard_msgs) StdoutLine: {'line': b'-- Up-to-date: /home/gadzz/Workspace/VTOL-MissionCenter/install/keyboard_msgs/share/keyboard_msgs/cmake/keyboard_msgs__rosidl_typesupport_cExport.cmake\n'}
[1.135363] (keyboard_msgs) StdoutLine: {'line': b'-- Up-to-date: /home/gadzz/Workspace/VTOL-MissionCenter/install/keyboard_msgs/share/keyboard_msgs/cmake/keyboard_msgs__rosidl_typesupport_cExport-noconfig.cmake\n'}
[1.135417] (keyboard_msgs) StdoutLine: {'line': b'-- Up-to-date: /home/gadzz/Workspace/VTOL-MissionCenter/install/keyboard_msgs/share/keyboard_msgs/cmake/keyboard_msgs__rosidl_typesupport_introspection_cppExport.cmake\n'}
[1.135477] (keyboard_msgs) StdoutLine: {'line': b'-- Up-to-date: /home/gadzz/Workspace/VTOL-MissionCenter/install/keyboard_msgs/share/keyboard_msgs/cmake/keyboard_msgs__rosidl_typesupport_introspection_cppExport-noconfig.cmake\n'}
[1.135537] (keyboard_msgs) StdoutLine: {'line': b'-- Up-to-date: /home/gadzz/Workspace/VTOL-MissionCenter/install/keyboard_msgs/share/keyboard_msgs/cmake/keyboard_msgs__rosidl_typesupport_cppExport.cmake\n'}
[1.135599] (keyboard_msgs) StdoutLine: {'line': b'-- Up-to-date: /home/gadzz/Workspace/VTOL-MissionCenter/install/keyboard_msgs/share/keyboard_msgs/cmake/keyboard_msgs__rosidl_typesupport_cppExport-noconfig.cmake\n'}
[1.135668] (keyboard_msgs) StdoutLine: {'line': b'-- Up-to-date: /home/gadzz/Workspace/VTOL-MissionCenter/install/keyboard_msgs/share/keyboard_msgs/cmake/export_keyboard_msgs__rosidl_generator_pyExport.cmake\n'}
[1.135712] (keyboard_msgs) StdoutLine: {'line': b'-- Up-to-date: /home/gadzz/Workspace/VTOL-MissionCenter/install/keyboard_msgs/share/keyboard_msgs/cmake/export_keyboard_msgs__rosidl_generator_pyExport-noconfig.cmake\n'}
[1.135818] (keyboard_msgs) StdoutLine: {'line': b'-- Up-to-date: /home/gadzz/Workspace/VTOL-MissionCenter/install/keyboard_msgs/share/keyboard_msgs/cmake/rosidl_cmake-extras.cmake\n'}
[1.135891] (keyboard_msgs) StdoutLine: {'line': b'-- Up-to-date: /home/gadzz/Workspace/VTOL-MissionCenter/install/keyboard_msgs/share/keyboard_msgs/cmake/ament_cmake_export_dependencies-extras.cmake\n'}
[1.135964] (keyboard_msgs) StdoutLine: {'line': b'-- Up-to-date: /home/gadzz/Workspace/VTOL-MissionCenter/install/keyboard_msgs/share/keyboard_msgs/cmake/ament_cmake_export_include_directories-extras.cmake\n'}
[1.136025] (keyboard_msgs) StdoutLine: {'line': b'-- Up-to-date: /home/gadzz/Workspace/VTOL-MissionCenter/install/keyboard_msgs/share/keyboard_msgs/cmake/ament_cmake_export_libraries-extras.cmake\n'}
[1.136069] (keyboard_msgs) StdoutLine: {'line': b'-- Up-to-date: /home/gadzz/Workspace/VTOL-MissionCenter/install/keyboard_msgs/share/keyboard_msgs/cmake/ament_cmake_export_targets-extras.cmake\n'}
[1.136113] (keyboard_msgs) StdoutLine: {'line': b'-- Up-to-date: /home/gadzz/Workspace/VTOL-MissionCenter/install/keyboard_msgs/share/keyboard_msgs/cmake/rosidl_cmake_export_typesupport_targets-extras.cmake\n'}
[1.136158] (keyboard_msgs) StdoutLine: {'line': b'-- Up-to-date: /home/gadzz/Workspace/VTOL-MissionCenter/install/keyboard_msgs/share/keyboard_msgs/cmake/rosidl_cmake_export_typesupport_libraries-extras.cmake\n'}
[1.136202] (keyboard_msgs) StdoutLine: {'line': b'-- Up-to-date: /home/gadzz/Workspace/VTOL-MissionCenter/install/keyboard_msgs/share/keyboard_msgs/cmake/keyboard_msgsConfig.cmake\n'}
[1.136244] (keyboard_msgs) StdoutLine: {'line': b'-- Up-to-date: /home/gadzz/Workspace/VTOL-MissionCenter/install/keyboard_msgs/share/keyboard_msgs/cmake/keyboard_msgsConfig-version.cmake\n'}
[1.136289] (keyboard_msgs) StdoutLine: {'line': b'-- Up-to-date: /home/gadzz/Workspace/VTOL-MissionCenter/install/keyboard_msgs/share/keyboard_msgs/package.xml\n'}
[1.137813] (keyboard_msgs) CommandEnded: {'returncode': 0}
[1.163986] (keyboard_msgs) JobEnded: {'identifier': 'keyboard_msgs', 'rc': 0}
[1.165518] (keyboard) JobStarted: {'identifier': 'keyboard'}
[1.170389] (mission_center) JobStarted: {'identifier': 'mission_center'}
[1.177352] (keyboard) JobProgress: {'identifier': 'keyboard', 'progress': 'cmake'}
[1.177894] (keyboard) JobProgress: {'identifier': 'keyboard', 'progress': 'build'}
[1.178439] (keyboard) Command: {'cmd': ['/usr/bin/cmake', '--build', '/home/gadzz/Workspace/VTOL-MissionCenter/build/keyboard', '--', '-j8', '-l8'], 'cwd': '/home/gadzz/Workspace/VTOL-MissionCenter/build/keyboard', 'env': OrderedDict([('LESSOPEN', '| /usr/bin/lesspipe %s'), ('KDE_FULL_SESSION', 'true'), ('TMUX', '/tmp/tmux-1000/default,12136,0'), ('USER', 'gadzz'), ('PAM_KWALLET5_LOGIN', '/run/user/1000/kwallet5.socket'), ('LC_TIME', 'id_ID.UTF-8'), ('XDG_SEAT', 'seat0'), ('SSH_AGENT_PID', '2500'), ('XDG_SESSION_TYPE', 'x11'), ('XCURSOR_SIZE', '24'), ('SHLVL', '3'), ('LD_LIBRARY_PATH', '/home/gadzz/Workspace/VTOL-MissionCenter/install/keyboard_msgs/lib:/home/gadzz/Workspace/VTOL-MissionCenter/install/mission_center/lib:/opt/ros/humble/opt/rviz_ogre_vendor/lib:/opt/ros/humble/lib/x86_64-linux-gnu:/opt/ros/humble/lib'), ('LESS', '-R'), ('HOME', '/home/gadzz'), ('KDE_APPLICATIONS_AS_SCOPE', '1'), ('OLDPWD', '/home/gadzz/Workspace/VTOL-MissionCenter/build/mission_center'), ('TERM_PROGRAM_VERSION', '3.5a'), ('DESKTOP_SESSION', 'plasma'), ('LSCOLORS', 'Gxfxcxdxbxegedabagacad'), ('ZSH', '/home/gadzz/.oh-my-zsh'), ('ROS_PYTHON_VERSION', '3'), ('GTK_RC_FILES', '/etc/gtk/gtkrc:/home/gadzz/.gtkrc:/home/gadzz/.config/gtkrc'), ('GTK_MODULES', 'gail:atk-bridge'), ('XDG_SEAT_PATH', '/org/freedesktop/DisplayManager/Seat0'), ('KDE_SESSION_VERSION', '5'), ('PAGER', 'less'), ('LC_MONETARY', 'id_ID.UTF-8'), ('SYSTEMD_EXEC_PID', '2353'), ('DBUS_SESSION_BUS_ADDRESS', 'unix:path=/run/user/1000/bus'), ('COLORTERM', 'truecolor'), ('LIBVIRT_DEFAULT_URI', 'qemu:///system'), ('IM_CONFIG_PHASE', '1'), ('ROS_DISTRO', 'humble'), ('COLCON_PREFIX_PATH', '/home/gadzz/Workspace/VTOL-MissionCenter/install'), ('GTK_IM_MODULE', 'ibus'), ('LOGNAME', 'gadzz'), ('ALACRITTY_SOCKET', '/run/user/1000/Alacritty-:0-11977.sock'), ('WINDOWID', '113246213'), ('QT_AUTO_SCREEN_SCALE_FACTOR', '0'), ('_', '/usr/bin/colcon'), ('ROS_VERSION', '2'), ('XDG_SESSION_CLASS', 'user'), ('TERM', 'tmux-256color'), ('XDG_SESSION_ID', '4'), ('ALACRITTY_LOG', '/tmp/Alacritty-11977.log'), ('ROS_LOCALHOST_ONLY', '0'), ('GTK2_RC_FILES', '/etc/gtk-2.0/gtkrc:/home/gadzz/.gtkrc-2.0:/home/gadzz/.config/gtkrc-2.0'), ('PATH', '/home/gadzz/.cargo/bin:/home/gadzz/local/bin:/opt/ros/humble/bin:/home/gadzz/.cargo/bin:/home/gadzz/local/bin:/home/gadzz/.cargo/bin:/opt/gcc-arm-none-eabi-9-2020-q2-update/bin:/home/gadzz/.local/bin:/usr/local/sbin:/usr/local/bin:/usr/sbin:/usr/bin:/sbin:/bin:/usr/games:/usr/local/games:/snap/bin:/home/gadzz/.fzf/bin:/home/gadzz/Downloads/Micro-XRCE-DDS-Gen/scripts'), ('SESSION_MANAGER', 'local/gadzz:@/tmp/.ICE-unix/2714,unix/gadzz:/tmp/.ICE-unix/2714'), ('XDG_SESSION_PATH', '/org/freedesktop/DisplayManager/Session1'), ('LC_ADDRESS', 'id_ID.UTF-8'), ('XDG_RUNTIME_DIR', '/run/user/1000'), ('XCURSOR_THEME', 'breeze_cursors'), ('DISPLAY', ':0'), ('LANG', 'en_US.UTF-8'), ('XDG_CURRENT_DESKTOP', 'KDE'), ('LC_TELEPHONE', 'id_ID.UTF-8'), ('XMODIFIERS', '@im=ibus'), ('XDG_SESSION_DESKTOP', 'KDE'), ('XAUTHORITY', '/home/gadzz/.Xauthority'), ('LS_COLORS', 'rs=0:di=01;34:ln=01;36:mh=00:pi=40;33:so=01;35:do=01;35:bd=40;33;01:cd=40;33;01:or=40;31;01:mi=00:su=37;41:sg=30;43:ca=30;41:tw=30;42:ow=34;42:st=37;44:ex=01;32:*.tar=01;31:*.tgz=01;31:*.arc=01;31:*.arj=01;31:*.taz=01;31:*.lha=01;31:*.lz4=01;31:*.lzh=01;31:*.lzma=01;31:*.tlz=01;31:*.txz=01;31:*.tzo=01;31:*.t7z=01;31:*.zip=01;31:*.z=01;31:*.dz=01;31:*.gz=01;31:*.lrz=01;31:*.lz=01;31:*.lzo=01;31:*.xz=01;31:*.zst=01;31:*.tzst=01;31:*.bz2=01;31:*.bz=01;31:*.tbz=01;31:*.tbz2=01;31:*.tz=01;31:*.deb=01;31:*.rpm=01;31:*.jar=01;31:*.war=01;31:*.ear=01;31:*.sar=01;31:*.rar=01;31:*.alz=01;31:*.ace=01;31:*.zoo=01;31:*.cpio=01;31:*.7z=01;31:*.rz=01;31:*.cab=01;31:*.wim=01;31:*.swm=01;31:*.dwm=01;31:*.esd=01;31:*.jpg=01;35:*.jpeg=01;35:*.mjpg=01;35:*.mjpeg=01;35:*.gif=01;35:*.bmp=01;35:*.pbm=01;35:*.pgm=01;35:*.ppm=01;35:*.tga=01;35:*.xbm=01;35:*.xpm=01;35:*.tif=01;35:*.tiff=01;35:*.png=01;35:*.svg=01;35:*.svgz=01;35:*.mng=01;35:*.pcx=01;35:*.mov=01;35:*.mpg=01;35:*.mpeg=01;35:*.m2v=01;35:*.mkv=01;35:*.webm=01;35:*.webp=01;35:*.ogm=01;35:*.mp4=01;35:*.m4v=01;35:*.mp4v=01;35:*.vob=01;35:*.qt=01;35:*.nuv=01;35:*.wmv=01;35:*.asf=01;35:*.rm=01;35:*.rmvb=01;35:*.flc=01;35:*.avi=01;35:*.fli=01;35:*.flv=01;35:*.gl=01;35:*.dl=01;35:*.xcf=01;35:*.xwd=01;35:*.yuv=01;35:*.cgm=01;35:*.emf=01;35:*.ogv=01;35:*.ogx=01;35:*.aac=00;36:*.au=00;36:*.flac=00;36:*.m4a=00;36:*.mid=00;36:*.midi=00;36:*.mka=00;36:*.mp3=00;36:*.mpc=00;36:*.ogg=00;36:*.ra=00;36:*.wav=00;36:*.oga=00;36:*.opus=00;36:*.spx=00;36:*.xspf=00;36:'), ('TERM_PROGRAM', 'tmux'), ('SSH_AUTH_SOCK', '/tmp/ssh-XXXXXXhQJ7UG/agent.2413'), ('AMENT_PREFIX_PATH', '/home/gadzz/Workspace/VTOL-MissionCenter/install/mission_center:/home/gadzz/Workspace/VTOL-MissionCenter/install/keyboard:/home/gadzz/Workspace/VTOL-MissionCenter/install/keyboard_msgs:/opt/ros/humble'), ('SHELL', '/bin/bash'), ('LC_NAME', 'id_ID.UTF-8'), ('QT_ACCESSIBILITY', '1'), ('LESSCLOSE', '/usr/bin/lesspipe %s %s'), ('LC_MEASUREMENT', 'id_ID.UTF-8'), ('GPG_AGENT_INFO', '/run/user/1000/gnupg/S.gpg-agent:0:1'), ('LC_IDENTIFICATION', 'id_ID.UTF-8'), ('QT_IM_MODULE', 'ibus'), ('XDG_VTNR', '1'), ('ALACRITTY_WINDOW_ID', '113246213'), ('PWD', '/home/gadzz/Workspace/VTOL-MissionCenter/build/keyboard'), ('LC_ALL', 'en_US.UTF-8'), ('XDG_CONFIG_DIRS', '/home/gadzz/.config/kdedefaults:/etc/xdg/xdg-plasma:/etc/xdg'), ('CLUTTER_IM_MODULE', 'ibus'), ('XDG_DATA_DIRS', '/usr/share/plasma:/usr/share/gnome:/usr/local/share:/usr/share:/var/lib/snapd/desktop'), ('PYTHONPATH', '/home/gadzz/Workspace/VTOL-MissionCenter/install/keyboard_msgs/local/lib/python3.10/dist-packages:/opt/ros/humble/lib/python3.10/site-packages:/opt/ros/humble/local/lib/python3.10/dist-packages'), ('LC_NUMERIC', 'id_ID.UTF-8'), ('TMUX_PLUGIN_MANAGER_PATH', '/home/gadzz/.config/tmux/plugins/'), ('LC_PAPER', 'id_ID.UTF-8'), ('KDE_SESSION_UID', '1000'), ('COLCON', '1'), ('TMUX_PANE', '%1'), ('CMAKE_PREFIX_PATH', '/home/gadzz/Workspace/VTOL-MissionCenter/install/keyboard_msgs:/home/gadzz/Workspace/VTOL-MissionCenter/install/mission_center:/home/gadzz/Workspace/VTOL-MissionCenter/install/keyboard:/opt/ros/humble')]), 'shell': False}
[1.184936] (mission_center) JobProgress: {'identifier': 'mission_center', 'progress': 'cmake'}
[1.185004] (mission_center) JobProgress: {'identifier': 'mission_center', 'progress': 'build'}
[1.185030] (mission_center) Command: {'cmd': ['/usr/bin/cmake', '--build', '/home/gadzz/Workspace/VTOL-MissionCenter/build/mission_center', '--', '-j8', '-l8'], 'cwd': '/home/gadzz/Workspace/VTOL-MissionCenter/build/mission_center', 'env': OrderedDict([('LESSOPEN', '| /usr/bin/lesspipe %s'), ('KDE_FULL_SESSION', 'true'), ('TMUX', '/tmp/tmux-1000/default,12136,0'), ('USER', 'gadzz'), ('PAM_KWALLET5_LOGIN', '/run/user/1000/kwallet5.socket'), ('LC_TIME', 'id_ID.UTF-8'), ('XDG_SEAT', 'seat0'), ('SSH_AGENT_PID', '2500'), ('XDG_SESSION_TYPE', 'x11'), ('XCURSOR_SIZE', '24'), ('SHLVL', '3'), ('LD_LIBRARY_PATH', '/home/gadzz/Workspace/VTOL-MissionCenter/install/keyboard_msgs/lib:/home/gadzz/Workspace/VTOL-MissionCenter/install/mission_center/lib:/opt/ros/humble/opt/rviz_ogre_vendor/lib:/opt/ros/humble/lib/x86_64-linux-gnu:/opt/ros/humble/lib'), ('LESS', '-R'), ('HOME', '/home/gadzz'), ('KDE_APPLICATIONS_AS_SCOPE', '1'), ('OLDPWD', '/home/gadzz/Workspace/VTOL-MissionCenter/build/mission_center'), ('TERM_PROGRAM_VERSION', '3.5a'), ('DESKTOP_SESSION', 'plasma'), ('LSCOLORS', 'Gxfxcxdxbxegedabagacad'), ('ZSH', '/home/gadzz/.oh-my-zsh'), ('ROS_PYTHON_VERSION', '3'), ('GTK_RC_FILES', '/etc/gtk/gtkrc:/home/gadzz/.gtkrc:/home/gadzz/.config/gtkrc'), ('GTK_MODULES', 'gail:atk-bridge'), ('XDG_SEAT_PATH', '/org/freedesktop/DisplayManager/Seat0'), ('KDE_SESSION_VERSION', '5'), ('PAGER', 'less'), ('LC_MONETARY', 'id_ID.UTF-8'), ('SYSTEMD_EXEC_PID', '2353'), ('DBUS_SESSION_BUS_ADDRESS', 'unix:path=/run/user/1000/bus'), ('COLORTERM', 'truecolor'), ('LIBVIRT_DEFAULT_URI', 'qemu:///system'), ('IM_CONFIG_PHASE', '1'), ('ROS_DISTRO', 'humble'), ('COLCON_PREFIX_PATH', '/home/gadzz/Workspace/VTOL-MissionCenter/install'), ('GTK_IM_MODULE', 'ibus'), ('LOGNAME', 'gadzz'), ('ALACRITTY_SOCKET', '/run/user/1000/Alacritty-:0-11977.sock'), ('WINDOWID', '113246213'), ('QT_AUTO_SCREEN_SCALE_FACTOR', '0'), ('_', '/usr/bin/colcon'), ('ROS_VERSION', '2'), ('XDG_SESSION_CLASS', 'user'), ('TERM', 'tmux-256color'), ('XDG_SESSION_ID', '4'), ('ALACRITTY_LOG', '/tmp/Alacritty-11977.log'), ('ROS_LOCALHOST_ONLY', '0'), ('GTK2_RC_FILES', '/etc/gtk-2.0/gtkrc:/home/gadzz/.gtkrc-2.0:/home/gadzz/.config/gtkrc-2.0'), ('PATH', '/home/gadzz/.cargo/bin:/home/gadzz/local/bin:/opt/ros/humble/bin:/home/gadzz/.cargo/bin:/home/gadzz/local/bin:/home/gadzz/.cargo/bin:/opt/gcc-arm-none-eabi-9-2020-q2-update/bin:/home/gadzz/.local/bin:/usr/local/sbin:/usr/local/bin:/usr/sbin:/usr/bin:/sbin:/bin:/usr/games:/usr/local/games:/snap/bin:/home/gadzz/.fzf/bin:/home/gadzz/Downloads/Micro-XRCE-DDS-Gen/scripts'), ('SESSION_MANAGER', 'local/gadzz:@/tmp/.ICE-unix/2714,unix/gadzz:/tmp/.ICE-unix/2714'), ('XDG_SESSION_PATH', '/org/freedesktop/DisplayManager/Session1'), ('LC_ADDRESS', 'id_ID.UTF-8'), ('XDG_RUNTIME_DIR', '/run/user/1000'), ('XCURSOR_THEME', 'breeze_cursors'), ('DISPLAY', ':0'), ('LANG', 'en_US.UTF-8'), ('XDG_CURRENT_DESKTOP', 'KDE'), ('LC_TELEPHONE', 'id_ID.UTF-8'), ('XMODIFIERS', '@im=ibus'), ('XDG_SESSION_DESKTOP', 'KDE'), ('XAUTHORITY', '/home/gadzz/.Xauthority'), ('LS_COLORS', 'rs=0:di=01;34:ln=01;36:mh=00:pi=40;33:so=01;35:do=01;35:bd=40;33;01:cd=40;33;01:or=40;31;01:mi=00:su=37;41:sg=30;43:ca=30;41:tw=30;42:ow=34;42:st=37;44:ex=01;32:*.tar=01;31:*.tgz=01;31:*.arc=01;31:*.arj=01;31:*.taz=01;31:*.lha=01;31:*.lz4=01;31:*.lzh=01;31:*.lzma=01;31:*.tlz=01;31:*.txz=01;31:*.tzo=01;31:*.t7z=01;31:*.zip=01;31:*.z=01;31:*.dz=01;31:*.gz=01;31:*.lrz=01;31:*.lz=01;31:*.lzo=01;31:*.xz=01;31:*.zst=01;31:*.tzst=01;31:*.bz2=01;31:*.bz=01;31:*.tbz=01;31:*.tbz2=01;31:*.tz=01;31:*.deb=01;31:*.rpm=01;31:*.jar=01;31:*.war=01;31:*.ear=01;31:*.sar=01;31:*.rar=01;31:*.alz=01;31:*.ace=01;31:*.zoo=01;31:*.cpio=01;31:*.7z=01;31:*.rz=01;31:*.cab=01;31:*.wim=01;31:*.swm=01;31:*.dwm=01;31:*.esd=01;31:*.jpg=01;35:*.jpeg=01;35:*.mjpg=01;35:*.mjpeg=01;35:*.gif=01;35:*.bmp=01;35:*.pbm=01;35:*.pgm=01;35:*.ppm=01;35:*.tga=01;35:*.xbm=01;35:*.xpm=01;35:*.tif=01;35:*.tiff=01;35:*.png=01;35:*.svg=01;35:*.svgz=01;35:*.mng=01;35:*.pcx=01;35:*.mov=01;35:*.mpg=01;35:*.mpeg=01;35:*.m2v=01;35:*.mkv=01;35:*.webm=01;35:*.webp=01;35:*.ogm=01;35:*.mp4=01;35:*.m4v=01;35:*.mp4v=01;35:*.vob=01;35:*.qt=01;35:*.nuv=01;35:*.wmv=01;35:*.asf=01;35:*.rm=01;35:*.rmvb=01;35:*.flc=01;35:*.avi=01;35:*.fli=01;35:*.flv=01;35:*.gl=01;35:*.dl=01;35:*.xcf=01;35:*.xwd=01;35:*.yuv=01;35:*.cgm=01;35:*.emf=01;35:*.ogv=01;35:*.ogx=01;35:*.aac=00;36:*.au=00;36:*.flac=00;36:*.m4a=00;36:*.mid=00;36:*.midi=00;36:*.mka=00;36:*.mp3=00;36:*.mpc=00;36:*.ogg=00;36:*.ra=00;36:*.wav=00;36:*.oga=00;36:*.opus=00;36:*.spx=00;36:*.xspf=00;36:'), ('TERM_PROGRAM', 'tmux'), ('SSH_AUTH_SOCK', '/tmp/ssh-XXXXXXhQJ7UG/agent.2413'), ('AMENT_PREFIX_PATH', '/home/gadzz/Workspace/VTOL-MissionCenter/install/mission_center:/home/gadzz/Workspace/VTOL-MissionCenter/install/keyboard:/home/gadzz/Workspace/VTOL-MissionCenter/install/keyboard_msgs:/opt/ros/humble'), ('SHELL', '/bin/bash'), ('LC_NAME', 'id_ID.UTF-8'), ('QT_ACCESSIBILITY', '1'), ('LESSCLOSE', '/usr/bin/lesspipe %s %s'), ('LC_MEASUREMENT', 'id_ID.UTF-8'), ('GPG_AGENT_INFO', '/run/user/1000/gnupg/S.gpg-agent:0:1'), ('LC_IDENTIFICATION', 'id_ID.UTF-8'), ('QT_IM_MODULE', 'ibus'), ('XDG_VTNR', '1'), ('ALACRITTY_WINDOW_ID', '113246213'), ('PWD', '/home/gadzz/Workspace/VTOL-MissionCenter/build/mission_center'), ('LC_ALL', 'en_US.UTF-8'), ('XDG_CONFIG_DIRS', '/home/gadzz/.config/kdedefaults:/etc/xdg/xdg-plasma:/etc/xdg'), ('CLUTTER_IM_MODULE', 'ibus'), ('XDG_DATA_DIRS', '/usr/share/plasma:/usr/share/gnome:/usr/local/share:/usr/share:/var/lib/snapd/desktop'), ('PYTHONPATH', '/home/gadzz/Workspace/VTOL-MissionCenter/install/keyboard_msgs/local/lib/python3.10/dist-packages:/opt/ros/humble/lib/python3.10/site-packages:/opt/ros/humble/local/lib/python3.10/dist-packages'), ('LC_NUMERIC', 'id_ID.UTF-8'), ('TMUX_PLUGIN_MANAGER_PATH', '/home/gadzz/.config/tmux/plugins/'), ('LC_PAPER', 'id_ID.UTF-8'), ('KDE_SESSION_UID', '1000'), ('COLCON', '1'), ('TMUX_PANE', '%1'), ('CMAKE_PREFIX_PATH', '/home/gadzz/Workspace/VTOL-MissionCenter/install/keyboard_msgs:/home/gadzz/Workspace/VTOL-MissionCenter/install/mission_center:/home/gadzz/Workspace/VTOL-MissionCenter/install/keyboard:/opt/ros/humble')]), 'shell': False}
[1.201563] (-) TimerEvent: {}
[1.262453] (mission_center) StdoutLine: {'line': b'\x1b[35m\x1b[1mConsolidate compiler generated dependencies of target uav_mission\x1b[0m\n'}
[1.279314] (keyboard) StdoutLine: {'line': b'[100%] Built target keyboard\n'}
[1.298545] (keyboard) CommandEnded: {'returncode': 0}
[1.299438] (mission_center) StdoutLine: {'line': b'[  6%] \x1b[32mBuilding CXX object CMakeFiles/uav_mission.dir/src/uav_mission.cpp.o\x1b[0m\n'}
[1.300110] (keyboard) JobProgress: {'identifier': 'keyboard', 'progress': 'install'}
[1.300396] (keyboard) Command: {'cmd': ['/usr/bin/cmake', '--install', '/home/gadzz/Workspace/VTOL-MissionCenter/build/keyboard'], 'cwd': '/home/gadzz/Workspace/VTOL-MissionCenter/build/keyboard', 'env': OrderedDict([('LESSOPEN', '| /usr/bin/lesspipe %s'), ('KDE_FULL_SESSION', 'true'), ('TMUX', '/tmp/tmux-1000/default,12136,0'), ('USER', 'gadzz'), ('PAM_KWALLET5_LOGIN', '/run/user/1000/kwallet5.socket'), ('LC_TIME', 'id_ID.UTF-8'), ('XDG_SEAT', 'seat0'), ('SSH_AGENT_PID', '2500'), ('XDG_SESSION_TYPE', 'x11'), ('XCURSOR_SIZE', '24'), ('SHLVL', '3'), ('LD_LIBRARY_PATH', '/home/gadzz/Workspace/VTOL-MissionCenter/install/keyboard_msgs/lib:/home/gadzz/Workspace/VTOL-MissionCenter/install/mission_center/lib:/opt/ros/humble/opt/rviz_ogre_vendor/lib:/opt/ros/humble/lib/x86_64-linux-gnu:/opt/ros/humble/lib'), ('LESS', '-R'), ('HOME', '/home/gadzz'), ('KDE_APPLICATIONS_AS_SCOPE', '1'), ('OLDPWD', '/home/gadzz/Workspace/VTOL-MissionCenter/build/mission_center'), ('TERM_PROGRAM_VERSION', '3.5a'), ('DESKTOP_SESSION', 'plasma'), ('LSCOLORS', 'Gxfxcxdxbxegedabagacad'), ('ZSH', '/home/gadzz/.oh-my-zsh'), ('ROS_PYTHON_VERSION', '3'), ('GTK_RC_FILES', '/etc/gtk/gtkrc:/home/gadzz/.gtkrc:/home/gadzz/.config/gtkrc'), ('GTK_MODULES', 'gail:atk-bridge'), ('XDG_SEAT_PATH', '/org/freedesktop/DisplayManager/Seat0'), ('KDE_SESSION_VERSION', '5'), ('PAGER', 'less'), ('LC_MONETARY', 'id_ID.UTF-8'), ('SYSTEMD_EXEC_PID', '2353'), ('DBUS_SESSION_BUS_ADDRESS', 'unix:path=/run/user/1000/bus'), ('COLORTERM', 'truecolor'), ('LIBVIRT_DEFAULT_URI', 'qemu:///system'), ('IM_CONFIG_PHASE', '1'), ('ROS_DISTRO', 'humble'), ('COLCON_PREFIX_PATH', '/home/gadzz/Workspace/VTOL-MissionCenter/install'), ('GTK_IM_MODULE', 'ibus'), ('LOGNAME', 'gadzz'), ('ALACRITTY_SOCKET', '/run/user/1000/Alacritty-:0-11977.sock'), ('WINDOWID', '113246213'), ('QT_AUTO_SCREEN_SCALE_FACTOR', '0'), ('_', '/usr/bin/colcon'), ('ROS_VERSION', '2'), ('XDG_SESSION_CLASS', 'user'), ('TERM', 'tmux-256color'), ('XDG_SESSION_ID', '4'), ('ALACRITTY_LOG', '/tmp/Alacritty-11977.log'), ('ROS_LOCALHOST_ONLY', '0'), ('GTK2_RC_FILES', '/etc/gtk-2.0/gtkrc:/home/gadzz/.gtkrc-2.0:/home/gadzz/.config/gtkrc-2.0'), ('PATH', '/home/gadzz/.cargo/bin:/home/gadzz/local/bin:/opt/ros/humble/bin:/home/gadzz/.cargo/bin:/home/gadzz/local/bin:/home/gadzz/.cargo/bin:/opt/gcc-arm-none-eabi-9-2020-q2-update/bin:/home/gadzz/.local/bin:/usr/local/sbin:/usr/local/bin:/usr/sbin:/usr/bin:/sbin:/bin:/usr/games:/usr/local/games:/snap/bin:/home/gadzz/.fzf/bin:/home/gadzz/Downloads/Micro-XRCE-DDS-Gen/scripts'), ('SESSION_MANAGER', 'local/gadzz:@/tmp/.ICE-unix/2714,unix/gadzz:/tmp/.ICE-unix/2714'), ('XDG_SESSION_PATH', '/org/freedesktop/DisplayManager/Session1'), ('LC_ADDRESS', 'id_ID.UTF-8'), ('XDG_RUNTIME_DIR', '/run/user/1000'), ('XCURSOR_THEME', 'breeze_cursors'), ('DISPLAY', ':0'), ('LANG', 'en_US.UTF-8'), ('XDG_CURRENT_DESKTOP', 'KDE'), ('LC_TELEPHONE', 'id_ID.UTF-8'), ('XMODIFIERS', '@im=ibus'), ('XDG_SESSION_DESKTOP', 'KDE'), ('XAUTHORITY', '/home/gadzz/.Xauthority'), ('LS_COLORS', 'rs=0:di=01;34:ln=01;36:mh=00:pi=40;33:so=01;35:do=01;35:bd=40;33;01:cd=40;33;01:or=40;31;01:mi=00:su=37;41:sg=30;43:ca=30;41:tw=30;42:ow=34;42:st=37;44:ex=01;32:*.tar=01;31:*.tgz=01;31:*.arc=01;31:*.arj=01;31:*.taz=01;31:*.lha=01;31:*.lz4=01;31:*.lzh=01;31:*.lzma=01;31:*.tlz=01;31:*.txz=01;31:*.tzo=01;31:*.t7z=01;31:*.zip=01;31:*.z=01;31:*.dz=01;31:*.gz=01;31:*.lrz=01;31:*.lz=01;31:*.lzo=01;31:*.xz=01;31:*.zst=01;31:*.tzst=01;31:*.bz2=01;31:*.bz=01;31:*.tbz=01;31:*.tbz2=01;31:*.tz=01;31:*.deb=01;31:*.rpm=01;31:*.jar=01;31:*.war=01;31:*.ear=01;31:*.sar=01;31:*.rar=01;31:*.alz=01;31:*.ace=01;31:*.zoo=01;31:*.cpio=01;31:*.7z=01;31:*.rz=01;31:*.cab=01;31:*.wim=01;31:*.swm=01;31:*.dwm=01;31:*.esd=01;31:*.jpg=01;35:*.jpeg=01;35:*.mjpg=01;35:*.mjpeg=01;35:*.gif=01;35:*.bmp=01;35:*.pbm=01;35:*.pgm=01;35:*.ppm=01;35:*.tga=01;35:*.xbm=01;35:*.xpm=01;35:*.tif=01;35:*.tiff=01;35:*.png=01;35:*.svg=01;35:*.svgz=01;35:*.mng=01;35:*.pcx=01;35:*.mov=01;35:*.mpg=01;35:*.mpeg=01;35:*.m2v=01;35:*.mkv=01;35:*.webm=01;35:*.webp=01;35:*.ogm=01;35:*.mp4=01;35:*.m4v=01;35:*.mp4v=01;35:*.vob=01;35:*.qt=01;35:*.nuv=01;35:*.wmv=01;35:*.asf=01;35:*.rm=01;35:*.rmvb=01;35:*.flc=01;35:*.avi=01;35:*.fli=01;35:*.flv=01;35:*.gl=01;35:*.dl=01;35:*.xcf=01;35:*.xwd=01;35:*.yuv=01;35:*.cgm=01;35:*.emf=01;35:*.ogv=01;35:*.ogx=01;35:*.aac=00;36:*.au=00;36:*.flac=00;36:*.m4a=00;36:*.mid=00;36:*.midi=00;36:*.mka=00;36:*.mp3=00;36:*.mpc=00;36:*.ogg=00;36:*.ra=00;36:*.wav=00;36:*.oga=00;36:*.opus=00;36:*.spx=00;36:*.xspf=00;36:'), ('TERM_PROGRAM', 'tmux'), ('SSH_AUTH_SOCK', '/tmp/ssh-XXXXXXhQJ7UG/agent.2413'), ('AMENT_PREFIX_PATH', '/home/gadzz/Workspace/VTOL-MissionCenter/install/mission_center:/home/gadzz/Workspace/VTOL-MissionCenter/install/keyboard:/home/gadzz/Workspace/VTOL-MissionCenter/install/keyboard_msgs:/opt/ros/humble'), ('SHELL', '/bin/bash'), ('LC_NAME', 'id_ID.UTF-8'), ('QT_ACCESSIBILITY', '1'), ('LESSCLOSE', '/usr/bin/lesspipe %s %s'), ('LC_MEASUREMENT', 'id_ID.UTF-8'), ('GPG_AGENT_INFO', '/run/user/1000/gnupg/S.gpg-agent:0:1'), ('LC_IDENTIFICATION', 'id_ID.UTF-8'), ('QT_IM_MODULE', 'ibus'), ('XDG_VTNR', '1'), ('ALACRITTY_WINDOW_ID', '113246213'), ('PWD', '/home/gadzz/Workspace/VTOL-MissionCenter/build/keyboard'), ('LC_ALL', 'en_US.UTF-8'), ('XDG_CONFIG_DIRS', '/home/gadzz/.config/kdedefaults:/etc/xdg/xdg-plasma:/etc/xdg'), ('CLUTTER_IM_MODULE', 'ibus'), ('XDG_DATA_DIRS', '/usr/share/plasma:/usr/share/gnome:/usr/local/share:/usr/share:/var/lib/snapd/desktop'), ('PYTHONPATH', '/home/gadzz/Workspace/VTOL-MissionCenter/install/keyboard_msgs/local/lib/python3.10/dist-packages:/opt/ros/humble/lib/python3.10/site-packages:/opt/ros/humble/local/lib/python3.10/dist-packages'), ('LC_NUMERIC', 'id_ID.UTF-8'), ('TMUX_PLUGIN_MANAGER_PATH', '/home/gadzz/.config/tmux/plugins/'), ('LC_PAPER', 'id_ID.UTF-8'), ('KDE_SESSION_UID', '1000'), ('COLCON', '1'), ('TMUX_PANE', '%1'), ('CMAKE_PREFIX_PATH', '/home/gadzz/Workspace/VTOL-MissionCenter/install/keyboard_msgs:/home/gadzz/Workspace/VTOL-MissionCenter/install/mission_center:/home/gadzz/Workspace/VTOL-MissionCenter/install/keyboard:/opt/ros/humble')]), 'shell': False}
[1.304690] (-) TimerEvent: {}
[1.314637] (keyboard) StdoutLine: {'line': b'-- Install configuration: "Release"\n'}
[1.315270] (keyboard) StdoutLine: {'line': b'-- Up-to-date: /home/gadzz/Workspace/VTOL-MissionCenter/install/keyboard/lib/keyboard/keyboard\n'}
[1.315547] (keyboard) StdoutLine: {'line': b'-- Up-to-date: /home/gadzz/Workspace/VTOL-MissionCenter/install/keyboard/lib/keyboard/keyboard_to_joy.py\n'}
[1.315624] (keyboard) StdoutLine: {'line': b'-- Up-to-date: /home/gadzz/Workspace/VTOL-MissionCenter/install/keyboard/share/keyboard/config\n'}
[1.315857] (keyboard) StdoutLine: {'line': b'-- Up-to-date: /home/gadzz/Workspace/VTOL-MissionCenter/install/keyboard/share/keyboard/config/example_config.yaml\n'}
[1.315911] (keyboard) StdoutLine: {'line': b'-- Up-to-date: /home/gadzz/Workspace/VTOL-MissionCenter/install/keyboard/share/ament_index/resource_index/package_run_dependencies/keyboard\n'}
[1.315957] (keyboard) StdoutLine: {'line': b'-- Up-to-date: /home/gadzz/Workspace/VTOL-MissionCenter/install/keyboard/share/ament_index/resource_index/parent_prefix_path/keyboard\n'}
[1.316006] (keyboard) StdoutLine: {'line': b'-- Up-to-date: /home/gadzz/Workspace/VTOL-MissionCenter/install/keyboard/share/keyboard/environment/ament_prefix_path.sh\n'}
[1.316078] (keyboard) StdoutLine: {'line': b'-- Up-to-date: /home/gadzz/Workspace/VTOL-MissionCenter/install/keyboard/share/keyboard/environment/ament_prefix_path.dsv\n'}
[1.316135] (keyboard) StdoutLine: {'line': b'-- Up-to-date: /home/gadzz/Workspace/VTOL-MissionCenter/install/keyboard/share/keyboard/environment/path.sh\n'}
[1.316192] (keyboard) StdoutLine: {'line': b'-- Up-to-date: /home/gadzz/Workspace/VTOL-MissionCenter/install/keyboard/share/keyboard/environment/path.dsv\n'}
[1.316259] (keyboard) StdoutLine: {'line': b'-- Up-to-date: /home/gadzz/Workspace/VTOL-MissionCenter/install/keyboard/share/keyboard/local_setup.bash\n'}
[1.316380] (keyboard) StdoutLine: {'line': b'-- Up-to-date: /home/gadzz/Workspace/VTOL-MissionCenter/install/keyboard/share/keyboard/local_setup.sh\n'}
[1.316474] (keyboard) StdoutLine: {'line': b'-- Up-to-date: /home/gadzz/Workspace/VTOL-MissionCenter/install/keyboard/share/keyboard/local_setup.zsh\n'}
[1.316610] (keyboard) StdoutLine: {'line': b'-- Up-to-date: /home/gadzz/Workspace/VTOL-MissionCenter/install/keyboard/share/keyboard/local_setup.dsv\n'}
[1.317054] (keyboard) StdoutLine: {'line': b'-- Installing: /home/gadzz/Workspace/VTOL-MissionCenter/install/keyboard/share/keyboard/package.dsv\n'}
[1.317115] (keyboard) StdoutLine: {'line': b'-- Up-to-date: /home/gadzz/Workspace/VTOL-MissionCenter/install/keyboard/share/ament_index/resource_index/packages/keyboard\n'}
[1.317159] (keyboard) StdoutLine: {'line': b'-- Up-to-date: /home/gadzz/Workspace/VTOL-MissionCenter/install/keyboard/share/keyboard/cmake/keyboardConfig.cmake\n'}
[1.317201] (keyboard) StdoutLine: {'line': b'-- Up-to-date: /home/gadzz/Workspace/VTOL-MissionCenter/install/keyboard/share/keyboard/cmake/keyboardConfig-version.cmake\n'}
[1.317247] (keyboard) StdoutLine: {'line': b'-- Up-to-date: /home/gadzz/Workspace/VTOL-MissionCenter/install/keyboard/share/keyboard/package.xml\n'}
[1.318615] (keyboard) CommandEnded: {'returncode': 0}
[1.337973] (keyboard) JobEnded: {'identifier': 'keyboard', 'rc': 0}
[1.404824] (-) TimerEvent: {}
[1.505827] (-) TimerEvent: {}
[1.606679] (-) TimerEvent: {}
[1.707166] (-) TimerEvent: {}
[1.807567] (-) TimerEvent: {}
[1.908043] (-) TimerEvent: {}
[2.009009] (-) TimerEvent: {}
[2.109720] (-) TimerEvent: {}
[2.210347] (-) TimerEvent: {}
[2.310718] (-) TimerEvent: {}
[2.411310] (-) TimerEvent: {}
[2.511750] (-) TimerEvent: {}
[2.612228] (-) TimerEvent: {}
[2.712604] (-) TimerEvent: {}
[2.813079] (-) TimerEvent: {}
[2.913513] (-) TimerEvent: {}
[3.014177] (-) TimerEvent: {}
[3.114837] (-) TimerEvent: {}
[3.215542] (-) TimerEvent: {}
[3.316736] (-) TimerEvent: {}
[3.417059] (-) TimerEvent: {}
[3.517409] (-) TimerEvent: {}
[3.617787] (-) TimerEvent: {}
[3.718073] (-) TimerEvent: {}
[3.818399] (-) TimerEvent: {}
[3.918835] (-) TimerEvent: {}
[4.019445] (-) TimerEvent: {}
[4.120202] (-) TimerEvent: {}
[4.221720] (-) TimerEvent: {}
[4.322107] (-) TimerEvent: {}
[4.422429] (-) TimerEvent: {}
[4.522895] (-) TimerEvent: {}
[4.623604] (-) TimerEvent: {}
[4.725819] (-) TimerEvent: {}
[4.826866] (-) TimerEvent: {}
[4.927412] (-) TimerEvent: {}
[5.027872] (-) TimerEvent: {}
[5.128225] (-) TimerEvent: {}
[5.228611] (-) TimerEvent: {}
[5.328993] (-) TimerEvent: {}
[5.429286] (-) TimerEvent: {}
[5.529640] (-) TimerEvent: {}
[5.630032] (-) TimerEvent: {}
[5.730354] (-) TimerEvent: {}
[5.830741] (-) TimerEvent: {}
[5.931061] (-) TimerEvent: {}
[6.032718] (-) TimerEvent: {}
[6.058185] (mission_center) StderrLine: {'line': b'In file included from \x1b[01m\x1b[K/home/gadzz/Workspace/VTOL-MissionCenter/src/mission_center/src/uav_mission.cpp:1\x1b[m\x1b[K:\n'}
[6.059153] (mission_center) StderrLine: {'line': b'\x1b[01m\x1b[K/home/gadzz/Workspace/VTOL-MissionCenter/src/mission_center/include/mission_center/uav_mission.hpp:\x1b[m\x1b[K In member function \xe2\x80\x98\x1b[01m\x1b[Kbool UAV_Mission::killPilotCb(std::shared_ptr<std_srvs::srv::Empty_Request_<std::allocator<void> > >, std::shared_ptr<std_srvs::srv::Empty_Response_<std::allocator<void> > >)\x1b[m\x1b[K\xe2\x80\x99:\n'}
[6.059583] (mission_center) StderrLine: {'line': b'\x1b[01m\x1b[K/home/gadzz/Workspace/VTOL-MissionCenter/src/mission_center/include/mission_center/uav_mission.hpp:97:73:\x1b[m\x1b[K \x1b[01;35m\x1b[Kwarning: \x1b[m\x1b[Kunused parameter \xe2\x80\x98\x1b[01m\x1b[Krequest\x1b[m\x1b[K\xe2\x80\x99 [\x1b[01;35m\x1b[K\x1b]8;;https://gcc.gnu.org/onlinedocs/gcc/Warning-Options.html#index-Wunused-parameter\x07-Wunused-parameter\x1b]8;;\x07\x1b[m\x1b[K]\n'}
[6.059698] (mission_center) StderrLine: {'line': b'   97 | \x1b[01;35m\x1b[Kst std::shared_ptr<std_srvs::srv::Empty::Request> request\x1b[m\x1b[K,\n'}
[6.059802] (mission_center) StderrLine: {'line': b'      | \x1b[01;35m\x1b[K~~~~~~~~~~~~~~~~~~~~~~~~~~~~~~~~~~~~~~~~~~~~~~~~~~^~~~~~~\x1b[m\x1b[K\n'}
[6.059884] (mission_center) StderrLine: {'line': b'\n'}
[6.059960] (mission_center) StderrLine: {'line': b'\x1b[01m\x1b[K/home/gadzz/Workspace/VTOL-MissionCenter/src/mission_center/include/mission_center/uav_mission.hpp:98:68:\x1b[m\x1b[K \x1b[01;35m\x1b[Kwarning: \x1b[m\x1b[Kunused parameter \xe2\x80\x98\x1b[01m\x1b[Kresponse\x1b[m\x1b[K\xe2\x80\x99 [\x1b[01;35m\x1b[K\x1b]8;;https://gcc.gnu.org/onlinedocs/gcc/Warning-Options.html#index-Wunused-parameter\x07-Wunused-parameter\x1b]8;;\x07\x1b[m\x1b[K]\n'}
[6.060068] (mission_center) StderrLine: {'line': b'   98 | \x1b[01;35m\x1b[Ktd::shared_ptr<std_srvs::srv::Empty::Response> response\x1b[m\x1b[K) {\n'}
[6.060146] (mission_center) StderrLine: {'line': b'      | \x1b[01;35m\x1b[K~~~~~~~~~~~~~~~~~~~~~~~~~~~~~~~~~~~~~~~~~~~~~~~^~~~~~~~\x1b[m\x1b[K\n'}
[6.060265] (mission_center) StderrLine: {'line': b'\n'}
[6.133077] (-) TimerEvent: {}
[6.171077] (mission_center) StderrLine: {'line': b'\x1b[01m\x1b[K/home/gadzz/Workspace/VTOL-MissionCenter/src/mission_center/src/uav_mission.cpp:\x1b[m\x1b[K In member function \xe2\x80\x98\x1b[01m\x1b[Kbool UAV_Mission::restartMission(std::shared_ptr<std_srvs::srv::Empty_Request_<std::allocator<void> > >, std::shared_ptr<std_srvs::srv::Empty_Response_<std::allocator<void> > >)\x1b[m\x1b[K\xe2\x80\x99:\n'}
[6.171348] (mission_center) StderrLine: {'line': b'\x1b[01m\x1b[K/home/gadzz/Workspace/VTOL-MissionCenter/src/mission_center/src/uav_mission.cpp:77:58:\x1b[m\x1b[K \x1b[01;35m\x1b[Kwarning: \x1b[m\x1b[Kunused parameter \xe2\x80\x98\x1b[01m\x1b[Krequest\x1b[m\x1b[K\xe2\x80\x99 [\x1b[01;35m\x1b[K\x1b]8;;https://gcc.gnu.org/onlinedocs/gcc/Warning-Options.html#index-Wunused-parameter\x07-Wunused-parameter\x1b]8;;\x07\x1b[m\x1b[K]\n'}
[6.171449] (mission_center) StderrLine: {'line': b'   77 | \x1b[01;35m\x1b[Kst std::shared_ptr<std_srvs::srv::Empty::Request> request\x1b[m\x1b[K,\n'}
[6.171526] (mission_center) StderrLine: {'line': b'      | \x1b[01;35m\x1b[K~~~~~~~~~~~~~~~~~~~~~~~~~~~~~~~~~~~~~~~~~~~~~~~~~~^~~~~~~\x1b[m\x1b[K\n'}
[6.171601] (mission_center) StderrLine: {'line': b'\n'}
[6.171716] (mission_center) StderrLine: {'line': b'\x1b[01m\x1b[K/home/gadzz/Workspace/VTOL-MissionCenter/src/mission_center/src/uav_mission.cpp:78:53:\x1b[m\x1b[K \x1b[01;35m\x1b[Kwarning: \x1b[m\x1b[Kunused parameter \xe2\x80\x98\x1b[01m\x1b[Kresponse\x1b[m\x1b[K\xe2\x80\x99 [\x1b[01;35m\x1b[K\x1b]8;;https://gcc.gnu.org/onlinedocs/gcc/Warning-Options.html#index-Wunused-parameter\x07-Wunused-parameter\x1b]8;;\x07\x1b[m\x1b[K]\n'}
[6.171812] (mission_center) StderrLine: {'line': b'   78 | \x1b[01;35m\x1b[Ktd::shared_ptr<std_srvs::srv::Empty::Response> response\x1b[m\x1b[K) {\n'}
[6.171883] (mission_center) StderrLine: {'line': b'      | \x1b[01;35m\x1b[K~~~~~~~~~~~~~~~~~~~~~~~~~~~~~~~~~~~~~~~~~~~~~~~^~~~~~~~\x1b[m\x1b[K\n'}
[6.171955] (mission_center) StderrLine: {'line': b'\n'}
[6.233187] (-) TimerEvent: {}
[6.260678] (mission_center) StderrLine: {'line': b'\x1b[01m\x1b[K/home/gadzz/Workspace/VTOL-MissionCenter/src/mission_center/src/uav_mission.cpp:\x1b[m\x1b[K In member function \xe2\x80\x98\x1b[01m\x1b[Kvoid UAV_Mission::switch_mode(std::string)\x1b[m\x1b[K\xe2\x80\x99:\n'}
[6.261422] (mission_center) StderrLine: {'line': b'\x1b[01m\x1b[K/home/gadzz/Workspace/VTOL-MissionCenter/src/mission_center/src/uav_mission.cpp:152:11:\x1b[m\x1b[K \x1b[01;35m\x1b[Kwarning: \x1b[m\x1b[Kunused variable \xe2\x80\x98\x1b[01m\x1b[KgotTopic\x1b[m\x1b[K\xe2\x80\x99 [\x1b[01;35m\x1b[K\x1b]8;;https://gcc.gnu.org/onlinedocs/gcc/Warning-Options.html#index-Wunused-variable\x07-Wunused-variable\x1b]8;;\x07\x1b[m\x1b[K]\n'}
[6.261521] (mission_center) StderrLine: {'line': b'  152 |       int \x1b[01;35m\x1b[KgotTopic\x1b[m\x1b[K =\n'}
[6.261569] (mission_center) StderrLine: {'line': b'      |           \x1b[01;35m\x1b[K^~~~~~~~\x1b[m\x1b[K\n'}
[6.333365] (-) TimerEvent: {}
[6.363597] (mission_center) StderrLine: {'line': b'\x1b[01m\x1b[K/home/gadzz/Workspace/VTOL-MissionCenter/src/mission_center/src/uav_mission.cpp:\x1b[m\x1b[K In member function \xe2\x80\x98\x1b[01m\x1b[Kvoid UAV_Mission::arm_throttle()\x1b[m\x1b[K\xe2\x80\x99:\n'}
[6.363825] (mission_center) StderrLine: {'line': b'\x1b[01m\x1b[K/home/gadzz/Workspace/VTOL-MissionCenter/src/mission_center/src/uav_mission.cpp:259:11:\x1b[m\x1b[K \x1b[01;35m\x1b[Kwarning: \x1b[m\x1b[Kunused variable \xe2\x80\x98\x1b[01m\x1b[KgotTopic\x1b[m\x1b[K\xe2\x80\x99 [\x1b[01;35m\x1b[K\x1b]8;;https://gcc.gnu.org/onlinedocs/gcc/Warning-Options.html#index-Wunused-variable\x07-Wunused-variable\x1b]8;;\x07\x1b[m\x1b[K]\n'}
[6.363906] (mission_center) StderrLine: {'line': b'  259 |       int \x1b[01;35m\x1b[KgotTopic\x1b[m\x1b[K =\n'}
[6.363951] (mission_center) StderrLine: {'line': b'      |           \x1b[01;35m\x1b[K^~~~~~~~\x1b[m\x1b[K\n'}
[6.433478] (-) TimerEvent: {}
[6.446610] (mission_center) StderrLine: {'line': b'\x1b[01m\x1b[K/home/gadzz/Workspace/VTOL-MissionCenter/src/mission_center/src/uav_mission.cpp:\x1b[m\x1b[K In member function \xe2\x80\x98\x1b[01m\x1b[Kvoid UAV_Mission::move_servo(int, int)\x1b[m\x1b[K\xe2\x80\x99:\n'}
[6.446923] (mission_center) StderrLine: {'line': b'\x1b[01m\x1b[K/home/gadzz/Workspace/VTOL-MissionCenter/src/mission_center/src/uav_mission.cpp:276:10:\x1b[m\x1b[K \x1b[01;35m\x1b[Kwarning: \x1b[m\x1b[Kunused variable \xe2\x80\x98\x1b[01m\x1b[Kstart_time\x1b[m\x1b[K\xe2\x80\x99 [\x1b[01;35m\x1b[K\x1b]8;;https://gcc.gnu.org/onlinedocs/gcc/Warning-Options.html#index-Wunused-variable\x07-Wunused-variable\x1b]8;;\x07\x1b[m\x1b[K]\n'}
[6.447026] (mission_center) StderrLine: {'line': b'  276 |   double \x1b[01;35m\x1b[Kstart_time\x1b[m\x1b[K = nh->now().seconds();\n'}
[6.447080] (mission_center) StderrLine: {'line': b'      |          \x1b[01;35m\x1b[K^~~~~~~~~~\x1b[m\x1b[K\n'}
[6.533830] (mission_center) StderrLine: {'line': b'\x1b[01m\x1b[K/home/gadzz/Workspace/VTOL-MissionCenter/src/mission_center/src/uav_mission.cpp:\x1b[m\x1b[K In member function \xe2\x80\x98\x1b[01m\x1b[Kvoid UAV_Mission::takeoff(double)\x1b[m\x1b[K\xe2\x80\x99:\n'}
[6.534091] (-) TimerEvent: {}
[6.534235] (mission_center) StderrLine: {'line': b'\x1b[01m\x1b[K/home/gadzz/Workspace/VTOL-MissionCenter/src/mission_center/src/uav_mission.cpp:311:8:\x1b[m\x1b[K \x1b[01;35m\x1b[Kwarning: \x1b[m\x1b[Kunused variable \xe2\x80\x98\x1b[01m\x1b[Ktmp_check\x1b[m\x1b[K\xe2\x80\x99 [\x1b[01;35m\x1b[K\x1b]8;;https://gcc.gnu.org/onlinedocs/gcc/Warning-Options.html#index-Wunused-variable\x07-Wunused-variable\x1b]8;;\x07\x1b[m\x1b[K]\n'}
[6.534391] (mission_center) StderrLine: {'line': b'  311 |   bool \x1b[01;35m\x1b[Ktmp_check\x1b[m\x1b[K = getAlt(current_alt, "local_pose");\n'}
[6.534466] (mission_center) StderrLine: {'line': b'      |        \x1b[01;35m\x1b[K^~~~~~~~~\x1b[m\x1b[K\n'}
[6.634218] (-) TimerEvent: {}
[6.734535] (-) TimerEvent: {}
[6.834962] (-) TimerEvent: {}
[6.869545] (mission_center) StderrLine: {'line': b'\x1b[01m\x1b[K/home/gadzz/Workspace/VTOL-MissionCenter/src/mission_center/src/uav_mission.cpp:\x1b[m\x1b[K In member function \xe2\x80\x98\x1b[01m\x1b[Kbool UAV_Mission::init()\x1b[m\x1b[K\xe2\x80\x99:\n'}
[6.869842] (mission_center) StderrLine: {'line': b'\x1b[01m\x1b[K/home/gadzz/Workspace/VTOL-MissionCenter/src/mission_center/src/uav_mission.cpp:423:8:\x1b[m\x1b[K \x1b[01;35m\x1b[Kwarning: \x1b[m\x1b[Kvariable \xe2\x80\x98\x1b[01m\x1b[Kqos_profile\x1b[m\x1b[K\xe2\x80\x99 set but not used [\x1b[01;35m\x1b[K\x1b]8;;https://gcc.gnu.org/onlinedocs/gcc/Warning-Options.html#index-Wunused-but-set-variable\x07-Wunused-but-set-variable\x1b]8;;\x07\x1b[m\x1b[K]\n'}
[6.869929] (mission_center) StderrLine: {'line': b'  423 |   auto \x1b[01;35m\x1b[Kqos_profile\x1b[m\x1b[K = rclcpp::QoS(rclcpp::QoSInitialization::from_rmw(qos), qos);\n'}
[6.870009] (mission_center) StderrLine: {'line': b'      |        \x1b[01;35m\x1b[K^~~~~~~~~~~\x1b[m\x1b[K\n'}
[6.935197] (-) TimerEvent: {}
[7.036192] (-) TimerEvent: {}
[7.120134] (mission_center) StderrLine: {'line': b'/home/gadzz/Workspace/VTOL-MissionCenter/src/mission_center/src/uav_mission.cpp: In instantiation of \xe2\x80\x98\x1b[01m\x1b[Kbool UAV_Mission::getTopicVal(T&, const string&, std::chrono::seconds) [with T = mavros_msgs::msg::State_<std::allocator<void> >; std::string = std::__cxx11::basic_string<char>; std::chrono::seconds = std::chrono::duration<long int>]\x1b[m\x1b[K\xe2\x80\x99:\n'}
[7.120427] (mission_center) StderrLine: {'line': b'\x1b[01m\x1b[K/home/gadzz/Workspace/VTOL-MissionCenter/src/mission_center/src/uav_mission.cpp:153:22:\x1b[m\x1b[K   required from here\n'}
[7.120520] (mission_center) StderrLine: {'line': b'\x1b[01m\x1b[K/home/gadzz/Workspace/VTOL-MissionCenter/src/mission_center/src/uav_mission.cpp:89:21:\x1b[m\x1b[K \x1b[01;35m\x1b[Kwarning: \x1b[m\x1b[Kvariable \xe2\x80\x98\x1b[01m\x1b[Kqos\x1b[m\x1b[K\xe2\x80\x99 set but not used [\x1b[01;35m\x1b[K\x1b]8;;https://gcc.gnu.org/onlinedocs/gcc/Warning-Options.html#index-Wunused-but-set-variable\x07-Wunused-but-set-variable\x1b]8;;\x07\x1b[m\x1b[K]\n'}
[7.120607] (mission_center) StderrLine: {'line': b'   89 |   rmw_qos_profile_t \x1b[01;35m\x1b[Kqos\x1b[m\x1b[K = rmw_qos_profile_default;\n'}
[7.120685] (mission_center) StderrLine: {'line': b'      |                     \x1b[01;35m\x1b[K^~~\x1b[m\x1b[K\n'}
[7.136309] (-) TimerEvent: {}
[7.237058] (-) TimerEvent: {}
[7.244039] (mission_center) StderrLine: {'line': b'/home/gadzz/Workspace/VTOL-MissionCenter/src/mission_center/src/uav_mission.cpp: In instantiation of \xe2\x80\x98\x1b[01m\x1b[Kbool UAV_Mission::getTopicVal(T&, const string&, std::chrono::seconds) [with T = std_msgs::msg::Float64_<std::allocator<void> >; std::string = std::__cxx11::basic_string<char>; std::chrono::seconds = std::chrono::duration<long int>]\x1b[m\x1b[K\xe2\x80\x99:\n'}
[7.244276] (mission_center) StderrLine: {'line': b'\x1b[01m\x1b[K/home/gadzz/Workspace/VTOL-MissionCenter/src/mission_center/src/uav_mission.cpp:189:14:\x1b[m\x1b[K   required from here\n'}
[7.244353] (mission_center) StderrLine: {'line': b'\x1b[01m\x1b[K/home/gadzz/Workspace/VTOL-MissionCenter/src/mission_center/src/uav_mission.cpp:89:21:\x1b[m\x1b[K \x1b[01;35m\x1b[Kwarning: \x1b[m\x1b[Kvariable \xe2\x80\x98\x1b[01m\x1b[Kqos\x1b[m\x1b[K\xe2\x80\x99 set but not used [\x1b[01;35m\x1b[K\x1b]8;;https://gcc.gnu.org/onlinedocs/gcc/Warning-Options.html#index-Wunused-but-set-variable\x07-Wunused-but-set-variable\x1b]8;;\x07\x1b[m\x1b[K]\n'}
[7.337284] (-) TimerEvent: {}
[7.343455] (mission_center) StderrLine: {'line': b'/home/gadzz/Workspace/VTOL-MissionCenter/src/mission_center/src/uav_mission.cpp: In instantiation of \xe2\x80\x98\x1b[01m\x1b[Kbool UAV_Mission::getTopicVal(T&, const string&, std::chrono::seconds) [with T = geometry_msgs::msg::PoseStamped_<std::allocator<void> >; std::string = std::__cxx11::basic_string<char>; std::chrono::seconds = std::chrono::duration<long int>]\x1b[m\x1b[K\xe2\x80\x99:\n'}
[7.343993] (mission_center) StderrLine: {'line': b'\x1b[01m\x1b[K/home/gadzz/Workspace/VTOL-MissionCenter/src/mission_center/src/uav_mission.cpp:351:20:\x1b[m\x1b[K   required from here\n'}
[7.344153] (mission_center) StderrLine: {'line': b'\x1b[01m\x1b[K/home/gadzz/Workspace/VTOL-MissionCenter/src/mission_center/src/uav_mission.cpp:89:21:\x1b[m\x1b[K \x1b[01;35m\x1b[Kwarning: \x1b[m\x1b[Kvariable \xe2\x80\x98\x1b[01m\x1b[Kqos\x1b[m\x1b[K\xe2\x80\x99 set but not used [\x1b[01;35m\x1b[K\x1b]8;;https://gcc.gnu.org/onlinedocs/gcc/Warning-Options.html#index-Wunused-but-set-variable\x07-Wunused-but-set-variable\x1b]8;;\x07\x1b[m\x1b[K]\n'}
[7.437385] (-) TimerEvent: {}
[7.537713] (-) TimerEvent: {}
[7.638059] (-) TimerEvent: {}
[7.738442] (-) TimerEvent: {}
[7.838930] (-) TimerEvent: {}
[7.939305] (-) TimerEvent: {}
[8.039689] (-) TimerEvent: {}
[8.140097] (-) TimerEvent: {}
[8.240602] (-) TimerEvent: {}
[8.341147] (-) TimerEvent: {}
[8.441619] (-) TimerEvent: {}
[8.542415] (-) TimerEvent: {}
[8.643253] (-) TimerEvent: {}
[8.744143] (-) TimerEvent: {}
[8.844530] (-) TimerEvent: {}
[8.945397] (-) TimerEvent: {}
[9.045846] (-) TimerEvent: {}
[9.146234] (-) TimerEvent: {}
[9.246852] (-) TimerEvent: {}
[9.347265] (-) TimerEvent: {}
[9.447709] (-) TimerEvent: {}
[9.548063] (-) TimerEvent: {}
[9.648371] (-) TimerEvent: {}
[9.748834] (-) TimerEvent: {}
[9.849280] (-) TimerEvent: {}
[9.949691] (-) TimerEvent: {}
[10.050915] (-) TimerEvent: {}
[10.151247] (-) TimerEvent: {}
[10.251832] (-) TimerEvent: {}
[10.352188] (-) TimerEvent: {}
[10.453239] (-) TimerEvent: {}
[10.553537] (-) TimerEvent: {}
[10.654183] (-) TimerEvent: {}
[10.754535] (-) TimerEvent: {}
[10.855068] (-) TimerEvent: {}
[10.955480] (-) TimerEvent: {}
[11.055825] (-) TimerEvent: {}
[11.156191] (-) TimerEvent: {}
[11.256582] (-) TimerEvent: {}
[11.357041] (-) TimerEvent: {}
[11.457589] (-) TimerEvent: {}
[11.557970] (-) TimerEvent: {}
[11.658381] (-) TimerEvent: {}
[11.759300] (-) TimerEvent: {}
[11.860167] (-) TimerEvent: {}
[11.960517] (-) TimerEvent: {}
[12.060935] (-) TimerEvent: {}
[12.161741] (-) TimerEvent: {}
[12.262386] (-) TimerEvent: {}
[12.363116] (-) TimerEvent: {}
[12.463837] (-) TimerEvent: {}
[12.564481] (-) TimerEvent: {}
[12.665018] (-) TimerEvent: {}
[12.766023] (-) TimerEvent: {}
[12.866334] (-) TimerEvent: {}
[12.966650] (-) TimerEvent: {}
[13.067003] (-) TimerEvent: {}
[13.167297] (-) TimerEvent: {}
[13.267585] (-) TimerEvent: {}
[13.367951] (-) TimerEvent: {}
[13.468310] (-) TimerEvent: {}
[13.568699] (-) TimerEvent: {}
[13.669334] (-) TimerEvent: {}
[13.769692] (-) TimerEvent: {}
[13.870034] (-) TimerEvent: {}
[13.970389] (-) TimerEvent: {}
[14.071287] (-) TimerEvent: {}
[14.171595] (-) TimerEvent: {}
[14.271880] (-) TimerEvent: {}
[14.372204] (-) TimerEvent: {}
[14.472688] (-) TimerEvent: {}
[14.573945] (-) TimerEvent: {}
[14.675245] (-) TimerEvent: {}
[14.776924] (-) TimerEvent: {}
[14.877379] (-) TimerEvent: {}
[14.977778] (-) TimerEvent: {}
[15.078280] (-) TimerEvent: {}
[15.178709] (-) TimerEvent: {}
[15.279093] (-) TimerEvent: {}
[15.379572] (-) TimerEvent: {}
[15.479919] (-) TimerEvent: {}
[15.580222] (-) TimerEvent: {}
[15.680546] (-) TimerEvent: {}
[15.780920] (-) TimerEvent: {}
[15.881213] (-) TimerEvent: {}
[15.981532] (-) TimerEvent: {}
[16.081868] (-) TimerEvent: {}
[16.182346] (-) TimerEvent: {}
[16.283139] (-) TimerEvent: {}
[16.383516] (-) TimerEvent: {}
[16.483989] (-) TimerEvent: {}
[16.584298] (-) TimerEvent: {}
[16.684678] (-) TimerEvent: {}
[16.785012] (-) TimerEvent: {}
[16.885336] (-) TimerEvent: {}
[16.985754] (-) TimerEvent: {}
[17.086200] (-) TimerEvent: {}
[17.186543] (-) TimerEvent: {}
[17.286964] (-) TimerEvent: {}
[17.387301] (-) TimerEvent: {}
[17.487623] (-) TimerEvent: {}
[17.588100] (-) TimerEvent: {}
[17.688594] (-) TimerEvent: {}
[17.788935] (-) TimerEvent: {}
[17.889543] (-) TimerEvent: {}
[17.990136] (-) TimerEvent: {}
[18.090486] (-) TimerEvent: {}
[18.190966] (-) TimerEvent: {}
[18.291524] (-) TimerEvent: {}
[18.392069] (-) TimerEvent: {}
[18.493298] (-) TimerEvent: {}
[18.594471] (-) TimerEvent: {}
[18.695252] (-) TimerEvent: {}
[18.795682] (-) TimerEvent: {}
[18.896007] (-) TimerEvent: {}
[18.996295] (-) TimerEvent: {}
[19.096642] (-) TimerEvent: {}
[19.196983] (-) TimerEvent: {}
[19.297331] (-) TimerEvent: {}
[19.397769] (-) TimerEvent: {}
[19.498271] (-) TimerEvent: {}
[19.598765] (-) TimerEvent: {}
[19.699128] (-) TimerEvent: {}
[19.799418] (-) TimerEvent: {}
[19.899681] (-) TimerEvent: {}
[20.000041] (-) TimerEvent: {}
[20.100475] (-) TimerEvent: {}
[20.200890] (-) TimerEvent: {}
[20.301285] (-) TimerEvent: {}
[20.401960] (-) TimerEvent: {}
[20.502643] (-) TimerEvent: {}
[20.603156] (-) TimerEvent: {}
[20.703790] (-) TimerEvent: {}
[20.804356] (-) TimerEvent: {}
[20.905423] (-) TimerEvent: {}
[21.005690] (-) TimerEvent: {}
[21.105980] (-) TimerEvent: {}
[21.206336] (-) TimerEvent: {}
[21.306784] (-) TimerEvent: {}
[21.407419] (-) TimerEvent: {}
[21.507967] (-) TimerEvent: {}
[21.609339] (-) TimerEvent: {}
[21.709913] (-) TimerEvent: {}
[21.810663] (-) TimerEvent: {}
[21.911559] (-) TimerEvent: {}
[22.012200] (-) TimerEvent: {}
[22.112559] (-) TimerEvent: {}
[22.213074] (-) TimerEvent: {}
[22.313604] (-) TimerEvent: {}
[22.413926] (-) TimerEvent: {}
[22.514293] (-) TimerEvent: {}
[22.614683] (-) TimerEvent: {}
[22.715023] (-) TimerEvent: {}
[22.815347] (-) TimerEvent: {}
[22.915688] (-) TimerEvent: {}
[23.015977] (-) TimerEvent: {}
[23.116262] (-) TimerEvent: {}
[23.216657] (-) TimerEvent: {}
[23.317026] (-) TimerEvent: {}
[23.417451] (-) TimerEvent: {}
[23.517772] (-) TimerEvent: {}
[23.618051] (-) TimerEvent: {}
[23.718333] (-) TimerEvent: {}
[23.818649] (-) TimerEvent: {}
[23.918940] (-) TimerEvent: {}
[24.019255] (-) TimerEvent: {}
[24.119847] (-) TimerEvent: {}
[24.220189] (-) TimerEvent: {}
[24.320505] (-) TimerEvent: {}
[24.420948] (-) TimerEvent: {}
[24.521369] (-) TimerEvent: {}
[24.622179] (-) TimerEvent: {}
[24.722597] (-) TimerEvent: {}
[24.823015] (-) TimerEvent: {}
[24.923385] (-) TimerEvent: {}
[25.023725] (-) TimerEvent: {}
[25.124049] (-) TimerEvent: {}
[25.224356] (-) TimerEvent: {}
[25.325043] (-) TimerEvent: {}
[25.425409] (-) TimerEvent: {}
[25.525934] (-) TimerEvent: {}
[25.626727] (-) TimerEvent: {}
[25.727073] (-) TimerEvent: {}
[25.827415] (-) TimerEvent: {}
[25.927902] (-) TimerEvent: {}
[26.028248] (-) TimerEvent: {}
[26.128614] (-) TimerEvent: {}
[26.228988] (-) TimerEvent: {}
[26.329447] (-) TimerEvent: {}
[26.429690] (-) TimerEvent: {}
[26.529975] (-) TimerEvent: {}
[26.630267] (-) TimerEvent: {}
[26.730533] (-) TimerEvent: {}
[26.830832] (-) TimerEvent: {}
[26.931116] (-) TimerEvent: {}
[27.031519] (-) TimerEvent: {}
[27.132079] (-) TimerEvent: {}
[27.232452] (-) TimerEvent: {}
[27.332843] (-) TimerEvent: {}
[27.433264] (-) TimerEvent: {}
[27.533610] (-) TimerEvent: {}
[27.633974] (-) TimerEvent: {}
[27.734390] (-) TimerEvent: {}
[27.834936] (-) TimerEvent: {}
[27.935279] (-) TimerEvent: {}
[28.035583] (-) TimerEvent: {}
[28.135892] (-) TimerEvent: {}
[28.236243] (-) TimerEvent: {}
[28.336550] (-) TimerEvent: {}
[28.436891] (-) TimerEvent: {}
[28.537220] (-) TimerEvent: {}
[28.637572] (-) TimerEvent: {}
[28.737895] (-) TimerEvent: {}
[28.838238] (-) TimerEvent: {}
[28.938622] (-) TimerEvent: {}
[29.038918] (-) TimerEvent: {}
[29.139305] (-) TimerEvent: {}
[29.239597] (-) TimerEvent: {}
[29.339992] (-) TimerEvent: {}
[29.440396] (-) TimerEvent: {}
[29.540800] (-) TimerEvent: {}
[29.641258] (-) TimerEvent: {}
[29.741815] (-) TimerEvent: {}
[29.843349] (-) TimerEvent: {}
[29.944282] (-) TimerEvent: {}
[30.044936] (-) TimerEvent: {}
[30.145256] (-) TimerEvent: {}
[30.245693] (-) TimerEvent: {}
[30.346094] (-) TimerEvent: {}
[30.446467] (-) TimerEvent: {}
[30.546834] (-) TimerEvent: {}
[30.647290] (-) TimerEvent: {}
[30.748367] (-) TimerEvent: {}
[30.849047] (-) TimerEvent: {}
[30.949447] (-) TimerEvent: {}
[31.050115] (-) TimerEvent: {}
[31.150609] (-) TimerEvent: {}
[31.251074] (-) TimerEvent: {}
[31.351698] (-) TimerEvent: {}
[31.452588] (-) TimerEvent: {}
[31.553089] (-) TimerEvent: {}
[31.653585] (-) TimerEvent: {}
[31.753936] (-) TimerEvent: {}
[31.854399] (-) TimerEvent: {}
[31.954677] (-) TimerEvent: {}
[32.055003] (-) TimerEvent: {}
[32.155360] (-) TimerEvent: {}
[32.255885] (-) TimerEvent: {}
[32.356554] (-) TimerEvent: {}
[32.456910] (-) TimerEvent: {}
[32.557393] (-) TimerEvent: {}
[32.658449] (-) TimerEvent: {}
[32.759021] (-) TimerEvent: {}
[32.860179] (-) TimerEvent: {}
[32.960649] (-) TimerEvent: {}
[33.060985] (-) TimerEvent: {}
[33.161449] (-) TimerEvent: {}
[33.261808] (-) TimerEvent: {}
[33.362157] (-) TimerEvent: {}
[33.462522] (-) TimerEvent: {}
[33.563226] (-) TimerEvent: {}
[33.664597] (-) TimerEvent: {}
[33.764873] (-) TimerEvent: {}
[33.865172] (-) TimerEvent: {}
[33.965503] (-) TimerEvent: {}
[34.065833] (-) TimerEvent: {}
[34.166146] (-) TimerEvent: {}
[34.266476] (-) TimerEvent: {}
[34.366804] (-) TimerEvent: {}
[34.467176] (-) TimerEvent: {}
[34.568441] (-) TimerEvent: {}
[34.669255] (-) TimerEvent: {}
[34.769588] (-) TimerEvent: {}
[34.869951] (-) TimerEvent: {}
[34.970712] (-) TimerEvent: {}
[35.070983] (-) TimerEvent: {}
[35.171299] (-) TimerEvent: {}
[35.271660] (-) TimerEvent: {}
[35.372201] (-) TimerEvent: {}
[35.472686] (-) TimerEvent: {}
[35.573938] (-) TimerEvent: {}
[35.676848] (-) TimerEvent: {}
[35.777469] (-) TimerEvent: {}
[35.878552] (-) TimerEvent: {}
[35.978970] (-) TimerEvent: {}
[36.079357] (-) TimerEvent: {}
[36.179732] (-) TimerEvent: {}
[36.280273] (-) TimerEvent: {}
[36.380845] (-) TimerEvent: {}
[36.481266] (-) TimerEvent: {}
[36.581599] (-) TimerEvent: {}
[36.681934] (-) TimerEvent: {}
[36.782331] (-) TimerEvent: {}
[36.882679] (-) TimerEvent: {}
[36.983248] (-) TimerEvent: {}
[37.083830] (-) TimerEvent: {}
[37.184246] (-) TimerEvent: {}
[37.284679] (-) TimerEvent: {}
[37.385045] (-) TimerEvent: {}
[37.485421] (-) TimerEvent: {}
[37.586223] (-) TimerEvent: {}
[37.687131] (-) TimerEvent: {}
[37.787646] (-) TimerEvent: {}
[37.888143] (-) TimerEvent: {}
[37.988506] (-) TimerEvent: {}
[38.089291] (-) TimerEvent: {}
[38.112804] (mission_center) StdoutLine: {'line': b'[ 12%] \x1b[32m\x1b[1mLinking CXX shared library libuav_mission.so\x1b[0m\n'}
[38.189383] (-) TimerEvent: {}
[38.289712] (-) TimerEvent: {}
[38.390069] (-) TimerEvent: {}
[38.490408] (-) TimerEvent: {}
[38.591220] (-) TimerEvent: {}
[38.691702] (-) TimerEvent: {}
[38.792275] (-) TimerEvent: {}
[38.892988] (-) TimerEvent: {}
[38.994185] (-) TimerEvent: {}
[39.095219] (-) TimerEvent: {}
[39.196063] (-) TimerEvent: {}
[39.296666] (-) TimerEvent: {}
[39.397280] (-) TimerEvent: {}
[39.497828] (-) TimerEvent: {}
[39.598175] (-) TimerEvent: {}
[39.699081] (-) TimerEvent: {}
[39.799600] (-) TimerEvent: {}
[39.899992] (-) TimerEvent: {}
[40.000369] (-) TimerEvent: {}
[40.100753] (-) TimerEvent: {}
[40.201167] (-) TimerEvent: {}
[40.301959] (-) TimerEvent: {}
[40.402357] (-) TimerEvent: {}
[40.503235] (-) TimerEvent: {}
[40.603915] (-) TimerEvent: {}
[40.704247] (-) TimerEvent: {}
[40.805488] (-) TimerEvent: {}
[40.906038] (-) TimerEvent: {}
[41.006983] (-) TimerEvent: {}
[41.107936] (-) TimerEvent: {}
[41.208957] (-) TimerEvent: {}
[41.302587] (mission_center) StdoutLine: {'line': b'[ 12%] Built target uav_mission\n'}
[41.309079] (-) TimerEvent: {}
[41.342575] (mission_center) StdoutLine: {'line': b'[ 25%] Built target trajectory_streamer\n'}
[41.379822] (mission_center) StdoutLine: {'line': b'[ 31%] \x1b[32m\x1b[1mLinking CXX executable ui_node\x1b[0m\n'}
[41.409475] (-) TimerEvent: {}
[41.510243] (-) TimerEvent: {}
[41.611161] (-) TimerEvent: {}
[41.712209] (-) TimerEvent: {}
[41.812652] (-) TimerEvent: {}
[41.914698] (-) TimerEvent: {}
[42.015066] (-) TimerEvent: {}
[42.092674] (mission_center) StdoutLine: {'line': b'[ 75%] Built target ui_node\n'}
[42.115552] (-) TimerEvent: {}
[42.135287] (mission_center) StdoutLine: {'line': b'[ 81%] \x1b[32m\x1b[1mLinking CXX executable pilot_node\x1b[0m\n'}
[42.216164] (-) TimerEvent: {}
[42.316589] (-) TimerEvent: {}
[42.417142] (-) TimerEvent: {}
[42.518026] (-) TimerEvent: {}
[42.620863] (-) TimerEvent: {}
[42.721840] (-) TimerEvent: {}
[42.822484] (-) TimerEvent: {}
[42.926159] (-) TimerEvent: {}
[43.026676] (-) TimerEvent: {}
[43.127661] (-) TimerEvent: {}
[43.228381] (-) TimerEvent: {}
[43.329120] (-) TimerEvent: {}
[43.429771] (-) TimerEvent: {}
[43.530394] (-) TimerEvent: {}
[43.630876] (-) TimerEvent: {}
[43.731594] (-) TimerEvent: {}
[43.825094] (mission_center) StdoutLine: {'line': b'[ 87%] Built target pilot_node\n'}
[43.831737] (-) TimerEvent: {}
[43.864715] (mission_center) StdoutLine: {'line': b'[100%] Built target safety_node\n'}
[43.882521] (mission_center) CommandEnded: {'returncode': 0}
[43.884418] (mission_center) JobProgress: {'identifier': 'mission_center', 'progress': 'install'}
[43.884729] (mission_center) Command: {'cmd': ['/usr/bin/cmake', '--install', '/home/gadzz/Workspace/VTOL-MissionCenter/build/mission_center'], 'cwd': '/home/gadzz/Workspace/VTOL-MissionCenter/build/mission_center', 'env': OrderedDict([('LESSOPEN', '| /usr/bin/lesspipe %s'), ('KDE_FULL_SESSION', 'true'), ('TMUX', '/tmp/tmux-1000/default,12136,0'), ('USER', 'gadzz'), ('PAM_KWALLET5_LOGIN', '/run/user/1000/kwallet5.socket'), ('LC_TIME', 'id_ID.UTF-8'), ('XDG_SEAT', 'seat0'), ('SSH_AGENT_PID', '2500'), ('XDG_SESSION_TYPE', 'x11'), ('XCURSOR_SIZE', '24'), ('SHLVL', '3'), ('LD_LIBRARY_PATH', '/home/gadzz/Workspace/VTOL-MissionCenter/install/keyboard_msgs/lib:/home/gadzz/Workspace/VTOL-MissionCenter/install/mission_center/lib:/opt/ros/humble/opt/rviz_ogre_vendor/lib:/opt/ros/humble/lib/x86_64-linux-gnu:/opt/ros/humble/lib'), ('LESS', '-R'), ('HOME', '/home/gadzz'), ('KDE_APPLICATIONS_AS_SCOPE', '1'), ('OLDPWD', '/home/gadzz/Workspace/VTOL-MissionCenter/build/mission_center'), ('TERM_PROGRAM_VERSION', '3.5a'), ('DESKTOP_SESSION', 'plasma'), ('LSCOLORS', 'Gxfxcxdxbxegedabagacad'), ('ZSH', '/home/gadzz/.oh-my-zsh'), ('ROS_PYTHON_VERSION', '3'), ('GTK_RC_FILES', '/etc/gtk/gtkrc:/home/gadzz/.gtkrc:/home/gadzz/.config/gtkrc'), ('GTK_MODULES', 'gail:atk-bridge'), ('XDG_SEAT_PATH', '/org/freedesktop/DisplayManager/Seat0'), ('KDE_SESSION_VERSION', '5'), ('PAGER', 'less'), ('LC_MONETARY', 'id_ID.UTF-8'), ('SYSTEMD_EXEC_PID', '2353'), ('DBUS_SESSION_BUS_ADDRESS', 'unix:path=/run/user/1000/bus'), ('COLORTERM', 'truecolor'), ('LIBVIRT_DEFAULT_URI', 'qemu:///system'), ('IM_CONFIG_PHASE', '1'), ('ROS_DISTRO', 'humble'), ('COLCON_PREFIX_PATH', '/home/gadzz/Workspace/VTOL-MissionCenter/install'), ('GTK_IM_MODULE', 'ibus'), ('LOGNAME', 'gadzz'), ('ALACRITTY_SOCKET', '/run/user/1000/Alacritty-:0-11977.sock'), ('WINDOWID', '113246213'), ('QT_AUTO_SCREEN_SCALE_FACTOR', '0'), ('_', '/usr/bin/colcon'), ('ROS_VERSION', '2'), ('XDG_SESSION_CLASS', 'user'), ('TERM', 'tmux-256color'), ('XDG_SESSION_ID', '4'), ('ALACRITTY_LOG', '/tmp/Alacritty-11977.log'), ('ROS_LOCALHOST_ONLY', '0'), ('GTK2_RC_FILES', '/etc/gtk-2.0/gtkrc:/home/gadzz/.gtkrc-2.0:/home/gadzz/.config/gtkrc-2.0'), ('PATH', '/home/gadzz/.cargo/bin:/home/gadzz/local/bin:/opt/ros/humble/bin:/home/gadzz/.cargo/bin:/home/gadzz/local/bin:/home/gadzz/.cargo/bin:/opt/gcc-arm-none-eabi-9-2020-q2-update/bin:/home/gadzz/.local/bin:/usr/local/sbin:/usr/local/bin:/usr/sbin:/usr/bin:/sbin:/bin:/usr/games:/usr/local/games:/snap/bin:/home/gadzz/.fzf/bin:/home/gadzz/Downloads/Micro-XRCE-DDS-Gen/scripts'), ('SESSION_MANAGER', 'local/gadzz:@/tmp/.ICE-unix/2714,unix/gadzz:/tmp/.ICE-unix/2714'), ('XDG_SESSION_PATH', '/org/freedesktop/DisplayManager/Session1'), ('LC_ADDRESS', 'id_ID.UTF-8'), ('XDG_RUNTIME_DIR', '/run/user/1000'), ('XCURSOR_THEME', 'breeze_cursors'), ('DISPLAY', ':0'), ('LANG', 'en_US.UTF-8'), ('XDG_CURRENT_DESKTOP', 'KDE'), ('LC_TELEPHONE', 'id_ID.UTF-8'), ('XMODIFIERS', '@im=ibus'), ('XDG_SESSION_DESKTOP', 'KDE'), ('XAUTHORITY', '/home/gadzz/.Xauthority'), ('LS_COLORS', 'rs=0:di=01;34:ln=01;36:mh=00:pi=40;33:so=01;35:do=01;35:bd=40;33;01:cd=40;33;01:or=40;31;01:mi=00:su=37;41:sg=30;43:ca=30;41:tw=30;42:ow=34;42:st=37;44:ex=01;32:*.tar=01;31:*.tgz=01;31:*.arc=01;31:*.arj=01;31:*.taz=01;31:*.lha=01;31:*.lz4=01;31:*.lzh=01;31:*.lzma=01;31:*.tlz=01;31:*.txz=01;31:*.tzo=01;31:*.t7z=01;31:*.zip=01;31:*.z=01;31:*.dz=01;31:*.gz=01;31:*.lrz=01;31:*.lz=01;31:*.lzo=01;31:*.xz=01;31:*.zst=01;31:*.tzst=01;31:*.bz2=01;31:*.bz=01;31:*.tbz=01;31:*.tbz2=01;31:*.tz=01;31:*.deb=01;31:*.rpm=01;31:*.jar=01;31:*.war=01;31:*.ear=01;31:*.sar=01;31:*.rar=01;31:*.alz=01;31:*.ace=01;31:*.zoo=01;31:*.cpio=01;31:*.7z=01;31:*.rz=01;31:*.cab=01;31:*.wim=01;31:*.swm=01;31:*.dwm=01;31:*.esd=01;31:*.jpg=01;35:*.jpeg=01;35:*.mjpg=01;35:*.mjpeg=01;35:*.gif=01;35:*.bmp=01;35:*.pbm=01;35:*.pgm=01;35:*.ppm=01;35:*.tga=01;35:*.xbm=01;35:*.xpm=01;35:*.tif=01;35:*.tiff=01;35:*.png=01;35:*.svg=01;35:*.svgz=01;35:*.mng=01;35:*.pcx=01;35:*.mov=01;35:*.mpg=01;35:*.mpeg=01;35:*.m2v=01;35:*.mkv=01;35:*.webm=01;35:*.webp=01;35:*.ogm=01;35:*.mp4=01;35:*.m4v=01;35:*.mp4v=01;35:*.vob=01;35:*.qt=01;35:*.nuv=01;35:*.wmv=01;35:*.asf=01;35:*.rm=01;35:*.rmvb=01;35:*.flc=01;35:*.avi=01;35:*.fli=01;35:*.flv=01;35:*.gl=01;35:*.dl=01;35:*.xcf=01;35:*.xwd=01;35:*.yuv=01;35:*.cgm=01;35:*.emf=01;35:*.ogv=01;35:*.ogx=01;35:*.aac=00;36:*.au=00;36:*.flac=00;36:*.m4a=00;36:*.mid=00;36:*.midi=00;36:*.mka=00;36:*.mp3=00;36:*.mpc=00;36:*.ogg=00;36:*.ra=00;36:*.wav=00;36:*.oga=00;36:*.opus=00;36:*.spx=00;36:*.xspf=00;36:'), ('TERM_PROGRAM', 'tmux'), ('SSH_AUTH_SOCK', '/tmp/ssh-XXXXXXhQJ7UG/agent.2413'), ('AMENT_PREFIX_PATH', '/home/gadzz/Workspace/VTOL-MissionCenter/install/mission_center:/home/gadzz/Workspace/VTOL-MissionCenter/install/keyboard:/home/gadzz/Workspace/VTOL-MissionCenter/install/keyboard_msgs:/opt/ros/humble'), ('SHELL', '/bin/bash'), ('LC_NAME', 'id_ID.UTF-8'), ('QT_ACCESSIBILITY', '1'), ('LESSCLOSE', '/usr/bin/lesspipe %s %s'), ('LC_MEASUREMENT', 'id_ID.UTF-8'), ('GPG_AGENT_INFO', '/run/user/1000/gnupg/S.gpg-agent:0:1'), ('LC_IDENTIFICATION', 'id_ID.UTF-8'), ('QT_IM_MODULE', 'ibus'), ('XDG_VTNR', '1'), ('ALACRITTY_WINDOW_ID', '113246213'), ('PWD', '/home/gadzz/Workspace/VTOL-MissionCenter/build/mission_center'), ('LC_ALL', 'en_US.UTF-8'), ('XDG_CONFIG_DIRS', '/home/gadzz/.config/kdedefaults:/etc/xdg/xdg-plasma:/etc/xdg'), ('CLUTTER_IM_MODULE', 'ibus'), ('XDG_DATA_DIRS', '/usr/share/plasma:/usr/share/gnome:/usr/local/share:/usr/share:/var/lib/snapd/desktop'), ('PYTHONPATH', '/home/gadzz/Workspace/VTOL-MissionCenter/install/keyboard_msgs/local/lib/python3.10/dist-packages:/opt/ros/humble/lib/python3.10/site-packages:/opt/ros/humble/local/lib/python3.10/dist-packages'), ('LC_NUMERIC', 'id_ID.UTF-8'), ('TMUX_PLUGIN_MANAGER_PATH', '/home/gadzz/.config/tmux/plugins/'), ('LC_PAPER', 'id_ID.UTF-8'), ('KDE_SESSION_UID', '1000'), ('COLCON', '1'), ('TMUX_PANE', '%1'), ('CMAKE_PREFIX_PATH', '/home/gadzz/Workspace/VTOL-MissionCenter/install/keyboard_msgs:/home/gadzz/Workspace/VTOL-MissionCenter/install/mission_center:/home/gadzz/Workspace/VTOL-MissionCenter/install/keyboard:/opt/ros/humble')]), 'shell': False}
[43.892426] (mission_center) StdoutLine: {'line': b'-- Install configuration: ""\n'}
[43.892638] (mission_center) StdoutLine: {'line': b'-- Installing: /home/gadzz/Workspace/VTOL-MissionCenter/install/mission_center/lib/libuav_mission.so\n'}
[43.922722] (mission_center) StdoutLine: {'line': b'-- Set runtime path of "/home/gadzz/Workspace/VTOL-MissionCenter/install/mission_center/lib/libuav_mission.so" to ""\n'}
[43.922961] (mission_center) StdoutLine: {'line': b'-- Installing: /home/gadzz/Workspace/VTOL-MissionCenter/install/mission_center/lib/mission_center/pilot_node\n'}
[43.925411] (mission_center) StdoutLine: {'line': b'-- Set runtime path of "/home/gadzz/Workspace/VTOL-MissionCenter/install/mission_center/lib/mission_center/pilot_node" to ""\n'}
[43.925656] (mission_center) StdoutLine: {'line': b'-- Up-to-date: /home/gadzz/Workspace/VTOL-MissionCenter/install/mission_center/lib/mission_center/safety_node\n'}
[43.925747] (mission_center) StdoutLine: {'line': b'-- Installing: /home/gadzz/Workspace/VTOL-MissionCenter/install/mission_center/lib/mission_center/ui_node\n'}
[43.928063] (mission_center) StdoutLine: {'line': b'-- Set runtime path of "/home/gadzz/Workspace/VTOL-MissionCenter/install/mission_center/lib/mission_center/ui_node" to ""\n'}
[43.929316] (mission_center) StdoutLine: {'line': b'-- Up-to-date: /home/gadzz/Workspace/VTOL-MissionCenter/install/mission_center/share/mission_center//launch\n'}
[43.929411] (mission_center) StdoutLine: {'line': b'-- Up-to-date: /home/gadzz/Workspace/VTOL-MissionCenter/install/mission_center/share/mission_center//launch/mav.tlog.raw\n'}
[43.932387] (mission_center) StdoutLine: {'line': b'-- Up-to-date: /home/gadzz/Workspace/VTOL-MissionCenter/install/mission_center/share/mission_center//launch/sim_apm.launch\n'}
[43.932937] (-) TimerEvent: {}
[43.933080] (mission_center) StdoutLine: {'line': b'-- Up-to-date: /home/gadzz/Workspace/VTOL-MissionCenter/install/mission_center/share/mission_center//launch/test\n'}
[43.933564] (mission_center) StdoutLine: {'line': b'-- Up-to-date: /home/gadzz/Workspace/VTOL-MissionCenter/install/mission_center/share/mission_center//launch/test/logs\n'}
[43.933657] (mission_center) StdoutLine: {'line': b'-- Up-to-date: /home/gadzz/Workspace/VTOL-MissionCenter/install/mission_center/share/mission_center//launch/test/logs/2025-10-07\n'}
[43.933728] (mission_center) StdoutLine: {'line': b'-- Up-to-date: /home/gadzz/Workspace/VTOL-MissionCenter/install/mission_center/share/mission_center//launch/test/logs/2025-10-07/flight1\n'}
[43.933792] (mission_center) StdoutLine: {'line': b'-- Up-to-date: /home/gadzz/Workspace/VTOL-MissionCenter/install/mission_center/share/mission_center//launch/test/logs/2025-10-07/flight1/flight.tlog.raw\n'}
[43.933855] (mission_center) StdoutLine: {'line': b'-- Up-to-date: /home/gadzz/Workspace/VTOL-MissionCenter/install/mission_center/share/mission_center//launch/test/logs/2025-10-07/flight1/flight.tlog\n'}
[43.933917] (mission_center) StdoutLine: {'line': b'-- Up-to-date: /home/gadzz/Workspace/VTOL-MissionCenter/install/mission_center/share/mission_center//launch/test/logs/2025-10-07/flight1/defaults.parm\n'}
[43.933980] (mission_center) StdoutLine: {'line': b'-- Up-to-date: /home/gadzz/Workspace/VTOL-MissionCenter/install/mission_center/share/mission_center//launch/test/logs/2025-10-07/flight1/mav.parm\n'}
[43.934060] (mission_center) StdoutLine: {'line': b'-- Up-to-date: /home/gadzz/Workspace/VTOL-MissionCenter/install/mission_center/share/mission_center//launch/mav.tlog\n'}
[43.934203] (mission_center) StdoutLine: {'line': b'-- Up-to-date: /home/gadzz/Workspace/VTOL-MissionCenter/install/mission_center/share/mission_center//launch/eeprom.bin\n'}
[43.935754] (mission_center) StdoutLine: {'line': b'-- Up-to-date: /home/gadzz/Workspace/VTOL-MissionCenter/install/mission_center/share/mission_center//launch/real_apm.launch\n'}
[43.935971] (mission_center) StdoutLine: {'line': b'-- Up-to-date: /home/gadzz/Workspace/VTOL-MissionCenter/install/mission_center/lib/mission_center/trajectory_streamer\n'}
[43.936071] (mission_center) StdoutLine: {'line': b'-- Up-to-date: /home/gadzz/Workspace/VTOL-MissionCenter/install/mission_center/share/mission_center/environment/library_path.sh\n'}
[43.936133] (mission_center) StdoutLine: {'line': b'-- Up-to-date: /home/gadzz/Workspace/VTOL-MissionCenter/install/mission_center/share/mission_center/environment/library_path.dsv\n'}
[43.936190] (mission_center) StdoutLine: {'line': b'-- Up-to-date: /home/gadzz/Workspace/VTOL-MissionCenter/install/mission_center/share/ament_index/resource_index/package_run_dependencies/mission_center\n'}
[43.936250] (mission_center) StdoutLine: {'line': b'-- Up-to-date: /home/gadzz/Workspace/VTOL-MissionCenter/install/mission_center/share/ament_index/resource_index/parent_prefix_path/mission_center\n'}
[43.936312] (mission_center) StdoutLine: {'line': b'-- Up-to-date: /home/gadzz/Workspace/VTOL-MissionCenter/install/mission_center/share/mission_center/environment/ament_prefix_path.sh\n'}
[43.936375] (mission_center) StdoutLine: {'line': b'-- Up-to-date: /home/gadzz/Workspace/VTOL-MissionCenter/install/mission_center/share/mission_center/environment/ament_prefix_path.dsv\n'}
[43.936434] (mission_center) StdoutLine: {'line': b'-- Up-to-date: /home/gadzz/Workspace/VTOL-MissionCenter/install/mission_center/share/mission_center/environment/path.sh\n'}
[43.936612] (mission_center) StdoutLine: {'line': b'-- Up-to-date: /home/gadzz/Workspace/VTOL-MissionCenter/install/mission_center/share/mission_center/environment/path.dsv\n'}
[43.937204] (mission_center) StdoutLine: {'line': b'-- Up-to-date: /home/gadzz/Workspace/VTOL-MissionCenter/install/mission_center/share/mission_center/local_setup.bash\n'}
[43.937390] (mission_center) StdoutLine: {'line': b'-- Up-to-date: /home/gadzz/Workspace/VTOL-MissionCenter/install/mission_center/share/mission_center/local_setup.sh\n'}
[43.937766] (mission_center) StdoutLine: {'line': b'-- Up-to-date: /home/gadzz/Workspace/VTOL-MissionCenter/install/mission_center/share/mission_center/local_setup.zsh\n'}
[43.937837] (mission_center) StdoutLine: {'line': b'-- Up-to-date: /home/gadzz/Workspace/VTOL-MissionCenter/install/mission_center/share/mission_center/local_setup.dsv\n'}
[43.939128] (mission_center) StdoutLine: {'line': b'-- Installing: /home/gadzz/Workspace/VTOL-MissionCenter/install/mission_center/share/mission_center/package.dsv\n'}
[43.939260] (mission_center) StdoutLine: {'line': b'-- Up-to-date: /home/gadzz/Workspace/VTOL-MissionCenter/install/mission_center/share/ament_index/resource_index/packages/mission_center\n'}
[43.939342] (mission_center) StdoutLine: {'line': b'-- Up-to-date: /home/gadzz/Workspace/VTOL-MissionCenter/install/mission_center/share/mission_center/cmake/ament_cmake_export_include_directories-extras.cmake\n'}
[43.939419] (mission_center) StdoutLine: {'line': b'-- Up-to-date: /home/gadzz/Workspace/VTOL-MissionCenter/install/mission_center/share/mission_center/cmake/ament_cmake_export_libraries-extras.cmake\n'}
[43.939536] (mission_center) StdoutLine: {'line': b'-- Up-to-date: /home/gadzz/Workspace/VTOL-MissionCenter/install/mission_center/share/mission_center/cmake/mission_centerConfig.cmake\n'}
[43.939617] (mission_center) StdoutLine: {'line': b'-- Up-to-date: /home/gadzz/Workspace/VTOL-MissionCenter/install/mission_center/share/mission_center/cmake/mission_centerConfig-version.cmake\n'}
[43.939805] (mission_center) StdoutLine: {'line': b'-- Up-to-date: /home/gadzz/Workspace/VTOL-MissionCenter/install/mission_center/share/mission_center/package.xml\n'}
[43.939904] (mission_center) CommandEnded: {'returncode': 0}
[43.960996] (mission_center) JobEnded: {'identifier': 'mission_center', 'rc': 0}
[43.962569] (-) EventReactorShutdown: {}
