[0.000000] (-) TimerEvent: {}
[0.000828] (keyboard_msgs) JobQueued: {'identifier': 'keyboard_msgs', 'dependencies': OrderedDict()}
[0.000889] (keyboard) JobQueued: {'identifier': 'keyboard', 'dependencies': OrderedDict([('keyboard_msgs', '/home/gadzz/tubitak_ws/install/keyboard_msgs')])}
[0.000904] (mission_center) JobQueued: {'identifier': 'mission_center', 'dependencies': OrderedDict([('keyboard_msgs', '/home/gadzz/tubitak_ws/install/keyboard_msgs')])}
[0.000916] (keyboard_msgs) JobStarted: {'identifier': 'keyboard_msgs'}
[0.020694] (keyboard_msgs) JobProgress: {'identifier': 'keyboard_msgs', 'progress': 'cmake'}
[0.022077] (keyboard_msgs) JobProgress: {'identifier': 'keyboard_msgs', 'progress': 'build'}
[0.023880] (keyboard_msgs) Command: {'cmd': ['/usr/bin/cmake', '--build', '/home/gadzz/tubitak_ws/build/keyboard_msgs', '--', '-j8', '-l8'], 'cwd': '/home/gadzz/tubitak_ws/build/keyboard_msgs', 'env': OrderedDict([('GZ_SIM_SYSTEM_PLUGIN_PATH', '/home/gadzz/ardu_ws/install/ardupilot_sitl_models/lib/ardupilot_sitl_models/:/home/gadzz/ardu_ws/install/ardupilot_gz_gazebo/lib/ardupilot_gz_gazebo/:/home/gadzz/ardu_ws/install/ardupilot_gazebo/lib/ardupilot_gazebo/'), ('TMUX', '/tmp/tmux-1000/default,28455,0'), ('GZ_SIM_RESOURCE_PATH', '/home/gadzz/ardu_ws/install/ardupilot_sitl_models/share/ardupilot_sitl_models/worlds:/home/gadzz/ardu_ws/install/ardupilot_sitl_models/share/ardupilot_sitl_models/models:/home/gadzz/ardu_ws/install/ardupilot_sitl_models/share:/home/gadzz/ardu_ws/install/ardupilot_gz_gazebo/share/ardupilot_gz_gazebo/worlds:/home/gadzz/ardu_ws/install/ardupilot_gz_description/share/ardupilot_gz_description/models:/home/gadzz/ardu_ws/install/ardupilot_gz_description/share:/home/gadzz/ardu_ws/install/ardupilot_gazebo/share/ardupilot_gazebo/worlds:/home/gadzz/ardu_ws/install/ardupilot_gazebo/share/ardupilot_gazebo/models:/home/gadzz/ardu_ws/install/ardupilot_gazebo/share'), ('LC_TIME', 'id_ID.UTF-8'), ('USER', 'gadzz'), ('XDG_SEAT', 'seat0'), ('XDG_SESSION_TYPE', 'x11'), ('BROWSER', 'firefox-esr'), ('LD_LIBRARY_PATH', '/home/gadzz/ardu_ws/install/sdformat_urdf/lib:/home/gadzz/ardu_ws/install/ros_ign_interfaces/lib:/home/gadzz/ardu_ws/install/ros_gz_sim/lib:/home/gadzz/ardu_ws/install/ros_gz_bridge/lib:/home/gadzz/ardu_ws/install/ros_gz_interfaces/lib:/home/gadzz/ardu_ws/install/micro_ros_agent/lib:/home/gadzz/ardu_ws/install/keyboard_msgs/lib:/home/gadzz/ardu_ws/install/ardupilot_msgs/lib:/opt/ros/humble/opt/rviz_ogre_vendor/lib:/opt/ros/humble/lib/x86_64-linux-gnu:/opt/ros/humble/lib'), ('SHLVL', '2'), ('HOME', '/home/gadzz'), ('LESS', '-R'), ('OLDPWD', '/home/gadzz'), ('DESKTOP_SESSION', 'awesome'), ('TERM_PROGRAM_VERSION', '3.5a'), ('LSCOLORS', 'Gxfxcxdxbxegedabagacad'), ('ZSH', '/home/gadzz/.oh-my-zsh'), ('GTK_MODULES', 'gail:atk-bridge'), ('PAGER', 'less'), ('ROS_PYTHON_VERSION', '3'), ('LC_MONETARY', 'id_ID.UTF-8'), ('DBUS_SESSION_BUS_ADDRESS', 'unix:path=/run/user/1000/bus'), ('SYSTEMD_EXEC_PID', '2502'), ('VISUAL', 'nvim'), ('COLORTERM', 'truecolor'), ('FZF_BASE', '/usr/bin/fzf'), ('COLCON_PREFIX_PATH', '/home/gadzz/ardu_ws/install'), ('ROS_DISTRO', 'humble'), ('ALACRITTY_SOCKET', '/run/user/1000/Alacritty-:0-27989.sock'), ('GTK_IM_MODULE', 'ibus'), ('LOGNAME', 'gadzz'), ('WINDOWID', '35651589'), ('_', '/usr/bin/colcon'), ('PKG_CONFIG_PATH', '/home/gadzz/ardu_ws/install/sdformat_test_files/lib/x86_64-linux-gnu/pkgconfig:/home/gadzz/ardu_ws/install/sdformat_test_files/lib/pkgconfig'), ('ROS_VERSION', '2'), ('XDG_SESSION_CLASS', 'user'), ('ALACRITTY_LOG', '/tmp/Alacritty-27989.log'), ('TERM', 'tmux-256color'), ('USERNAME', 'gadzz'), ('XDG_SESSION_ID', '3'), ('ROS_LOCALHOST_ONLY', '0'), ('WINDOWPATH', '2'), ('PATH', '/home/gadzz/.local/bin:/home/gadzz/ardu_ws/install/ardupilot_sitl/bin:/opt/ros/humble/bin:/home/gadzz/.local/bin:/usr/lib/ccache:/home/gadzz/ardu_ws/src/ardupilot/Tools/autotest:/opt/gcc-arm-none-eabi-10-2020-q4-major/bin:/home/gadzz/.local/bin:/usr/local/sbin:/usr/local/bin:/usr/sbin:/usr/bin:/sbin:/bin:/usr/games:/usr/local/games:/snap/bin:/snap/bin:/home/gadzz/ardu_ws/Micro-XRCE-DDS-Gen/scripts:/home/gadzz/ardu_ws/src/ardupilot/Tools/autotest:/home/gadzz/ardu_ws/Micro-XRCE-DDS-Gen/scripts:/home/gadzz/ardu_ws/src/ardupilot/Tools/autotest'), ('DIRHISTORY_SIZE', '30'), ('LC_ADDRESS', 'id_ID.UTF-8'), ('XDG_RUNTIME_DIR', '/run/user/1000'), ('DISPLAY', ':0'), ('LANG', 'en_US.UTF-8'), ('LC_TELEPHONE', 'id_ID.UTF-8'), ('LS_COLORS', 'rs=0:di=01;34:ln=01;36:mh=00:pi=40;33:so=01;35:do=01;35:bd=40;33;01:cd=40;33;01:or=40;31;01:mi=00:su=37;41:sg=30;43:ca=30;41:tw=30;42:ow=34;42:st=37;44:ex=01;32:*.tar=01;31:*.tgz=01;31:*.arc=01;31:*.arj=01;31:*.taz=01;31:*.lha=01;31:*.lz4=01;31:*.lzh=01;31:*.lzma=01;31:*.tlz=01;31:*.txz=01;31:*.tzo=01;31:*.t7z=01;31:*.zip=01;31:*.z=01;31:*.dz=01;31:*.gz=01;31:*.lrz=01;31:*.lz=01;31:*.lzo=01;31:*.xz=01;31:*.zst=01;31:*.tzst=01;31:*.bz2=01;31:*.bz=01;31:*.tbz=01;31:*.tbz2=01;31:*.tz=01;31:*.deb=01;31:*.rpm=01;31:*.jar=01;31:*.war=01;31:*.ear=01;31:*.sar=01;31:*.rar=01;31:*.alz=01;31:*.ace=01;31:*.zoo=01;31:*.cpio=01;31:*.7z=01;31:*.rz=01;31:*.cab=01;31:*.wim=01;31:*.swm=01;31:*.dwm=01;31:*.esd=01;31:*.jpg=01;35:*.jpeg=01;35:*.mjpg=01;35:*.mjpeg=01;35:*.gif=01;35:*.bmp=01;35:*.pbm=01;35:*.pgm=01;35:*.ppm=01;35:*.tga=01;35:*.xbm=01;35:*.xpm=01;35:*.tif=01;35:*.tiff=01;35:*.png=01;35:*.svg=01;35:*.svgz=01;35:*.mng=01;35:*.pcx=01;35:*.mov=01;35:*.mpg=01;35:*.mpeg=01;35:*.m2v=01;35:*.mkv=01;35:*.webm=01;35:*.webp=01;35:*.ogm=01;35:*.mp4=01;35:*.m4v=01;35:*.mp4v=01;35:*.vob=01;35:*.qt=01;35:*.nuv=01;35:*.wmv=01;35:*.asf=01;35:*.rm=01;35:*.rmvb=01;35:*.flc=01;35:*.avi=01;35:*.fli=01;35:*.flv=01;35:*.gl=01;35:*.dl=01;35:*.xcf=01;35:*.xwd=01;35:*.yuv=01;35:*.cgm=01;35:*.emf=01;35:*.ogv=01;35:*.ogx=01;35:*.aac=00;36:*.au=00;36:*.flac=00;36:*.m4a=00;36:*.mid=00;36:*.midi=00;36:*.mka=00;36:*.mp3=00;36:*.mpc=00;36:*.ogg=00;36:*.ra=00;36:*.wav=00;36:*.oga=00;36:*.opus=00;36:*.spx=00;36:*.xspf=00;36:'), ('TERM_PROGRAM', 'tmux'), ('XAUTHORITY', '/run/user/1000/gdm/Xauthority'), ('XDG_SESSION_DESKTOP', 'awesome'), ('XMODIFIERS', '@im=ibus'), ('AMENT_PREFIX_PATH', '/home/gadzz/ardu_ws/install/test_ros_gz_bridge:/home/gadzz/ardu_ws/install/ros_ign:/home/gadzz/ardu_ws/install/ros_ign_gazebo_demos:/home/gadzz/ardu_ws/install/ros_gz:/home/gadzz/ardu_ws/install/ros_gz_sim_demos:/home/gadzz/ardu_ws/install/ardupilot_gz_bringup:/home/gadzz/ardu_ws/install/sdformat_urdf:/home/gadzz/ardu_ws/install/ros_ign_interfaces:/home/gadzz/ardu_ws/install/ros_ign_image:/home/gadzz/ardu_ws/install/ros_ign_gazebo:/home/gadzz/ardu_ws/install/ros_ign_bridge:/home/gadzz/ardu_ws/install/ros_gz_sim:/home/gadzz/ardu_ws/install/ros_gz_image:/home/gadzz/ardu_ws/install/ros_gz_bridge:/home/gadzz/ardu_ws/install/ros_gz_interfaces:/home/gadzz/ardu_ws/install/ardupilot_dds_tests:/home/gadzz/ardu_ws/install/ardupilot_sitl:/home/gadzz/ardu_ws/install/micro_ros_agent:/home/gadzz/ardu_ws/install/keyboard:/home/gadzz/ardu_ws/install/keyboard_msgs:/home/gadzz/ardu_ws/install/ardupilot_sitl_models:/home/gadzz/ardu_ws/install/ardupilot_msgs:/home/gadzz/ardu_ws/install/ardupilot_gz_gazebo:/home/gadzz/ardu_ws/install/ardupilot_gz_description:/home/gadzz/ardu_ws/install/ardupilot_gz_application:/home/gadzz/ardu_ws/install/ardupilot_gazebo:/opt/ros/humble'), ('LC_NAME', 'id_ID.UTF-8'), ('SHELL', '/usr/bin/zsh'), ('GDMSESSION', 'awesome'), ('QT_ACCESSIBILITY', '1'), ('IGN_GAZEBO_RESOURCE_PATH', '/home/gadzz/ardu_ws/install/ros_gz_sim_demos/share'), ('LC_MEASUREMENT', 'id_ID.UTF-8'), ('GPG_AGENT_INFO', '/run/user/1000/gnupg/S.gpg-agent:0:1'), ('GZ_VERSION', 'harmonic'), ('LC_IDENTIFICATION', 'id_ID.UTF-8'), ('ALACRITTY_WINDOW_ID', '35651589'), ('QT_IM_MODULE', 'ibus'), ('XDG_VTNR', '2'), ('FZF_DEFAULT_COMMAND', 'rg --files --hidden --glob "!.git/*"'), ('PWD', '/home/gadzz/tubitak_ws/build/keyboard_msgs'), ('CLUTTER_IM_MODULE', 'ibus'), ('XDG_CONFIG_DIRS', '/etc/xdg/xdg-awesome:/etc/xdg'), ('XDG_DATA_DIRS', '/usr/share/awesome:/usr/share/gnome:/usr/local/share/:/usr/share/:/var/lib/snapd/desktop'), ('LC_NUMERIC', 'id_ID.UTF-8'), ('PYTHONPATH', '/home/gadzz/ardu_ws/install/ros_ign_interfaces/local/lib/python3.10/dist-packages:/home/gadzz/ardu_ws/install/ros_gz_interfaces/local/lib/python3.10/dist-packages:/home/gadzz/ardu_ws/install/ardupilot_dds_tests/lib/python3.10/site-packages:/home/gadzz/ardu_ws/install/ardupilot_sitl/local/lib/python3.10/dist-packages:/home/gadzz/ardu_ws/install/keyboard_msgs/local/lib/python3.10/dist-packages:/home/gadzz/ardu_ws/install/ardupilot_msgs/local/lib/python3.10/dist-packages:/opt/ros/humble/lib/python3.10/site-packages:/opt/ros/humble/local/lib/python3.10/dist-packages'), ('LC_PAPER', 'id_ID.UTF-8'), ('TMUX_PLUGIN_MANAGER_PATH', '/home/gadzz/.config/tmux/plugins/'), ('COLCON', '1'), ('TERMINAL', 'alacritty'), ('TMUX_PANE', '%3'), ('CMAKE_PREFIX_PATH', '/home/gadzz/ardu_ws/install/test_ros_gz_bridge:/home/gadzz/ardu_ws/install/ros_ign:/home/gadzz/ardu_ws/install/ros_ign_gazebo_demos:/home/gadzz/ardu_ws/install/ros_gz:/home/gadzz/ardu_ws/install/ros_gz_sim_demos:/home/gadzz/ardu_ws/install/ardupilot_gz_bringup:/home/gadzz/ardu_ws/install/sdformat_urdf:/home/gadzz/ardu_ws/install/sdformat_test_files:/home/gadzz/ardu_ws/install/ros_ign_interfaces:/home/gadzz/ardu_ws/install/ros_ign_image:/home/gadzz/ardu_ws/install/ros_ign_gazebo:/home/gadzz/ardu_ws/install/ros_ign_bridge:/home/gadzz/ardu_ws/install/ros_gz_sim:/home/gadzz/ardu_ws/install/ros_gz_image:/home/gadzz/ardu_ws/install/ros_gz_bridge:/home/gadzz/ardu_ws/install/ros_gz_interfaces:/home/gadzz/ardu_ws/install/ardupilot_sitl:/home/gadzz/ardu_ws/install/micro_ros_agent:/home/gadzz/ardu_ws/install/keyboard:/home/gadzz/ardu_ws/install/keyboard_msgs:/home/gadzz/ardu_ws/install/ardupilot_sitl_models:/home/gadzz/ardu_ws/install/ardupilot_msgs:/home/gadzz/ardu_ws/install/ardupilot_gz_gazebo:/home/gadzz/ardu_ws/install/ardupilot_gz_description:/home/gadzz/ardu_ws/install/ardupilot_gz_application:/home/gadzz/ardu_ws/install/ardupilot_gazebo:/home/gadzz/ardu_ws/install/ardupilot_dds_tests:/opt/ros/humble'), ('EDITOR', 'geany'), ('HISTORY_IGNORE', '(ls|cd|pwd|exit|sudo reboot|history|cd -|cd ..)')]), 'shell': False}
[0.072451] (keyboard_msgs) StdoutLine: {'line': b'[  6%] Built target keyboard_msgs__cpp\n'}
[0.072687] (keyboard_msgs) StdoutLine: {'line': b'[ 12%] Built target keyboard_msgs__rosidl_generator_c\n'}
[0.080172] (keyboard_msgs) StdoutLine: {'line': b'[ 12%] Built target ament_cmake_python_copy_keyboard_msgs\n'}
[0.100416] (-) TimerEvent: {}
[0.110549] (keyboard_msgs) StdoutLine: {'line': b'[ 22%] Built target keyboard_msgs__rosidl_typesupport_c\n'}
[0.110796] (keyboard_msgs) StdoutLine: {'line': b'[ 32%] Built target keyboard_msgs__rosidl_typesupport_fastrtps_cpp\n'}
[0.112200] (keyboard_msgs) StdoutLine: {'line': b'[ 41%] Built target keyboard_msgs__rosidl_typesupport_fastrtps_c\n'}
[0.114553] (keyboard_msgs) StdoutLine: {'line': b'[ 51%] Built target keyboard_msgs__rosidl_typesupport_cpp\n'}
[0.123080] (keyboard_msgs) StdoutLine: {'line': b'[ 61%] Built target keyboard_msgs__rosidl_typesupport_introspection_cpp\n'}
[0.131542] (keyboard_msgs) StdoutLine: {'line': b'[ 70%] Built target keyboard_msgs__rosidl_typesupport_introspection_c\n'}
[0.157647] (keyboard_msgs) StdoutLine: {'line': b'[ 70%] Built target keyboard_msgs\n'}
[0.182846] (keyboard_msgs) StdoutLine: {'line': b'[ 74%] Built target keyboard_msgs__py\n'}
[0.200518] (-) TimerEvent: {}
[0.201359] (keyboard_msgs) StdoutLine: {'line': b'[ 80%] Built target keyboard_msgs__rosidl_generator_py\n'}
[0.232163] (keyboard_msgs) StdoutLine: {'line': b'[ 87%] Built target keyboard_msgs__rosidl_typesupport_c__pyext\n'}
[0.232414] (keyboard_msgs) StdoutLine: {'line': b'[100%] Built target keyboard_msgs__rosidl_typesupport_fastrtps_c__pyext\n'}
[0.232591] (keyboard_msgs) StdoutLine: {'line': b'[100%] Built target keyboard_msgs__rosidl_typesupport_introspection_c__pyext\n'}
[0.300575] (-) TimerEvent: {}
[0.363362] (keyboard_msgs) StdoutLine: {'line': b'running egg_info\n'}
[0.364768] (keyboard_msgs) StdoutLine: {'line': b'writing keyboard_msgs.egg-info/PKG-INFO\n'}
[0.365503] (keyboard_msgs) StdoutLine: {'line': b'writing dependency_links to keyboard_msgs.egg-info/dependency_links.txt\n'}
[0.365906] (keyboard_msgs) StdoutLine: {'line': b'writing top-level names to keyboard_msgs.egg-info/top_level.txt\n'}
[0.373105] (keyboard_msgs) StdoutLine: {'line': b"reading manifest file 'keyboard_msgs.egg-info/SOURCES.txt'\n"}
[0.374126] (keyboard_msgs) StdoutLine: {'line': b"writing manifest file 'keyboard_msgs.egg-info/SOURCES.txt'\n"}
[0.400700] (-) TimerEvent: {}
[0.401137] (keyboard_msgs) StdoutLine: {'line': b'[100%] Built target ament_cmake_python_build_keyboard_msgs_egg\n'}
[0.421548] (keyboard_msgs) CommandEnded: {'returncode': 0}
[0.422205] (keyboard_msgs) JobProgress: {'identifier': 'keyboard_msgs', 'progress': 'install'}
[0.432276] (keyboard_msgs) Command: {'cmd': ['/usr/bin/cmake', '--install', '/home/gadzz/tubitak_ws/build/keyboard_msgs'], 'cwd': '/home/gadzz/tubitak_ws/build/keyboard_msgs', 'env': OrderedDict([('GZ_SIM_SYSTEM_PLUGIN_PATH', '/home/gadzz/ardu_ws/install/ardupilot_sitl_models/lib/ardupilot_sitl_models/:/home/gadzz/ardu_ws/install/ardupilot_gz_gazebo/lib/ardupilot_gz_gazebo/:/home/gadzz/ardu_ws/install/ardupilot_gazebo/lib/ardupilot_gazebo/'), ('TMUX', '/tmp/tmux-1000/default,28455,0'), ('GZ_SIM_RESOURCE_PATH', '/home/gadzz/ardu_ws/install/ardupilot_sitl_models/share/ardupilot_sitl_models/worlds:/home/gadzz/ardu_ws/install/ardupilot_sitl_models/share/ardupilot_sitl_models/models:/home/gadzz/ardu_ws/install/ardupilot_sitl_models/share:/home/gadzz/ardu_ws/install/ardupilot_gz_gazebo/share/ardupilot_gz_gazebo/worlds:/home/gadzz/ardu_ws/install/ardupilot_gz_description/share/ardupilot_gz_description/models:/home/gadzz/ardu_ws/install/ardupilot_gz_description/share:/home/gadzz/ardu_ws/install/ardupilot_gazebo/share/ardupilot_gazebo/worlds:/home/gadzz/ardu_ws/install/ardupilot_gazebo/share/ardupilot_gazebo/models:/home/gadzz/ardu_ws/install/ardupilot_gazebo/share'), ('LC_TIME', 'id_ID.UTF-8'), ('USER', 'gadzz'), ('XDG_SEAT', 'seat0'), ('XDG_SESSION_TYPE', 'x11'), ('BROWSER', 'firefox-esr'), ('LD_LIBRARY_PATH', '/home/gadzz/ardu_ws/install/sdformat_urdf/lib:/home/gadzz/ardu_ws/install/ros_ign_interfaces/lib:/home/gadzz/ardu_ws/install/ros_gz_sim/lib:/home/gadzz/ardu_ws/install/ros_gz_bridge/lib:/home/gadzz/ardu_ws/install/ros_gz_interfaces/lib:/home/gadzz/ardu_ws/install/micro_ros_agent/lib:/home/gadzz/ardu_ws/install/keyboard_msgs/lib:/home/gadzz/ardu_ws/install/ardupilot_msgs/lib:/opt/ros/humble/opt/rviz_ogre_vendor/lib:/opt/ros/humble/lib/x86_64-linux-gnu:/opt/ros/humble/lib'), ('SHLVL', '2'), ('HOME', '/home/gadzz'), ('LESS', '-R'), ('OLDPWD', '/home/gadzz'), ('DESKTOP_SESSION', 'awesome'), ('TERM_PROGRAM_VERSION', '3.5a'), ('LSCOLORS', 'Gxfxcxdxbxegedabagacad'), ('ZSH', '/home/gadzz/.oh-my-zsh'), ('GTK_MODULES', 'gail:atk-bridge'), ('PAGER', 'less'), ('ROS_PYTHON_VERSION', '3'), ('LC_MONETARY', 'id_ID.UTF-8'), ('DBUS_SESSION_BUS_ADDRESS', 'unix:path=/run/user/1000/bus'), ('SYSTEMD_EXEC_PID', '2502'), ('VISUAL', 'nvim'), ('COLORTERM', 'truecolor'), ('FZF_BASE', '/usr/bin/fzf'), ('COLCON_PREFIX_PATH', '/home/gadzz/ardu_ws/install'), ('ROS_DISTRO', 'humble'), ('ALACRITTY_SOCKET', '/run/user/1000/Alacritty-:0-27989.sock'), ('GTK_IM_MODULE', 'ibus'), ('LOGNAME', 'gadzz'), ('WINDOWID', '35651589'), ('_', '/usr/bin/colcon'), ('PKG_CONFIG_PATH', '/home/gadzz/ardu_ws/install/sdformat_test_files/lib/x86_64-linux-gnu/pkgconfig:/home/gadzz/ardu_ws/install/sdformat_test_files/lib/pkgconfig'), ('ROS_VERSION', '2'), ('XDG_SESSION_CLASS', 'user'), ('ALACRITTY_LOG', '/tmp/Alacritty-27989.log'), ('TERM', 'tmux-256color'), ('USERNAME', 'gadzz'), ('XDG_SESSION_ID', '3'), ('ROS_LOCALHOST_ONLY', '0'), ('WINDOWPATH', '2'), ('PATH', '/home/gadzz/.local/bin:/home/gadzz/ardu_ws/install/ardupilot_sitl/bin:/opt/ros/humble/bin:/home/gadzz/.local/bin:/usr/lib/ccache:/home/gadzz/ardu_ws/src/ardupilot/Tools/autotest:/opt/gcc-arm-none-eabi-10-2020-q4-major/bin:/home/gadzz/.local/bin:/usr/local/sbin:/usr/local/bin:/usr/sbin:/usr/bin:/sbin:/bin:/usr/games:/usr/local/games:/snap/bin:/snap/bin:/home/gadzz/ardu_ws/Micro-XRCE-DDS-Gen/scripts:/home/gadzz/ardu_ws/src/ardupilot/Tools/autotest:/home/gadzz/ardu_ws/Micro-XRCE-DDS-Gen/scripts:/home/gadzz/ardu_ws/src/ardupilot/Tools/autotest'), ('DIRHISTORY_SIZE', '30'), ('LC_ADDRESS', 'id_ID.UTF-8'), ('XDG_RUNTIME_DIR', '/run/user/1000'), ('DISPLAY', ':0'), ('LANG', 'en_US.UTF-8'), ('LC_TELEPHONE', 'id_ID.UTF-8'), ('LS_COLORS', 'rs=0:di=01;34:ln=01;36:mh=00:pi=40;33:so=01;35:do=01;35:bd=40;33;01:cd=40;33;01:or=40;31;01:mi=00:su=37;41:sg=30;43:ca=30;41:tw=30;42:ow=34;42:st=37;44:ex=01;32:*.tar=01;31:*.tgz=01;31:*.arc=01;31:*.arj=01;31:*.taz=01;31:*.lha=01;31:*.lz4=01;31:*.lzh=01;31:*.lzma=01;31:*.tlz=01;31:*.txz=01;31:*.tzo=01;31:*.t7z=01;31:*.zip=01;31:*.z=01;31:*.dz=01;31:*.gz=01;31:*.lrz=01;31:*.lz=01;31:*.lzo=01;31:*.xz=01;31:*.zst=01;31:*.tzst=01;31:*.bz2=01;31:*.bz=01;31:*.tbz=01;31:*.tbz2=01;31:*.tz=01;31:*.deb=01;31:*.rpm=01;31:*.jar=01;31:*.war=01;31:*.ear=01;31:*.sar=01;31:*.rar=01;31:*.alz=01;31:*.ace=01;31:*.zoo=01;31:*.cpio=01;31:*.7z=01;31:*.rz=01;31:*.cab=01;31:*.wim=01;31:*.swm=01;31:*.dwm=01;31:*.esd=01;31:*.jpg=01;35:*.jpeg=01;35:*.mjpg=01;35:*.mjpeg=01;35:*.gif=01;35:*.bmp=01;35:*.pbm=01;35:*.pgm=01;35:*.ppm=01;35:*.tga=01;35:*.xbm=01;35:*.xpm=01;35:*.tif=01;35:*.tiff=01;35:*.png=01;35:*.svg=01;35:*.svgz=01;35:*.mng=01;35:*.pcx=01;35:*.mov=01;35:*.mpg=01;35:*.mpeg=01;35:*.m2v=01;35:*.mkv=01;35:*.webm=01;35:*.webp=01;35:*.ogm=01;35:*.mp4=01;35:*.m4v=01;35:*.mp4v=01;35:*.vob=01;35:*.qt=01;35:*.nuv=01;35:*.wmv=01;35:*.asf=01;35:*.rm=01;35:*.rmvb=01;35:*.flc=01;35:*.avi=01;35:*.fli=01;35:*.flv=01;35:*.gl=01;35:*.dl=01;35:*.xcf=01;35:*.xwd=01;35:*.yuv=01;35:*.cgm=01;35:*.emf=01;35:*.ogv=01;35:*.ogx=01;35:*.aac=00;36:*.au=00;36:*.flac=00;36:*.m4a=00;36:*.mid=00;36:*.midi=00;36:*.mka=00;36:*.mp3=00;36:*.mpc=00;36:*.ogg=00;36:*.ra=00;36:*.wav=00;36:*.oga=00;36:*.opus=00;36:*.spx=00;36:*.xspf=00;36:'), ('TERM_PROGRAM', 'tmux'), ('XAUTHORITY', '/run/user/1000/gdm/Xauthority'), ('XDG_SESSION_DESKTOP', 'awesome'), ('XMODIFIERS', '@im=ibus'), ('AMENT_PREFIX_PATH', '/home/gadzz/ardu_ws/install/test_ros_gz_bridge:/home/gadzz/ardu_ws/install/ros_ign:/home/gadzz/ardu_ws/install/ros_ign_gazebo_demos:/home/gadzz/ardu_ws/install/ros_gz:/home/gadzz/ardu_ws/install/ros_gz_sim_demos:/home/gadzz/ardu_ws/install/ardupilot_gz_bringup:/home/gadzz/ardu_ws/install/sdformat_urdf:/home/gadzz/ardu_ws/install/ros_ign_interfaces:/home/gadzz/ardu_ws/install/ros_ign_image:/home/gadzz/ardu_ws/install/ros_ign_gazebo:/home/gadzz/ardu_ws/install/ros_ign_bridge:/home/gadzz/ardu_ws/install/ros_gz_sim:/home/gadzz/ardu_ws/install/ros_gz_image:/home/gadzz/ardu_ws/install/ros_gz_bridge:/home/gadzz/ardu_ws/install/ros_gz_interfaces:/home/gadzz/ardu_ws/install/ardupilot_dds_tests:/home/gadzz/ardu_ws/install/ardupilot_sitl:/home/gadzz/ardu_ws/install/micro_ros_agent:/home/gadzz/ardu_ws/install/keyboard:/home/gadzz/ardu_ws/install/keyboard_msgs:/home/gadzz/ardu_ws/install/ardupilot_sitl_models:/home/gadzz/ardu_ws/install/ardupilot_msgs:/home/gadzz/ardu_ws/install/ardupilot_gz_gazebo:/home/gadzz/ardu_ws/install/ardupilot_gz_description:/home/gadzz/ardu_ws/install/ardupilot_gz_application:/home/gadzz/ardu_ws/install/ardupilot_gazebo:/opt/ros/humble'), ('LC_NAME', 'id_ID.UTF-8'), ('SHELL', '/usr/bin/zsh'), ('GDMSESSION', 'awesome'), ('QT_ACCESSIBILITY', '1'), ('IGN_GAZEBO_RESOURCE_PATH', '/home/gadzz/ardu_ws/install/ros_gz_sim_demos/share'), ('LC_MEASUREMENT', 'id_ID.UTF-8'), ('GPG_AGENT_INFO', '/run/user/1000/gnupg/S.gpg-agent:0:1'), ('GZ_VERSION', 'harmonic'), ('LC_IDENTIFICATION', 'id_ID.UTF-8'), ('ALACRITTY_WINDOW_ID', '35651589'), ('QT_IM_MODULE', 'ibus'), ('XDG_VTNR', '2'), ('FZF_DEFAULT_COMMAND', 'rg --files --hidden --glob "!.git/*"'), ('PWD', '/home/gadzz/tubitak_ws/build/keyboard_msgs'), ('CLUTTER_IM_MODULE', 'ibus'), ('XDG_CONFIG_DIRS', '/etc/xdg/xdg-awesome:/etc/xdg'), ('XDG_DATA_DIRS', '/usr/share/awesome:/usr/share/gnome:/usr/local/share/:/usr/share/:/var/lib/snapd/desktop'), ('LC_NUMERIC', 'id_ID.UTF-8'), ('PYTHONPATH', '/home/gadzz/ardu_ws/install/ros_ign_interfaces/local/lib/python3.10/dist-packages:/home/gadzz/ardu_ws/install/ros_gz_interfaces/local/lib/python3.10/dist-packages:/home/gadzz/ardu_ws/install/ardupilot_dds_tests/lib/python3.10/site-packages:/home/gadzz/ardu_ws/install/ardupilot_sitl/local/lib/python3.10/dist-packages:/home/gadzz/ardu_ws/install/keyboard_msgs/local/lib/python3.10/dist-packages:/home/gadzz/ardu_ws/install/ardupilot_msgs/local/lib/python3.10/dist-packages:/opt/ros/humble/lib/python3.10/site-packages:/opt/ros/humble/local/lib/python3.10/dist-packages'), ('LC_PAPER', 'id_ID.UTF-8'), ('TMUX_PLUGIN_MANAGER_PATH', '/home/gadzz/.config/tmux/plugins/'), ('COLCON', '1'), ('TERMINAL', 'alacritty'), ('TMUX_PANE', '%3'), ('CMAKE_PREFIX_PATH', '/home/gadzz/ardu_ws/install/test_ros_gz_bridge:/home/gadzz/ardu_ws/install/ros_ign:/home/gadzz/ardu_ws/install/ros_ign_gazebo_demos:/home/gadzz/ardu_ws/install/ros_gz:/home/gadzz/ardu_ws/install/ros_gz_sim_demos:/home/gadzz/ardu_ws/install/ardupilot_gz_bringup:/home/gadzz/ardu_ws/install/sdformat_urdf:/home/gadzz/ardu_ws/install/sdformat_test_files:/home/gadzz/ardu_ws/install/ros_ign_interfaces:/home/gadzz/ardu_ws/install/ros_ign_image:/home/gadzz/ardu_ws/install/ros_ign_gazebo:/home/gadzz/ardu_ws/install/ros_ign_bridge:/home/gadzz/ardu_ws/install/ros_gz_sim:/home/gadzz/ardu_ws/install/ros_gz_image:/home/gadzz/ardu_ws/install/ros_gz_bridge:/home/gadzz/ardu_ws/install/ros_gz_interfaces:/home/gadzz/ardu_ws/install/ardupilot_sitl:/home/gadzz/ardu_ws/install/micro_ros_agent:/home/gadzz/ardu_ws/install/keyboard:/home/gadzz/ardu_ws/install/keyboard_msgs:/home/gadzz/ardu_ws/install/ardupilot_sitl_models:/home/gadzz/ardu_ws/install/ardupilot_msgs:/home/gadzz/ardu_ws/install/ardupilot_gz_gazebo:/home/gadzz/ardu_ws/install/ardupilot_gz_description:/home/gadzz/ardu_ws/install/ardupilot_gz_application:/home/gadzz/ardu_ws/install/ardupilot_gazebo:/home/gadzz/ardu_ws/install/ardupilot_dds_tests:/opt/ros/humble'), ('EDITOR', 'geany'), ('HISTORY_IGNORE', '(ls|cd|pwd|exit|sudo reboot|history|cd -|cd ..)')]), 'shell': False}
[0.442527] (keyboard_msgs) StdoutLine: {'line': b'-- Install configuration: ""\n'}
[0.442742] (keyboard_msgs) StdoutLine: {'line': b'-- Up-to-date: /home/gadzz/tubitak_ws/install/keyboard_msgs/share/ament_index/resource_index/rosidl_interfaces/keyboard_msgs\n'}
[0.442799] (keyboard_msgs) StdoutLine: {'line': b'-- Up-to-date: /home/gadzz/tubitak_ws/install/keyboard_msgs/include/keyboard_msgs/keyboard_msgs\n'}
[0.442836] (keyboard_msgs) StdoutLine: {'line': b'-- Up-to-date: /home/gadzz/tubitak_ws/install/keyboard_msgs/include/keyboard_msgs/keyboard_msgs/msg\n'}
[0.442871] (keyboard_msgs) StdoutLine: {'line': b'-- Up-to-date: /home/gadzz/tubitak_ws/install/keyboard_msgs/include/keyboard_msgs/keyboard_msgs/msg/rosidl_generator_c__visibility_control.h\n'}
[0.442907] (keyboard_msgs) StdoutLine: {'line': b'-- Up-to-date: /home/gadzz/tubitak_ws/install/keyboard_msgs/include/keyboard_msgs/keyboard_msgs/msg/detail\n'}
[0.442940] (keyboard_msgs) StdoutLine: {'line': b'-- Up-to-date: /home/gadzz/tubitak_ws/install/keyboard_msgs/include/keyboard_msgs/keyboard_msgs/msg/detail/key__functions.c\n'}
[0.442973] (keyboard_msgs) StdoutLine: {'line': b'-- Up-to-date: /home/gadzz/tubitak_ws/install/keyboard_msgs/include/keyboard_msgs/keyboard_msgs/msg/detail/key__type_support.h\n'}
[0.443007] (keyboard_msgs) StdoutLine: {'line': b'-- Up-to-date: /home/gadzz/tubitak_ws/install/keyboard_msgs/include/keyboard_msgs/keyboard_msgs/msg/detail/key__functions.h\n'}
[0.443040] (keyboard_msgs) StdoutLine: {'line': b'-- Up-to-date: /home/gadzz/tubitak_ws/install/keyboard_msgs/include/keyboard_msgs/keyboard_msgs/msg/detail/key__struct.h\n'}
[0.443079] (keyboard_msgs) StdoutLine: {'line': b'-- Up-to-date: /home/gadzz/tubitak_ws/install/keyboard_msgs/include/keyboard_msgs/keyboard_msgs/msg/key.h\n'}
[0.443113] (keyboard_msgs) StdoutLine: {'line': b'-- Up-to-date: /home/gadzz/tubitak_ws/install/keyboard_msgs/share/keyboard_msgs/environment/library_path.sh\n'}
[0.443166] (keyboard_msgs) StdoutLine: {'line': b'-- Up-to-date: /home/gadzz/tubitak_ws/install/keyboard_msgs/share/keyboard_msgs/environment/library_path.dsv\n'}
[0.443245] (keyboard_msgs) StdoutLine: {'line': b'-- Up-to-date: /home/gadzz/tubitak_ws/install/keyboard_msgs/lib/libkeyboard_msgs__rosidl_generator_c.so\n'}
[0.443293] (keyboard_msgs) StdoutLine: {'line': b'-- Up-to-date: /home/gadzz/tubitak_ws/install/keyboard_msgs/include/keyboard_msgs/keyboard_msgs\n'}
[0.443327] (keyboard_msgs) StdoutLine: {'line': b'-- Up-to-date: /home/gadzz/tubitak_ws/install/keyboard_msgs/include/keyboard_msgs/keyboard_msgs/msg\n'}
[0.443360] (keyboard_msgs) StdoutLine: {'line': b'-- Up-to-date: /home/gadzz/tubitak_ws/install/keyboard_msgs/include/keyboard_msgs/keyboard_msgs/msg/detail\n'}
[0.443411] (keyboard_msgs) StdoutLine: {'line': b'-- Up-to-date: /home/gadzz/tubitak_ws/install/keyboard_msgs/include/keyboard_msgs/keyboard_msgs/msg/detail/key__rosidl_typesupport_fastrtps_c.h\n'}
[0.443444] (keyboard_msgs) StdoutLine: {'line': b'-- Up-to-date: /home/gadzz/tubitak_ws/install/keyboard_msgs/include/keyboard_msgs/keyboard_msgs/msg/rosidl_typesupport_fastrtps_c__visibility_control.h\n'}
[0.443480] (keyboard_msgs) StdoutLine: {'line': b'-- Up-to-date: /home/gadzz/tubitak_ws/install/keyboard_msgs/lib/libkeyboard_msgs__rosidl_typesupport_fastrtps_c.so\n'}
[0.443514] (keyboard_msgs) StdoutLine: {'line': b'-- Up-to-date: /home/gadzz/tubitak_ws/install/keyboard_msgs/include/keyboard_msgs/keyboard_msgs\n'}
[0.443548] (keyboard_msgs) StdoutLine: {'line': b'-- Up-to-date: /home/gadzz/tubitak_ws/install/keyboard_msgs/include/keyboard_msgs/keyboard_msgs/msg\n'}
[0.443582] (keyboard_msgs) StdoutLine: {'line': b'-- Up-to-date: /home/gadzz/tubitak_ws/install/keyboard_msgs/include/keyboard_msgs/keyboard_msgs/msg/key.hpp\n'}
[0.443615] (keyboard_msgs) StdoutLine: {'line': b'-- Up-to-date: /home/gadzz/tubitak_ws/install/keyboard_msgs/include/keyboard_msgs/keyboard_msgs/msg/detail\n'}
[0.443648] (keyboard_msgs) StdoutLine: {'line': b'-- Up-to-date: /home/gadzz/tubitak_ws/install/keyboard_msgs/include/keyboard_msgs/keyboard_msgs/msg/detail/key__traits.hpp\n'}
[0.443681] (keyboard_msgs) StdoutLine: {'line': b'-- Up-to-date: /home/gadzz/tubitak_ws/install/keyboard_msgs/include/keyboard_msgs/keyboard_msgs/msg/detail/key__struct.hpp\n'}
[0.443843] (keyboard_msgs) StdoutLine: {'line': b'-- Up-to-date: /home/gadzz/tubitak_ws/install/keyboard_msgs/include/keyboard_msgs/keyboard_msgs/msg/detail/key__type_support.hpp\n'}
[0.443925] (keyboard_msgs) StdoutLine: {'line': b'-- Up-to-date: /home/gadzz/tubitak_ws/install/keyboard_msgs/include/keyboard_msgs/keyboard_msgs/msg/detail/key__builder.hpp\n'}
[0.443965] (keyboard_msgs) StdoutLine: {'line': b'-- Up-to-date: /home/gadzz/tubitak_ws/install/keyboard_msgs/include/keyboard_msgs/keyboard_msgs/msg/rosidl_generator_cpp__visibility_control.hpp\n'}
[0.444001] (keyboard_msgs) StdoutLine: {'line': b'-- Up-to-date: /home/gadzz/tubitak_ws/install/keyboard_msgs/include/keyboard_msgs/keyboard_msgs\n'}
[0.444036] (keyboard_msgs) StdoutLine: {'line': b'-- Up-to-date: /home/gadzz/tubitak_ws/install/keyboard_msgs/include/keyboard_msgs/keyboard_msgs/msg\n'}
[0.444070] (keyboard_msgs) StdoutLine: {'line': b'-- Up-to-date: /home/gadzz/tubitak_ws/install/keyboard_msgs/include/keyboard_msgs/keyboard_msgs/msg/rosidl_typesupport_fastrtps_cpp__visibility_control.h\n'}
[0.444105] (keyboard_msgs) StdoutLine: {'line': b'-- Up-to-date: /home/gadzz/tubitak_ws/install/keyboard_msgs/include/keyboard_msgs/keyboard_msgs/msg/detail\n'}
[0.444139] (keyboard_msgs) StdoutLine: {'line': b'-- Up-to-date: /home/gadzz/tubitak_ws/install/keyboard_msgs/include/keyboard_msgs/keyboard_msgs/msg/detail/dds_fastrtps\n'}
[0.444173] (keyboard_msgs) StdoutLine: {'line': b'-- Up-to-date: /home/gadzz/tubitak_ws/install/keyboard_msgs/include/keyboard_msgs/keyboard_msgs/msg/detail/key__rosidl_typesupport_fastrtps_cpp.hpp\n'}
[0.444207] (keyboard_msgs) StdoutLine: {'line': b'-- Up-to-date: /home/gadzz/tubitak_ws/install/keyboard_msgs/lib/libkeyboard_msgs__rosidl_typesupport_fastrtps_cpp.so\n'}
[0.444240] (keyboard_msgs) StdoutLine: {'line': b'-- Up-to-date: /home/gadzz/tubitak_ws/install/keyboard_msgs/include/keyboard_msgs/keyboard_msgs\n'}
[0.444273] (keyboard_msgs) StdoutLine: {'line': b'-- Up-to-date: /home/gadzz/tubitak_ws/install/keyboard_msgs/include/keyboard_msgs/keyboard_msgs/msg\n'}
[0.444337] (keyboard_msgs) StdoutLine: {'line': b'-- Up-to-date: /home/gadzz/tubitak_ws/install/keyboard_msgs/include/keyboard_msgs/keyboard_msgs/msg/rosidl_typesupport_introspection_c__visibility_control.h\n'}
[0.444370] (keyboard_msgs) StdoutLine: {'line': b'-- Up-to-date: /home/gadzz/tubitak_ws/install/keyboard_msgs/include/keyboard_msgs/keyboard_msgs/msg/detail\n'}
[0.444403] (keyboard_msgs) StdoutLine: {'line': b'-- Up-to-date: /home/gadzz/tubitak_ws/install/keyboard_msgs/include/keyboard_msgs/keyboard_msgs/msg/detail/key__rosidl_typesupport_introspection_c.h\n'}
[0.444435] (keyboard_msgs) StdoutLine: {'line': b'-- Up-to-date: /home/gadzz/tubitak_ws/install/keyboard_msgs/include/keyboard_msgs/keyboard_msgs/msg/detail/key__type_support.c\n'}
[0.444469] (keyboard_msgs) StdoutLine: {'line': b'-- Up-to-date: /home/gadzz/tubitak_ws/install/keyboard_msgs/lib/libkeyboard_msgs__rosidl_typesupport_introspection_c.so\n'}
[0.444501] (keyboard_msgs) StdoutLine: {'line': b'-- Up-to-date: /home/gadzz/tubitak_ws/install/keyboard_msgs/lib/libkeyboard_msgs__rosidl_typesupport_c.so\n'}
[0.444549] (keyboard_msgs) StdoutLine: {'line': b'-- Up-to-date: /home/gadzz/tubitak_ws/install/keyboard_msgs/include/keyboard_msgs/keyboard_msgs\n'}
[0.444585] (keyboard_msgs) StdoutLine: {'line': b'-- Up-to-date: /home/gadzz/tubitak_ws/install/keyboard_msgs/include/keyboard_msgs/keyboard_msgs/msg\n'}
[0.444619] (keyboard_msgs) StdoutLine: {'line': b'-- Up-to-date: /home/gadzz/tubitak_ws/install/keyboard_msgs/include/keyboard_msgs/keyboard_msgs/msg/detail\n'}
[0.444651] (keyboard_msgs) StdoutLine: {'line': b'-- Up-to-date: /home/gadzz/tubitak_ws/install/keyboard_msgs/include/keyboard_msgs/keyboard_msgs/msg/detail/key__rosidl_typesupport_introspection_cpp.hpp\n'}
[0.444722] (keyboard_msgs) StdoutLine: {'line': b'-- Up-to-date: /home/gadzz/tubitak_ws/install/keyboard_msgs/include/keyboard_msgs/keyboard_msgs/msg/detail/key__type_support.cpp\n'}
[0.444829] (keyboard_msgs) StdoutLine: {'line': b'-- Up-to-date: /home/gadzz/tubitak_ws/install/keyboard_msgs/lib/libkeyboard_msgs__rosidl_typesupport_introspection_cpp.so\n'}
[0.444902] (keyboard_msgs) StdoutLine: {'line': b'-- Up-to-date: /home/gadzz/tubitak_ws/install/keyboard_msgs/lib/libkeyboard_msgs__rosidl_typesupport_cpp.so\n'}
[0.444939] (keyboard_msgs) StdoutLine: {'line': b'-- Up-to-date: /home/gadzz/tubitak_ws/install/keyboard_msgs/share/keyboard_msgs/environment/pythonpath.sh\n'}
[0.444973] (keyboard_msgs) StdoutLine: {'line': b'-- Up-to-date: /home/gadzz/tubitak_ws/install/keyboard_msgs/share/keyboard_msgs/environment/pythonpath.dsv\n'}
[0.445010] (keyboard_msgs) StdoutLine: {'line': b'-- Up-to-date: /home/gadzz/tubitak_ws/install/keyboard_msgs/local/lib/python3.10/dist-packages/keyboard_msgs-1.0.0-py3.10.egg-info\n'}
[0.445068] (keyboard_msgs) StdoutLine: {'line': b'-- Installing: /home/gadzz/tubitak_ws/install/keyboard_msgs/local/lib/python3.10/dist-packages/keyboard_msgs-1.0.0-py3.10.egg-info/top_level.txt\n'}
[0.445105] (keyboard_msgs) StdoutLine: {'line': b'-- Installing: /home/gadzz/tubitak_ws/install/keyboard_msgs/local/lib/python3.10/dist-packages/keyboard_msgs-1.0.0-py3.10.egg-info/dependency_links.txt\n'}
[0.445139] (keyboard_msgs) StdoutLine: {'line': b'-- Installing: /home/gadzz/tubitak_ws/install/keyboard_msgs/local/lib/python3.10/dist-packages/keyboard_msgs-1.0.0-py3.10.egg-info/PKG-INFO\n'}
[0.445173] (keyboard_msgs) StdoutLine: {'line': b'-- Installing: /home/gadzz/tubitak_ws/install/keyboard_msgs/local/lib/python3.10/dist-packages/keyboard_msgs-1.0.0-py3.10.egg-info/SOURCES.txt\n'}
[0.445206] (keyboard_msgs) StdoutLine: {'line': b'-- Up-to-date: /home/gadzz/tubitak_ws/install/keyboard_msgs/local/lib/python3.10/dist-packages/keyboard_msgs\n'}
[0.445269] (keyboard_msgs) StdoutLine: {'line': b'-- Up-to-date: /home/gadzz/tubitak_ws/install/keyboard_msgs/local/lib/python3.10/dist-packages/keyboard_msgs/_keyboard_msgs_s.ep.rosidl_typesupport_c.c\n'}
[0.445302] (keyboard_msgs) StdoutLine: {'line': b'-- Up-to-date: /home/gadzz/tubitak_ws/install/keyboard_msgs/local/lib/python3.10/dist-packages/keyboard_msgs/_keyboard_msgs_s.ep.rosidl_typesupport_introspection_c.c\n'}
[0.445336] (keyboard_msgs) StdoutLine: {'line': b'-- Up-to-date: /home/gadzz/tubitak_ws/install/keyboard_msgs/local/lib/python3.10/dist-packages/keyboard_msgs/__init__.py\n'}
[0.445368] (keyboard_msgs) StdoutLine: {'line': b'-- Up-to-date: /home/gadzz/tubitak_ws/install/keyboard_msgs/local/lib/python3.10/dist-packages/keyboard_msgs/keyboard_msgs_s__rosidl_typesupport_fastrtps_c.cpython-310-x86_64-linux-gnu.so\n'}
[0.445400] (keyboard_msgs) StdoutLine: {'line': b'-- Up-to-date: /home/gadzz/tubitak_ws/install/keyboard_msgs/local/lib/python3.10/dist-packages/keyboard_msgs/keyboard_msgs_s__rosidl_typesupport_introspection_c.cpython-310-x86_64-linux-gnu.so\n'}
[0.445432] (keyboard_msgs) StdoutLine: {'line': b'-- Up-to-date: /home/gadzz/tubitak_ws/install/keyboard_msgs/local/lib/python3.10/dist-packages/keyboard_msgs/keyboard_msgs_s__rosidl_typesupport_c.cpython-310-x86_64-linux-gnu.so\n'}
[0.445463] (keyboard_msgs) StdoutLine: {'line': b'-- Up-to-date: /home/gadzz/tubitak_ws/install/keyboard_msgs/local/lib/python3.10/dist-packages/keyboard_msgs/msg\n'}
[0.445494] (keyboard_msgs) StdoutLine: {'line': b'-- Up-to-date: /home/gadzz/tubitak_ws/install/keyboard_msgs/local/lib/python3.10/dist-packages/keyboard_msgs/msg/__init__.py\n'}
[0.445525] (keyboard_msgs) StdoutLine: {'line': b'-- Up-to-date: /home/gadzz/tubitak_ws/install/keyboard_msgs/local/lib/python3.10/dist-packages/keyboard_msgs/msg/_key_s.c\n'}
[0.445571] (keyboard_msgs) StdoutLine: {'line': b'-- Up-to-date: /home/gadzz/tubitak_ws/install/keyboard_msgs/local/lib/python3.10/dist-packages/keyboard_msgs/msg/_key.py\n'}
[0.445607] (keyboard_msgs) StdoutLine: {'line': b'-- Up-to-date: /home/gadzz/tubitak_ws/install/keyboard_msgs/local/lib/python3.10/dist-packages/keyboard_msgs/libkeyboard_msgs__rosidl_generator_py.so\n'}
[0.445641] (keyboard_msgs) StdoutLine: {'line': b'-- Up-to-date: /home/gadzz/tubitak_ws/install/keyboard_msgs/local/lib/python3.10/dist-packages/keyboard_msgs/_keyboard_msgs_s.ep.rosidl_typesupport_fastrtps_c.c\n'}
[0.478999] (keyboard_msgs) StdoutLine: {'line': b"Listing '/home/gadzz/tubitak_ws/install/keyboard_msgs/local/lib/python3.10/dist-packages/keyboard_msgs'...\n"}
[0.479193] (keyboard_msgs) StdoutLine: {'line': b"Listing '/home/gadzz/tubitak_ws/install/keyboard_msgs/local/lib/python3.10/dist-packages/keyboard_msgs/msg'...\n"}
[0.482526] (keyboard_msgs) StdoutLine: {'line': b'-- Up-to-date: /home/gadzz/tubitak_ws/install/keyboard_msgs/local/lib/python3.10/dist-packages/keyboard_msgs/keyboard_msgs_s__rosidl_typesupport_fastrtps_c.cpython-310-x86_64-linux-gnu.so\n'}
[0.482705] (keyboard_msgs) StdoutLine: {'line': b'-- Up-to-date: /home/gadzz/tubitak_ws/install/keyboard_msgs/local/lib/python3.10/dist-packages/keyboard_msgs/keyboard_msgs_s__rosidl_typesupport_introspection_c.cpython-310-x86_64-linux-gnu.so\n'}
[0.482795] (keyboard_msgs) StdoutLine: {'line': b'-- Up-to-date: /home/gadzz/tubitak_ws/install/keyboard_msgs/local/lib/python3.10/dist-packages/keyboard_msgs/keyboard_msgs_s__rosidl_typesupport_c.cpython-310-x86_64-linux-gnu.so\n'}
[0.482950] (keyboard_msgs) StdoutLine: {'line': b'-- Up-to-date: /home/gadzz/tubitak_ws/install/keyboard_msgs/lib/libkeyboard_msgs__rosidl_generator_py.so\n'}
[0.483077] (keyboard_msgs) StdoutLine: {'line': b'-- Up-to-date: /home/gadzz/tubitak_ws/install/keyboard_msgs/share/keyboard_msgs/msg/Key.idl\n'}
[0.483142] (keyboard_msgs) StdoutLine: {'line': b'-- Up-to-date: /home/gadzz/tubitak_ws/install/keyboard_msgs/share/keyboard_msgs/msg/Key.msg\n'}
[0.483208] (keyboard_msgs) StdoutLine: {'line': b'-- Up-to-date: /home/gadzz/tubitak_ws/install/keyboard_msgs/share/ament_index/resource_index/package_run_dependencies/keyboard_msgs\n'}
[0.483246] (keyboard_msgs) StdoutLine: {'line': b'-- Up-to-date: /home/gadzz/tubitak_ws/install/keyboard_msgs/share/ament_index/resource_index/parent_prefix_path/keyboard_msgs\n'}
[0.483281] (keyboard_msgs) StdoutLine: {'line': b'-- Up-to-date: /home/gadzz/tubitak_ws/install/keyboard_msgs/share/keyboard_msgs/environment/ament_prefix_path.sh\n'}
[0.483338] (keyboard_msgs) StdoutLine: {'line': b'-- Up-to-date: /home/gadzz/tubitak_ws/install/keyboard_msgs/share/keyboard_msgs/environment/ament_prefix_path.dsv\n'}
[0.483373] (keyboard_msgs) StdoutLine: {'line': b'-- Up-to-date: /home/gadzz/tubitak_ws/install/keyboard_msgs/share/keyboard_msgs/environment/path.sh\n'}
[0.483408] (keyboard_msgs) StdoutLine: {'line': b'-- Up-to-date: /home/gadzz/tubitak_ws/install/keyboard_msgs/share/keyboard_msgs/environment/path.dsv\n'}
[0.483442] (keyboard_msgs) StdoutLine: {'line': b'-- Up-to-date: /home/gadzz/tubitak_ws/install/keyboard_msgs/share/keyboard_msgs/local_setup.bash\n'}
[0.483476] (keyboard_msgs) StdoutLine: {'line': b'-- Up-to-date: /home/gadzz/tubitak_ws/install/keyboard_msgs/share/keyboard_msgs/local_setup.sh\n'}
[0.483510] (keyboard_msgs) StdoutLine: {'line': b'-- Up-to-date: /home/gadzz/tubitak_ws/install/keyboard_msgs/share/keyboard_msgs/local_setup.zsh\n'}
[0.483556] (keyboard_msgs) StdoutLine: {'line': b'-- Up-to-date: /home/gadzz/tubitak_ws/install/keyboard_msgs/share/keyboard_msgs/local_setup.dsv\n'}
[0.483619] (keyboard_msgs) StdoutLine: {'line': b'-- Installing: /home/gadzz/tubitak_ws/install/keyboard_msgs/share/keyboard_msgs/package.dsv\n'}
[0.483653] (keyboard_msgs) StdoutLine: {'line': b'-- Up-to-date: /home/gadzz/tubitak_ws/install/keyboard_msgs/share/ament_index/resource_index/packages/keyboard_msgs\n'}
[0.483700] (keyboard_msgs) StdoutLine: {'line': b'-- Up-to-date: /home/gadzz/tubitak_ws/install/keyboard_msgs/share/keyboard_msgs/cmake/export_keyboard_msgs__rosidl_generator_cExport.cmake\n'}
[0.483735] (keyboard_msgs) StdoutLine: {'line': b'-- Up-to-date: /home/gadzz/tubitak_ws/install/keyboard_msgs/share/keyboard_msgs/cmake/export_keyboard_msgs__rosidl_generator_cExport-noconfig.cmake\n'}
[0.483795] (keyboard_msgs) StdoutLine: {'line': b'-- Up-to-date: /home/gadzz/tubitak_ws/install/keyboard_msgs/share/keyboard_msgs/cmake/export_keyboard_msgs__rosidl_typesupport_fastrtps_cExport.cmake\n'}
[0.483837] (keyboard_msgs) StdoutLine: {'line': b'-- Up-to-date: /home/gadzz/tubitak_ws/install/keyboard_msgs/share/keyboard_msgs/cmake/export_keyboard_msgs__rosidl_typesupport_fastrtps_cExport-noconfig.cmake\n'}
[0.483880] (keyboard_msgs) StdoutLine: {'line': b'-- Up-to-date: /home/gadzz/tubitak_ws/install/keyboard_msgs/share/keyboard_msgs/cmake/export_keyboard_msgs__rosidl_generator_cppExport.cmake\n'}
[0.483914] (keyboard_msgs) StdoutLine: {'line': b'-- Up-to-date: /home/gadzz/tubitak_ws/install/keyboard_msgs/share/keyboard_msgs/cmake/export_keyboard_msgs__rosidl_typesupport_fastrtps_cppExport.cmake\n'}
[0.483962] (keyboard_msgs) StdoutLine: {'line': b'-- Up-to-date: /home/gadzz/tubitak_ws/install/keyboard_msgs/share/keyboard_msgs/cmake/export_keyboard_msgs__rosidl_typesupport_fastrtps_cppExport-noconfig.cmake\n'}
[0.484020] (keyboard_msgs) StdoutLine: {'line': b'-- Up-to-date: /home/gadzz/tubitak_ws/install/keyboard_msgs/share/keyboard_msgs/cmake/keyboard_msgs__rosidl_typesupport_introspection_cExport.cmake\n'}
[0.484058] (keyboard_msgs) StdoutLine: {'line': b'-- Up-to-date: /home/gadzz/tubitak_ws/install/keyboard_msgs/share/keyboard_msgs/cmake/keyboard_msgs__rosidl_typesupport_introspection_cExport-noconfig.cmake\n'}
[0.484130] (keyboard_msgs) StdoutLine: {'line': b'-- Up-to-date: /home/gadzz/tubitak_ws/install/keyboard_msgs/share/keyboard_msgs/cmake/keyboard_msgs__rosidl_typesupport_cExport.cmake\n'}
[0.484204] (keyboard_msgs) StdoutLine: {'line': b'-- Up-to-date: /home/gadzz/tubitak_ws/install/keyboard_msgs/share/keyboard_msgs/cmake/keyboard_msgs__rosidl_typesupport_cExport-noconfig.cmake\n'}
[0.484240] (keyboard_msgs) StdoutLine: {'line': b'-- Up-to-date: /home/gadzz/tubitak_ws/install/keyboard_msgs/share/keyboard_msgs/cmake/keyboard_msgs__rosidl_typesupport_introspection_cppExport.cmake\n'}
[0.484274] (keyboard_msgs) StdoutLine: {'line': b'-- Up-to-date: /home/gadzz/tubitak_ws/install/keyboard_msgs/share/keyboard_msgs/cmake/keyboard_msgs__rosidl_typesupport_introspection_cppExport-noconfig.cmake\n'}
[0.484308] (keyboard_msgs) StdoutLine: {'line': b'-- Up-to-date: /home/gadzz/tubitak_ws/install/keyboard_msgs/share/keyboard_msgs/cmake/keyboard_msgs__rosidl_typesupport_cppExport.cmake\n'}
[0.484363] (keyboard_msgs) StdoutLine: {'line': b'-- Up-to-date: /home/gadzz/tubitak_ws/install/keyboard_msgs/share/keyboard_msgs/cmake/keyboard_msgs__rosidl_typesupport_cppExport-noconfig.cmake\n'}
[0.484397] (keyboard_msgs) StdoutLine: {'line': b'-- Up-to-date: /home/gadzz/tubitak_ws/install/keyboard_msgs/share/keyboard_msgs/cmake/export_keyboard_msgs__rosidl_generator_pyExport.cmake\n'}
[0.484429] (keyboard_msgs) StdoutLine: {'line': b'-- Up-to-date: /home/gadzz/tubitak_ws/install/keyboard_msgs/share/keyboard_msgs/cmake/export_keyboard_msgs__rosidl_generator_pyExport-noconfig.cmake\n'}
[0.484460] (keyboard_msgs) StdoutLine: {'line': b'-- Up-to-date: /home/gadzz/tubitak_ws/install/keyboard_msgs/share/keyboard_msgs/cmake/rosidl_cmake-extras.cmake\n'}
[0.484491] (keyboard_msgs) StdoutLine: {'line': b'-- Up-to-date: /home/gadzz/tubitak_ws/install/keyboard_msgs/share/keyboard_msgs/cmake/ament_cmake_export_dependencies-extras.cmake\n'}
[0.484523] (keyboard_msgs) StdoutLine: {'line': b'-- Up-to-date: /home/gadzz/tubitak_ws/install/keyboard_msgs/share/keyboard_msgs/cmake/ament_cmake_export_include_directories-extras.cmake\n'}
[0.484553] (keyboard_msgs) StdoutLine: {'line': b'-- Up-to-date: /home/gadzz/tubitak_ws/install/keyboard_msgs/share/keyboard_msgs/cmake/ament_cmake_export_libraries-extras.cmake\n'}
[0.484584] (keyboard_msgs) StdoutLine: {'line': b'-- Up-to-date: /home/gadzz/tubitak_ws/install/keyboard_msgs/share/keyboard_msgs/cmake/ament_cmake_export_targets-extras.cmake\n'}
[0.484614] (keyboard_msgs) StdoutLine: {'line': b'-- Up-to-date: /home/gadzz/tubitak_ws/install/keyboard_msgs/share/keyboard_msgs/cmake/rosidl_cmake_export_typesupport_targets-extras.cmake\n'}
[0.484644] (keyboard_msgs) StdoutLine: {'line': b'-- Up-to-date: /home/gadzz/tubitak_ws/install/keyboard_msgs/share/keyboard_msgs/cmake/rosidl_cmake_export_typesupport_libraries-extras.cmake\n'}
[0.484675] (keyboard_msgs) StdoutLine: {'line': b'-- Up-to-date: /home/gadzz/tubitak_ws/install/keyboard_msgs/share/keyboard_msgs/cmake/keyboard_msgsConfig.cmake\n'}
[0.484706] (keyboard_msgs) StdoutLine: {'line': b'-- Up-to-date: /home/gadzz/tubitak_ws/install/keyboard_msgs/share/keyboard_msgs/cmake/keyboard_msgsConfig-version.cmake\n'}
[0.484738] (keyboard_msgs) StdoutLine: {'line': b'-- Up-to-date: /home/gadzz/tubitak_ws/install/keyboard_msgs/share/keyboard_msgs/package.xml\n'}
[0.486291] (keyboard_msgs) CommandEnded: {'returncode': 0}
[0.500826] (-) TimerEvent: {}
[0.510973] (keyboard_msgs) JobEnded: {'identifier': 'keyboard_msgs', 'rc': 0}
[0.511699] (keyboard) JobStarted: {'identifier': 'keyboard'}
[0.520928] (mission_center) JobStarted: {'identifier': 'mission_center'}
[0.542942] (keyboard) JobProgress: {'identifier': 'keyboard', 'progress': 'cmake'}
[0.543382] (keyboard) JobProgress: {'identifier': 'keyboard', 'progress': 'build'}
[0.543873] (keyboard) Command: {'cmd': ['/usr/bin/cmake', '--build', '/home/gadzz/tubitak_ws/build/keyboard', '--', '-j8', '-l8'], 'cwd': '/home/gadzz/tubitak_ws/build/keyboard', 'env': OrderedDict([('GZ_SIM_SYSTEM_PLUGIN_PATH', '/home/gadzz/ardu_ws/install/ardupilot_sitl_models/lib/ardupilot_sitl_models/:/home/gadzz/ardu_ws/install/ardupilot_gz_gazebo/lib/ardupilot_gz_gazebo/:/home/gadzz/ardu_ws/install/ardupilot_gazebo/lib/ardupilot_gazebo/'), ('TMUX', '/tmp/tmux-1000/default,28455,0'), ('GZ_SIM_RESOURCE_PATH', '/home/gadzz/ardu_ws/install/ardupilot_sitl_models/share/ardupilot_sitl_models/worlds:/home/gadzz/ardu_ws/install/ardupilot_sitl_models/share/ardupilot_sitl_models/models:/home/gadzz/ardu_ws/install/ardupilot_sitl_models/share:/home/gadzz/ardu_ws/install/ardupilot_gz_gazebo/share/ardupilot_gz_gazebo/worlds:/home/gadzz/ardu_ws/install/ardupilot_gz_description/share/ardupilot_gz_description/models:/home/gadzz/ardu_ws/install/ardupilot_gz_description/share:/home/gadzz/ardu_ws/install/ardupilot_gazebo/share/ardupilot_gazebo/worlds:/home/gadzz/ardu_ws/install/ardupilot_gazebo/share/ardupilot_gazebo/models:/home/gadzz/ardu_ws/install/ardupilot_gazebo/share'), ('LC_TIME', 'id_ID.UTF-8'), ('USER', 'gadzz'), ('XDG_SEAT', 'seat0'), ('XDG_SESSION_TYPE', 'x11'), ('BROWSER', 'firefox-esr'), ('LD_LIBRARY_PATH', '/home/gadzz/tubitak_ws/install/keyboard_msgs/lib:/home/gadzz/ardu_ws/install/sdformat_urdf/lib:/home/gadzz/ardu_ws/install/ros_ign_interfaces/lib:/home/gadzz/ardu_ws/install/ros_gz_sim/lib:/home/gadzz/ardu_ws/install/ros_gz_bridge/lib:/home/gadzz/ardu_ws/install/ros_gz_interfaces/lib:/home/gadzz/ardu_ws/install/micro_ros_agent/lib:/home/gadzz/ardu_ws/install/keyboard_msgs/lib:/home/gadzz/ardu_ws/install/ardupilot_msgs/lib:/opt/ros/humble/opt/rviz_ogre_vendor/lib:/opt/ros/humble/lib/x86_64-linux-gnu:/opt/ros/humble/lib'), ('SHLVL', '2'), ('HOME', '/home/gadzz'), ('LESS', '-R'), ('OLDPWD', '/home/gadzz'), ('DESKTOP_SESSION', 'awesome'), ('TERM_PROGRAM_VERSION', '3.5a'), ('LSCOLORS', 'Gxfxcxdxbxegedabagacad'), ('ZSH', '/home/gadzz/.oh-my-zsh'), ('GTK_MODULES', 'gail:atk-bridge'), ('PAGER', 'less'), ('ROS_PYTHON_VERSION', '3'), ('LC_MONETARY', 'id_ID.UTF-8'), ('DBUS_SESSION_BUS_ADDRESS', 'unix:path=/run/user/1000/bus'), ('SYSTEMD_EXEC_PID', '2502'), ('VISUAL', 'nvim'), ('COLORTERM', 'truecolor'), ('FZF_BASE', '/usr/bin/fzf'), ('COLCON_PREFIX_PATH', '/home/gadzz/ardu_ws/install'), ('ROS_DISTRO', 'humble'), ('ALACRITTY_SOCKET', '/run/user/1000/Alacritty-:0-27989.sock'), ('GTK_IM_MODULE', 'ibus'), ('LOGNAME', 'gadzz'), ('WINDOWID', '35651589'), ('_', '/usr/bin/colcon'), ('PKG_CONFIG_PATH', '/home/gadzz/ardu_ws/install/sdformat_test_files/lib/x86_64-linux-gnu/pkgconfig:/home/gadzz/ardu_ws/install/sdformat_test_files/lib/pkgconfig'), ('ROS_VERSION', '2'), ('XDG_SESSION_CLASS', 'user'), ('ALACRITTY_LOG', '/tmp/Alacritty-27989.log'), ('TERM', 'tmux-256color'), ('USERNAME', 'gadzz'), ('XDG_SESSION_ID', '3'), ('ROS_LOCALHOST_ONLY', '0'), ('WINDOWPATH', '2'), ('PATH', '/home/gadzz/.local/bin:/home/gadzz/ardu_ws/install/ardupilot_sitl/bin:/opt/ros/humble/bin:/home/gadzz/.local/bin:/usr/lib/ccache:/home/gadzz/ardu_ws/src/ardupilot/Tools/autotest:/opt/gcc-arm-none-eabi-10-2020-q4-major/bin:/home/gadzz/.local/bin:/usr/local/sbin:/usr/local/bin:/usr/sbin:/usr/bin:/sbin:/bin:/usr/games:/usr/local/games:/snap/bin:/snap/bin:/home/gadzz/ardu_ws/Micro-XRCE-DDS-Gen/scripts:/home/gadzz/ardu_ws/src/ardupilot/Tools/autotest:/home/gadzz/ardu_ws/Micro-XRCE-DDS-Gen/scripts:/home/gadzz/ardu_ws/src/ardupilot/Tools/autotest'), ('DIRHISTORY_SIZE', '30'), ('LC_ADDRESS', 'id_ID.UTF-8'), ('XDG_RUNTIME_DIR', '/run/user/1000'), ('DISPLAY', ':0'), ('LANG', 'en_US.UTF-8'), ('LC_TELEPHONE', 'id_ID.UTF-8'), ('LS_COLORS', 'rs=0:di=01;34:ln=01;36:mh=00:pi=40;33:so=01;35:do=01;35:bd=40;33;01:cd=40;33;01:or=40;31;01:mi=00:su=37;41:sg=30;43:ca=30;41:tw=30;42:ow=34;42:st=37;44:ex=01;32:*.tar=01;31:*.tgz=01;31:*.arc=01;31:*.arj=01;31:*.taz=01;31:*.lha=01;31:*.lz4=01;31:*.lzh=01;31:*.lzma=01;31:*.tlz=01;31:*.txz=01;31:*.tzo=01;31:*.t7z=01;31:*.zip=01;31:*.z=01;31:*.dz=01;31:*.gz=01;31:*.lrz=01;31:*.lz=01;31:*.lzo=01;31:*.xz=01;31:*.zst=01;31:*.tzst=01;31:*.bz2=01;31:*.bz=01;31:*.tbz=01;31:*.tbz2=01;31:*.tz=01;31:*.deb=01;31:*.rpm=01;31:*.jar=01;31:*.war=01;31:*.ear=01;31:*.sar=01;31:*.rar=01;31:*.alz=01;31:*.ace=01;31:*.zoo=01;31:*.cpio=01;31:*.7z=01;31:*.rz=01;31:*.cab=01;31:*.wim=01;31:*.swm=01;31:*.dwm=01;31:*.esd=01;31:*.jpg=01;35:*.jpeg=01;35:*.mjpg=01;35:*.mjpeg=01;35:*.gif=01;35:*.bmp=01;35:*.pbm=01;35:*.pgm=01;35:*.ppm=01;35:*.tga=01;35:*.xbm=01;35:*.xpm=01;35:*.tif=01;35:*.tiff=01;35:*.png=01;35:*.svg=01;35:*.svgz=01;35:*.mng=01;35:*.pcx=01;35:*.mov=01;35:*.mpg=01;35:*.mpeg=01;35:*.m2v=01;35:*.mkv=01;35:*.webm=01;35:*.webp=01;35:*.ogm=01;35:*.mp4=01;35:*.m4v=01;35:*.mp4v=01;35:*.vob=01;35:*.qt=01;35:*.nuv=01;35:*.wmv=01;35:*.asf=01;35:*.rm=01;35:*.rmvb=01;35:*.flc=01;35:*.avi=01;35:*.fli=01;35:*.flv=01;35:*.gl=01;35:*.dl=01;35:*.xcf=01;35:*.xwd=01;35:*.yuv=01;35:*.cgm=01;35:*.emf=01;35:*.ogv=01;35:*.ogx=01;35:*.aac=00;36:*.au=00;36:*.flac=00;36:*.m4a=00;36:*.mid=00;36:*.midi=00;36:*.mka=00;36:*.mp3=00;36:*.mpc=00;36:*.ogg=00;36:*.ra=00;36:*.wav=00;36:*.oga=00;36:*.opus=00;36:*.spx=00;36:*.xspf=00;36:'), ('TERM_PROGRAM', 'tmux'), ('XAUTHORITY', '/run/user/1000/gdm/Xauthority'), ('XDG_SESSION_DESKTOP', 'awesome'), ('XMODIFIERS', '@im=ibus'), ('AMENT_PREFIX_PATH', '/home/gadzz/tubitak_ws/install/keyboard_msgs:/home/gadzz/ardu_ws/install/test_ros_gz_bridge:/home/gadzz/ardu_ws/install/ros_ign:/home/gadzz/ardu_ws/install/ros_ign_gazebo_demos:/home/gadzz/ardu_ws/install/ros_gz:/home/gadzz/ardu_ws/install/ros_gz_sim_demos:/home/gadzz/ardu_ws/install/ardupilot_gz_bringup:/home/gadzz/ardu_ws/install/sdformat_urdf:/home/gadzz/ardu_ws/install/ros_ign_interfaces:/home/gadzz/ardu_ws/install/ros_ign_image:/home/gadzz/ardu_ws/install/ros_ign_gazebo:/home/gadzz/ardu_ws/install/ros_ign_bridge:/home/gadzz/ardu_ws/install/ros_gz_sim:/home/gadzz/ardu_ws/install/ros_gz_image:/home/gadzz/ardu_ws/install/ros_gz_bridge:/home/gadzz/ardu_ws/install/ros_gz_interfaces:/home/gadzz/ardu_ws/install/ardupilot_dds_tests:/home/gadzz/ardu_ws/install/ardupilot_sitl:/home/gadzz/ardu_ws/install/micro_ros_agent:/home/gadzz/ardu_ws/install/keyboard:/home/gadzz/ardu_ws/install/keyboard_msgs:/home/gadzz/ardu_ws/install/ardupilot_sitl_models:/home/gadzz/ardu_ws/install/ardupilot_msgs:/home/gadzz/ardu_ws/install/ardupilot_gz_gazebo:/home/gadzz/ardu_ws/install/ardupilot_gz_description:/home/gadzz/ardu_ws/install/ardupilot_gz_application:/home/gadzz/ardu_ws/install/ardupilot_gazebo:/opt/ros/humble'), ('LC_NAME', 'id_ID.UTF-8'), ('SHELL', '/usr/bin/zsh'), ('GDMSESSION', 'awesome'), ('QT_ACCESSIBILITY', '1'), ('IGN_GAZEBO_RESOURCE_PATH', '/home/gadzz/ardu_ws/install/ros_gz_sim_demos/share'), ('LC_MEASUREMENT', 'id_ID.UTF-8'), ('GPG_AGENT_INFO', '/run/user/1000/gnupg/S.gpg-agent:0:1'), ('GZ_VERSION', 'harmonic'), ('LC_IDENTIFICATION', 'id_ID.UTF-8'), ('ALACRITTY_WINDOW_ID', '35651589'), ('QT_IM_MODULE', 'ibus'), ('XDG_VTNR', '2'), ('FZF_DEFAULT_COMMAND', 'rg --files --hidden --glob "!.git/*"'), ('PWD', '/home/gadzz/tubitak_ws/build/keyboard'), ('CLUTTER_IM_MODULE', 'ibus'), ('XDG_CONFIG_DIRS', '/etc/xdg/xdg-awesome:/etc/xdg'), ('XDG_DATA_DIRS', '/usr/share/awesome:/usr/share/gnome:/usr/local/share/:/usr/share/:/var/lib/snapd/desktop'), ('LC_NUMERIC', 'id_ID.UTF-8'), ('PYTHONPATH', '/home/gadzz/tubitak_ws/install/keyboard_msgs/local/lib/python3.10/dist-packages:/home/gadzz/ardu_ws/install/ros_ign_interfaces/local/lib/python3.10/dist-packages:/home/gadzz/ardu_ws/install/ros_gz_interfaces/local/lib/python3.10/dist-packages:/home/gadzz/ardu_ws/install/ardupilot_dds_tests/lib/python3.10/site-packages:/home/gadzz/ardu_ws/install/ardupilot_sitl/local/lib/python3.10/dist-packages:/home/gadzz/ardu_ws/install/keyboard_msgs/local/lib/python3.10/dist-packages:/home/gadzz/ardu_ws/install/ardupilot_msgs/local/lib/python3.10/dist-packages:/opt/ros/humble/lib/python3.10/site-packages:/opt/ros/humble/local/lib/python3.10/dist-packages'), ('LC_PAPER', 'id_ID.UTF-8'), ('TMUX_PLUGIN_MANAGER_PATH', '/home/gadzz/.config/tmux/plugins/'), ('COLCON', '1'), ('TERMINAL', 'alacritty'), ('TMUX_PANE', '%3'), ('CMAKE_PREFIX_PATH', '/home/gadzz/tubitak_ws/install/keyboard_msgs:/home/gadzz/ardu_ws/install/test_ros_gz_bridge:/home/gadzz/ardu_ws/install/ros_ign:/home/gadzz/ardu_ws/install/ros_ign_gazebo_demos:/home/gadzz/ardu_ws/install/ros_gz:/home/gadzz/ardu_ws/install/ros_gz_sim_demos:/home/gadzz/ardu_ws/install/ardupilot_gz_bringup:/home/gadzz/ardu_ws/install/sdformat_urdf:/home/gadzz/ardu_ws/install/sdformat_test_files:/home/gadzz/ardu_ws/install/ros_ign_interfaces:/home/gadzz/ardu_ws/install/ros_ign_image:/home/gadzz/ardu_ws/install/ros_ign_gazebo:/home/gadzz/ardu_ws/install/ros_ign_bridge:/home/gadzz/ardu_ws/install/ros_gz_sim:/home/gadzz/ardu_ws/install/ros_gz_image:/home/gadzz/ardu_ws/install/ros_gz_bridge:/home/gadzz/ardu_ws/install/ros_gz_interfaces:/home/gadzz/ardu_ws/install/ardupilot_sitl:/home/gadzz/ardu_ws/install/micro_ros_agent:/home/gadzz/ardu_ws/install/keyboard:/home/gadzz/ardu_ws/install/keyboard_msgs:/home/gadzz/ardu_ws/install/ardupilot_sitl_models:/home/gadzz/ardu_ws/install/ardupilot_msgs:/home/gadzz/ardu_ws/install/ardupilot_gz_gazebo:/home/gadzz/ardu_ws/install/ardupilot_gz_description:/home/gadzz/ardu_ws/install/ardupilot_gz_application:/home/gadzz/ardu_ws/install/ardupilot_gazebo:/home/gadzz/ardu_ws/install/ardupilot_dds_tests:/opt/ros/humble'), ('EDITOR', 'geany'), ('HISTORY_IGNORE', '(ls|cd|pwd|exit|sudo reboot|history|cd -|cd ..)')]), 'shell': False}
[0.549384] (mission_center) JobProgress: {'identifier': 'mission_center', 'progress': 'cmake'}
[0.550946] (mission_center) JobProgress: {'identifier': 'mission_center', 'progress': 'build'}
[0.551162] (mission_center) Command: {'cmd': ['/usr/bin/cmake', '--build', '/home/gadzz/tubitak_ws/build/mission_center', '--', '-j8', '-l8'], 'cwd': '/home/gadzz/tubitak_ws/build/mission_center', 'env': OrderedDict([('GZ_SIM_SYSTEM_PLUGIN_PATH', '/home/gadzz/ardu_ws/install/ardupilot_sitl_models/lib/ardupilot_sitl_models/:/home/gadzz/ardu_ws/install/ardupilot_gz_gazebo/lib/ardupilot_gz_gazebo/:/home/gadzz/ardu_ws/install/ardupilot_gazebo/lib/ardupilot_gazebo/'), ('TMUX', '/tmp/tmux-1000/default,28455,0'), ('GZ_SIM_RESOURCE_PATH', '/home/gadzz/ardu_ws/install/ardupilot_sitl_models/share/ardupilot_sitl_models/worlds:/home/gadzz/ardu_ws/install/ardupilot_sitl_models/share/ardupilot_sitl_models/models:/home/gadzz/ardu_ws/install/ardupilot_sitl_models/share:/home/gadzz/ardu_ws/install/ardupilot_gz_gazebo/share/ardupilot_gz_gazebo/worlds:/home/gadzz/ardu_ws/install/ardupilot_gz_description/share/ardupilot_gz_description/models:/home/gadzz/ardu_ws/install/ardupilot_gz_description/share:/home/gadzz/ardu_ws/install/ardupilot_gazebo/share/ardupilot_gazebo/worlds:/home/gadzz/ardu_ws/install/ardupilot_gazebo/share/ardupilot_gazebo/models:/home/gadzz/ardu_ws/install/ardupilot_gazebo/share'), ('LC_TIME', 'id_ID.UTF-8'), ('USER', 'gadzz'), ('XDG_SEAT', 'seat0'), ('XDG_SESSION_TYPE', 'x11'), ('BROWSER', 'firefox-esr'), ('LD_LIBRARY_PATH', '/home/gadzz/tubitak_ws/install/keyboard_msgs/lib:/home/gadzz/ardu_ws/install/sdformat_urdf/lib:/home/gadzz/ardu_ws/install/ros_ign_interfaces/lib:/home/gadzz/ardu_ws/install/ros_gz_sim/lib:/home/gadzz/ardu_ws/install/ros_gz_bridge/lib:/home/gadzz/ardu_ws/install/ros_gz_interfaces/lib:/home/gadzz/ardu_ws/install/micro_ros_agent/lib:/home/gadzz/ardu_ws/install/keyboard_msgs/lib:/home/gadzz/ardu_ws/install/ardupilot_msgs/lib:/opt/ros/humble/opt/rviz_ogre_vendor/lib:/opt/ros/humble/lib/x86_64-linux-gnu:/opt/ros/humble/lib'), ('SHLVL', '2'), ('HOME', '/home/gadzz'), ('LESS', '-R'), ('OLDPWD', '/home/gadzz'), ('DESKTOP_SESSION', 'awesome'), ('TERM_PROGRAM_VERSION', '3.5a'), ('LSCOLORS', 'Gxfxcxdxbxegedabagacad'), ('ZSH', '/home/gadzz/.oh-my-zsh'), ('GTK_MODULES', 'gail:atk-bridge'), ('PAGER', 'less'), ('ROS_PYTHON_VERSION', '3'), ('LC_MONETARY', 'id_ID.UTF-8'), ('DBUS_SESSION_BUS_ADDRESS', 'unix:path=/run/user/1000/bus'), ('SYSTEMD_EXEC_PID', '2502'), ('VISUAL', 'nvim'), ('COLORTERM', 'truecolor'), ('FZF_BASE', '/usr/bin/fzf'), ('COLCON_PREFIX_PATH', '/home/gadzz/ardu_ws/install'), ('ROS_DISTRO', 'humble'), ('ALACRITTY_SOCKET', '/run/user/1000/Alacritty-:0-27989.sock'), ('GTK_IM_MODULE', 'ibus'), ('LOGNAME', 'gadzz'), ('WINDOWID', '35651589'), ('_', '/usr/bin/colcon'), ('PKG_CONFIG_PATH', '/home/gadzz/ardu_ws/install/sdformat_test_files/lib/x86_64-linux-gnu/pkgconfig:/home/gadzz/ardu_ws/install/sdformat_test_files/lib/pkgconfig'), ('ROS_VERSION', '2'), ('XDG_SESSION_CLASS', 'user'), ('ALACRITTY_LOG', '/tmp/Alacritty-27989.log'), ('TERM', 'tmux-256color'), ('USERNAME', 'gadzz'), ('XDG_SESSION_ID', '3'), ('ROS_LOCALHOST_ONLY', '0'), ('WINDOWPATH', '2'), ('PATH', '/home/gadzz/.local/bin:/home/gadzz/ardu_ws/install/ardupilot_sitl/bin:/opt/ros/humble/bin:/home/gadzz/.local/bin:/usr/lib/ccache:/home/gadzz/ardu_ws/src/ardupilot/Tools/autotest:/opt/gcc-arm-none-eabi-10-2020-q4-major/bin:/home/gadzz/.local/bin:/usr/local/sbin:/usr/local/bin:/usr/sbin:/usr/bin:/sbin:/bin:/usr/games:/usr/local/games:/snap/bin:/snap/bin:/home/gadzz/ardu_ws/Micro-XRCE-DDS-Gen/scripts:/home/gadzz/ardu_ws/src/ardupilot/Tools/autotest:/home/gadzz/ardu_ws/Micro-XRCE-DDS-Gen/scripts:/home/gadzz/ardu_ws/src/ardupilot/Tools/autotest'), ('DIRHISTORY_SIZE', '30'), ('LC_ADDRESS', 'id_ID.UTF-8'), ('XDG_RUNTIME_DIR', '/run/user/1000'), ('DISPLAY', ':0'), ('LANG', 'en_US.UTF-8'), ('LC_TELEPHONE', 'id_ID.UTF-8'), ('LS_COLORS', 'rs=0:di=01;34:ln=01;36:mh=00:pi=40;33:so=01;35:do=01;35:bd=40;33;01:cd=40;33;01:or=40;31;01:mi=00:su=37;41:sg=30;43:ca=30;41:tw=30;42:ow=34;42:st=37;44:ex=01;32:*.tar=01;31:*.tgz=01;31:*.arc=01;31:*.arj=01;31:*.taz=01;31:*.lha=01;31:*.lz4=01;31:*.lzh=01;31:*.lzma=01;31:*.tlz=01;31:*.txz=01;31:*.tzo=01;31:*.t7z=01;31:*.zip=01;31:*.z=01;31:*.dz=01;31:*.gz=01;31:*.lrz=01;31:*.lz=01;31:*.lzo=01;31:*.xz=01;31:*.zst=01;31:*.tzst=01;31:*.bz2=01;31:*.bz=01;31:*.tbz=01;31:*.tbz2=01;31:*.tz=01;31:*.deb=01;31:*.rpm=01;31:*.jar=01;31:*.war=01;31:*.ear=01;31:*.sar=01;31:*.rar=01;31:*.alz=01;31:*.ace=01;31:*.zoo=01;31:*.cpio=01;31:*.7z=01;31:*.rz=01;31:*.cab=01;31:*.wim=01;31:*.swm=01;31:*.dwm=01;31:*.esd=01;31:*.jpg=01;35:*.jpeg=01;35:*.mjpg=01;35:*.mjpeg=01;35:*.gif=01;35:*.bmp=01;35:*.pbm=01;35:*.pgm=01;35:*.ppm=01;35:*.tga=01;35:*.xbm=01;35:*.xpm=01;35:*.tif=01;35:*.tiff=01;35:*.png=01;35:*.svg=01;35:*.svgz=01;35:*.mng=01;35:*.pcx=01;35:*.mov=01;35:*.mpg=01;35:*.mpeg=01;35:*.m2v=01;35:*.mkv=01;35:*.webm=01;35:*.webp=01;35:*.ogm=01;35:*.mp4=01;35:*.m4v=01;35:*.mp4v=01;35:*.vob=01;35:*.qt=01;35:*.nuv=01;35:*.wmv=01;35:*.asf=01;35:*.rm=01;35:*.rmvb=01;35:*.flc=01;35:*.avi=01;35:*.fli=01;35:*.flv=01;35:*.gl=01;35:*.dl=01;35:*.xcf=01;35:*.xwd=01;35:*.yuv=01;35:*.cgm=01;35:*.emf=01;35:*.ogv=01;35:*.ogx=01;35:*.aac=00;36:*.au=00;36:*.flac=00;36:*.m4a=00;36:*.mid=00;36:*.midi=00;36:*.mka=00;36:*.mp3=00;36:*.mpc=00;36:*.ogg=00;36:*.ra=00;36:*.wav=00;36:*.oga=00;36:*.opus=00;36:*.spx=00;36:*.xspf=00;36:'), ('TERM_PROGRAM', 'tmux'), ('XAUTHORITY', '/run/user/1000/gdm/Xauthority'), ('XDG_SESSION_DESKTOP', 'awesome'), ('XMODIFIERS', '@im=ibus'), ('AMENT_PREFIX_PATH', '/home/gadzz/tubitak_ws/install/keyboard_msgs:/home/gadzz/ardu_ws/install/test_ros_gz_bridge:/home/gadzz/ardu_ws/install/ros_ign:/home/gadzz/ardu_ws/install/ros_ign_gazebo_demos:/home/gadzz/ardu_ws/install/ros_gz:/home/gadzz/ardu_ws/install/ros_gz_sim_demos:/home/gadzz/ardu_ws/install/ardupilot_gz_bringup:/home/gadzz/ardu_ws/install/sdformat_urdf:/home/gadzz/ardu_ws/install/ros_ign_interfaces:/home/gadzz/ardu_ws/install/ros_ign_image:/home/gadzz/ardu_ws/install/ros_ign_gazebo:/home/gadzz/ardu_ws/install/ros_ign_bridge:/home/gadzz/ardu_ws/install/ros_gz_sim:/home/gadzz/ardu_ws/install/ros_gz_image:/home/gadzz/ardu_ws/install/ros_gz_bridge:/home/gadzz/ardu_ws/install/ros_gz_interfaces:/home/gadzz/ardu_ws/install/ardupilot_dds_tests:/home/gadzz/ardu_ws/install/ardupilot_sitl:/home/gadzz/ardu_ws/install/micro_ros_agent:/home/gadzz/ardu_ws/install/keyboard:/home/gadzz/ardu_ws/install/keyboard_msgs:/home/gadzz/ardu_ws/install/ardupilot_sitl_models:/home/gadzz/ardu_ws/install/ardupilot_msgs:/home/gadzz/ardu_ws/install/ardupilot_gz_gazebo:/home/gadzz/ardu_ws/install/ardupilot_gz_description:/home/gadzz/ardu_ws/install/ardupilot_gz_application:/home/gadzz/ardu_ws/install/ardupilot_gazebo:/opt/ros/humble'), ('LC_NAME', 'id_ID.UTF-8'), ('SHELL', '/usr/bin/zsh'), ('GDMSESSION', 'awesome'), ('QT_ACCESSIBILITY', '1'), ('IGN_GAZEBO_RESOURCE_PATH', '/home/gadzz/ardu_ws/install/ros_gz_sim_demos/share'), ('LC_MEASUREMENT', 'id_ID.UTF-8'), ('GPG_AGENT_INFO', '/run/user/1000/gnupg/S.gpg-agent:0:1'), ('GZ_VERSION', 'harmonic'), ('LC_IDENTIFICATION', 'id_ID.UTF-8'), ('ALACRITTY_WINDOW_ID', '35651589'), ('QT_IM_MODULE', 'ibus'), ('XDG_VTNR', '2'), ('FZF_DEFAULT_COMMAND', 'rg --files --hidden --glob "!.git/*"'), ('PWD', '/home/gadzz/tubitak_ws/build/mission_center'), ('CLUTTER_IM_MODULE', 'ibus'), ('XDG_CONFIG_DIRS', '/etc/xdg/xdg-awesome:/etc/xdg'), ('XDG_DATA_DIRS', '/usr/share/awesome:/usr/share/gnome:/usr/local/share/:/usr/share/:/var/lib/snapd/desktop'), ('LC_NUMERIC', 'id_ID.UTF-8'), ('PYTHONPATH', '/home/gadzz/tubitak_ws/install/keyboard_msgs/local/lib/python3.10/dist-packages:/home/gadzz/ardu_ws/install/ros_ign_interfaces/local/lib/python3.10/dist-packages:/home/gadzz/ardu_ws/install/ros_gz_interfaces/local/lib/python3.10/dist-packages:/home/gadzz/ardu_ws/install/ardupilot_dds_tests/lib/python3.10/site-packages:/home/gadzz/ardu_ws/install/ardupilot_sitl/local/lib/python3.10/dist-packages:/home/gadzz/ardu_ws/install/keyboard_msgs/local/lib/python3.10/dist-packages:/home/gadzz/ardu_ws/install/ardupilot_msgs/local/lib/python3.10/dist-packages:/opt/ros/humble/lib/python3.10/site-packages:/opt/ros/humble/local/lib/python3.10/dist-packages'), ('LC_PAPER', 'id_ID.UTF-8'), ('TMUX_PLUGIN_MANAGER_PATH', '/home/gadzz/.config/tmux/plugins/'), ('COLCON', '1'), ('TERMINAL', 'alacritty'), ('TMUX_PANE', '%3'), ('CMAKE_PREFIX_PATH', '/home/gadzz/tubitak_ws/install/keyboard_msgs:/home/gadzz/ardu_ws/install/test_ros_gz_bridge:/home/gadzz/ardu_ws/install/ros_ign:/home/gadzz/ardu_ws/install/ros_ign_gazebo_demos:/home/gadzz/ardu_ws/install/ros_gz:/home/gadzz/ardu_ws/install/ros_gz_sim_demos:/home/gadzz/ardu_ws/install/ardupilot_gz_bringup:/home/gadzz/ardu_ws/install/sdformat_urdf:/home/gadzz/ardu_ws/install/sdformat_test_files:/home/gadzz/ardu_ws/install/ros_ign_interfaces:/home/gadzz/ardu_ws/install/ros_ign_image:/home/gadzz/ardu_ws/install/ros_ign_gazebo:/home/gadzz/ardu_ws/install/ros_ign_bridge:/home/gadzz/ardu_ws/install/ros_gz_sim:/home/gadzz/ardu_ws/install/ros_gz_image:/home/gadzz/ardu_ws/install/ros_gz_bridge:/home/gadzz/ardu_ws/install/ros_gz_interfaces:/home/gadzz/ardu_ws/install/ardupilot_sitl:/home/gadzz/ardu_ws/install/micro_ros_agent:/home/gadzz/ardu_ws/install/keyboard:/home/gadzz/ardu_ws/install/keyboard_msgs:/home/gadzz/ardu_ws/install/ardupilot_sitl_models:/home/gadzz/ardu_ws/install/ardupilot_msgs:/home/gadzz/ardu_ws/install/ardupilot_gz_gazebo:/home/gadzz/ardu_ws/install/ardupilot_gz_description:/home/gadzz/ardu_ws/install/ardupilot_gz_application:/home/gadzz/ardu_ws/install/ardupilot_gazebo:/home/gadzz/ardu_ws/install/ardupilot_dds_tests:/opt/ros/humble'), ('EDITOR', 'geany'), ('HISTORY_IGNORE', '(ls|cd|pwd|exit|sudo reboot|history|cd -|cd ..)')]), 'shell': False}
[0.601380] (-) TimerEvent: {}
[0.609194] (mission_center) StdoutLine: {'line': b'\x1b[35m\x1b[1mConsolidate compiler generated dependencies of target uav_mission\x1b[0m\n'}
[0.627448] (keyboard) StdoutLine: {'line': b'[100%] Built target keyboard\n'}
[0.630750] (mission_center) StdoutLine: {'line': b'[ 12%] Built target safety_node\n'}
[0.634267] (mission_center) StdoutLine: {'line': b'[ 25%] Built target trajectory_streamer\n'}
[0.639936] (mission_center) StdoutLine: {'line': b'[ 31%] \x1b[32mBuilding CXX object CMakeFiles/uav_mission.dir/src/uav_mission.cpp.o\x1b[0m\n'}
[0.641600] (keyboard) CommandEnded: {'returncode': 0}
[0.642239] (keyboard) JobProgress: {'identifier': 'keyboard', 'progress': 'install'}
[0.642418] (keyboard) Command: {'cmd': ['/usr/bin/cmake', '--install', '/home/gadzz/tubitak_ws/build/keyboard'], 'cwd': '/home/gadzz/tubitak_ws/build/keyboard', 'env': OrderedDict([('GZ_SIM_SYSTEM_PLUGIN_PATH', '/home/gadzz/ardu_ws/install/ardupilot_sitl_models/lib/ardupilot_sitl_models/:/home/gadzz/ardu_ws/install/ardupilot_gz_gazebo/lib/ardupilot_gz_gazebo/:/home/gadzz/ardu_ws/install/ardupilot_gazebo/lib/ardupilot_gazebo/'), ('TMUX', '/tmp/tmux-1000/default,28455,0'), ('GZ_SIM_RESOURCE_PATH', '/home/gadzz/ardu_ws/install/ardupilot_sitl_models/share/ardupilot_sitl_models/worlds:/home/gadzz/ardu_ws/install/ardupilot_sitl_models/share/ardupilot_sitl_models/models:/home/gadzz/ardu_ws/install/ardupilot_sitl_models/share:/home/gadzz/ardu_ws/install/ardupilot_gz_gazebo/share/ardupilot_gz_gazebo/worlds:/home/gadzz/ardu_ws/install/ardupilot_gz_description/share/ardupilot_gz_description/models:/home/gadzz/ardu_ws/install/ardupilot_gz_description/share:/home/gadzz/ardu_ws/install/ardupilot_gazebo/share/ardupilot_gazebo/worlds:/home/gadzz/ardu_ws/install/ardupilot_gazebo/share/ardupilot_gazebo/models:/home/gadzz/ardu_ws/install/ardupilot_gazebo/share'), ('LC_TIME', 'id_ID.UTF-8'), ('USER', 'gadzz'), ('XDG_SEAT', 'seat0'), ('XDG_SESSION_TYPE', 'x11'), ('BROWSER', 'firefox-esr'), ('LD_LIBRARY_PATH', '/home/gadzz/tubitak_ws/install/keyboard_msgs/lib:/home/gadzz/ardu_ws/install/sdformat_urdf/lib:/home/gadzz/ardu_ws/install/ros_ign_interfaces/lib:/home/gadzz/ardu_ws/install/ros_gz_sim/lib:/home/gadzz/ardu_ws/install/ros_gz_bridge/lib:/home/gadzz/ardu_ws/install/ros_gz_interfaces/lib:/home/gadzz/ardu_ws/install/micro_ros_agent/lib:/home/gadzz/ardu_ws/install/keyboard_msgs/lib:/home/gadzz/ardu_ws/install/ardupilot_msgs/lib:/opt/ros/humble/opt/rviz_ogre_vendor/lib:/opt/ros/humble/lib/x86_64-linux-gnu:/opt/ros/humble/lib'), ('SHLVL', '2'), ('HOME', '/home/gadzz'), ('LESS', '-R'), ('OLDPWD', '/home/gadzz'), ('DESKTOP_SESSION', 'awesome'), ('TERM_PROGRAM_VERSION', '3.5a'), ('LSCOLORS', 'Gxfxcxdxbxegedabagacad'), ('ZSH', '/home/gadzz/.oh-my-zsh'), ('GTK_MODULES', 'gail:atk-bridge'), ('PAGER', 'less'), ('ROS_PYTHON_VERSION', '3'), ('LC_MONETARY', 'id_ID.UTF-8'), ('DBUS_SESSION_BUS_ADDRESS', 'unix:path=/run/user/1000/bus'), ('SYSTEMD_EXEC_PID', '2502'), ('VISUAL', 'nvim'), ('COLORTERM', 'truecolor'), ('FZF_BASE', '/usr/bin/fzf'), ('COLCON_PREFIX_PATH', '/home/gadzz/ardu_ws/install'), ('ROS_DISTRO', 'humble'), ('ALACRITTY_SOCKET', '/run/user/1000/Alacritty-:0-27989.sock'), ('GTK_IM_MODULE', 'ibus'), ('LOGNAME', 'gadzz'), ('WINDOWID', '35651589'), ('_', '/usr/bin/colcon'), ('PKG_CONFIG_PATH', '/home/gadzz/ardu_ws/install/sdformat_test_files/lib/x86_64-linux-gnu/pkgconfig:/home/gadzz/ardu_ws/install/sdformat_test_files/lib/pkgconfig'), ('ROS_VERSION', '2'), ('XDG_SESSION_CLASS', 'user'), ('ALACRITTY_LOG', '/tmp/Alacritty-27989.log'), ('TERM', 'tmux-256color'), ('USERNAME', 'gadzz'), ('XDG_SESSION_ID', '3'), ('ROS_LOCALHOST_ONLY', '0'), ('WINDOWPATH', '2'), ('PATH', '/home/gadzz/.local/bin:/home/gadzz/ardu_ws/install/ardupilot_sitl/bin:/opt/ros/humble/bin:/home/gadzz/.local/bin:/usr/lib/ccache:/home/gadzz/ardu_ws/src/ardupilot/Tools/autotest:/opt/gcc-arm-none-eabi-10-2020-q4-major/bin:/home/gadzz/.local/bin:/usr/local/sbin:/usr/local/bin:/usr/sbin:/usr/bin:/sbin:/bin:/usr/games:/usr/local/games:/snap/bin:/snap/bin:/home/gadzz/ardu_ws/Micro-XRCE-DDS-Gen/scripts:/home/gadzz/ardu_ws/src/ardupilot/Tools/autotest:/home/gadzz/ardu_ws/Micro-XRCE-DDS-Gen/scripts:/home/gadzz/ardu_ws/src/ardupilot/Tools/autotest'), ('DIRHISTORY_SIZE', '30'), ('LC_ADDRESS', 'id_ID.UTF-8'), ('XDG_RUNTIME_DIR', '/run/user/1000'), ('DISPLAY', ':0'), ('LANG', 'en_US.UTF-8'), ('LC_TELEPHONE', 'id_ID.UTF-8'), ('LS_COLORS', 'rs=0:di=01;34:ln=01;36:mh=00:pi=40;33:so=01;35:do=01;35:bd=40;33;01:cd=40;33;01:or=40;31;01:mi=00:su=37;41:sg=30;43:ca=30;41:tw=30;42:ow=34;42:st=37;44:ex=01;32:*.tar=01;31:*.tgz=01;31:*.arc=01;31:*.arj=01;31:*.taz=01;31:*.lha=01;31:*.lz4=01;31:*.lzh=01;31:*.lzma=01;31:*.tlz=01;31:*.txz=01;31:*.tzo=01;31:*.t7z=01;31:*.zip=01;31:*.z=01;31:*.dz=01;31:*.gz=01;31:*.lrz=01;31:*.lz=01;31:*.lzo=01;31:*.xz=01;31:*.zst=01;31:*.tzst=01;31:*.bz2=01;31:*.bz=01;31:*.tbz=01;31:*.tbz2=01;31:*.tz=01;31:*.deb=01;31:*.rpm=01;31:*.jar=01;31:*.war=01;31:*.ear=01;31:*.sar=01;31:*.rar=01;31:*.alz=01;31:*.ace=01;31:*.zoo=01;31:*.cpio=01;31:*.7z=01;31:*.rz=01;31:*.cab=01;31:*.wim=01;31:*.swm=01;31:*.dwm=01;31:*.esd=01;31:*.jpg=01;35:*.jpeg=01;35:*.mjpg=01;35:*.mjpeg=01;35:*.gif=01;35:*.bmp=01;35:*.pbm=01;35:*.pgm=01;35:*.ppm=01;35:*.tga=01;35:*.xbm=01;35:*.xpm=01;35:*.tif=01;35:*.tiff=01;35:*.png=01;35:*.svg=01;35:*.svgz=01;35:*.mng=01;35:*.pcx=01;35:*.mov=01;35:*.mpg=01;35:*.mpeg=01;35:*.m2v=01;35:*.mkv=01;35:*.webm=01;35:*.webp=01;35:*.ogm=01;35:*.mp4=01;35:*.m4v=01;35:*.mp4v=01;35:*.vob=01;35:*.qt=01;35:*.nuv=01;35:*.wmv=01;35:*.asf=01;35:*.rm=01;35:*.rmvb=01;35:*.flc=01;35:*.avi=01;35:*.fli=01;35:*.flv=01;35:*.gl=01;35:*.dl=01;35:*.xcf=01;35:*.xwd=01;35:*.yuv=01;35:*.cgm=01;35:*.emf=01;35:*.ogv=01;35:*.ogx=01;35:*.aac=00;36:*.au=00;36:*.flac=00;36:*.m4a=00;36:*.mid=00;36:*.midi=00;36:*.mka=00;36:*.mp3=00;36:*.mpc=00;36:*.ogg=00;36:*.ra=00;36:*.wav=00;36:*.oga=00;36:*.opus=00;36:*.spx=00;36:*.xspf=00;36:'), ('TERM_PROGRAM', 'tmux'), ('XAUTHORITY', '/run/user/1000/gdm/Xauthority'), ('XDG_SESSION_DESKTOP', 'awesome'), ('XMODIFIERS', '@im=ibus'), ('AMENT_PREFIX_PATH', '/home/gadzz/tubitak_ws/install/keyboard_msgs:/home/gadzz/ardu_ws/install/test_ros_gz_bridge:/home/gadzz/ardu_ws/install/ros_ign:/home/gadzz/ardu_ws/install/ros_ign_gazebo_demos:/home/gadzz/ardu_ws/install/ros_gz:/home/gadzz/ardu_ws/install/ros_gz_sim_demos:/home/gadzz/ardu_ws/install/ardupilot_gz_bringup:/home/gadzz/ardu_ws/install/sdformat_urdf:/home/gadzz/ardu_ws/install/ros_ign_interfaces:/home/gadzz/ardu_ws/install/ros_ign_image:/home/gadzz/ardu_ws/install/ros_ign_gazebo:/home/gadzz/ardu_ws/install/ros_ign_bridge:/home/gadzz/ardu_ws/install/ros_gz_sim:/home/gadzz/ardu_ws/install/ros_gz_image:/home/gadzz/ardu_ws/install/ros_gz_bridge:/home/gadzz/ardu_ws/install/ros_gz_interfaces:/home/gadzz/ardu_ws/install/ardupilot_dds_tests:/home/gadzz/ardu_ws/install/ardupilot_sitl:/home/gadzz/ardu_ws/install/micro_ros_agent:/home/gadzz/ardu_ws/install/keyboard:/home/gadzz/ardu_ws/install/keyboard_msgs:/home/gadzz/ardu_ws/install/ardupilot_sitl_models:/home/gadzz/ardu_ws/install/ardupilot_msgs:/home/gadzz/ardu_ws/install/ardupilot_gz_gazebo:/home/gadzz/ardu_ws/install/ardupilot_gz_description:/home/gadzz/ardu_ws/install/ardupilot_gz_application:/home/gadzz/ardu_ws/install/ardupilot_gazebo:/opt/ros/humble'), ('LC_NAME', 'id_ID.UTF-8'), ('SHELL', '/usr/bin/zsh'), ('GDMSESSION', 'awesome'), ('QT_ACCESSIBILITY', '1'), ('IGN_GAZEBO_RESOURCE_PATH', '/home/gadzz/ardu_ws/install/ros_gz_sim_demos/share'), ('LC_MEASUREMENT', 'id_ID.UTF-8'), ('GPG_AGENT_INFO', '/run/user/1000/gnupg/S.gpg-agent:0:1'), ('GZ_VERSION', 'harmonic'), ('LC_IDENTIFICATION', 'id_ID.UTF-8'), ('ALACRITTY_WINDOW_ID', '35651589'), ('QT_IM_MODULE', 'ibus'), ('XDG_VTNR', '2'), ('FZF_DEFAULT_COMMAND', 'rg --files --hidden --glob "!.git/*"'), ('PWD', '/home/gadzz/tubitak_ws/build/keyboard'), ('CLUTTER_IM_MODULE', 'ibus'), ('XDG_CONFIG_DIRS', '/etc/xdg/xdg-awesome:/etc/xdg'), ('XDG_DATA_DIRS', '/usr/share/awesome:/usr/share/gnome:/usr/local/share/:/usr/share/:/var/lib/snapd/desktop'), ('LC_NUMERIC', 'id_ID.UTF-8'), ('PYTHONPATH', '/home/gadzz/tubitak_ws/install/keyboard_msgs/local/lib/python3.10/dist-packages:/home/gadzz/ardu_ws/install/ros_ign_interfaces/local/lib/python3.10/dist-packages:/home/gadzz/ardu_ws/install/ros_gz_interfaces/local/lib/python3.10/dist-packages:/home/gadzz/ardu_ws/install/ardupilot_dds_tests/lib/python3.10/site-packages:/home/gadzz/ardu_ws/install/ardupilot_sitl/local/lib/python3.10/dist-packages:/home/gadzz/ardu_ws/install/keyboard_msgs/local/lib/python3.10/dist-packages:/home/gadzz/ardu_ws/install/ardupilot_msgs/local/lib/python3.10/dist-packages:/opt/ros/humble/lib/python3.10/site-packages:/opt/ros/humble/local/lib/python3.10/dist-packages'), ('LC_PAPER', 'id_ID.UTF-8'), ('TMUX_PLUGIN_MANAGER_PATH', '/home/gadzz/.config/tmux/plugins/'), ('COLCON', '1'), ('TERMINAL', 'alacritty'), ('TMUX_PANE', '%3'), ('CMAKE_PREFIX_PATH', '/home/gadzz/tubitak_ws/install/keyboard_msgs:/home/gadzz/ardu_ws/install/test_ros_gz_bridge:/home/gadzz/ardu_ws/install/ros_ign:/home/gadzz/ardu_ws/install/ros_ign_gazebo_demos:/home/gadzz/ardu_ws/install/ros_gz:/home/gadzz/ardu_ws/install/ros_gz_sim_demos:/home/gadzz/ardu_ws/install/ardupilot_gz_bringup:/home/gadzz/ardu_ws/install/sdformat_urdf:/home/gadzz/ardu_ws/install/sdformat_test_files:/home/gadzz/ardu_ws/install/ros_ign_interfaces:/home/gadzz/ardu_ws/install/ros_ign_image:/home/gadzz/ardu_ws/install/ros_ign_gazebo:/home/gadzz/ardu_ws/install/ros_ign_bridge:/home/gadzz/ardu_ws/install/ros_gz_sim:/home/gadzz/ardu_ws/install/ros_gz_image:/home/gadzz/ardu_ws/install/ros_gz_bridge:/home/gadzz/ardu_ws/install/ros_gz_interfaces:/home/gadzz/ardu_ws/install/ardupilot_sitl:/home/gadzz/ardu_ws/install/micro_ros_agent:/home/gadzz/ardu_ws/install/keyboard:/home/gadzz/ardu_ws/install/keyboard_msgs:/home/gadzz/ardu_ws/install/ardupilot_sitl_models:/home/gadzz/ardu_ws/install/ardupilot_msgs:/home/gadzz/ardu_ws/install/ardupilot_gz_gazebo:/home/gadzz/ardu_ws/install/ardupilot_gz_description:/home/gadzz/ardu_ws/install/ardupilot_gz_application:/home/gadzz/ardu_ws/install/ardupilot_gazebo:/home/gadzz/ardu_ws/install/ardupilot_dds_tests:/opt/ros/humble'), ('EDITOR', 'geany'), ('HISTORY_IGNORE', '(ls|cd|pwd|exit|sudo reboot|history|cd -|cd ..)')]), 'shell': False}
[0.648994] (keyboard) StdoutLine: {'line': b'-- Install configuration: "Release"\n'}
[0.649207] (keyboard) StdoutLine: {'line': b'-- Up-to-date: /home/gadzz/tubitak_ws/install/keyboard/lib/keyboard/keyboard\n'}
[0.649387] (keyboard) StdoutLine: {'line': b'-- Up-to-date: /home/gadzz/tubitak_ws/install/keyboard/lib/keyboard/keyboard_to_joy.py\n'}
[0.649809] (keyboard) StdoutLine: {'line': b'-- Up-to-date: /home/gadzz/tubitak_ws/install/keyboard/share/keyboard/config\n'}
[0.649942] (keyboard) StdoutLine: {'line': b'-- Up-to-date: /home/gadzz/tubitak_ws/install/keyboard/share/keyboard/config/example_config.yaml\n'}
[0.649997] (keyboard) StdoutLine: {'line': b'-- Up-to-date: /home/gadzz/tubitak_ws/install/keyboard/share/ament_index/resource_index/package_run_dependencies/keyboard\n'}
[0.650049] (keyboard) StdoutLine: {'line': b'-- Up-to-date: /home/gadzz/tubitak_ws/install/keyboard/share/ament_index/resource_index/parent_prefix_path/keyboard\n'}
[0.650102] (keyboard) StdoutLine: {'line': b'-- Up-to-date: /home/gadzz/tubitak_ws/install/keyboard/share/keyboard/environment/ament_prefix_path.sh\n'}
[0.650152] (keyboard) StdoutLine: {'line': b'-- Up-to-date: /home/gadzz/tubitak_ws/install/keyboard/share/keyboard/environment/ament_prefix_path.dsv\n'}
[0.650204] (keyboard) StdoutLine: {'line': b'-- Up-to-date: /home/gadzz/tubitak_ws/install/keyboard/share/keyboard/environment/path.sh\n'}
[0.650254] (keyboard) StdoutLine: {'line': b'-- Up-to-date: /home/gadzz/tubitak_ws/install/keyboard/share/keyboard/environment/path.dsv\n'}
[0.650307] (keyboard) StdoutLine: {'line': b'-- Up-to-date: /home/gadzz/tubitak_ws/install/keyboard/share/keyboard/local_setup.bash\n'}
[0.650365] (keyboard) StdoutLine: {'line': b'-- Up-to-date: /home/gadzz/tubitak_ws/install/keyboard/share/keyboard/local_setup.sh\n'}
[0.650416] (keyboard) StdoutLine: {'line': b'-- Up-to-date: /home/gadzz/tubitak_ws/install/keyboard/share/keyboard/local_setup.zsh\n'}
[0.650473] (keyboard) StdoutLine: {'line': b'-- Up-to-date: /home/gadzz/tubitak_ws/install/keyboard/share/keyboard/local_setup.dsv\n'}
[0.650534] (keyboard) StdoutLine: {'line': b'-- Installing: /home/gadzz/tubitak_ws/install/keyboard/share/keyboard/package.dsv\n'}
[0.650587] (keyboard) StdoutLine: {'line': b'-- Up-to-date: /home/gadzz/tubitak_ws/install/keyboard/share/ament_index/resource_index/packages/keyboard\n'}
[0.650638] (keyboard) StdoutLine: {'line': b'-- Up-to-date: /home/gadzz/tubitak_ws/install/keyboard/share/keyboard/cmake/keyboardConfig.cmake\n'}
[0.650688] (keyboard) StdoutLine: {'line': b'-- Up-to-date: /home/gadzz/tubitak_ws/install/keyboard/share/keyboard/cmake/keyboardConfig-version.cmake\n'}
[0.650765] (keyboard) StdoutLine: {'line': b'-- Up-to-date: /home/gadzz/tubitak_ws/install/keyboard/share/keyboard/package.xml\n'}
[0.652064] (keyboard) CommandEnded: {'returncode': 0}
[0.666246] (keyboard) JobEnded: {'identifier': 'keyboard', 'rc': 0}
[0.701456] (-) TimerEvent: {}
[0.801699] (-) TimerEvent: {}
[0.901948] (-) TimerEvent: {}
[1.002714] (-) TimerEvent: {}
[1.103233] (-) TimerEvent: {}
[1.203970] (-) TimerEvent: {}
[1.304747] (-) TimerEvent: {}
[1.405009] (-) TimerEvent: {}
[1.505265] (-) TimerEvent: {}
[1.605508] (-) TimerEvent: {}
[1.705818] (-) TimerEvent: {}
[1.806217] (-) TimerEvent: {}
[1.907171] (-) TimerEvent: {}
[2.007651] (-) TimerEvent: {}
[2.108227] (-) TimerEvent: {}
[2.209018] (-) TimerEvent: {}
[2.309435] (-) TimerEvent: {}
[2.409879] (-) TimerEvent: {}
[2.510613] (-) TimerEvent: {}
[2.611244] (-) TimerEvent: {}
[2.711518] (-) TimerEvent: {}
[2.811818] (-) TimerEvent: {}
[2.912119] (-) TimerEvent: {}
[3.012505] (-) TimerEvent: {}
[3.113598] (-) TimerEvent: {}
[3.214424] (-) TimerEvent: {}
[3.315400] (-) TimerEvent: {}
[3.416704] (-) TimerEvent: {}
[3.517318] (-) TimerEvent: {}
[3.617713] (-) TimerEvent: {}
[3.718621] (-) TimerEvent: {}
[3.820336] (-) TimerEvent: {}
[3.920685] (-) TimerEvent: {}
[4.021012] (-) TimerEvent: {}
[4.121307] (-) TimerEvent: {}
[4.221621] (-) TimerEvent: {}
[4.322834] (-) TimerEvent: {}
[4.423430] (-) TimerEvent: {}
[4.524363] (-) TimerEvent: {}
[4.625425] (-) TimerEvent: {}
[4.725701] (-) TimerEvent: {}
[4.826148] (-) TimerEvent: {}
[4.926490] (-) TimerEvent: {}
[5.026930] (-) TimerEvent: {}
[5.127226] (-) TimerEvent: {}
[5.227618] (-) TimerEvent: {}
[5.328504] (-) TimerEvent: {}
[5.429170] (-) TimerEvent: {}
[5.529573] (-) TimerEvent: {}
[5.630156] (-) TimerEvent: {}
[5.730777] (-) TimerEvent: {}
[5.831557] (-) TimerEvent: {}
[5.932847] (-) TimerEvent: {}
[6.033411] (-) TimerEvent: {}
[6.133668] (-) TimerEvent: {}
[6.234008] (-) TimerEvent: {}
[6.334481] (-) TimerEvent: {}
[6.434837] (-) TimerEvent: {}
[6.535149] (-) TimerEvent: {}
[6.635485] (-) TimerEvent: {}
[6.735836] (-) TimerEvent: {}
[6.836204] (-) TimerEvent: {}
[6.936553] (-) TimerEvent: {}
[7.036881] (-) TimerEvent: {}
[7.137206] (-) TimerEvent: {}
[7.237565] (-) TimerEvent: {}
[7.337943] (-) TimerEvent: {}
[7.438253] (-) TimerEvent: {}
[7.538612] (-) TimerEvent: {}
[7.639792] (-) TimerEvent: {}
[7.740318] (-) TimerEvent: {}
[7.841363] (-) TimerEvent: {}
[7.941920] (-) TimerEvent: {}
[8.042736] (-) TimerEvent: {}
[8.148194] (-) TimerEvent: {}
[8.248553] (-) TimerEvent: {}
[8.348830] (-) TimerEvent: {}
[8.449146] (-) TimerEvent: {}
[8.549475] (-) TimerEvent: {}
[8.649800] (-) TimerEvent: {}
[8.750338] (-) TimerEvent: {}
[8.851294] (-) TimerEvent: {}
[8.951847] (-) TimerEvent: {}
[9.052123] (-) TimerEvent: {}
[9.152490] (-) TimerEvent: {}
[9.253060] (-) TimerEvent: {}
[9.353338] (-) TimerEvent: {}
[9.453657] (-) TimerEvent: {}
[9.553989] (-) TimerEvent: {}
[9.654286] (-) TimerEvent: {}
[9.754519] (-) TimerEvent: {}
[9.854788] (-) TimerEvent: {}
[9.955089] (-) TimerEvent: {}
[10.055418] (-) TimerEvent: {}
[10.155690] (-) TimerEvent: {}
[10.256072] (-) TimerEvent: {}
[10.356441] (-) TimerEvent: {}
[10.457587] (-) TimerEvent: {}
[10.557811] (-) TimerEvent: {}
[10.658109] (-) TimerEvent: {}
[10.758492] (-) TimerEvent: {}
[10.858806] (-) TimerEvent: {}
[10.959187] (-) TimerEvent: {}
[11.059600] (-) TimerEvent: {}
[11.159942] (-) TimerEvent: {}
[11.260217] (-) TimerEvent: {}
[11.360569] (-) TimerEvent: {}
[11.460896] (-) TimerEvent: {}
[11.561169] (-) TimerEvent: {}
[11.661803] (-) TimerEvent: {}
[11.763217] (-) TimerEvent: {}
[11.864695] (-) TimerEvent: {}
[11.964993] (-) TimerEvent: {}
[12.065254] (-) TimerEvent: {}
[12.165572] (-) TimerEvent: {}
[12.265810] (-) TimerEvent: {}
[12.366200] (-) TimerEvent: {}
[12.467855] (-) TimerEvent: {}
[12.568266] (-) TimerEvent: {}
[12.668517] (-) TimerEvent: {}
[12.768790] (-) TimerEvent: {}
[12.869075] (-) TimerEvent: {}
[12.969359] (-) TimerEvent: {}
[13.070128] (-) TimerEvent: {}
[13.171530] (-) TimerEvent: {}
[13.271891] (-) TimerEvent: {}
[13.372203] (-) TimerEvent: {}
[13.472490] (-) TimerEvent: {}
[13.573030] (-) TimerEvent: {}
[13.675243] (-) TimerEvent: {}
[13.777047] (-) TimerEvent: {}
[13.879850] (-) TimerEvent: {}
[13.981035] (-) TimerEvent: {}
[14.081371] (-) TimerEvent: {}
[14.181733] (-) TimerEvent: {}
[14.282102] (-) TimerEvent: {}
[14.382898] (-) TimerEvent: {}
[14.483845] (-) TimerEvent: {}
[14.584543] (-) TimerEvent: {}
[14.686192] (-) TimerEvent: {}
[14.786535] (-) TimerEvent: {}
[14.886817] (-) TimerEvent: {}
[14.987172] (-) TimerEvent: {}
[15.090000] (-) TimerEvent: {}
[15.190564] (-) TimerEvent: {}
[15.290969] (-) TimerEvent: {}
[15.391508] (-) TimerEvent: {}
[15.492055] (-) TimerEvent: {}
[15.592366] (-) TimerEvent: {}
[15.692664] (-) TimerEvent: {}
[15.793850] (-) TimerEvent: {}
[15.894421] (-) TimerEvent: {}
[15.994866] (-) TimerEvent: {}
[16.095135] (-) TimerEvent: {}
[16.195478] (-) TimerEvent: {}
[16.296421] (-) TimerEvent: {}
[16.397128] (-) TimerEvent: {}
[16.497960] (-) TimerEvent: {}
[16.598574] (-) TimerEvent: {}
[16.699144] (-) TimerEvent: {}
[16.799784] (-) TimerEvent: {}
[16.900911] (-) TimerEvent: {}
[17.002213] (-) TimerEvent: {}
[17.103531] (-) TimerEvent: {}
[17.204216] (-) TimerEvent: {}
[17.304533] (-) TimerEvent: {}
[17.404863] (-) TimerEvent: {}
[17.505208] (-) TimerEvent: {}
[17.605552] (-) TimerEvent: {}
[17.705954] (-) TimerEvent: {}
[17.806381] (-) TimerEvent: {}
[17.907298] (-) TimerEvent: {}
[18.009840] (-) TimerEvent: {}
[18.110170] (-) TimerEvent: {}
[18.210781] (-) TimerEvent: {}
[18.311484] (-) TimerEvent: {}
[18.411881] (-) TimerEvent: {}
[18.512641] (-) TimerEvent: {}
[18.613392] (-) TimerEvent: {}
[18.715714] (-) TimerEvent: {}
[18.816079] (-) TimerEvent: {}
[18.916448] (-) TimerEvent: {}
[19.017678] (-) TimerEvent: {}
[19.118150] (-) TimerEvent: {}
[19.218676] (-) TimerEvent: {}
[19.319267] (-) TimerEvent: {}
[19.419674] (-) TimerEvent: {}
[19.520088] (-) TimerEvent: {}
[19.621925] (-) TimerEvent: {}
[19.722446] (-) TimerEvent: {}
[19.822860] (-) TimerEvent: {}
[19.923498] (-) TimerEvent: {}
[20.024002] (-) TimerEvent: {}
[20.124451] (-) TimerEvent: {}
[20.224770] (-) TimerEvent: {}
[20.325210] (-) TimerEvent: {}
[20.425938] (-) TimerEvent: {}
[20.527632] (-) TimerEvent: {}
[20.628057] (-) TimerEvent: {}
[20.728463] (-) TimerEvent: {}
[20.828797] (-) TimerEvent: {}
[20.929102] (-) TimerEvent: {}
[21.029440] (-) TimerEvent: {}
[21.129957] (-) TimerEvent: {}
[21.230659] (-) TimerEvent: {}
[21.331000] (-) TimerEvent: {}
[21.431321] (-) TimerEvent: {}
[21.531785] (-) TimerEvent: {}
[21.632397] (-) TimerEvent: {}
[21.732957] (-) TimerEvent: {}
[21.833408] (-) TimerEvent: {}
[21.933860] (-) TimerEvent: {}
[22.034435] (-) TimerEvent: {}
[22.134813] (-) TimerEvent: {}
[22.235308] (-) TimerEvent: {}
[22.335700] (-) TimerEvent: {}
[22.436020] (-) TimerEvent: {}
[22.536507] (-) TimerEvent: {}
[22.637057] (-) TimerEvent: {}
[22.738208] (-) TimerEvent: {}
[22.838848] (-) TimerEvent: {}
[22.939358] (-) TimerEvent: {}
[23.039887] (-) TimerEvent: {}
[23.140403] (-) TimerEvent: {}
[23.240893] (-) TimerEvent: {}
[23.341460] (-) TimerEvent: {}
[23.444162] (-) TimerEvent: {}
[23.544467] (-) TimerEvent: {}
[23.646070] (-) TimerEvent: {}
[23.746329] (-) TimerEvent: {}
[23.846634] (-) TimerEvent: {}
[23.946936] (-) TimerEvent: {}
[24.047400] (-) TimerEvent: {}
[24.147719] (-) TimerEvent: {}
[24.248081] (-) TimerEvent: {}
[24.348423] (-) TimerEvent: {}
[24.448952] (-) TimerEvent: {}
[24.549782] (-) TimerEvent: {}
[24.650170] (-) TimerEvent: {}
[24.750473] (-) TimerEvent: {}
[24.850819] (-) TimerEvent: {}
[24.951154] (-) TimerEvent: {}
[25.051466] (-) TimerEvent: {}
[25.151788] (-) TimerEvent: {}
[25.252059] (-) TimerEvent: {}
[25.352418] (-) TimerEvent: {}
[25.452838] (-) TimerEvent: {}
[25.553318] (-) TimerEvent: {}
[25.653693] (-) TimerEvent: {}
[25.754048] (-) TimerEvent: {}
[25.854392] (-) TimerEvent: {}
[25.955698] (-) TimerEvent: {}
[26.056759] (-) TimerEvent: {}
[26.157252] (-) TimerEvent: {}
[26.257673] (-) TimerEvent: {}
[26.358050] (-) TimerEvent: {}
[26.458423] (-) TimerEvent: {}
[26.559148] (-) TimerEvent: {}
[26.659706] (-) TimerEvent: {}
[26.761175] (-) TimerEvent: {}
[26.861657] (-) TimerEvent: {}
[26.962632] (-) TimerEvent: {}
[27.063022] (-) TimerEvent: {}
[27.163410] (-) TimerEvent: {}
[27.263788] (-) TimerEvent: {}
[27.364172] (-) TimerEvent: {}
[27.464703] (-) TimerEvent: {}
[27.548028] (mission_center) StderrLine: {'line': b'\x1b[01m\x1b[K/home/gadzz/tubitak_ws/src/mission_center/src/uav_mission.cpp:\x1b[m\x1b[K In member function \xe2\x80\x98\x1b[01m\x1b[Kvoid UAV_Mission::switch_mode(std::string)\x1b[m\x1b[K\xe2\x80\x99:\n'}
[27.548286] (mission_center) StderrLine: {'line': b'\x1b[01m\x1b[K/home/gadzz/tubitak_ws/src/mission_center/src/uav_mission.cpp:108:11:\x1b[m\x1b[K \x1b[01;35m\x1b[Kwarning: \x1b[m\x1b[Kunused variable \xe2\x80\x98\x1b[01m\x1b[KgotTopic\x1b[m\x1b[K\xe2\x80\x99 [\x1b[01;35m\x1b[K-Wunused-variable\x1b[m\x1b[K]\n'}
[27.548363] (mission_center) StderrLine: {'line': b'  108 |       int \x1b[01;35m\x1b[KgotTopic\x1b[m\x1b[K =\n'}
[27.548422] (mission_center) StderrLine: {'line': b'      |           \x1b[01;35m\x1b[K^~~~~~~~\x1b[m\x1b[K\n'}
[27.548480] (mission_center) StderrLine: {'line': b'\x1b[01m\x1b[K/home/gadzz/tubitak_ws/src/mission_center/src/uav_mission.cpp:\x1b[m\x1b[K In member function \xe2\x80\x98\x1b[01m\x1b[Kvoid UAV_Mission::arm_throttle()\x1b[m\x1b[K\xe2\x80\x99:\n'}
[27.548537] (mission_center) StderrLine: {'line': b'\x1b[01m\x1b[K/home/gadzz/tubitak_ws/src/mission_center/src/uav_mission.cpp:152:11:\x1b[m\x1b[K \x1b[01;35m\x1b[Kwarning: \x1b[m\x1b[Kunused variable \xe2\x80\x98\x1b[01m\x1b[KgotTopic\x1b[m\x1b[K\xe2\x80\x99 [\x1b[01;35m\x1b[K-Wunused-variable\x1b[m\x1b[K]\n'}
[27.548600] (mission_center) StderrLine: {'line': b'  152 |       int \x1b[01;35m\x1b[KgotTopic\x1b[m\x1b[K =\n'}
[27.548657] (mission_center) StderrLine: {'line': b'      |           \x1b[01;35m\x1b[K^~~~~~~~\x1b[m\x1b[K\n'}
[27.548715] (mission_center) StderrLine: {'line': b'\x1b[01m\x1b[K/home/gadzz/tubitak_ws/src/mission_center/src/uav_mission.cpp:\x1b[m\x1b[K In member function \xe2\x80\x98\x1b[01m\x1b[Kbool UAV_Mission::init()\x1b[m\x1b[K\xe2\x80\x99:\n'}
[27.548787] (mission_center) StderrLine: {'line': b'\x1b[01m\x1b[K/home/gadzz/tubitak_ws/src/mission_center/src/uav_mission.cpp:247:8:\x1b[m\x1b[K \x1b[01;35m\x1b[Kwarning: \x1b[m\x1b[Kvariable \xe2\x80\x98\x1b[01m\x1b[Kqos_profile\x1b[m\x1b[K\xe2\x80\x99 set but not used [\x1b[01;35m\x1b[K-Wunused-but-set-variable\x1b[m\x1b[K]\n'}
[27.548852] (mission_center) StderrLine: {'line': b'  247 |   auto \x1b[01;35m\x1b[Kqos_profile\x1b[m\x1b[K = rclcpp::QoS(rclcpp::QoSInitialization::from_rmw(qos), qos);\n'}
[27.548909] (mission_center) StderrLine: {'line': b'      |        \x1b[01;35m\x1b[K^~~~~~~~~~~\x1b[m\x1b[K\n'}
[27.561075] (mission_center) StdoutLine: {'line': b'[ 37%] \x1b[32m\x1b[1mLinking CXX shared library libuav_mission.so\x1b[0m\n'}
[27.564773] (-) TimerEvent: {}
[27.665359] (-) TimerEvent: {}
[27.765759] (-) TimerEvent: {}
[27.866140] (-) TimerEvent: {}
[27.967178] (-) TimerEvent: {}
[28.068179] (-) TimerEvent: {}
[28.168784] (-) TimerEvent: {}
[28.270006] (-) TimerEvent: {}
[28.370995] (-) TimerEvent: {}
[28.471708] (-) TimerEvent: {}
[28.572470] (-) TimerEvent: {}
[28.672821] (-) TimerEvent: {}
[28.773163] (-) TimerEvent: {}
[28.873682] (-) TimerEvent: {}
[28.974155] (-) TimerEvent: {}
[29.075355] (-) TimerEvent: {}
[29.175725] (-) TimerEvent: {}
[29.276224] (-) TimerEvent: {}
[29.376615] (-) TimerEvent: {}
[29.477073] (-) TimerEvent: {}
[29.578825] (-) TimerEvent: {}
[29.679320] (-) TimerEvent: {}
[29.780058] (-) TimerEvent: {}
[29.880390] (-) TimerEvent: {}
[29.906239] (mission_center) StdoutLine: {'line': b'[ 37%] Built target uav_mission\n'}
[29.924946] (mission_center) StdoutLine: {'line': b'\x1b[35m\x1b[1mConsolidate compiler generated dependencies of target ui_node\x1b[0m\n'}
[29.944419] (mission_center) StdoutLine: {'line': b'[ 43%] \x1b[32mBuilding CXX object CMakeFiles/pilot_node.dir/src/pilot_node.cpp.o\x1b[0m\n'}
[29.947777] (mission_center) StdoutLine: {'line': b'[ 50%] \x1b[32mBuilding CXX object CMakeFiles/ui_node.dir/src/ui_node.cpp.o\x1b[0m\n'}
[29.980469] (-) TimerEvent: {}
[30.080759] (-) TimerEvent: {}
[30.181112] (-) TimerEvent: {}
[30.281447] (-) TimerEvent: {}
[30.381874] (-) TimerEvent: {}
[30.482212] (-) TimerEvent: {}
[30.582687] (-) TimerEvent: {}
[30.683578] (-) TimerEvent: {}
[30.784074] (-) TimerEvent: {}
[30.884501] (-) TimerEvent: {}
[30.984936] (-) TimerEvent: {}
[31.085208] (-) TimerEvent: {}
[31.185644] (-) TimerEvent: {}
[31.286115] (-) TimerEvent: {}
[31.388420] (-) TimerEvent: {}
[31.489384] (-) TimerEvent: {}
[31.589813] (-) TimerEvent: {}
[31.690374] (-) TimerEvent: {}
[31.790744] (-) TimerEvent: {}
[31.891344] (-) TimerEvent: {}
[31.992033] (-) TimerEvent: {}
[32.092546] (-) TimerEvent: {}
[32.193759] (-) TimerEvent: {}
[32.294247] (-) TimerEvent: {}
[32.395897] (-) TimerEvent: {}
[32.497721] (-) TimerEvent: {}
[32.598138] (-) TimerEvent: {}
[32.698897] (-) TimerEvent: {}
[32.799239] (-) TimerEvent: {}
[32.900494] (-) TimerEvent: {}
[33.001112] (-) TimerEvent: {}
[33.101547] (-) TimerEvent: {}
[33.201987] (-) TimerEvent: {}
[33.303950] (-) TimerEvent: {}
[33.404995] (-) TimerEvent: {}
[33.505356] (-) TimerEvent: {}
[33.606092] (-) TimerEvent: {}
[33.707290] (-) TimerEvent: {}
[33.808038] (-) TimerEvent: {}
[33.908539] (-) TimerEvent: {}
[34.009585] (-) TimerEvent: {}
[34.109968] (-) TimerEvent: {}
[34.211034] (-) TimerEvent: {}
[34.314946] (-) TimerEvent: {}
[34.416396] (-) TimerEvent: {}
[34.517486] (-) TimerEvent: {}
[34.617829] (-) TimerEvent: {}
[34.718494] (-) TimerEvent: {}
[34.819811] (-) TimerEvent: {}
[34.920163] (-) TimerEvent: {}
[35.020922] (-) TimerEvent: {}
[35.121295] (-) TimerEvent: {}
[35.222030] (-) TimerEvent: {}
[35.323284] (-) TimerEvent: {}
[35.424328] (-) TimerEvent: {}
[35.524820] (-) TimerEvent: {}
[35.625238] (-) TimerEvent: {}
[35.725840] (-) TimerEvent: {}
[35.826668] (-) TimerEvent: {}
[35.927709] (-) TimerEvent: {}
[36.028390] (-) TimerEvent: {}
[36.130282] (-) TimerEvent: {}
[36.230575] (-) TimerEvent: {}
[36.330928] (-) TimerEvent: {}
[36.431629] (-) TimerEvent: {}
[36.532027] (-) TimerEvent: {}
[36.632660] (-) TimerEvent: {}
[36.733043] (-) TimerEvent: {}
[36.833806] (-) TimerEvent: {}
[36.934806] (-) TimerEvent: {}
[36.950509] (mission_center) StdoutLine: {'line': b'[ 56%] \x1b[32m\x1b[1mLinking CXX executable ui_node\x1b[0m\n'}
[37.035438] (-) TimerEvent: {}
[37.136964] (-) TimerEvent: {}
[37.237333] (-) TimerEvent: {}
[37.339057] (-) TimerEvent: {}
[37.439535] (-) TimerEvent: {}
[37.541444] (-) TimerEvent: {}
[37.642691] (-) TimerEvent: {}
[37.646388] (mission_center) StdoutLine: {'line': b'[ 93%] Built target ui_node\n'}
[37.691973] (mission_center) StderrLine: {'line': b'\x1b[01m\x1b[K/home/gadzz/tubitak_ws/src/mission_center/src/pilot_node.cpp:\x1b[m\x1b[K In member function \xe2\x80\x98\x1b[01m\x1b[Kbool PilotNode::restartMission(std::shared_ptr<std_srvs::srv::Empty_Request_<std::allocator<void> > >, std::shared_ptr<std_srvs::srv::Empty_Response_<std::allocator<void> > >)\x1b[m\x1b[K\xe2\x80\x99:\n'}
[37.692211] (mission_center) StderrLine: {'line': b'\x1b[01m\x1b[K/home/gadzz/tubitak_ws/src/mission_center/src/pilot_node.cpp:32:71:\x1b[m\x1b[K \x1b[01;35m\x1b[Kwarning: \x1b[m\x1b[Kunused parameter \xe2\x80\x98\x1b[01m\x1b[Krequest\x1b[m\x1b[K\xe2\x80\x99 [\x1b[01;35m\x1b[K-Wunused-parameter\x1b[m\x1b[K]\n'}
[37.692283] (mission_center) StderrLine: {'line': b'   32 |   restartMission(\x1b[01;35m\x1b[Kconst std::shared_ptr<std_srvs::srv::Empty::Request> request\x1b[m\x1b[K,\n'}
[37.692344] (mission_center) StderrLine: {'line': b'      |                  \x1b[01;35m\x1b[K~~~~~~~~~~~~~~~~~~~~~~~~~~~~~~~~~~~~~~~~~~~~~~~~~~~~~^~~~~~~\x1b[m\x1b[K\n'}
[37.692402] (mission_center) StderrLine: {'line': b'\x1b[01m\x1b[K/home/gadzz/tubitak_ws/src/mission_center/src/pilot_node.cpp:33:66:\x1b[m\x1b[K \x1b[01;35m\x1b[Kwarning: \x1b[m\x1b[Kunused parameter \xe2\x80\x98\x1b[01m\x1b[Kresponse\x1b[m\x1b[K\xe2\x80\x99 [\x1b[01;35m\x1b[K-Wunused-parameter\x1b[m\x1b[K]\n'}
[37.692464] (mission_center) StderrLine: {'line': b'   33 |                  \x1b[01;35m\x1b[Kstd::shared_ptr<std_srvs::srv::Empty::Response> response\x1b[m\x1b[K) {\n'}
[37.692518] (mission_center) StderrLine: {'line': b'      |                  \x1b[01;35m\x1b[K~~~~~~~~~~~~~~~~~~~~~~~~~~~~~~~~~~~~~~~~~~~~~~~~^~~~~~~~\x1b[m\x1b[K\n'}
[37.692580] (mission_center) StderrLine: {'line': b'\x1b[01m\x1b[K/home/gadzz/tubitak_ws/src/mission_center/src/pilot_node.cpp:\x1b[m\x1b[K In member function \xe2\x80\x98\x1b[01m\x1b[Kbool PilotNode::killPilotCb(std::shared_ptr<std_srvs::srv::Empty_Request_<std::allocator<void> > >, std::shared_ptr<std_srvs::srv::Empty_Response_<std::allocator<void> > >)\x1b[m\x1b[K\xe2\x80\x99:\n'}
[37.692645] (mission_center) StderrLine: {'line': b'\x1b[01m\x1b[K/home/gadzz/tubitak_ws/src/mission_center/src/pilot_node.cpp:39:73:\x1b[m\x1b[K \x1b[01;35m\x1b[Kwarning: \x1b[m\x1b[Kunused parameter \xe2\x80\x98\x1b[01m\x1b[Krequest\x1b[m\x1b[K\xe2\x80\x99 [\x1b[01;35m\x1b[K-Wunused-parameter\x1b[m\x1b[K]\n'}
[37.692703] (mission_center) StderrLine: {'line': b'   39 |   bool killPilotCb(\x1b[01;35m\x1b[Kconst std::shared_ptr<std_srvs::srv::Empty::Request> request\x1b[m\x1b[K,\n'}
[37.692776] (mission_center) StderrLine: {'line': b'      |                    \x1b[01;35m\x1b[K~~~~~~~~~~~~~~~~~~~~~~~~~~~~~~~~~~~~~~~~~~~~~~~~~~~~~^~~~~~~\x1b[m\x1b[K\n'}
[37.692841] (mission_center) StderrLine: {'line': b'\x1b[01m\x1b[K/home/gadzz/tubitak_ws/src/mission_center/src/pilot_node.cpp:40:68:\x1b[m\x1b[K \x1b[01;35m\x1b[Kwarning: \x1b[m\x1b[Kunused parameter \xe2\x80\x98\x1b[01m\x1b[Kresponse\x1b[m\x1b[K\xe2\x80\x99 [\x1b[01;35m\x1b[K-Wunused-parameter\x1b[m\x1b[K]\n'}
[37.692912] (mission_center) StderrLine: {'line': b'   40 |                    \x1b[01;35m\x1b[Kstd::shared_ptr<std_srvs::srv::Empty::Response> response\x1b[m\x1b[K) {\n'}
[37.692985] (mission_center) StderrLine: {'line': b'      |                    \x1b[01;35m\x1b[K~~~~~~~~~~~~~~~~~~~~~~~~~~~~~~~~~~~~~~~~~~~~~~~~^~~~~~~~\x1b[m\x1b[K\n'}
[37.708844] (mission_center) StdoutLine: {'line': b'[100%] \x1b[32m\x1b[1mLinking CXX executable pilot_node\x1b[0m\n'}
[37.742955] (-) TimerEvent: {}
[37.844027] (-) TimerEvent: {}
[37.944490] (-) TimerEvent: {}
[38.044894] (-) TimerEvent: {}
[38.146613] (-) TimerEvent: {}
[38.248165] (-) TimerEvent: {}
[38.348792] (-) TimerEvent: {}
[38.450293] (-) TimerEvent: {}
[38.550998] (-) TimerEvent: {}
[38.651653] (-) TimerEvent: {}
[38.752192] (-) TimerEvent: {}
[38.852621] (-) TimerEvent: {}
[38.952935] (-) TimerEvent: {}
[38.992183] (mission_center) StdoutLine: {'line': b'[100%] Built target pilot_node\n'}
[39.009455] (mission_center) CommandEnded: {'returncode': 0}
[39.010262] (mission_center) JobProgress: {'identifier': 'mission_center', 'progress': 'install'}
[39.010520] (mission_center) Command: {'cmd': ['/usr/bin/cmake', '--install', '/home/gadzz/tubitak_ws/build/mission_center'], 'cwd': '/home/gadzz/tubitak_ws/build/mission_center', 'env': OrderedDict([('GZ_SIM_SYSTEM_PLUGIN_PATH', '/home/gadzz/ardu_ws/install/ardupilot_sitl_models/lib/ardupilot_sitl_models/:/home/gadzz/ardu_ws/install/ardupilot_gz_gazebo/lib/ardupilot_gz_gazebo/:/home/gadzz/ardu_ws/install/ardupilot_gazebo/lib/ardupilot_gazebo/'), ('TMUX', '/tmp/tmux-1000/default,28455,0'), ('GZ_SIM_RESOURCE_PATH', '/home/gadzz/ardu_ws/install/ardupilot_sitl_models/share/ardupilot_sitl_models/worlds:/home/gadzz/ardu_ws/install/ardupilot_sitl_models/share/ardupilot_sitl_models/models:/home/gadzz/ardu_ws/install/ardupilot_sitl_models/share:/home/gadzz/ardu_ws/install/ardupilot_gz_gazebo/share/ardupilot_gz_gazebo/worlds:/home/gadzz/ardu_ws/install/ardupilot_gz_description/share/ardupilot_gz_description/models:/home/gadzz/ardu_ws/install/ardupilot_gz_description/share:/home/gadzz/ardu_ws/install/ardupilot_gazebo/share/ardupilot_gazebo/worlds:/home/gadzz/ardu_ws/install/ardupilot_gazebo/share/ardupilot_gazebo/models:/home/gadzz/ardu_ws/install/ardupilot_gazebo/share'), ('LC_TIME', 'id_ID.UTF-8'), ('USER', 'gadzz'), ('XDG_SEAT', 'seat0'), ('XDG_SESSION_TYPE', 'x11'), ('BROWSER', 'firefox-esr'), ('LD_LIBRARY_PATH', '/home/gadzz/tubitak_ws/install/keyboard_msgs/lib:/home/gadzz/ardu_ws/install/sdformat_urdf/lib:/home/gadzz/ardu_ws/install/ros_ign_interfaces/lib:/home/gadzz/ardu_ws/install/ros_gz_sim/lib:/home/gadzz/ardu_ws/install/ros_gz_bridge/lib:/home/gadzz/ardu_ws/install/ros_gz_interfaces/lib:/home/gadzz/ardu_ws/install/micro_ros_agent/lib:/home/gadzz/ardu_ws/install/keyboard_msgs/lib:/home/gadzz/ardu_ws/install/ardupilot_msgs/lib:/opt/ros/humble/opt/rviz_ogre_vendor/lib:/opt/ros/humble/lib/x86_64-linux-gnu:/opt/ros/humble/lib'), ('SHLVL', '2'), ('HOME', '/home/gadzz'), ('LESS', '-R'), ('OLDPWD', '/home/gadzz'), ('DESKTOP_SESSION', 'awesome'), ('TERM_PROGRAM_VERSION', '3.5a'), ('LSCOLORS', 'Gxfxcxdxbxegedabagacad'), ('ZSH', '/home/gadzz/.oh-my-zsh'), ('GTK_MODULES', 'gail:atk-bridge'), ('PAGER', 'less'), ('ROS_PYTHON_VERSION', '3'), ('LC_MONETARY', 'id_ID.UTF-8'), ('DBUS_SESSION_BUS_ADDRESS', 'unix:path=/run/user/1000/bus'), ('SYSTEMD_EXEC_PID', '2502'), ('VISUAL', 'nvim'), ('COLORTERM', 'truecolor'), ('FZF_BASE', '/usr/bin/fzf'), ('COLCON_PREFIX_PATH', '/home/gadzz/ardu_ws/install'), ('ROS_DISTRO', 'humble'), ('ALACRITTY_SOCKET', '/run/user/1000/Alacritty-:0-27989.sock'), ('GTK_IM_MODULE', 'ibus'), ('LOGNAME', 'gadzz'), ('WINDOWID', '35651589'), ('_', '/usr/bin/colcon'), ('PKG_CONFIG_PATH', '/home/gadzz/ardu_ws/install/sdformat_test_files/lib/x86_64-linux-gnu/pkgconfig:/home/gadzz/ardu_ws/install/sdformat_test_files/lib/pkgconfig'), ('ROS_VERSION', '2'), ('XDG_SESSION_CLASS', 'user'), ('ALACRITTY_LOG', '/tmp/Alacritty-27989.log'), ('TERM', 'tmux-256color'), ('USERNAME', 'gadzz'), ('XDG_SESSION_ID', '3'), ('ROS_LOCALHOST_ONLY', '0'), ('WINDOWPATH', '2'), ('PATH', '/home/gadzz/.local/bin:/home/gadzz/ardu_ws/install/ardupilot_sitl/bin:/opt/ros/humble/bin:/home/gadzz/.local/bin:/usr/lib/ccache:/home/gadzz/ardu_ws/src/ardupilot/Tools/autotest:/opt/gcc-arm-none-eabi-10-2020-q4-major/bin:/home/gadzz/.local/bin:/usr/local/sbin:/usr/local/bin:/usr/sbin:/usr/bin:/sbin:/bin:/usr/games:/usr/local/games:/snap/bin:/snap/bin:/home/gadzz/ardu_ws/Micro-XRCE-DDS-Gen/scripts:/home/gadzz/ardu_ws/src/ardupilot/Tools/autotest:/home/gadzz/ardu_ws/Micro-XRCE-DDS-Gen/scripts:/home/gadzz/ardu_ws/src/ardupilot/Tools/autotest'), ('DIRHISTORY_SIZE', '30'), ('LC_ADDRESS', 'id_ID.UTF-8'), ('XDG_RUNTIME_DIR', '/run/user/1000'), ('DISPLAY', ':0'), ('LANG', 'en_US.UTF-8'), ('LC_TELEPHONE', 'id_ID.UTF-8'), ('LS_COLORS', 'rs=0:di=01;34:ln=01;36:mh=00:pi=40;33:so=01;35:do=01;35:bd=40;33;01:cd=40;33;01:or=40;31;01:mi=00:su=37;41:sg=30;43:ca=30;41:tw=30;42:ow=34;42:st=37;44:ex=01;32:*.tar=01;31:*.tgz=01;31:*.arc=01;31:*.arj=01;31:*.taz=01;31:*.lha=01;31:*.lz4=01;31:*.lzh=01;31:*.lzma=01;31:*.tlz=01;31:*.txz=01;31:*.tzo=01;31:*.t7z=01;31:*.zip=01;31:*.z=01;31:*.dz=01;31:*.gz=01;31:*.lrz=01;31:*.lz=01;31:*.lzo=01;31:*.xz=01;31:*.zst=01;31:*.tzst=01;31:*.bz2=01;31:*.bz=01;31:*.tbz=01;31:*.tbz2=01;31:*.tz=01;31:*.deb=01;31:*.rpm=01;31:*.jar=01;31:*.war=01;31:*.ear=01;31:*.sar=01;31:*.rar=01;31:*.alz=01;31:*.ace=01;31:*.zoo=01;31:*.cpio=01;31:*.7z=01;31:*.rz=01;31:*.cab=01;31:*.wim=01;31:*.swm=01;31:*.dwm=01;31:*.esd=01;31:*.jpg=01;35:*.jpeg=01;35:*.mjpg=01;35:*.mjpeg=01;35:*.gif=01;35:*.bmp=01;35:*.pbm=01;35:*.pgm=01;35:*.ppm=01;35:*.tga=01;35:*.xbm=01;35:*.xpm=01;35:*.tif=01;35:*.tiff=01;35:*.png=01;35:*.svg=01;35:*.svgz=01;35:*.mng=01;35:*.pcx=01;35:*.mov=01;35:*.mpg=01;35:*.mpeg=01;35:*.m2v=01;35:*.mkv=01;35:*.webm=01;35:*.webp=01;35:*.ogm=01;35:*.mp4=01;35:*.m4v=01;35:*.mp4v=01;35:*.vob=01;35:*.qt=01;35:*.nuv=01;35:*.wmv=01;35:*.asf=01;35:*.rm=01;35:*.rmvb=01;35:*.flc=01;35:*.avi=01;35:*.fli=01;35:*.flv=01;35:*.gl=01;35:*.dl=01;35:*.xcf=01;35:*.xwd=01;35:*.yuv=01;35:*.cgm=01;35:*.emf=01;35:*.ogv=01;35:*.ogx=01;35:*.aac=00;36:*.au=00;36:*.flac=00;36:*.m4a=00;36:*.mid=00;36:*.midi=00;36:*.mka=00;36:*.mp3=00;36:*.mpc=00;36:*.ogg=00;36:*.ra=00;36:*.wav=00;36:*.oga=00;36:*.opus=00;36:*.spx=00;36:*.xspf=00;36:'), ('TERM_PROGRAM', 'tmux'), ('XAUTHORITY', '/run/user/1000/gdm/Xauthority'), ('XDG_SESSION_DESKTOP', 'awesome'), ('XMODIFIERS', '@im=ibus'), ('AMENT_PREFIX_PATH', '/home/gadzz/tubitak_ws/install/keyboard_msgs:/home/gadzz/ardu_ws/install/test_ros_gz_bridge:/home/gadzz/ardu_ws/install/ros_ign:/home/gadzz/ardu_ws/install/ros_ign_gazebo_demos:/home/gadzz/ardu_ws/install/ros_gz:/home/gadzz/ardu_ws/install/ros_gz_sim_demos:/home/gadzz/ardu_ws/install/ardupilot_gz_bringup:/home/gadzz/ardu_ws/install/sdformat_urdf:/home/gadzz/ardu_ws/install/ros_ign_interfaces:/home/gadzz/ardu_ws/install/ros_ign_image:/home/gadzz/ardu_ws/install/ros_ign_gazebo:/home/gadzz/ardu_ws/install/ros_ign_bridge:/home/gadzz/ardu_ws/install/ros_gz_sim:/home/gadzz/ardu_ws/install/ros_gz_image:/home/gadzz/ardu_ws/install/ros_gz_bridge:/home/gadzz/ardu_ws/install/ros_gz_interfaces:/home/gadzz/ardu_ws/install/ardupilot_dds_tests:/home/gadzz/ardu_ws/install/ardupilot_sitl:/home/gadzz/ardu_ws/install/micro_ros_agent:/home/gadzz/ardu_ws/install/keyboard:/home/gadzz/ardu_ws/install/keyboard_msgs:/home/gadzz/ardu_ws/install/ardupilot_sitl_models:/home/gadzz/ardu_ws/install/ardupilot_msgs:/home/gadzz/ardu_ws/install/ardupilot_gz_gazebo:/home/gadzz/ardu_ws/install/ardupilot_gz_description:/home/gadzz/ardu_ws/install/ardupilot_gz_application:/home/gadzz/ardu_ws/install/ardupilot_gazebo:/opt/ros/humble'), ('LC_NAME', 'id_ID.UTF-8'), ('SHELL', '/usr/bin/zsh'), ('GDMSESSION', 'awesome'), ('QT_ACCESSIBILITY', '1'), ('IGN_GAZEBO_RESOURCE_PATH', '/home/gadzz/ardu_ws/install/ros_gz_sim_demos/share'), ('LC_MEASUREMENT', 'id_ID.UTF-8'), ('GPG_AGENT_INFO', '/run/user/1000/gnupg/S.gpg-agent:0:1'), ('GZ_VERSION', 'harmonic'), ('LC_IDENTIFICATION', 'id_ID.UTF-8'), ('ALACRITTY_WINDOW_ID', '35651589'), ('QT_IM_MODULE', 'ibus'), ('XDG_VTNR', '2'), ('FZF_DEFAULT_COMMAND', 'rg --files --hidden --glob "!.git/*"'), ('PWD', '/home/gadzz/tubitak_ws/build/mission_center'), ('CLUTTER_IM_MODULE', 'ibus'), ('XDG_CONFIG_DIRS', '/etc/xdg/xdg-awesome:/etc/xdg'), ('XDG_DATA_DIRS', '/usr/share/awesome:/usr/share/gnome:/usr/local/share/:/usr/share/:/var/lib/snapd/desktop'), ('LC_NUMERIC', 'id_ID.UTF-8'), ('PYTHONPATH', '/home/gadzz/tubitak_ws/install/keyboard_msgs/local/lib/python3.10/dist-packages:/home/gadzz/ardu_ws/install/ros_ign_interfaces/local/lib/python3.10/dist-packages:/home/gadzz/ardu_ws/install/ros_gz_interfaces/local/lib/python3.10/dist-packages:/home/gadzz/ardu_ws/install/ardupilot_dds_tests/lib/python3.10/site-packages:/home/gadzz/ardu_ws/install/ardupilot_sitl/local/lib/python3.10/dist-packages:/home/gadzz/ardu_ws/install/keyboard_msgs/local/lib/python3.10/dist-packages:/home/gadzz/ardu_ws/install/ardupilot_msgs/local/lib/python3.10/dist-packages:/opt/ros/humble/lib/python3.10/site-packages:/opt/ros/humble/local/lib/python3.10/dist-packages'), ('LC_PAPER', 'id_ID.UTF-8'), ('TMUX_PLUGIN_MANAGER_PATH', '/home/gadzz/.config/tmux/plugins/'), ('COLCON', '1'), ('TERMINAL', 'alacritty'), ('TMUX_PANE', '%3'), ('CMAKE_PREFIX_PATH', '/home/gadzz/tubitak_ws/install/keyboard_msgs:/home/gadzz/ardu_ws/install/test_ros_gz_bridge:/home/gadzz/ardu_ws/install/ros_ign:/home/gadzz/ardu_ws/install/ros_ign_gazebo_demos:/home/gadzz/ardu_ws/install/ros_gz:/home/gadzz/ardu_ws/install/ros_gz_sim_demos:/home/gadzz/ardu_ws/install/ardupilot_gz_bringup:/home/gadzz/ardu_ws/install/sdformat_urdf:/home/gadzz/ardu_ws/install/sdformat_test_files:/home/gadzz/ardu_ws/install/ros_ign_interfaces:/home/gadzz/ardu_ws/install/ros_ign_image:/home/gadzz/ardu_ws/install/ros_ign_gazebo:/home/gadzz/ardu_ws/install/ros_ign_bridge:/home/gadzz/ardu_ws/install/ros_gz_sim:/home/gadzz/ardu_ws/install/ros_gz_image:/home/gadzz/ardu_ws/install/ros_gz_bridge:/home/gadzz/ardu_ws/install/ros_gz_interfaces:/home/gadzz/ardu_ws/install/ardupilot_sitl:/home/gadzz/ardu_ws/install/micro_ros_agent:/home/gadzz/ardu_ws/install/keyboard:/home/gadzz/ardu_ws/install/keyboard_msgs:/home/gadzz/ardu_ws/install/ardupilot_sitl_models:/home/gadzz/ardu_ws/install/ardupilot_msgs:/home/gadzz/ardu_ws/install/ardupilot_gz_gazebo:/home/gadzz/ardu_ws/install/ardupilot_gz_description:/home/gadzz/ardu_ws/install/ardupilot_gz_application:/home/gadzz/ardu_ws/install/ardupilot_gazebo:/home/gadzz/ardu_ws/install/ardupilot_dds_tests:/opt/ros/humble'), ('EDITOR', 'geany'), ('HISTORY_IGNORE', '(ls|cd|pwd|exit|sudo reboot|history|cd -|cd ..)')]), 'shell': False}
[39.019246] (mission_center) StdoutLine: {'line': b'-- Install configuration: ""\n'}
[39.019484] (mission_center) StdoutLine: {'line': b'-- Installing: /home/gadzz/tubitak_ws/install/mission_center/lib/libuav_mission.so\n'}
[39.039174] (mission_center) StdoutLine: {'line': b'-- Set runtime path of "/home/gadzz/tubitak_ws/install/mission_center/lib/libuav_mission.so" to ""\n'}
[39.040125] (mission_center) StdoutLine: {'line': b'-- Installing: /home/gadzz/tubitak_ws/install/mission_center/lib/mission_center/pilot_node\n'}
[39.040597] (mission_center) StdoutLine: {'line': b'-- Set runtime path of "/home/gadzz/tubitak_ws/install/mission_center/lib/mission_center/pilot_node" to ""\n'}
[39.040907] (mission_center) StdoutLine: {'line': b'-- Up-to-date: /home/gadzz/tubitak_ws/install/mission_center/lib/mission_center/safety_node\n'}
[39.041131] (mission_center) StdoutLine: {'line': b'-- Installing: /home/gadzz/tubitak_ws/install/mission_center/lib/mission_center/ui_node\n'}
[39.045135] (mission_center) StdoutLine: {'line': b'-- Set runtime path of "/home/gadzz/tubitak_ws/install/mission_center/lib/mission_center/ui_node" to ""\n'}
[39.045561] (mission_center) StdoutLine: {'line': b'-- Up-to-date: /home/gadzz/tubitak_ws/install/mission_center/lib/mission_center/trajectory_streamer\n'}
[39.045794] (mission_center) StdoutLine: {'line': b'-- Up-to-date: /home/gadzz/tubitak_ws/install/mission_center/share/mission_center/environment/library_path.sh\n'}
[39.045943] (mission_center) StdoutLine: {'line': b'-- Up-to-date: /home/gadzz/tubitak_ws/install/mission_center/share/mission_center/environment/library_path.dsv\n'}
[39.046073] (mission_center) StdoutLine: {'line': b'-- Up-to-date: /home/gadzz/tubitak_ws/install/mission_center/share/ament_index/resource_index/package_run_dependencies/mission_center\n'}
[39.046172] (mission_center) StdoutLine: {'line': b'-- Up-to-date: /home/gadzz/tubitak_ws/install/mission_center/share/ament_index/resource_index/parent_prefix_path/mission_center\n'}
[39.046259] (mission_center) StdoutLine: {'line': b'-- Up-to-date: /home/gadzz/tubitak_ws/install/mission_center/share/mission_center/environment/ament_prefix_path.sh\n'}
[39.046353] (mission_center) StdoutLine: {'line': b'-- Up-to-date: /home/gadzz/tubitak_ws/install/mission_center/share/mission_center/environment/ament_prefix_path.dsv\n'}
[39.046455] (mission_center) StdoutLine: {'line': b'-- Up-to-date: /home/gadzz/tubitak_ws/install/mission_center/share/mission_center/environment/path.sh\n'}
[39.046578] (mission_center) StdoutLine: {'line': b'-- Up-to-date: /home/gadzz/tubitak_ws/install/mission_center/share/mission_center/environment/path.dsv\n'}
[39.046705] (mission_center) StdoutLine: {'line': b'-- Up-to-date: /home/gadzz/tubitak_ws/install/mission_center/share/mission_center/local_setup.bash\n'}
[39.046816] (mission_center) StdoutLine: {'line': b'-- Up-to-date: /home/gadzz/tubitak_ws/install/mission_center/share/mission_center/local_setup.sh\n'}
[39.046886] (mission_center) StdoutLine: {'line': b'-- Up-to-date: /home/gadzz/tubitak_ws/install/mission_center/share/mission_center/local_setup.zsh\n'}
[39.046945] (mission_center) StdoutLine: {'line': b'-- Up-to-date: /home/gadzz/tubitak_ws/install/mission_center/share/mission_center/local_setup.dsv\n'}
[39.047006] (mission_center) StdoutLine: {'line': b'-- Installing: /home/gadzz/tubitak_ws/install/mission_center/share/mission_center/package.dsv\n'}
[39.047066] (mission_center) StdoutLine: {'line': b'-- Up-to-date: /home/gadzz/tubitak_ws/install/mission_center/share/ament_index/resource_index/packages/mission_center\n'}
[39.047138] (mission_center) StdoutLine: {'line': b'-- Up-to-date: /home/gadzz/tubitak_ws/install/mission_center/share/mission_center/cmake/ament_cmake_export_include_directories-extras.cmake\n'}
[39.047200] (mission_center) StdoutLine: {'line': b'-- Up-to-date: /home/gadzz/tubitak_ws/install/mission_center/share/mission_center/cmake/ament_cmake_export_libraries-extras.cmake\n'}
[39.047259] (mission_center) StdoutLine: {'line': b'-- Up-to-date: /home/gadzz/tubitak_ws/install/mission_center/share/mission_center/cmake/mission_centerConfig.cmake\n'}
[39.047316] (mission_center) StdoutLine: {'line': b'-- Up-to-date: /home/gadzz/tubitak_ws/install/mission_center/share/mission_center/cmake/mission_centerConfig-version.cmake\n'}
[39.047373] (mission_center) StdoutLine: {'line': b'-- Up-to-date: /home/gadzz/tubitak_ws/install/mission_center/share/mission_center/package.xml\n'}
[39.049118] (mission_center) CommandEnded: {'returncode': 0}
[39.053067] (-) TimerEvent: {}
[39.069968] (mission_center) JobEnded: {'identifier': 'mission_center', 'rc': 0}
[39.070973] (-) EventReactorShutdown: {}
