[0.000000] (-) TimerEvent: {}
[0.000618] (keyboard_msgs) JobQueued: {'identifier': 'keyboard_msgs', 'dependencies': OrderedDict()}
[0.000714] (keyboard) JobQueued: {'identifier': 'keyboard', 'dependencies': OrderedDict([('keyboard_msgs', '/home/gadzz/Workspace/VTOL-MissionCenter/install/keyboard_msgs')])}
[0.000909] (mission_center) JobQueued: {'identifier': 'mission_center', 'dependencies': OrderedDict([('keyboard_msgs', '/home/gadzz/Workspace/VTOL-MissionCenter/install/keyboard_msgs')])}
[0.001435] (keyboard_msgs) JobStarted: {'identifier': 'keyboard_msgs'}
[0.013096] (keyboard_msgs) JobProgress: {'identifier': 'keyboard_msgs', 'progress': 'cmake'}
[0.015139] (keyboard_msgs) JobProgress: {'identifier': 'keyboard_msgs', 'progress': 'build'}
[0.015261] (keyboard_msgs) Command: {'cmd': ['/usr/bin/cmake', '--build', '/home/gadzz/Workspace/VTOL-MissionCenter/build/keyboard_msgs', '--', '-j8', '-l8'], 'cwd': '/home/gadzz/Workspace/VTOL-MissionCenter/build/keyboard_msgs', 'env': OrderedDict([('LESSOPEN', '| /usr/bin/lesspipe %s'), ('KDE_FULL_SESSION', 'true'), ('TMUX', '/tmp/tmux-1000/default,12136,0'), ('USER', 'gadzz'), ('PAM_KWALLET5_LOGIN', '/run/user/1000/kwallet5.socket'), ('LC_TIME', 'id_ID.UTF-8'), ('XDG_SEAT', 'seat0'), ('SSH_AGENT_PID', '2500'), ('XDG_SESSION_TYPE', 'x11'), ('XCURSOR_SIZE', '24'), ('SHLVL', '3'), ('LD_LIBRARY_PATH', '/home/gadzz/Workspace/VTOL-MissionCenter/install/mission_center/lib:/home/gadzz/Workspace/VTOL-MissionCenter/install/keyboard_msgs/lib:/opt/ros/humble/opt/rviz_ogre_vendor/lib:/opt/ros/humble/lib/x86_64-linux-gnu:/opt/ros/humble/lib'), ('LESS', '-R'), ('HOME', '/home/gadzz'), ('KDE_APPLICATIONS_AS_SCOPE', '1'), ('OLDPWD', '/home/gadzz/Workspace/VTOL-MissionCenter/build/mission_center'), ('TERM_PROGRAM_VERSION', '3.5a'), ('DESKTOP_SESSION', 'plasma'), ('LSCOLORS', 'Gxfxcxdxbxegedabagacad'), ('ZSH', '/home/gadzz/.oh-my-zsh'), ('ROS_PYTHON_VERSION', '3'), ('GTK_RC_FILES', '/etc/gtk/gtkrc:/home/gadzz/.gtkrc:/home/gadzz/.config/gtkrc'), ('GTK_MODULES', 'gail:atk-bridge'), ('XDG_SEAT_PATH', '/org/freedesktop/DisplayManager/Seat0'), ('KDE_SESSION_VERSION', '5'), ('PAGER', 'less'), ('LC_MONETARY', 'id_ID.UTF-8'), ('SYSTEMD_EXEC_PID', '2353'), ('DBUS_SESSION_BUS_ADDRESS', 'unix:path=/run/user/1000/bus'), ('COLORTERM', 'truecolor'), ('LIBVIRT_DEFAULT_URI', 'qemu:///system'), ('IM_CONFIG_PHASE', '1'), ('ROS_DISTRO', 'humble'), ('COLCON_PREFIX_PATH', '/home/gadzz/Workspace/VTOL-MissionCenter/install'), ('GTK_IM_MODULE', 'ibus'), ('LOGNAME', 'gadzz'), ('ALACRITTY_SOCKET', '/run/user/1000/Alacritty-:0-11977.sock'), ('WINDOWID', '113246213'), ('QT_AUTO_SCREEN_SCALE_FACTOR', '0'), ('_', '/usr/bin/colcon'), ('ROS_VERSION', '2'), ('XDG_SESSION_CLASS', 'user'), ('TERM', 'tmux-256color'), ('XDG_SESSION_ID', '4'), ('ALACRITTY_LOG', '/tmp/Alacritty-11977.log'), ('ROS_LOCALHOST_ONLY', '0'), ('GTK2_RC_FILES', '/etc/gtk-2.0/gtkrc:/home/gadzz/.gtkrc-2.0:/home/gadzz/.config/gtkrc-2.0'), ('PATH', '/home/gadzz/.cargo/bin:/home/gadzz/local/bin:/opt/ros/humble/bin:/home/gadzz/.cargo/bin:/home/gadzz/local/bin:/home/gadzz/.cargo/bin:/opt/gcc-arm-none-eabi-9-2020-q2-update/bin:/home/gadzz/.local/bin:/usr/local/sbin:/usr/local/bin:/usr/sbin:/usr/bin:/sbin:/bin:/usr/games:/usr/local/games:/snap/bin:/home/gadzz/.fzf/bin:/home/gadzz/Downloads/Micro-XRCE-DDS-Gen/scripts'), ('SESSION_MANAGER', 'local/gadzz:@/tmp/.ICE-unix/2714,unix/gadzz:/tmp/.ICE-unix/2714'), ('XDG_SESSION_PATH', '/org/freedesktop/DisplayManager/Session1'), ('LC_ADDRESS', 'id_ID.UTF-8'), ('XDG_RUNTIME_DIR', '/run/user/1000'), ('XCURSOR_THEME', 'breeze_cursors'), ('DISPLAY', ':0'), ('LANG', 'en_US.UTF-8'), ('XDG_CURRENT_DESKTOP', 'KDE'), ('LC_TELEPHONE', 'id_ID.UTF-8'), ('XMODIFIERS', '@im=ibus'), ('XDG_SESSION_DESKTOP', 'KDE'), ('XAUTHORITY', '/home/gadzz/.Xauthority'), ('LS_COLORS', 'rs=0:di=01;34:ln=01;36:mh=00:pi=40;33:so=01;35:do=01;35:bd=40;33;01:cd=40;33;01:or=40;31;01:mi=00:su=37;41:sg=30;43:ca=30;41:tw=30;42:ow=34;42:st=37;44:ex=01;32:*.tar=01;31:*.tgz=01;31:*.arc=01;31:*.arj=01;31:*.taz=01;31:*.lha=01;31:*.lz4=01;31:*.lzh=01;31:*.lzma=01;31:*.tlz=01;31:*.txz=01;31:*.tzo=01;31:*.t7z=01;31:*.zip=01;31:*.z=01;31:*.dz=01;31:*.gz=01;31:*.lrz=01;31:*.lz=01;31:*.lzo=01;31:*.xz=01;31:*.zst=01;31:*.tzst=01;31:*.bz2=01;31:*.bz=01;31:*.tbz=01;31:*.tbz2=01;31:*.tz=01;31:*.deb=01;31:*.rpm=01;31:*.jar=01;31:*.war=01;31:*.ear=01;31:*.sar=01;31:*.rar=01;31:*.alz=01;31:*.ace=01;31:*.zoo=01;31:*.cpio=01;31:*.7z=01;31:*.rz=01;31:*.cab=01;31:*.wim=01;31:*.swm=01;31:*.dwm=01;31:*.esd=01;31:*.jpg=01;35:*.jpeg=01;35:*.mjpg=01;35:*.mjpeg=01;35:*.gif=01;35:*.bmp=01;35:*.pbm=01;35:*.pgm=01;35:*.ppm=01;35:*.tga=01;35:*.xbm=01;35:*.xpm=01;35:*.tif=01;35:*.tiff=01;35:*.png=01;35:*.svg=01;35:*.svgz=01;35:*.mng=01;35:*.pcx=01;35:*.mov=01;35:*.mpg=01;35:*.mpeg=01;35:*.m2v=01;35:*.mkv=01;35:*.webm=01;35:*.webp=01;35:*.ogm=01;35:*.mp4=01;35:*.m4v=01;35:*.mp4v=01;35:*.vob=01;35:*.qt=01;35:*.nuv=01;35:*.wmv=01;35:*.asf=01;35:*.rm=01;35:*.rmvb=01;35:*.flc=01;35:*.avi=01;35:*.fli=01;35:*.flv=01;35:*.gl=01;35:*.dl=01;35:*.xcf=01;35:*.xwd=01;35:*.yuv=01;35:*.cgm=01;35:*.emf=01;35:*.ogv=01;35:*.ogx=01;35:*.aac=00;36:*.au=00;36:*.flac=00;36:*.m4a=00;36:*.mid=00;36:*.midi=00;36:*.mka=00;36:*.mp3=00;36:*.mpc=00;36:*.ogg=00;36:*.ra=00;36:*.wav=00;36:*.oga=00;36:*.opus=00;36:*.spx=00;36:*.xspf=00;36:'), ('TERM_PROGRAM', 'tmux'), ('SSH_AUTH_SOCK', '/tmp/ssh-XXXXXXhQJ7UG/agent.2413'), ('AMENT_PREFIX_PATH', '/home/gadzz/Workspace/VTOL-MissionCenter/install/mission_center:/home/gadzz/Workspace/VTOL-MissionCenter/install/keyboard:/home/gadzz/Workspace/VTOL-MissionCenter/install/keyboard_msgs:/opt/ros/humble'), ('SHELL', '/bin/bash'), ('LC_NAME', 'id_ID.UTF-8'), ('QT_ACCESSIBILITY', '1'), ('LESSCLOSE', '/usr/bin/lesspipe %s %s'), ('LC_MEASUREMENT', 'id_ID.UTF-8'), ('GPG_AGENT_INFO', '/run/user/1000/gnupg/S.gpg-agent:0:1'), ('LC_IDENTIFICATION', 'id_ID.UTF-8'), ('QT_IM_MODULE', 'ibus'), ('XDG_VTNR', '1'), ('ALACRITTY_WINDOW_ID', '113246213'), ('PWD', '/home/gadzz/Workspace/VTOL-MissionCenter/build/keyboard_msgs'), ('LC_ALL', 'en_US.UTF-8'), ('XDG_CONFIG_DIRS', '/home/gadzz/.config/kdedefaults:/etc/xdg/xdg-plasma:/etc/xdg'), ('CLUTTER_IM_MODULE', 'ibus'), ('XDG_DATA_DIRS', '/usr/share/plasma:/usr/share/gnome:/usr/local/share:/usr/share:/var/lib/snapd/desktop'), ('PYTHONPATH', '/home/gadzz/Workspace/VTOL-MissionCenter/install/keyboard_msgs/local/lib/python3.10/dist-packages:/opt/ros/humble/lib/python3.10/site-packages:/opt/ros/humble/local/lib/python3.10/dist-packages'), ('LC_NUMERIC', 'id_ID.UTF-8'), ('TMUX_PLUGIN_MANAGER_PATH', '/home/gadzz/.config/tmux/plugins/'), ('LC_PAPER', 'id_ID.UTF-8'), ('KDE_SESSION_UID', '1000'), ('COLCON', '1'), ('TMUX_PANE', '%1'), ('CMAKE_PREFIX_PATH', '/home/gadzz/Workspace/VTOL-MissionCenter/install/mission_center:/home/gadzz/Workspace/VTOL-MissionCenter/install/keyboard:/home/gadzz/Workspace/VTOL-MissionCenter/install/keyboard_msgs:/opt/ros/humble')]), 'shell': False}
[0.101626] (-) TimerEvent: {}
[0.114016] (keyboard_msgs) StdoutLine: {'line': b'[  3%] Built target keyboard_msgs__cpp\n'}
[0.162966] (keyboard_msgs) StdoutLine: {'line': b'[  3%] Built target ament_cmake_python_copy_keyboard_msgs\n'}
[0.199962] (keyboard_msgs) StdoutLine: {'line': b'[ 12%] Built target keyboard_msgs__rosidl_typesupport_introspection_cpp\n'}
[0.201708] (-) TimerEvent: {}
[0.303891] (-) TimerEvent: {}
[0.404450] (-) TimerEvent: {}
[0.505079] (-) TimerEvent: {}
[0.547341] (keyboard_msgs) StdoutLine: {'line': b'running egg_info\n'}
[0.572626] (keyboard_msgs) StdoutLine: {'line': b'writing keyboard_msgs.egg-info/PKG-INFO\n'}
[0.573154] (keyboard_msgs) StdoutLine: {'line': b'writing dependency_links to keyboard_msgs.egg-info/dependency_links.txt\n'}
[0.574131] (keyboard_msgs) StdoutLine: {'line': b'writing top-level names to keyboard_msgs.egg-info/top_level.txt\n'}
[0.605359] (-) TimerEvent: {}
[0.643344] (keyboard_msgs) StdoutLine: {'line': b"reading manifest file 'keyboard_msgs.egg-info/SOURCES.txt'\n"}
[0.645582] (keyboard_msgs) StdoutLine: {'line': b"writing manifest file 'keyboard_msgs.egg-info/SOURCES.txt'\n"}
[0.705474] (-) TimerEvent: {}
[0.715537] (keyboard_msgs) StdoutLine: {'line': b'[ 12%] Built target ament_cmake_python_build_keyboard_msgs_egg\n'}
[0.754133] (keyboard_msgs) StdoutLine: {'line': b'[ 22%] Built target keyboard_msgs__rosidl_typesupport_fastrtps_cpp\n'}
[0.793489] (keyboard_msgs) StdoutLine: {'line': b'[ 32%] Built target keyboard_msgs__rosidl_typesupport_cpp\n'}
[0.806667] (-) TimerEvent: {}
[0.833423] (keyboard_msgs) StdoutLine: {'line': b'[ 41%] Built target keyboard_msgs__rosidl_generator_c\n'}
[0.874205] (keyboard_msgs) StdoutLine: {'line': b'[ 51%] Built target keyboard_msgs__rosidl_typesupport_fastrtps_c\n'}
[0.906985] (-) TimerEvent: {}
[0.912004] (keyboard_msgs) StdoutLine: {'line': b'[ 61%] Built target keyboard_msgs__rosidl_typesupport_c\n'}
[0.950251] (keyboard_msgs) StdoutLine: {'line': b'[ 70%] Built target keyboard_msgs__rosidl_typesupport_introspection_c\n'}
[0.984753] (keyboard_msgs) StdoutLine: {'line': b'[ 70%] Built target keyboard_msgs\n'}
[1.007050] (-) TimerEvent: {}
[1.021137] (keyboard_msgs) StdoutLine: {'line': b'[ 74%] Built target keyboard_msgs__py\n'}
[1.055352] (keyboard_msgs) StdoutLine: {'line': b'[ 80%] Built target keyboard_msgs__rosidl_generator_py\n'}
[1.100619] (keyboard_msgs) StdoutLine: {'line': b'[ 87%] Built target keyboard_msgs__rosidl_typesupport_fastrtps_c__pyext\n'}
[1.107394] (-) TimerEvent: {}
[1.146192] (keyboard_msgs) StdoutLine: {'line': b'[ 93%] Built target keyboard_msgs__rosidl_typesupport_c__pyext\n'}
[1.183292] (keyboard_msgs) StdoutLine: {'line': b'[100%] Built target keyboard_msgs__rosidl_typesupport_introspection_c__pyext\n'}
[1.204910] (keyboard_msgs) CommandEnded: {'returncode': 0}
[1.206417] (keyboard_msgs) JobProgress: {'identifier': 'keyboard_msgs', 'progress': 'install'}
[1.207436] (-) TimerEvent: {}
[1.220465] (keyboard_msgs) Command: {'cmd': ['/usr/bin/cmake', '--install', '/home/gadzz/Workspace/VTOL-MissionCenter/build/keyboard_msgs'], 'cwd': '/home/gadzz/Workspace/VTOL-MissionCenter/build/keyboard_msgs', 'env': OrderedDict([('LESSOPEN', '| /usr/bin/lesspipe %s'), ('KDE_FULL_SESSION', 'true'), ('TMUX', '/tmp/tmux-1000/default,12136,0'), ('USER', 'gadzz'), ('PAM_KWALLET5_LOGIN', '/run/user/1000/kwallet5.socket'), ('LC_TIME', 'id_ID.UTF-8'), ('XDG_SEAT', 'seat0'), ('SSH_AGENT_PID', '2500'), ('XDG_SESSION_TYPE', 'x11'), ('XCURSOR_SIZE', '24'), ('SHLVL', '3'), ('LD_LIBRARY_PATH', '/home/gadzz/Workspace/VTOL-MissionCenter/install/mission_center/lib:/home/gadzz/Workspace/VTOL-MissionCenter/install/keyboard_msgs/lib:/opt/ros/humble/opt/rviz_ogre_vendor/lib:/opt/ros/humble/lib/x86_64-linux-gnu:/opt/ros/humble/lib'), ('LESS', '-R'), ('HOME', '/home/gadzz'), ('KDE_APPLICATIONS_AS_SCOPE', '1'), ('OLDPWD', '/home/gadzz/Workspace/VTOL-MissionCenter/build/mission_center'), ('TERM_PROGRAM_VERSION', '3.5a'), ('DESKTOP_SESSION', 'plasma'), ('LSCOLORS', 'Gxfxcxdxbxegedabagacad'), ('ZSH', '/home/gadzz/.oh-my-zsh'), ('ROS_PYTHON_VERSION', '3'), ('GTK_RC_FILES', '/etc/gtk/gtkrc:/home/gadzz/.gtkrc:/home/gadzz/.config/gtkrc'), ('GTK_MODULES', 'gail:atk-bridge'), ('XDG_SEAT_PATH', '/org/freedesktop/DisplayManager/Seat0'), ('KDE_SESSION_VERSION', '5'), ('PAGER', 'less'), ('LC_MONETARY', 'id_ID.UTF-8'), ('SYSTEMD_EXEC_PID', '2353'), ('DBUS_SESSION_BUS_ADDRESS', 'unix:path=/run/user/1000/bus'), ('COLORTERM', 'truecolor'), ('LIBVIRT_DEFAULT_URI', 'qemu:///system'), ('IM_CONFIG_PHASE', '1'), ('ROS_DISTRO', 'humble'), ('COLCON_PREFIX_PATH', '/home/gadzz/Workspace/VTOL-MissionCenter/install'), ('GTK_IM_MODULE', 'ibus'), ('LOGNAME', 'gadzz'), ('ALACRITTY_SOCKET', '/run/user/1000/Alacritty-:0-11977.sock'), ('WINDOWID', '113246213'), ('QT_AUTO_SCREEN_SCALE_FACTOR', '0'), ('_', '/usr/bin/colcon'), ('ROS_VERSION', '2'), ('XDG_SESSION_CLASS', 'user'), ('TERM', 'tmux-256color'), ('XDG_SESSION_ID', '4'), ('ALACRITTY_LOG', '/tmp/Alacritty-11977.log'), ('ROS_LOCALHOST_ONLY', '0'), ('GTK2_RC_FILES', '/etc/gtk-2.0/gtkrc:/home/gadzz/.gtkrc-2.0:/home/gadzz/.config/gtkrc-2.0'), ('PATH', '/home/gadzz/.cargo/bin:/home/gadzz/local/bin:/opt/ros/humble/bin:/home/gadzz/.cargo/bin:/home/gadzz/local/bin:/home/gadzz/.cargo/bin:/opt/gcc-arm-none-eabi-9-2020-q2-update/bin:/home/gadzz/.local/bin:/usr/local/sbin:/usr/local/bin:/usr/sbin:/usr/bin:/sbin:/bin:/usr/games:/usr/local/games:/snap/bin:/home/gadzz/.fzf/bin:/home/gadzz/Downloads/Micro-XRCE-DDS-Gen/scripts'), ('SESSION_MANAGER', 'local/gadzz:@/tmp/.ICE-unix/2714,unix/gadzz:/tmp/.ICE-unix/2714'), ('XDG_SESSION_PATH', '/org/freedesktop/DisplayManager/Session1'), ('LC_ADDRESS', 'id_ID.UTF-8'), ('XDG_RUNTIME_DIR', '/run/user/1000'), ('XCURSOR_THEME', 'breeze_cursors'), ('DISPLAY', ':0'), ('LANG', 'en_US.UTF-8'), ('XDG_CURRENT_DESKTOP', 'KDE'), ('LC_TELEPHONE', 'id_ID.UTF-8'), ('XMODIFIERS', '@im=ibus'), ('XDG_SESSION_DESKTOP', 'KDE'), ('XAUTHORITY', '/home/gadzz/.Xauthority'), ('LS_COLORS', 'rs=0:di=01;34:ln=01;36:mh=00:pi=40;33:so=01;35:do=01;35:bd=40;33;01:cd=40;33;01:or=40;31;01:mi=00:su=37;41:sg=30;43:ca=30;41:tw=30;42:ow=34;42:st=37;44:ex=01;32:*.tar=01;31:*.tgz=01;31:*.arc=01;31:*.arj=01;31:*.taz=01;31:*.lha=01;31:*.lz4=01;31:*.lzh=01;31:*.lzma=01;31:*.tlz=01;31:*.txz=01;31:*.tzo=01;31:*.t7z=01;31:*.zip=01;31:*.z=01;31:*.dz=01;31:*.gz=01;31:*.lrz=01;31:*.lz=01;31:*.lzo=01;31:*.xz=01;31:*.zst=01;31:*.tzst=01;31:*.bz2=01;31:*.bz=01;31:*.tbz=01;31:*.tbz2=01;31:*.tz=01;31:*.deb=01;31:*.rpm=01;31:*.jar=01;31:*.war=01;31:*.ear=01;31:*.sar=01;31:*.rar=01;31:*.alz=01;31:*.ace=01;31:*.zoo=01;31:*.cpio=01;31:*.7z=01;31:*.rz=01;31:*.cab=01;31:*.wim=01;31:*.swm=01;31:*.dwm=01;31:*.esd=01;31:*.jpg=01;35:*.jpeg=01;35:*.mjpg=01;35:*.mjpeg=01;35:*.gif=01;35:*.bmp=01;35:*.pbm=01;35:*.pgm=01;35:*.ppm=01;35:*.tga=01;35:*.xbm=01;35:*.xpm=01;35:*.tif=01;35:*.tiff=01;35:*.png=01;35:*.svg=01;35:*.svgz=01;35:*.mng=01;35:*.pcx=01;35:*.mov=01;35:*.mpg=01;35:*.mpeg=01;35:*.m2v=01;35:*.mkv=01;35:*.webm=01;35:*.webp=01;35:*.ogm=01;35:*.mp4=01;35:*.m4v=01;35:*.mp4v=01;35:*.vob=01;35:*.qt=01;35:*.nuv=01;35:*.wmv=01;35:*.asf=01;35:*.rm=01;35:*.rmvb=01;35:*.flc=01;35:*.avi=01;35:*.fli=01;35:*.flv=01;35:*.gl=01;35:*.dl=01;35:*.xcf=01;35:*.xwd=01;35:*.yuv=01;35:*.cgm=01;35:*.emf=01;35:*.ogv=01;35:*.ogx=01;35:*.aac=00;36:*.au=00;36:*.flac=00;36:*.m4a=00;36:*.mid=00;36:*.midi=00;36:*.mka=00;36:*.mp3=00;36:*.mpc=00;36:*.ogg=00;36:*.ra=00;36:*.wav=00;36:*.oga=00;36:*.opus=00;36:*.spx=00;36:*.xspf=00;36:'), ('TERM_PROGRAM', 'tmux'), ('SSH_AUTH_SOCK', '/tmp/ssh-XXXXXXhQJ7UG/agent.2413'), ('AMENT_PREFIX_PATH', '/home/gadzz/Workspace/VTOL-MissionCenter/install/mission_center:/home/gadzz/Workspace/VTOL-MissionCenter/install/keyboard:/home/gadzz/Workspace/VTOL-MissionCenter/install/keyboard_msgs:/opt/ros/humble'), ('SHELL', '/bin/bash'), ('LC_NAME', 'id_ID.UTF-8'), ('QT_ACCESSIBILITY', '1'), ('LESSCLOSE', '/usr/bin/lesspipe %s %s'), ('LC_MEASUREMENT', 'id_ID.UTF-8'), ('GPG_AGENT_INFO', '/run/user/1000/gnupg/S.gpg-agent:0:1'), ('LC_IDENTIFICATION', 'id_ID.UTF-8'), ('QT_IM_MODULE', 'ibus'), ('XDG_VTNR', '1'), ('ALACRITTY_WINDOW_ID', '113246213'), ('PWD', '/home/gadzz/Workspace/VTOL-MissionCenter/build/keyboard_msgs'), ('LC_ALL', 'en_US.UTF-8'), ('XDG_CONFIG_DIRS', '/home/gadzz/.config/kdedefaults:/etc/xdg/xdg-plasma:/etc/xdg'), ('CLUTTER_IM_MODULE', 'ibus'), ('XDG_DATA_DIRS', '/usr/share/plasma:/usr/share/gnome:/usr/local/share:/usr/share:/var/lib/snapd/desktop'), ('PYTHONPATH', '/home/gadzz/Workspace/VTOL-MissionCenter/install/keyboard_msgs/local/lib/python3.10/dist-packages:/opt/ros/humble/lib/python3.10/site-packages:/opt/ros/humble/local/lib/python3.10/dist-packages'), ('LC_NUMERIC', 'id_ID.UTF-8'), ('TMUX_PLUGIN_MANAGER_PATH', '/home/gadzz/.config/tmux/plugins/'), ('LC_PAPER', 'id_ID.UTF-8'), ('KDE_SESSION_UID', '1000'), ('COLCON', '1'), ('TMUX_PANE', '%1'), ('CMAKE_PREFIX_PATH', '/home/gadzz/Workspace/VTOL-MissionCenter/install/mission_center:/home/gadzz/Workspace/VTOL-MissionCenter/install/keyboard:/home/gadzz/Workspace/VTOL-MissionCenter/install/keyboard_msgs:/opt/ros/humble')]), 'shell': False}
[1.234180] (keyboard_msgs) StdoutLine: {'line': b'-- Install configuration: ""\n'}
[1.234599] (keyboard_msgs) StdoutLine: {'line': b'-- Up-to-date: /home/gadzz/Workspace/VTOL-MissionCenter/install/keyboard_msgs/share/ament_index/resource_index/rosidl_interfaces/keyboard_msgs\n'}
[1.234670] (keyboard_msgs) StdoutLine: {'line': b'-- Up-to-date: /home/gadzz/Workspace/VTOL-MissionCenter/install/keyboard_msgs/include/keyboard_msgs/keyboard_msgs\n'}
[1.234743] (keyboard_msgs) StdoutLine: {'line': b'-- Up-to-date: /home/gadzz/Workspace/VTOL-MissionCenter/install/keyboard_msgs/include/keyboard_msgs/keyboard_msgs/msg\n'}
[1.234803] (keyboard_msgs) StdoutLine: {'line': b'-- Up-to-date: /home/gadzz/Workspace/VTOL-MissionCenter/install/keyboard_msgs/include/keyboard_msgs/keyboard_msgs/msg/detail\n'}
[1.234865] (keyboard_msgs) StdoutLine: {'line': b'-- Up-to-date: /home/gadzz/Workspace/VTOL-MissionCenter/install/keyboard_msgs/include/keyboard_msgs/keyboard_msgs/msg/detail/key__functions.c\n'}
[1.234932] (keyboard_msgs) StdoutLine: {'line': b'-- Up-to-date: /home/gadzz/Workspace/VTOL-MissionCenter/install/keyboard_msgs/include/keyboard_msgs/keyboard_msgs/msg/detail/key__type_support.h\n'}
[1.234996] (keyboard_msgs) StdoutLine: {'line': b'-- Up-to-date: /home/gadzz/Workspace/VTOL-MissionCenter/install/keyboard_msgs/include/keyboard_msgs/keyboard_msgs/msg/detail/key__functions.h\n'}
[1.235059] (keyboard_msgs) StdoutLine: {'line': b'-- Up-to-date: /home/gadzz/Workspace/VTOL-MissionCenter/install/keyboard_msgs/include/keyboard_msgs/keyboard_msgs/msg/detail/key__struct.h\n'}
[1.235124] (keyboard_msgs) StdoutLine: {'line': b'-- Up-to-date: /home/gadzz/Workspace/VTOL-MissionCenter/install/keyboard_msgs/include/keyboard_msgs/keyboard_msgs/msg/key.h\n'}
[1.235190] (keyboard_msgs) StdoutLine: {'line': b'-- Up-to-date: /home/gadzz/Workspace/VTOL-MissionCenter/install/keyboard_msgs/include/keyboard_msgs/keyboard_msgs/msg/rosidl_generator_c__visibility_control.h\n'}
[1.235438] (keyboard_msgs) StdoutLine: {'line': b'-- Up-to-date: /home/gadzz/Workspace/VTOL-MissionCenter/install/keyboard_msgs/share/keyboard_msgs/environment/library_path.sh\n'}
[1.236447] (keyboard_msgs) StdoutLine: {'line': b'-- Up-to-date: /home/gadzz/Workspace/VTOL-MissionCenter/install/keyboard_msgs/share/keyboard_msgs/environment/library_path.dsv\n'}
[1.236527] (keyboard_msgs) StdoutLine: {'line': b'-- Up-to-date: /home/gadzz/Workspace/VTOL-MissionCenter/install/keyboard_msgs/lib/libkeyboard_msgs__rosidl_generator_c.so\n'}
[1.236586] (keyboard_msgs) StdoutLine: {'line': b'-- Up-to-date: /home/gadzz/Workspace/VTOL-MissionCenter/install/keyboard_msgs/include/keyboard_msgs/keyboard_msgs\n'}
[1.236680] (keyboard_msgs) StdoutLine: {'line': b'-- Up-to-date: /home/gadzz/Workspace/VTOL-MissionCenter/install/keyboard_msgs/include/keyboard_msgs/keyboard_msgs/msg\n'}
[1.236742] (keyboard_msgs) StdoutLine: {'line': b'-- Up-to-date: /home/gadzz/Workspace/VTOL-MissionCenter/install/keyboard_msgs/include/keyboard_msgs/keyboard_msgs/msg/detail\n'}
[1.236808] (keyboard_msgs) StdoutLine: {'line': b'-- Up-to-date: /home/gadzz/Workspace/VTOL-MissionCenter/install/keyboard_msgs/include/keyboard_msgs/keyboard_msgs/msg/detail/key__rosidl_typesupport_fastrtps_c.h\n'}
[1.236865] (keyboard_msgs) StdoutLine: {'line': b'-- Up-to-date: /home/gadzz/Workspace/VTOL-MissionCenter/install/keyboard_msgs/include/keyboard_msgs/keyboard_msgs/msg/rosidl_typesupport_fastrtps_c__visibility_control.h\n'}
[1.236941] (keyboard_msgs) StdoutLine: {'line': b'-- Up-to-date: /home/gadzz/Workspace/VTOL-MissionCenter/install/keyboard_msgs/lib/libkeyboard_msgs__rosidl_typesupport_fastrtps_c.so\n'}
[1.237030] (keyboard_msgs) StdoutLine: {'line': b'-- Up-to-date: /home/gadzz/Workspace/VTOL-MissionCenter/install/keyboard_msgs/include/keyboard_msgs/keyboard_msgs\n'}
[1.237095] (keyboard_msgs) StdoutLine: {'line': b'-- Up-to-date: /home/gadzz/Workspace/VTOL-MissionCenter/install/keyboard_msgs/include/keyboard_msgs/keyboard_msgs/msg\n'}
[1.237155] (keyboard_msgs) StdoutLine: {'line': b'-- Up-to-date: /home/gadzz/Workspace/VTOL-MissionCenter/install/keyboard_msgs/include/keyboard_msgs/keyboard_msgs/msg/detail\n'}
[1.237233] (keyboard_msgs) StdoutLine: {'line': b'-- Up-to-date: /home/gadzz/Workspace/VTOL-MissionCenter/install/keyboard_msgs/include/keyboard_msgs/keyboard_msgs/msg/detail/key__struct.hpp\n'}
[1.237305] (keyboard_msgs) StdoutLine: {'line': b'-- Up-to-date: /home/gadzz/Workspace/VTOL-MissionCenter/install/keyboard_msgs/include/keyboard_msgs/keyboard_msgs/msg/detail/key__type_support.hpp\n'}
[1.237379] (keyboard_msgs) StdoutLine: {'line': b'-- Up-to-date: /home/gadzz/Workspace/VTOL-MissionCenter/install/keyboard_msgs/include/keyboard_msgs/keyboard_msgs/msg/detail/key__builder.hpp\n'}
[1.237460] (keyboard_msgs) StdoutLine: {'line': b'-- Up-to-date: /home/gadzz/Workspace/VTOL-MissionCenter/install/keyboard_msgs/include/keyboard_msgs/keyboard_msgs/msg/detail/key__traits.hpp\n'}
[1.237525] (keyboard_msgs) StdoutLine: {'line': b'-- Up-to-date: /home/gadzz/Workspace/VTOL-MissionCenter/install/keyboard_msgs/include/keyboard_msgs/keyboard_msgs/msg/key.hpp\n'}
[1.237592] (keyboard_msgs) StdoutLine: {'line': b'-- Up-to-date: /home/gadzz/Workspace/VTOL-MissionCenter/install/keyboard_msgs/include/keyboard_msgs/keyboard_msgs/msg/rosidl_generator_cpp__visibility_control.hpp\n'}
[1.237659] (keyboard_msgs) StdoutLine: {'line': b'-- Up-to-date: /home/gadzz/Workspace/VTOL-MissionCenter/install/keyboard_msgs/include/keyboard_msgs/keyboard_msgs\n'}
[1.237931] (keyboard_msgs) StdoutLine: {'line': b'-- Up-to-date: /home/gadzz/Workspace/VTOL-MissionCenter/install/keyboard_msgs/include/keyboard_msgs/keyboard_msgs/msg\n'}
[1.238222] (keyboard_msgs) StdoutLine: {'line': b'-- Up-to-date: /home/gadzz/Workspace/VTOL-MissionCenter/install/keyboard_msgs/include/keyboard_msgs/keyboard_msgs/msg/detail\n'}
[1.238336] (keyboard_msgs) StdoutLine: {'line': b'-- Up-to-date: /home/gadzz/Workspace/VTOL-MissionCenter/install/keyboard_msgs/include/keyboard_msgs/keyboard_msgs/msg/detail/key__rosidl_typesupport_fastrtps_cpp.hpp\n'}
[1.238405] (keyboard_msgs) StdoutLine: {'line': b'-- Up-to-date: /home/gadzz/Workspace/VTOL-MissionCenter/install/keyboard_msgs/include/keyboard_msgs/keyboard_msgs/msg/detail/dds_fastrtps\n'}
[1.238505] (keyboard_msgs) StdoutLine: {'line': b'-- Up-to-date: /home/gadzz/Workspace/VTOL-MissionCenter/install/keyboard_msgs/include/keyboard_msgs/keyboard_msgs/msg/rosidl_typesupport_fastrtps_cpp__visibility_control.h\n'}
[1.238608] (keyboard_msgs) StdoutLine: {'line': b'-- Up-to-date: /home/gadzz/Workspace/VTOL-MissionCenter/install/keyboard_msgs/lib/libkeyboard_msgs__rosidl_typesupport_fastrtps_cpp.so\n'}
[1.238676] (keyboard_msgs) StdoutLine: {'line': b'-- Up-to-date: /home/gadzz/Workspace/VTOL-MissionCenter/install/keyboard_msgs/include/keyboard_msgs/keyboard_msgs\n'}
[1.238746] (keyboard_msgs) StdoutLine: {'line': b'-- Up-to-date: /home/gadzz/Workspace/VTOL-MissionCenter/install/keyboard_msgs/include/keyboard_msgs/keyboard_msgs/msg\n'}
[1.238829] (keyboard_msgs) StdoutLine: {'line': b'-- Up-to-date: /home/gadzz/Workspace/VTOL-MissionCenter/install/keyboard_msgs/include/keyboard_msgs/keyboard_msgs/msg/detail\n'}
[1.238904] (keyboard_msgs) StdoutLine: {'line': b'-- Up-to-date: /home/gadzz/Workspace/VTOL-MissionCenter/install/keyboard_msgs/include/keyboard_msgs/keyboard_msgs/msg/detail/key__type_support.c\n'}
[1.239128] (keyboard_msgs) StdoutLine: {'line': b'-- Up-to-date: /home/gadzz/Workspace/VTOL-MissionCenter/install/keyboard_msgs/include/keyboard_msgs/keyboard_msgs/msg/detail/key__rosidl_typesupport_introspection_c.h\n'}
[1.239224] (keyboard_msgs) StdoutLine: {'line': b'-- Up-to-date: /home/gadzz/Workspace/VTOL-MissionCenter/install/keyboard_msgs/include/keyboard_msgs/keyboard_msgs/msg/rosidl_typesupport_introspection_c__visibility_control.h\n'}
[1.239315] (keyboard_msgs) StdoutLine: {'line': b'-- Up-to-date: /home/gadzz/Workspace/VTOL-MissionCenter/install/keyboard_msgs/lib/libkeyboard_msgs__rosidl_typesupport_introspection_c.so\n'}
[1.239401] (keyboard_msgs) StdoutLine: {'line': b'-- Up-to-date: /home/gadzz/Workspace/VTOL-MissionCenter/install/keyboard_msgs/lib/libkeyboard_msgs__rosidl_typesupport_c.so\n'}
[1.239460] (keyboard_msgs) StdoutLine: {'line': b'-- Up-to-date: /home/gadzz/Workspace/VTOL-MissionCenter/install/keyboard_msgs/include/keyboard_msgs/keyboard_msgs\n'}
[1.239516] (keyboard_msgs) StdoutLine: {'line': b'-- Up-to-date: /home/gadzz/Workspace/VTOL-MissionCenter/install/keyboard_msgs/include/keyboard_msgs/keyboard_msgs/msg\n'}
[1.239583] (keyboard_msgs) StdoutLine: {'line': b'-- Up-to-date: /home/gadzz/Workspace/VTOL-MissionCenter/install/keyboard_msgs/include/keyboard_msgs/keyboard_msgs/msg/detail\n'}
[1.239641] (keyboard_msgs) StdoutLine: {'line': b'-- Up-to-date: /home/gadzz/Workspace/VTOL-MissionCenter/install/keyboard_msgs/include/keyboard_msgs/keyboard_msgs/msg/detail/key__type_support.cpp\n'}
[1.239698] (keyboard_msgs) StdoutLine: {'line': b'-- Up-to-date: /home/gadzz/Workspace/VTOL-MissionCenter/install/keyboard_msgs/include/keyboard_msgs/keyboard_msgs/msg/detail/key__rosidl_typesupport_introspection_cpp.hpp\n'}
[1.239752] (keyboard_msgs) StdoutLine: {'line': b'-- Up-to-date: /home/gadzz/Workspace/VTOL-MissionCenter/install/keyboard_msgs/lib/libkeyboard_msgs__rosidl_typesupport_introspection_cpp.so\n'}
[1.239807] (keyboard_msgs) StdoutLine: {'line': b'-- Up-to-date: /home/gadzz/Workspace/VTOL-MissionCenter/install/keyboard_msgs/lib/libkeyboard_msgs__rosidl_typesupport_cpp.so\n'}
[1.239863] (keyboard_msgs) StdoutLine: {'line': b'-- Up-to-date: /home/gadzz/Workspace/VTOL-MissionCenter/install/keyboard_msgs/share/keyboard_msgs/environment/pythonpath.sh\n'}
[1.239918] (keyboard_msgs) StdoutLine: {'line': b'-- Up-to-date: /home/gadzz/Workspace/VTOL-MissionCenter/install/keyboard_msgs/share/keyboard_msgs/environment/pythonpath.dsv\n'}
[1.239998] (keyboard_msgs) StdoutLine: {'line': b'-- Up-to-date: /home/gadzz/Workspace/VTOL-MissionCenter/install/keyboard_msgs/local/lib/python3.10/dist-packages/keyboard_msgs-1.0.0-py3.10.egg-info\n'}
[1.240053] (keyboard_msgs) StdoutLine: {'line': b'-- Installing: /home/gadzz/Workspace/VTOL-MissionCenter/install/keyboard_msgs/local/lib/python3.10/dist-packages/keyboard_msgs-1.0.0-py3.10.egg-info/top_level.txt\n'}
[1.240107] (keyboard_msgs) StdoutLine: {'line': b'-- Installing: /home/gadzz/Workspace/VTOL-MissionCenter/install/keyboard_msgs/local/lib/python3.10/dist-packages/keyboard_msgs-1.0.0-py3.10.egg-info/PKG-INFO\n'}
[1.240165] (keyboard_msgs) StdoutLine: {'line': b'-- Installing: /home/gadzz/Workspace/VTOL-MissionCenter/install/keyboard_msgs/local/lib/python3.10/dist-packages/keyboard_msgs-1.0.0-py3.10.egg-info/dependency_links.txt\n'}
[1.240229] (keyboard_msgs) StdoutLine: {'line': b'-- Installing: /home/gadzz/Workspace/VTOL-MissionCenter/install/keyboard_msgs/local/lib/python3.10/dist-packages/keyboard_msgs-1.0.0-py3.10.egg-info/SOURCES.txt\n'}
[1.240297] (keyboard_msgs) StdoutLine: {'line': b'-- Up-to-date: /home/gadzz/Workspace/VTOL-MissionCenter/install/keyboard_msgs/local/lib/python3.10/dist-packages/keyboard_msgs\n'}
[1.240362] (keyboard_msgs) StdoutLine: {'line': b'-- Up-to-date: /home/gadzz/Workspace/VTOL-MissionCenter/install/keyboard_msgs/local/lib/python3.10/dist-packages/keyboard_msgs/_keyboard_msgs_s.ep.rosidl_typesupport_fastrtps_c.c\n'}
[1.240428] (keyboard_msgs) StdoutLine: {'line': b'-- Up-to-date: /home/gadzz/Workspace/VTOL-MissionCenter/install/keyboard_msgs/local/lib/python3.10/dist-packages/keyboard_msgs/msg\n'}
[1.240491] (keyboard_msgs) StdoutLine: {'line': b'-- Up-to-date: /home/gadzz/Workspace/VTOL-MissionCenter/install/keyboard_msgs/local/lib/python3.10/dist-packages/keyboard_msgs/msg/_key.py\n'}
[1.240561] (keyboard_msgs) StdoutLine: {'line': b'-- Up-to-date: /home/gadzz/Workspace/VTOL-MissionCenter/install/keyboard_msgs/local/lib/python3.10/dist-packages/keyboard_msgs/msg/_key_s.c\n'}
[1.240633] (keyboard_msgs) StdoutLine: {'line': b'-- Up-to-date: /home/gadzz/Workspace/VTOL-MissionCenter/install/keyboard_msgs/local/lib/python3.10/dist-packages/keyboard_msgs/msg/__init__.py\n'}
[1.240701] (keyboard_msgs) StdoutLine: {'line': b'-- Up-to-date: /home/gadzz/Workspace/VTOL-MissionCenter/install/keyboard_msgs/local/lib/python3.10/dist-packages/keyboard_msgs/_keyboard_msgs_s.ep.rosidl_typesupport_c.c\n'}
[1.240773] (keyboard_msgs) StdoutLine: {'line': b'-- Up-to-date: /home/gadzz/Workspace/VTOL-MissionCenter/install/keyboard_msgs/local/lib/python3.10/dist-packages/keyboard_msgs/libkeyboard_msgs__rosidl_generator_py.so\n'}
[1.240841] (keyboard_msgs) StdoutLine: {'line': b'-- Up-to-date: /home/gadzz/Workspace/VTOL-MissionCenter/install/keyboard_msgs/local/lib/python3.10/dist-packages/keyboard_msgs/_keyboard_msgs_s.ep.rosidl_typesupport_introspection_c.c\n'}
[1.240916] (keyboard_msgs) StdoutLine: {'line': b'-- Up-to-date: /home/gadzz/Workspace/VTOL-MissionCenter/install/keyboard_msgs/local/lib/python3.10/dist-packages/keyboard_msgs/keyboard_msgs_s__rosidl_typesupport_fastrtps_c.cpython-310-x86_64-linux-gnu.so\n'}
[1.241029] (keyboard_msgs) StdoutLine: {'line': b'-- Up-to-date: /home/gadzz/Workspace/VTOL-MissionCenter/install/keyboard_msgs/local/lib/python3.10/dist-packages/keyboard_msgs/__init__.py\n'}
[1.241114] (keyboard_msgs) StdoutLine: {'line': b'-- Up-to-date: /home/gadzz/Workspace/VTOL-MissionCenter/install/keyboard_msgs/local/lib/python3.10/dist-packages/keyboard_msgs/keyboard_msgs_s__rosidl_typesupport_c.cpython-310-x86_64-linux-gnu.so\n'}
[1.241189] (keyboard_msgs) StdoutLine: {'line': b'-- Up-to-date: /home/gadzz/Workspace/VTOL-MissionCenter/install/keyboard_msgs/local/lib/python3.10/dist-packages/keyboard_msgs/keyboard_msgs_s__rosidl_typesupport_introspection_c.cpython-310-x86_64-linux-gnu.so\n'}
[1.288940] (keyboard_msgs) StdoutLine: {'line': b"Listing '/home/gadzz/Workspace/VTOL-MissionCenter/install/keyboard_msgs/local/lib/python3.10/dist-packages/keyboard_msgs'...\n"}
[1.289449] (keyboard_msgs) StdoutLine: {'line': b"Listing '/home/gadzz/Workspace/VTOL-MissionCenter/install/keyboard_msgs/local/lib/python3.10/dist-packages/keyboard_msgs/msg'...\n"}
[1.297720] (keyboard_msgs) StdoutLine: {'line': b'-- Up-to-date: /home/gadzz/Workspace/VTOL-MissionCenter/install/keyboard_msgs/local/lib/python3.10/dist-packages/keyboard_msgs/keyboard_msgs_s__rosidl_typesupport_fastrtps_c.cpython-310-x86_64-linux-gnu.so\n'}
[1.298435] (keyboard_msgs) StdoutLine: {'line': b'-- Up-to-date: /home/gadzz/Workspace/VTOL-MissionCenter/install/keyboard_msgs/local/lib/python3.10/dist-packages/keyboard_msgs/keyboard_msgs_s__rosidl_typesupport_introspection_c.cpython-310-x86_64-linux-gnu.so\n'}
[1.298591] (keyboard_msgs) StdoutLine: {'line': b'-- Up-to-date: /home/gadzz/Workspace/VTOL-MissionCenter/install/keyboard_msgs/local/lib/python3.10/dist-packages/keyboard_msgs/keyboard_msgs_s__rosidl_typesupport_c.cpython-310-x86_64-linux-gnu.so\n'}
[1.298784] (keyboard_msgs) StdoutLine: {'line': b'-- Up-to-date: /home/gadzz/Workspace/VTOL-MissionCenter/install/keyboard_msgs/lib/libkeyboard_msgs__rosidl_generator_py.so\n'}
[1.298976] (keyboard_msgs) StdoutLine: {'line': b'-- Up-to-date: /home/gadzz/Workspace/VTOL-MissionCenter/install/keyboard_msgs/share/keyboard_msgs/msg/Key.idl\n'}
[1.299068] (keyboard_msgs) StdoutLine: {'line': b'-- Up-to-date: /home/gadzz/Workspace/VTOL-MissionCenter/install/keyboard_msgs/share/keyboard_msgs/msg/Key.msg\n'}
[1.299122] (keyboard_msgs) StdoutLine: {'line': b'-- Up-to-date: /home/gadzz/Workspace/VTOL-MissionCenter/install/keyboard_msgs/share/ament_index/resource_index/package_run_dependencies/keyboard_msgs\n'}
[1.299181] (keyboard_msgs) StdoutLine: {'line': b'-- Up-to-date: /home/gadzz/Workspace/VTOL-MissionCenter/install/keyboard_msgs/share/ament_index/resource_index/parent_prefix_path/keyboard_msgs\n'}
[1.299240] (keyboard_msgs) StdoutLine: {'line': b'-- Up-to-date: /home/gadzz/Workspace/VTOL-MissionCenter/install/keyboard_msgs/share/keyboard_msgs/environment/ament_prefix_path.sh\n'}
[1.299706] (keyboard_msgs) StdoutLine: {'line': b'-- Up-to-date: /home/gadzz/Workspace/VTOL-MissionCenter/install/keyboard_msgs/share/keyboard_msgs/environment/ament_prefix_path.dsv\n'}
[1.299842] (keyboard_msgs) StdoutLine: {'line': b'-- Up-to-date: /home/gadzz/Workspace/VTOL-MissionCenter/install/keyboard_msgs/share/keyboard_msgs/environment/path.sh\n'}
[1.299891] (keyboard_msgs) StdoutLine: {'line': b'-- Up-to-date: /home/gadzz/Workspace/VTOL-MissionCenter/install/keyboard_msgs/share/keyboard_msgs/environment/path.dsv\n'}
[1.299945] (keyboard_msgs) StdoutLine: {'line': b'-- Up-to-date: /home/gadzz/Workspace/VTOL-MissionCenter/install/keyboard_msgs/share/keyboard_msgs/local_setup.bash\n'}
[1.300031] (keyboard_msgs) StdoutLine: {'line': b'-- Up-to-date: /home/gadzz/Workspace/VTOL-MissionCenter/install/keyboard_msgs/share/keyboard_msgs/local_setup.sh\n'}
[1.300097] (keyboard_msgs) StdoutLine: {'line': b'-- Up-to-date: /home/gadzz/Workspace/VTOL-MissionCenter/install/keyboard_msgs/share/keyboard_msgs/local_setup.zsh\n'}
[1.300197] (keyboard_msgs) StdoutLine: {'line': b'-- Up-to-date: /home/gadzz/Workspace/VTOL-MissionCenter/install/keyboard_msgs/share/keyboard_msgs/local_setup.dsv\n'}
[1.300369] (keyboard_msgs) StdoutLine: {'line': b'-- Installing: /home/gadzz/Workspace/VTOL-MissionCenter/install/keyboard_msgs/share/keyboard_msgs/package.dsv\n'}
[1.300445] (keyboard_msgs) StdoutLine: {'line': b'-- Up-to-date: /home/gadzz/Workspace/VTOL-MissionCenter/install/keyboard_msgs/share/ament_index/resource_index/packages/keyboard_msgs\n'}
[1.300521] (keyboard_msgs) StdoutLine: {'line': b'-- Up-to-date: /home/gadzz/Workspace/VTOL-MissionCenter/install/keyboard_msgs/share/keyboard_msgs/cmake/export_keyboard_msgs__rosidl_generator_cExport.cmake\n'}
[1.300594] (keyboard_msgs) StdoutLine: {'line': b'-- Up-to-date: /home/gadzz/Workspace/VTOL-MissionCenter/install/keyboard_msgs/share/keyboard_msgs/cmake/export_keyboard_msgs__rosidl_generator_cExport-noconfig.cmake\n'}
[1.300668] (keyboard_msgs) StdoutLine: {'line': b'-- Up-to-date: /home/gadzz/Workspace/VTOL-MissionCenter/install/keyboard_msgs/share/keyboard_msgs/cmake/export_keyboard_msgs__rosidl_typesupport_fastrtps_cExport.cmake\n'}
[1.300741] (keyboard_msgs) StdoutLine: {'line': b'-- Up-to-date: /home/gadzz/Workspace/VTOL-MissionCenter/install/keyboard_msgs/share/keyboard_msgs/cmake/export_keyboard_msgs__rosidl_typesupport_fastrtps_cExport-noconfig.cmake\n'}
[1.300828] (keyboard_msgs) StdoutLine: {'line': b'-- Up-to-date: /home/gadzz/Workspace/VTOL-MissionCenter/install/keyboard_msgs/share/keyboard_msgs/cmake/export_keyboard_msgs__rosidl_generator_cppExport.cmake\n'}
[1.300895] (keyboard_msgs) StdoutLine: {'line': b'-- Up-to-date: /home/gadzz/Workspace/VTOL-MissionCenter/install/keyboard_msgs/share/keyboard_msgs/cmake/export_keyboard_msgs__rosidl_typesupport_fastrtps_cppExport.cmake\n'}
[1.301058] (keyboard_msgs) StdoutLine: {'line': b'-- Up-to-date: /home/gadzz/Workspace/VTOL-MissionCenter/install/keyboard_msgs/share/keyboard_msgs/cmake/export_keyboard_msgs__rosidl_typesupport_fastrtps_cppExport-noconfig.cmake\n'}
[1.301166] (keyboard_msgs) StdoutLine: {'line': b'-- Up-to-date: /home/gadzz/Workspace/VTOL-MissionCenter/install/keyboard_msgs/share/keyboard_msgs/cmake/keyboard_msgs__rosidl_typesupport_introspection_cExport.cmake\n'}
[1.301236] (keyboard_msgs) StdoutLine: {'line': b'-- Up-to-date: /home/gadzz/Workspace/VTOL-MissionCenter/install/keyboard_msgs/share/keyboard_msgs/cmake/keyboard_msgs__rosidl_typesupport_introspection_cExport-noconfig.cmake\n'}
[1.301310] (keyboard_msgs) StdoutLine: {'line': b'-- Up-to-date: /home/gadzz/Workspace/VTOL-MissionCenter/install/keyboard_msgs/share/keyboard_msgs/cmake/keyboard_msgs__rosidl_typesupport_cExport.cmake\n'}
[1.301375] (keyboard_msgs) StdoutLine: {'line': b'-- Up-to-date: /home/gadzz/Workspace/VTOL-MissionCenter/install/keyboard_msgs/share/keyboard_msgs/cmake/keyboard_msgs__rosidl_typesupport_cExport-noconfig.cmake\n'}
[1.301442] (keyboard_msgs) StdoutLine: {'line': b'-- Up-to-date: /home/gadzz/Workspace/VTOL-MissionCenter/install/keyboard_msgs/share/keyboard_msgs/cmake/keyboard_msgs__rosidl_typesupport_introspection_cppExport.cmake\n'}
[1.301521] (keyboard_msgs) StdoutLine: {'line': b'-- Up-to-date: /home/gadzz/Workspace/VTOL-MissionCenter/install/keyboard_msgs/share/keyboard_msgs/cmake/keyboard_msgs__rosidl_typesupport_introspection_cppExport-noconfig.cmake\n'}
[1.301605] (keyboard_msgs) StdoutLine: {'line': b'-- Up-to-date: /home/gadzz/Workspace/VTOL-MissionCenter/install/keyboard_msgs/share/keyboard_msgs/cmake/keyboard_msgs__rosidl_typesupport_cppExport.cmake\n'}
[1.301876] (keyboard_msgs) StdoutLine: {'line': b'-- Up-to-date: /home/gadzz/Workspace/VTOL-MissionCenter/install/keyboard_msgs/share/keyboard_msgs/cmake/keyboard_msgs__rosidl_typesupport_cppExport-noconfig.cmake\n'}
[1.302049] (keyboard_msgs) StdoutLine: {'line': b'-- Up-to-date: /home/gadzz/Workspace/VTOL-MissionCenter/install/keyboard_msgs/share/keyboard_msgs/cmake/export_keyboard_msgs__rosidl_generator_pyExport.cmake\n'}
[1.302112] (keyboard_msgs) StdoutLine: {'line': b'-- Up-to-date: /home/gadzz/Workspace/VTOL-MissionCenter/install/keyboard_msgs/share/keyboard_msgs/cmake/export_keyboard_msgs__rosidl_generator_pyExport-noconfig.cmake\n'}
[1.302173] (keyboard_msgs) StdoutLine: {'line': b'-- Up-to-date: /home/gadzz/Workspace/VTOL-MissionCenter/install/keyboard_msgs/share/keyboard_msgs/cmake/rosidl_cmake-extras.cmake\n'}
[1.302234] (keyboard_msgs) StdoutLine: {'line': b'-- Up-to-date: /home/gadzz/Workspace/VTOL-MissionCenter/install/keyboard_msgs/share/keyboard_msgs/cmake/ament_cmake_export_dependencies-extras.cmake\n'}
[1.302296] (keyboard_msgs) StdoutLine: {'line': b'-- Up-to-date: /home/gadzz/Workspace/VTOL-MissionCenter/install/keyboard_msgs/share/keyboard_msgs/cmake/ament_cmake_export_include_directories-extras.cmake\n'}
[1.302371] (keyboard_msgs) StdoutLine: {'line': b'-- Up-to-date: /home/gadzz/Workspace/VTOL-MissionCenter/install/keyboard_msgs/share/keyboard_msgs/cmake/ament_cmake_export_libraries-extras.cmake\n'}
[1.302427] (keyboard_msgs) StdoutLine: {'line': b'-- Up-to-date: /home/gadzz/Workspace/VTOL-MissionCenter/install/keyboard_msgs/share/keyboard_msgs/cmake/ament_cmake_export_targets-extras.cmake\n'}
[1.302480] (keyboard_msgs) StdoutLine: {'line': b'-- Up-to-date: /home/gadzz/Workspace/VTOL-MissionCenter/install/keyboard_msgs/share/keyboard_msgs/cmake/rosidl_cmake_export_typesupport_targets-extras.cmake\n'}
[1.302546] (keyboard_msgs) StdoutLine: {'line': b'-- Up-to-date: /home/gadzz/Workspace/VTOL-MissionCenter/install/keyboard_msgs/share/keyboard_msgs/cmake/rosidl_cmake_export_typesupport_libraries-extras.cmake\n'}
[1.302606] (keyboard_msgs) StdoutLine: {'line': b'-- Up-to-date: /home/gadzz/Workspace/VTOL-MissionCenter/install/keyboard_msgs/share/keyboard_msgs/cmake/keyboard_msgsConfig.cmake\n'}
[1.302683] (keyboard_msgs) StdoutLine: {'line': b'-- Up-to-date: /home/gadzz/Workspace/VTOL-MissionCenter/install/keyboard_msgs/share/keyboard_msgs/cmake/keyboard_msgsConfig-version.cmake\n'}
[1.302776] (keyboard_msgs) StdoutLine: {'line': b'-- Up-to-date: /home/gadzz/Workspace/VTOL-MissionCenter/install/keyboard_msgs/share/keyboard_msgs/package.xml\n'}
[1.307487] (keyboard_msgs) CommandEnded: {'returncode': 0}
[1.309150] (-) TimerEvent: {}
[1.336802] (keyboard_msgs) JobEnded: {'identifier': 'keyboard_msgs', 'rc': 0}
[1.340368] (keyboard) JobStarted: {'identifier': 'keyboard'}
[1.344811] (mission_center) JobStarted: {'identifier': 'mission_center'}
[1.354008] (keyboard) JobProgress: {'identifier': 'keyboard', 'progress': 'cmake'}
[1.354378] (keyboard) JobProgress: {'identifier': 'keyboard', 'progress': 'build'}
[1.354894] (keyboard) Command: {'cmd': ['/usr/bin/cmake', '--build', '/home/gadzz/Workspace/VTOL-MissionCenter/build/keyboard', '--', '-j8', '-l8'], 'cwd': '/home/gadzz/Workspace/VTOL-MissionCenter/build/keyboard', 'env': OrderedDict([('LESSOPEN', '| /usr/bin/lesspipe %s'), ('KDE_FULL_SESSION', 'true'), ('TMUX', '/tmp/tmux-1000/default,12136,0'), ('USER', 'gadzz'), ('PAM_KWALLET5_LOGIN', '/run/user/1000/kwallet5.socket'), ('LC_TIME', 'id_ID.UTF-8'), ('XDG_SEAT', 'seat0'), ('SSH_AGENT_PID', '2500'), ('XDG_SESSION_TYPE', 'x11'), ('XCURSOR_SIZE', '24'), ('SHLVL', '3'), ('LD_LIBRARY_PATH', '/home/gadzz/Workspace/VTOL-MissionCenter/install/keyboard_msgs/lib:/home/gadzz/Workspace/VTOL-MissionCenter/install/mission_center/lib:/opt/ros/humble/opt/rviz_ogre_vendor/lib:/opt/ros/humble/lib/x86_64-linux-gnu:/opt/ros/humble/lib'), ('LESS', '-R'), ('HOME', '/home/gadzz'), ('KDE_APPLICATIONS_AS_SCOPE', '1'), ('OLDPWD', '/home/gadzz/Workspace/VTOL-MissionCenter/build/mission_center'), ('TERM_PROGRAM_VERSION', '3.5a'), ('DESKTOP_SESSION', 'plasma'), ('LSCOLORS', 'Gxfxcxdxbxegedabagacad'), ('ZSH', '/home/gadzz/.oh-my-zsh'), ('ROS_PYTHON_VERSION', '3'), ('GTK_RC_FILES', '/etc/gtk/gtkrc:/home/gadzz/.gtkrc:/home/gadzz/.config/gtkrc'), ('GTK_MODULES', 'gail:atk-bridge'), ('XDG_SEAT_PATH', '/org/freedesktop/DisplayManager/Seat0'), ('KDE_SESSION_VERSION', '5'), ('PAGER', 'less'), ('LC_MONETARY', 'id_ID.UTF-8'), ('SYSTEMD_EXEC_PID', '2353'), ('DBUS_SESSION_BUS_ADDRESS', 'unix:path=/run/user/1000/bus'), ('COLORTERM', 'truecolor'), ('LIBVIRT_DEFAULT_URI', 'qemu:///system'), ('IM_CONFIG_PHASE', '1'), ('ROS_DISTRO', 'humble'), ('COLCON_PREFIX_PATH', '/home/gadzz/Workspace/VTOL-MissionCenter/install'), ('GTK_IM_MODULE', 'ibus'), ('LOGNAME', 'gadzz'), ('ALACRITTY_SOCKET', '/run/user/1000/Alacritty-:0-11977.sock'), ('WINDOWID', '113246213'), ('QT_AUTO_SCREEN_SCALE_FACTOR', '0'), ('_', '/usr/bin/colcon'), ('ROS_VERSION', '2'), ('XDG_SESSION_CLASS', 'user'), ('TERM', 'tmux-256color'), ('XDG_SESSION_ID', '4'), ('ALACRITTY_LOG', '/tmp/Alacritty-11977.log'), ('ROS_LOCALHOST_ONLY', '0'), ('GTK2_RC_FILES', '/etc/gtk-2.0/gtkrc:/home/gadzz/.gtkrc-2.0:/home/gadzz/.config/gtkrc-2.0'), ('PATH', '/home/gadzz/.cargo/bin:/home/gadzz/local/bin:/opt/ros/humble/bin:/home/gadzz/.cargo/bin:/home/gadzz/local/bin:/home/gadzz/.cargo/bin:/opt/gcc-arm-none-eabi-9-2020-q2-update/bin:/home/gadzz/.local/bin:/usr/local/sbin:/usr/local/bin:/usr/sbin:/usr/bin:/sbin:/bin:/usr/games:/usr/local/games:/snap/bin:/home/gadzz/.fzf/bin:/home/gadzz/Downloads/Micro-XRCE-DDS-Gen/scripts'), ('SESSION_MANAGER', 'local/gadzz:@/tmp/.ICE-unix/2714,unix/gadzz:/tmp/.ICE-unix/2714'), ('XDG_SESSION_PATH', '/org/freedesktop/DisplayManager/Session1'), ('LC_ADDRESS', 'id_ID.UTF-8'), ('XDG_RUNTIME_DIR', '/run/user/1000'), ('XCURSOR_THEME', 'breeze_cursors'), ('DISPLAY', ':0'), ('LANG', 'en_US.UTF-8'), ('XDG_CURRENT_DESKTOP', 'KDE'), ('LC_TELEPHONE', 'id_ID.UTF-8'), ('XMODIFIERS', '@im=ibus'), ('XDG_SESSION_DESKTOP', 'KDE'), ('XAUTHORITY', '/home/gadzz/.Xauthority'), ('LS_COLORS', 'rs=0:di=01;34:ln=01;36:mh=00:pi=40;33:so=01;35:do=01;35:bd=40;33;01:cd=40;33;01:or=40;31;01:mi=00:su=37;41:sg=30;43:ca=30;41:tw=30;42:ow=34;42:st=37;44:ex=01;32:*.tar=01;31:*.tgz=01;31:*.arc=01;31:*.arj=01;31:*.taz=01;31:*.lha=01;31:*.lz4=01;31:*.lzh=01;31:*.lzma=01;31:*.tlz=01;31:*.txz=01;31:*.tzo=01;31:*.t7z=01;31:*.zip=01;31:*.z=01;31:*.dz=01;31:*.gz=01;31:*.lrz=01;31:*.lz=01;31:*.lzo=01;31:*.xz=01;31:*.zst=01;31:*.tzst=01;31:*.bz2=01;31:*.bz=01;31:*.tbz=01;31:*.tbz2=01;31:*.tz=01;31:*.deb=01;31:*.rpm=01;31:*.jar=01;31:*.war=01;31:*.ear=01;31:*.sar=01;31:*.rar=01;31:*.alz=01;31:*.ace=01;31:*.zoo=01;31:*.cpio=01;31:*.7z=01;31:*.rz=01;31:*.cab=01;31:*.wim=01;31:*.swm=01;31:*.dwm=01;31:*.esd=01;31:*.jpg=01;35:*.jpeg=01;35:*.mjpg=01;35:*.mjpeg=01;35:*.gif=01;35:*.bmp=01;35:*.pbm=01;35:*.pgm=01;35:*.ppm=01;35:*.tga=01;35:*.xbm=01;35:*.xpm=01;35:*.tif=01;35:*.tiff=01;35:*.png=01;35:*.svg=01;35:*.svgz=01;35:*.mng=01;35:*.pcx=01;35:*.mov=01;35:*.mpg=01;35:*.mpeg=01;35:*.m2v=01;35:*.mkv=01;35:*.webm=01;35:*.webp=01;35:*.ogm=01;35:*.mp4=01;35:*.m4v=01;35:*.mp4v=01;35:*.vob=01;35:*.qt=01;35:*.nuv=01;35:*.wmv=01;35:*.asf=01;35:*.rm=01;35:*.rmvb=01;35:*.flc=01;35:*.avi=01;35:*.fli=01;35:*.flv=01;35:*.gl=01;35:*.dl=01;35:*.xcf=01;35:*.xwd=01;35:*.yuv=01;35:*.cgm=01;35:*.emf=01;35:*.ogv=01;35:*.ogx=01;35:*.aac=00;36:*.au=00;36:*.flac=00;36:*.m4a=00;36:*.mid=00;36:*.midi=00;36:*.mka=00;36:*.mp3=00;36:*.mpc=00;36:*.ogg=00;36:*.ra=00;36:*.wav=00;36:*.oga=00;36:*.opus=00;36:*.spx=00;36:*.xspf=00;36:'), ('TERM_PROGRAM', 'tmux'), ('SSH_AUTH_SOCK', '/tmp/ssh-XXXXXXhQJ7UG/agent.2413'), ('AMENT_PREFIX_PATH', '/home/gadzz/Workspace/VTOL-MissionCenter/install/mission_center:/home/gadzz/Workspace/VTOL-MissionCenter/install/keyboard:/home/gadzz/Workspace/VTOL-MissionCenter/install/keyboard_msgs:/opt/ros/humble'), ('SHELL', '/bin/bash'), ('LC_NAME', 'id_ID.UTF-8'), ('QT_ACCESSIBILITY', '1'), ('LESSCLOSE', '/usr/bin/lesspipe %s %s'), ('LC_MEASUREMENT', 'id_ID.UTF-8'), ('GPG_AGENT_INFO', '/run/user/1000/gnupg/S.gpg-agent:0:1'), ('LC_IDENTIFICATION', 'id_ID.UTF-8'), ('QT_IM_MODULE', 'ibus'), ('XDG_VTNR', '1'), ('ALACRITTY_WINDOW_ID', '113246213'), ('PWD', '/home/gadzz/Workspace/VTOL-MissionCenter/build/keyboard'), ('LC_ALL', 'en_US.UTF-8'), ('XDG_CONFIG_DIRS', '/home/gadzz/.config/kdedefaults:/etc/xdg/xdg-plasma:/etc/xdg'), ('CLUTTER_IM_MODULE', 'ibus'), ('XDG_DATA_DIRS', '/usr/share/plasma:/usr/share/gnome:/usr/local/share:/usr/share:/var/lib/snapd/desktop'), ('PYTHONPATH', '/home/gadzz/Workspace/VTOL-MissionCenter/install/keyboard_msgs/local/lib/python3.10/dist-packages:/opt/ros/humble/lib/python3.10/site-packages:/opt/ros/humble/local/lib/python3.10/dist-packages'), ('LC_NUMERIC', 'id_ID.UTF-8'), ('TMUX_PLUGIN_MANAGER_PATH', '/home/gadzz/.config/tmux/plugins/'), ('LC_PAPER', 'id_ID.UTF-8'), ('KDE_SESSION_UID', '1000'), ('COLCON', '1'), ('TMUX_PANE', '%1'), ('CMAKE_PREFIX_PATH', '/home/gadzz/Workspace/VTOL-MissionCenter/install/keyboard_msgs:/home/gadzz/Workspace/VTOL-MissionCenter/install/mission_center:/home/gadzz/Workspace/VTOL-MissionCenter/install/keyboard:/opt/ros/humble')]), 'shell': False}
[1.365967] (mission_center) JobProgress: {'identifier': 'mission_center', 'progress': 'cmake'}
[1.366113] (mission_center) JobProgress: {'identifier': 'mission_center', 'progress': 'build'}
[1.368358] (mission_center) Command: {'cmd': ['/usr/bin/cmake', '--build', '/home/gadzz/Workspace/VTOL-MissionCenter/build/mission_center', '--', '-j8', '-l8'], 'cwd': '/home/gadzz/Workspace/VTOL-MissionCenter/build/mission_center', 'env': OrderedDict([('LESSOPEN', '| /usr/bin/lesspipe %s'), ('KDE_FULL_SESSION', 'true'), ('TMUX', '/tmp/tmux-1000/default,12136,0'), ('USER', 'gadzz'), ('PAM_KWALLET5_LOGIN', '/run/user/1000/kwallet5.socket'), ('LC_TIME', 'id_ID.UTF-8'), ('XDG_SEAT', 'seat0'), ('SSH_AGENT_PID', '2500'), ('XDG_SESSION_TYPE', 'x11'), ('XCURSOR_SIZE', '24'), ('SHLVL', '3'), ('LD_LIBRARY_PATH', '/home/gadzz/Workspace/VTOL-MissionCenter/install/keyboard_msgs/lib:/home/gadzz/Workspace/VTOL-MissionCenter/install/mission_center/lib:/opt/ros/humble/opt/rviz_ogre_vendor/lib:/opt/ros/humble/lib/x86_64-linux-gnu:/opt/ros/humble/lib'), ('LESS', '-R'), ('HOME', '/home/gadzz'), ('KDE_APPLICATIONS_AS_SCOPE', '1'), ('OLDPWD', '/home/gadzz/Workspace/VTOL-MissionCenter/build/mission_center'), ('TERM_PROGRAM_VERSION', '3.5a'), ('DESKTOP_SESSION', 'plasma'), ('LSCOLORS', 'Gxfxcxdxbxegedabagacad'), ('ZSH', '/home/gadzz/.oh-my-zsh'), ('ROS_PYTHON_VERSION', '3'), ('GTK_RC_FILES', '/etc/gtk/gtkrc:/home/gadzz/.gtkrc:/home/gadzz/.config/gtkrc'), ('GTK_MODULES', 'gail:atk-bridge'), ('XDG_SEAT_PATH', '/org/freedesktop/DisplayManager/Seat0'), ('KDE_SESSION_VERSION', '5'), ('PAGER', 'less'), ('LC_MONETARY', 'id_ID.UTF-8'), ('SYSTEMD_EXEC_PID', '2353'), ('DBUS_SESSION_BUS_ADDRESS', 'unix:path=/run/user/1000/bus'), ('COLORTERM', 'truecolor'), ('LIBVIRT_DEFAULT_URI', 'qemu:///system'), ('IM_CONFIG_PHASE', '1'), ('ROS_DISTRO', 'humble'), ('COLCON_PREFIX_PATH', '/home/gadzz/Workspace/VTOL-MissionCenter/install'), ('GTK_IM_MODULE', 'ibus'), ('LOGNAME', 'gadzz'), ('ALACRITTY_SOCKET', '/run/user/1000/Alacritty-:0-11977.sock'), ('WINDOWID', '113246213'), ('QT_AUTO_SCREEN_SCALE_FACTOR', '0'), ('_', '/usr/bin/colcon'), ('ROS_VERSION', '2'), ('XDG_SESSION_CLASS', 'user'), ('TERM', 'tmux-256color'), ('XDG_SESSION_ID', '4'), ('ALACRITTY_LOG', '/tmp/Alacritty-11977.log'), ('ROS_LOCALHOST_ONLY', '0'), ('GTK2_RC_FILES', '/etc/gtk-2.0/gtkrc:/home/gadzz/.gtkrc-2.0:/home/gadzz/.config/gtkrc-2.0'), ('PATH', '/home/gadzz/.cargo/bin:/home/gadzz/local/bin:/opt/ros/humble/bin:/home/gadzz/.cargo/bin:/home/gadzz/local/bin:/home/gadzz/.cargo/bin:/opt/gcc-arm-none-eabi-9-2020-q2-update/bin:/home/gadzz/.local/bin:/usr/local/sbin:/usr/local/bin:/usr/sbin:/usr/bin:/sbin:/bin:/usr/games:/usr/local/games:/snap/bin:/home/gadzz/.fzf/bin:/home/gadzz/Downloads/Micro-XRCE-DDS-Gen/scripts'), ('SESSION_MANAGER', 'local/gadzz:@/tmp/.ICE-unix/2714,unix/gadzz:/tmp/.ICE-unix/2714'), ('XDG_SESSION_PATH', '/org/freedesktop/DisplayManager/Session1'), ('LC_ADDRESS', 'id_ID.UTF-8'), ('XDG_RUNTIME_DIR', '/run/user/1000'), ('XCURSOR_THEME', 'breeze_cursors'), ('DISPLAY', ':0'), ('LANG', 'en_US.UTF-8'), ('XDG_CURRENT_DESKTOP', 'KDE'), ('LC_TELEPHONE', 'id_ID.UTF-8'), ('XMODIFIERS', '@im=ibus'), ('XDG_SESSION_DESKTOP', 'KDE'), ('XAUTHORITY', '/home/gadzz/.Xauthority'), ('LS_COLORS', 'rs=0:di=01;34:ln=01;36:mh=00:pi=40;33:so=01;35:do=01;35:bd=40;33;01:cd=40;33;01:or=40;31;01:mi=00:su=37;41:sg=30;43:ca=30;41:tw=30;42:ow=34;42:st=37;44:ex=01;32:*.tar=01;31:*.tgz=01;31:*.arc=01;31:*.arj=01;31:*.taz=01;31:*.lha=01;31:*.lz4=01;31:*.lzh=01;31:*.lzma=01;31:*.tlz=01;31:*.txz=01;31:*.tzo=01;31:*.t7z=01;31:*.zip=01;31:*.z=01;31:*.dz=01;31:*.gz=01;31:*.lrz=01;31:*.lz=01;31:*.lzo=01;31:*.xz=01;31:*.zst=01;31:*.tzst=01;31:*.bz2=01;31:*.bz=01;31:*.tbz=01;31:*.tbz2=01;31:*.tz=01;31:*.deb=01;31:*.rpm=01;31:*.jar=01;31:*.war=01;31:*.ear=01;31:*.sar=01;31:*.rar=01;31:*.alz=01;31:*.ace=01;31:*.zoo=01;31:*.cpio=01;31:*.7z=01;31:*.rz=01;31:*.cab=01;31:*.wim=01;31:*.swm=01;31:*.dwm=01;31:*.esd=01;31:*.jpg=01;35:*.jpeg=01;35:*.mjpg=01;35:*.mjpeg=01;35:*.gif=01;35:*.bmp=01;35:*.pbm=01;35:*.pgm=01;35:*.ppm=01;35:*.tga=01;35:*.xbm=01;35:*.xpm=01;35:*.tif=01;35:*.tiff=01;35:*.png=01;35:*.svg=01;35:*.svgz=01;35:*.mng=01;35:*.pcx=01;35:*.mov=01;35:*.mpg=01;35:*.mpeg=01;35:*.m2v=01;35:*.mkv=01;35:*.webm=01;35:*.webp=01;35:*.ogm=01;35:*.mp4=01;35:*.m4v=01;35:*.mp4v=01;35:*.vob=01;35:*.qt=01;35:*.nuv=01;35:*.wmv=01;35:*.asf=01;35:*.rm=01;35:*.rmvb=01;35:*.flc=01;35:*.avi=01;35:*.fli=01;35:*.flv=01;35:*.gl=01;35:*.dl=01;35:*.xcf=01;35:*.xwd=01;35:*.yuv=01;35:*.cgm=01;35:*.emf=01;35:*.ogv=01;35:*.ogx=01;35:*.aac=00;36:*.au=00;36:*.flac=00;36:*.m4a=00;36:*.mid=00;36:*.midi=00;36:*.mka=00;36:*.mp3=00;36:*.mpc=00;36:*.ogg=00;36:*.ra=00;36:*.wav=00;36:*.oga=00;36:*.opus=00;36:*.spx=00;36:*.xspf=00;36:'), ('TERM_PROGRAM', 'tmux'), ('SSH_AUTH_SOCK', '/tmp/ssh-XXXXXXhQJ7UG/agent.2413'), ('AMENT_PREFIX_PATH', '/home/gadzz/Workspace/VTOL-MissionCenter/install/mission_center:/home/gadzz/Workspace/VTOL-MissionCenter/install/keyboard:/home/gadzz/Workspace/VTOL-MissionCenter/install/keyboard_msgs:/opt/ros/humble'), ('SHELL', '/bin/bash'), ('LC_NAME', 'id_ID.UTF-8'), ('QT_ACCESSIBILITY', '1'), ('LESSCLOSE', '/usr/bin/lesspipe %s %s'), ('LC_MEASUREMENT', 'id_ID.UTF-8'), ('GPG_AGENT_INFO', '/run/user/1000/gnupg/S.gpg-agent:0:1'), ('LC_IDENTIFICATION', 'id_ID.UTF-8'), ('QT_IM_MODULE', 'ibus'), ('XDG_VTNR', '1'), ('ALACRITTY_WINDOW_ID', '113246213'), ('PWD', '/home/gadzz/Workspace/VTOL-MissionCenter/build/mission_center'), ('LC_ALL', 'en_US.UTF-8'), ('XDG_CONFIG_DIRS', '/home/gadzz/.config/kdedefaults:/etc/xdg/xdg-plasma:/etc/xdg'), ('CLUTTER_IM_MODULE', 'ibus'), ('XDG_DATA_DIRS', '/usr/share/plasma:/usr/share/gnome:/usr/local/share:/usr/share:/var/lib/snapd/desktop'), ('PYTHONPATH', '/home/gadzz/Workspace/VTOL-MissionCenter/install/keyboard_msgs/local/lib/python3.10/dist-packages:/opt/ros/humble/lib/python3.10/site-packages:/opt/ros/humble/local/lib/python3.10/dist-packages'), ('LC_NUMERIC', 'id_ID.UTF-8'), ('TMUX_PLUGIN_MANAGER_PATH', '/home/gadzz/.config/tmux/plugins/'), ('LC_PAPER', 'id_ID.UTF-8'), ('KDE_SESSION_UID', '1000'), ('COLCON', '1'), ('TMUX_PANE', '%1'), ('CMAKE_PREFIX_PATH', '/home/gadzz/Workspace/VTOL-MissionCenter/install/keyboard_msgs:/home/gadzz/Workspace/VTOL-MissionCenter/install/mission_center:/home/gadzz/Workspace/VTOL-MissionCenter/install/keyboard:/opt/ros/humble')]), 'shell': False}
[1.409327] (-) TimerEvent: {}
[1.451000] (keyboard) StdoutLine: {'line': b'[100%] Built target keyboard\n'}
[1.454722] (mission_center) StdoutLine: {'line': b'\x1b[35m\x1b[1mConsolidate compiler generated dependencies of target uav_mission\x1b[0m\n'}
[1.477704] (keyboard) CommandEnded: {'returncode': 0}
[1.478338] (keyboard) JobProgress: {'identifier': 'keyboard', 'progress': 'install'}
[1.478374] (keyboard) Command: {'cmd': ['/usr/bin/cmake', '--install', '/home/gadzz/Workspace/VTOL-MissionCenter/build/keyboard'], 'cwd': '/home/gadzz/Workspace/VTOL-MissionCenter/build/keyboard', 'env': OrderedDict([('LESSOPEN', '| /usr/bin/lesspipe %s'), ('KDE_FULL_SESSION', 'true'), ('TMUX', '/tmp/tmux-1000/default,12136,0'), ('USER', 'gadzz'), ('PAM_KWALLET5_LOGIN', '/run/user/1000/kwallet5.socket'), ('LC_TIME', 'id_ID.UTF-8'), ('XDG_SEAT', 'seat0'), ('SSH_AGENT_PID', '2500'), ('XDG_SESSION_TYPE', 'x11'), ('XCURSOR_SIZE', '24'), ('SHLVL', '3'), ('LD_LIBRARY_PATH', '/home/gadzz/Workspace/VTOL-MissionCenter/install/keyboard_msgs/lib:/home/gadzz/Workspace/VTOL-MissionCenter/install/mission_center/lib:/opt/ros/humble/opt/rviz_ogre_vendor/lib:/opt/ros/humble/lib/x86_64-linux-gnu:/opt/ros/humble/lib'), ('LESS', '-R'), ('HOME', '/home/gadzz'), ('KDE_APPLICATIONS_AS_SCOPE', '1'), ('OLDPWD', '/home/gadzz/Workspace/VTOL-MissionCenter/build/mission_center'), ('TERM_PROGRAM_VERSION', '3.5a'), ('DESKTOP_SESSION', 'plasma'), ('LSCOLORS', 'Gxfxcxdxbxegedabagacad'), ('ZSH', '/home/gadzz/.oh-my-zsh'), ('ROS_PYTHON_VERSION', '3'), ('GTK_RC_FILES', '/etc/gtk/gtkrc:/home/gadzz/.gtkrc:/home/gadzz/.config/gtkrc'), ('GTK_MODULES', 'gail:atk-bridge'), ('XDG_SEAT_PATH', '/org/freedesktop/DisplayManager/Seat0'), ('KDE_SESSION_VERSION', '5'), ('PAGER', 'less'), ('LC_MONETARY', 'id_ID.UTF-8'), ('SYSTEMD_EXEC_PID', '2353'), ('DBUS_SESSION_BUS_ADDRESS', 'unix:path=/run/user/1000/bus'), ('COLORTERM', 'truecolor'), ('LIBVIRT_DEFAULT_URI', 'qemu:///system'), ('IM_CONFIG_PHASE', '1'), ('ROS_DISTRO', 'humble'), ('COLCON_PREFIX_PATH', '/home/gadzz/Workspace/VTOL-MissionCenter/install'), ('GTK_IM_MODULE', 'ibus'), ('LOGNAME', 'gadzz'), ('ALACRITTY_SOCKET', '/run/user/1000/Alacritty-:0-11977.sock'), ('WINDOWID', '113246213'), ('QT_AUTO_SCREEN_SCALE_FACTOR', '0'), ('_', '/usr/bin/colcon'), ('ROS_VERSION', '2'), ('XDG_SESSION_CLASS', 'user'), ('TERM', 'tmux-256color'), ('XDG_SESSION_ID', '4'), ('ALACRITTY_LOG', '/tmp/Alacritty-11977.log'), ('ROS_LOCALHOST_ONLY', '0'), ('GTK2_RC_FILES', '/etc/gtk-2.0/gtkrc:/home/gadzz/.gtkrc-2.0:/home/gadzz/.config/gtkrc-2.0'), ('PATH', '/home/gadzz/.cargo/bin:/home/gadzz/local/bin:/opt/ros/humble/bin:/home/gadzz/.cargo/bin:/home/gadzz/local/bin:/home/gadzz/.cargo/bin:/opt/gcc-arm-none-eabi-9-2020-q2-update/bin:/home/gadzz/.local/bin:/usr/local/sbin:/usr/local/bin:/usr/sbin:/usr/bin:/sbin:/bin:/usr/games:/usr/local/games:/snap/bin:/home/gadzz/.fzf/bin:/home/gadzz/Downloads/Micro-XRCE-DDS-Gen/scripts'), ('SESSION_MANAGER', 'local/gadzz:@/tmp/.ICE-unix/2714,unix/gadzz:/tmp/.ICE-unix/2714'), ('XDG_SESSION_PATH', '/org/freedesktop/DisplayManager/Session1'), ('LC_ADDRESS', 'id_ID.UTF-8'), ('XDG_RUNTIME_DIR', '/run/user/1000'), ('XCURSOR_THEME', 'breeze_cursors'), ('DISPLAY', ':0'), ('LANG', 'en_US.UTF-8'), ('XDG_CURRENT_DESKTOP', 'KDE'), ('LC_TELEPHONE', 'id_ID.UTF-8'), ('XMODIFIERS', '@im=ibus'), ('XDG_SESSION_DESKTOP', 'KDE'), ('XAUTHORITY', '/home/gadzz/.Xauthority'), ('LS_COLORS', 'rs=0:di=01;34:ln=01;36:mh=00:pi=40;33:so=01;35:do=01;35:bd=40;33;01:cd=40;33;01:or=40;31;01:mi=00:su=37;41:sg=30;43:ca=30;41:tw=30;42:ow=34;42:st=37;44:ex=01;32:*.tar=01;31:*.tgz=01;31:*.arc=01;31:*.arj=01;31:*.taz=01;31:*.lha=01;31:*.lz4=01;31:*.lzh=01;31:*.lzma=01;31:*.tlz=01;31:*.txz=01;31:*.tzo=01;31:*.t7z=01;31:*.zip=01;31:*.z=01;31:*.dz=01;31:*.gz=01;31:*.lrz=01;31:*.lz=01;31:*.lzo=01;31:*.xz=01;31:*.zst=01;31:*.tzst=01;31:*.bz2=01;31:*.bz=01;31:*.tbz=01;31:*.tbz2=01;31:*.tz=01;31:*.deb=01;31:*.rpm=01;31:*.jar=01;31:*.war=01;31:*.ear=01;31:*.sar=01;31:*.rar=01;31:*.alz=01;31:*.ace=01;31:*.zoo=01;31:*.cpio=01;31:*.7z=01;31:*.rz=01;31:*.cab=01;31:*.wim=01;31:*.swm=01;31:*.dwm=01;31:*.esd=01;31:*.jpg=01;35:*.jpeg=01;35:*.mjpg=01;35:*.mjpeg=01;35:*.gif=01;35:*.bmp=01;35:*.pbm=01;35:*.pgm=01;35:*.ppm=01;35:*.tga=01;35:*.xbm=01;35:*.xpm=01;35:*.tif=01;35:*.tiff=01;35:*.png=01;35:*.svg=01;35:*.svgz=01;35:*.mng=01;35:*.pcx=01;35:*.mov=01;35:*.mpg=01;35:*.mpeg=01;35:*.m2v=01;35:*.mkv=01;35:*.webm=01;35:*.webp=01;35:*.ogm=01;35:*.mp4=01;35:*.m4v=01;35:*.mp4v=01;35:*.vob=01;35:*.qt=01;35:*.nuv=01;35:*.wmv=01;35:*.asf=01;35:*.rm=01;35:*.rmvb=01;35:*.flc=01;35:*.avi=01;35:*.fli=01;35:*.flv=01;35:*.gl=01;35:*.dl=01;35:*.xcf=01;35:*.xwd=01;35:*.yuv=01;35:*.cgm=01;35:*.emf=01;35:*.ogv=01;35:*.ogx=01;35:*.aac=00;36:*.au=00;36:*.flac=00;36:*.m4a=00;36:*.mid=00;36:*.midi=00;36:*.mka=00;36:*.mp3=00;36:*.mpc=00;36:*.ogg=00;36:*.ra=00;36:*.wav=00;36:*.oga=00;36:*.opus=00;36:*.spx=00;36:*.xspf=00;36:'), ('TERM_PROGRAM', 'tmux'), ('SSH_AUTH_SOCK', '/tmp/ssh-XXXXXXhQJ7UG/agent.2413'), ('AMENT_PREFIX_PATH', '/home/gadzz/Workspace/VTOL-MissionCenter/install/mission_center:/home/gadzz/Workspace/VTOL-MissionCenter/install/keyboard:/home/gadzz/Workspace/VTOL-MissionCenter/install/keyboard_msgs:/opt/ros/humble'), ('SHELL', '/bin/bash'), ('LC_NAME', 'id_ID.UTF-8'), ('QT_ACCESSIBILITY', '1'), ('LESSCLOSE', '/usr/bin/lesspipe %s %s'), ('LC_MEASUREMENT', 'id_ID.UTF-8'), ('GPG_AGENT_INFO', '/run/user/1000/gnupg/S.gpg-agent:0:1'), ('LC_IDENTIFICATION', 'id_ID.UTF-8'), ('QT_IM_MODULE', 'ibus'), ('XDG_VTNR', '1'), ('ALACRITTY_WINDOW_ID', '113246213'), ('PWD', '/home/gadzz/Workspace/VTOL-MissionCenter/build/keyboard'), ('LC_ALL', 'en_US.UTF-8'), ('XDG_CONFIG_DIRS', '/home/gadzz/.config/kdedefaults:/etc/xdg/xdg-plasma:/etc/xdg'), ('CLUTTER_IM_MODULE', 'ibus'), ('XDG_DATA_DIRS', '/usr/share/plasma:/usr/share/gnome:/usr/local/share:/usr/share:/var/lib/snapd/desktop'), ('PYTHONPATH', '/home/gadzz/Workspace/VTOL-MissionCenter/install/keyboard_msgs/local/lib/python3.10/dist-packages:/opt/ros/humble/lib/python3.10/site-packages:/opt/ros/humble/local/lib/python3.10/dist-packages'), ('LC_NUMERIC', 'id_ID.UTF-8'), ('TMUX_PLUGIN_MANAGER_PATH', '/home/gadzz/.config/tmux/plugins/'), ('LC_PAPER', 'id_ID.UTF-8'), ('KDE_SESSION_UID', '1000'), ('COLCON', '1'), ('TMUX_PANE', '%1'), ('CMAKE_PREFIX_PATH', '/home/gadzz/Workspace/VTOL-MissionCenter/install/keyboard_msgs:/home/gadzz/Workspace/VTOL-MissionCenter/install/mission_center:/home/gadzz/Workspace/VTOL-MissionCenter/install/keyboard:/opt/ros/humble')]), 'shell': False}
[1.490163] (keyboard) StdoutLine: {'line': b'-- Install configuration: "Release"\n'}
[1.491694] (keyboard) StdoutLine: {'line': b'-- Up-to-date: /home/gadzz/Workspace/VTOL-MissionCenter/install/keyboard/lib/keyboard/keyboard\n'}
[1.491869] (keyboard) StdoutLine: {'line': b'-- Up-to-date: /home/gadzz/Workspace/VTOL-MissionCenter/install/keyboard/lib/keyboard/keyboard_to_joy.py\n'}
[1.491967] (keyboard) StdoutLine: {'line': b'-- Up-to-date: /home/gadzz/Workspace/VTOL-MissionCenter/install/keyboard/share/keyboard/config\n'}
[1.492082] (keyboard) StdoutLine: {'line': b'-- Up-to-date: /home/gadzz/Workspace/VTOL-MissionCenter/install/keyboard/share/keyboard/config/example_config.yaml\n'}
[1.492149] (keyboard) StdoutLine: {'line': b'-- Up-to-date: /home/gadzz/Workspace/VTOL-MissionCenter/install/keyboard/share/ament_index/resource_index/package_run_dependencies/keyboard\n'}
[1.492215] (keyboard) StdoutLine: {'line': b'-- Up-to-date: /home/gadzz/Workspace/VTOL-MissionCenter/install/keyboard/share/ament_index/resource_index/parent_prefix_path/keyboard\n'}
[1.492280] (keyboard) StdoutLine: {'line': b'-- Up-to-date: /home/gadzz/Workspace/VTOL-MissionCenter/install/keyboard/share/keyboard/environment/ament_prefix_path.sh\n'}
[1.492344] (keyboard) StdoutLine: {'line': b'-- Up-to-date: /home/gadzz/Workspace/VTOL-MissionCenter/install/keyboard/share/keyboard/environment/ament_prefix_path.dsv\n'}
[1.492409] (keyboard) StdoutLine: {'line': b'-- Up-to-date: /home/gadzz/Workspace/VTOL-MissionCenter/install/keyboard/share/keyboard/environment/path.sh\n'}
[1.492471] (keyboard) StdoutLine: {'line': b'-- Up-to-date: /home/gadzz/Workspace/VTOL-MissionCenter/install/keyboard/share/keyboard/environment/path.dsv\n'}
[1.492528] (keyboard) StdoutLine: {'line': b'-- Up-to-date: /home/gadzz/Workspace/VTOL-MissionCenter/install/keyboard/share/keyboard/local_setup.bash\n'}
[1.492588] (keyboard) StdoutLine: {'line': b'-- Up-to-date: /home/gadzz/Workspace/VTOL-MissionCenter/install/keyboard/share/keyboard/local_setup.sh\n'}
[1.492648] (keyboard) StdoutLine: {'line': b'-- Up-to-date: /home/gadzz/Workspace/VTOL-MissionCenter/install/keyboard/share/keyboard/local_setup.zsh\n'}
[1.492881] (keyboard) StdoutLine: {'line': b'-- Up-to-date: /home/gadzz/Workspace/VTOL-MissionCenter/install/keyboard/share/keyboard/local_setup.dsv\n'}
[1.493041] (keyboard) StdoutLine: {'line': b'-- Installing: /home/gadzz/Workspace/VTOL-MissionCenter/install/keyboard/share/keyboard/package.dsv\n'}
[1.493119] (keyboard) StdoutLine: {'line': b'-- Up-to-date: /home/gadzz/Workspace/VTOL-MissionCenter/install/keyboard/share/ament_index/resource_index/packages/keyboard\n'}
[1.493176] (keyboard) StdoutLine: {'line': b'-- Up-to-date: /home/gadzz/Workspace/VTOL-MissionCenter/install/keyboard/share/keyboard/cmake/keyboardConfig.cmake\n'}
[1.493436] (keyboard) StdoutLine: {'line': b'-- Up-to-date: /home/gadzz/Workspace/VTOL-MissionCenter/install/keyboard/share/keyboard/cmake/keyboardConfig-version.cmake\n'}
[1.493862] (keyboard) StdoutLine: {'line': b'-- Up-to-date: /home/gadzz/Workspace/VTOL-MissionCenter/install/keyboard/share/keyboard/package.xml\n'}
[1.495022] (mission_center) StdoutLine: {'line': b'[  6%] \x1b[32mBuilding CXX object CMakeFiles/uav_mission.dir/src/uav_mission.cpp.o\x1b[0m\n'}
[1.495280] (keyboard) CommandEnded: {'returncode': 0}
[1.509539] (-) TimerEvent: {}
[1.513048] (keyboard) JobEnded: {'identifier': 'keyboard', 'rc': 0}
[1.609725] (-) TimerEvent: {}
[1.712083] (-) TimerEvent: {}
[1.812894] (-) TimerEvent: {}
[1.913768] (-) TimerEvent: {}
[2.014330] (-) TimerEvent: {}
[2.116394] (-) TimerEvent: {}
[2.217013] (-) TimerEvent: {}
[2.317761] (-) TimerEvent: {}
[2.418814] (-) TimerEvent: {}
[2.519984] (-) TimerEvent: {}
[2.620707] (-) TimerEvent: {}
[2.721193] (-) TimerEvent: {}
[2.822010] (-) TimerEvent: {}
[2.922658] (-) TimerEvent: {}
[3.023564] (-) TimerEvent: {}
[3.125156] (-) TimerEvent: {}
[3.225887] (-) TimerEvent: {}
[3.326359] (-) TimerEvent: {}
[3.426700] (-) TimerEvent: {}
[3.527184] (-) TimerEvent: {}
[3.627744] (-) TimerEvent: {}
[3.728301] (-) TimerEvent: {}
[3.828746] (-) TimerEvent: {}
[3.929670] (-) TimerEvent: {}
[4.030473] (-) TimerEvent: {}
[4.131136] (-) TimerEvent: {}
[4.231675] (-) TimerEvent: {}
[4.332400] (-) TimerEvent: {}
[4.433332] (-) TimerEvent: {}
[4.534175] (-) TimerEvent: {}
[4.635728] (-) TimerEvent: {}
[4.736570] (-) TimerEvent: {}
[4.837223] (-) TimerEvent: {}
[4.938413] (-) TimerEvent: {}
[5.039647] (-) TimerEvent: {}
[5.141757] (-) TimerEvent: {}
[5.243316] (-) TimerEvent: {}
[5.345308] (-) TimerEvent: {}
[5.446358] (-) TimerEvent: {}
[5.546776] (-) TimerEvent: {}
[5.647396] (-) TimerEvent: {}
[5.747957] (-) TimerEvent: {}
[5.848649] (-) TimerEvent: {}
[5.949553] (-) TimerEvent: {}
[6.050143] (-) TimerEvent: {}
[6.150570] (-) TimerEvent: {}
[6.251140] (-) TimerEvent: {}
[6.351755] (-) TimerEvent: {}
[6.452944] (-) TimerEvent: {}
[6.554002] (-) TimerEvent: {}
[6.655891] (-) TimerEvent: {}
[6.756562] (-) TimerEvent: {}
[6.857300] (-) TimerEvent: {}
[6.957720] (-) TimerEvent: {}
[7.060041] (-) TimerEvent: {}
[7.160887] (-) TimerEvent: {}
[7.262054] (-) TimerEvent: {}
[7.281248] (mission_center) StderrLine: {'line': b'In file included from \x1b[01m\x1b[K/home/gadzz/Workspace/VTOL-MissionCenter/src/mission_center/src/uav_mission.cpp:1\x1b[m\x1b[K:\n'}
[7.281579] (mission_center) StderrLine: {'line': b'\x1b[01m\x1b[K/home/gadzz/Workspace/VTOL-MissionCenter/src/mission_center/include/mission_center/uav_mission.hpp:\x1b[m\x1b[K In member function \xe2\x80\x98\x1b[01m\x1b[Kbool UAV_Mission::killPilotCb(std::shared_ptr<std_srvs::srv::Empty_Request_<std::allocator<void> > >, std::shared_ptr<std_srvs::srv::Empty_Response_<std::allocator<void> > >)\x1b[m\x1b[K\xe2\x80\x99:\n'}
[7.281726] (mission_center) StderrLine: {'line': b'\x1b[01m\x1b[K/home/gadzz/Workspace/VTOL-MissionCenter/src/mission_center/include/mission_center/uav_mission.hpp:98:73:\x1b[m\x1b[K \x1b[01;35m\x1b[Kwarning: \x1b[m\x1b[Kunused parameter \xe2\x80\x98\x1b[01m\x1b[Krequest\x1b[m\x1b[K\xe2\x80\x99 [\x1b[01;35m\x1b[K\x1b]8;;https://gcc.gnu.org/onlinedocs/gcc/Warning-Options.html#index-Wunused-parameter\x07-Wunused-parameter\x1b]8;;\x07\x1b[m\x1b[K]\n'}
[7.282267] (mission_center) StderrLine: {'line': b'   98 | \x1b[01;35m\x1b[Kst std::shared_ptr<std_srvs::srv::Empty::Request> request\x1b[m\x1b[K,\n'}
[7.282364] (mission_center) StderrLine: {'line': b'      | \x1b[01;35m\x1b[K~~~~~~~~~~~~~~~~~~~~~~~~~~~~~~~~~~~~~~~~~~~~~~~~~~^~~~~~~\x1b[m\x1b[K\n'}
[7.282431] (mission_center) StderrLine: {'line': b'\n'}
[7.282515] (mission_center) StderrLine: {'line': b'\x1b[01m\x1b[K/home/gadzz/Workspace/VTOL-MissionCenter/src/mission_center/include/mission_center/uav_mission.hpp:99:68:\x1b[m\x1b[K \x1b[01;35m\x1b[Kwarning: \x1b[m\x1b[Kunused parameter \xe2\x80\x98\x1b[01m\x1b[Kresponse\x1b[m\x1b[K\xe2\x80\x99 [\x1b[01;35m\x1b[K\x1b]8;;https://gcc.gnu.org/onlinedocs/gcc/Warning-Options.html#index-Wunused-parameter\x07-Wunused-parameter\x1b]8;;\x07\x1b[m\x1b[K]\n'}
[7.282596] (mission_center) StderrLine: {'line': b'   99 | \x1b[01;35m\x1b[Ktd::shared_ptr<std_srvs::srv::Empty::Response> response\x1b[m\x1b[K) {\n'}
[7.282665] (mission_center) StderrLine: {'line': b'      | \x1b[01;35m\x1b[K~~~~~~~~~~~~~~~~~~~~~~~~~~~~~~~~~~~~~~~~~~~~~~~^~~~~~~~\x1b[m\x1b[K\n'}
[7.282750] (mission_center) StderrLine: {'line': b'\n'}
[7.362146] (-) TimerEvent: {}
[7.424978] (mission_center) StderrLine: {'line': b'\x1b[01m\x1b[K/home/gadzz/Workspace/VTOL-MissionCenter/src/mission_center/src/uav_mission.cpp:\x1b[m\x1b[K In member function \xe2\x80\x98\x1b[01m\x1b[Kbool UAV_Mission::restartMission(std::shared_ptr<std_srvs::srv::Empty_Request_<std::allocator<void> > >, std::shared_ptr<std_srvs::srv::Empty_Response_<std::allocator<void> > >)\x1b[m\x1b[K\xe2\x80\x99:\n'}
[7.425260] (mission_center) StderrLine: {'line': b'\x1b[01m\x1b[K/home/gadzz/Workspace/VTOL-MissionCenter/src/mission_center/src/uav_mission.cpp:90:58:\x1b[m\x1b[K \x1b[01;35m\x1b[Kwarning: \x1b[m\x1b[Kunused parameter \xe2\x80\x98\x1b[01m\x1b[Krequest\x1b[m\x1b[K\xe2\x80\x99 [\x1b[01;35m\x1b[K\x1b]8;;https://gcc.gnu.org/onlinedocs/gcc/Warning-Options.html#index-Wunused-parameter\x07-Wunused-parameter\x1b]8;;\x07\x1b[m\x1b[K]\n'}
[7.425318] (mission_center) StderrLine: {'line': b'   90 | \x1b[01;35m\x1b[Kst std::shared_ptr<std_srvs::srv::Empty::Request> request\x1b[m\x1b[K,\n'}
[7.425373] (mission_center) StderrLine: {'line': b'      | \x1b[01;35m\x1b[K~~~~~~~~~~~~~~~~~~~~~~~~~~~~~~~~~~~~~~~~~~~~~~~~~~^~~~~~~\x1b[m\x1b[K\n'}
[7.425418] (mission_center) StderrLine: {'line': b'\n'}
[7.425905] (mission_center) StderrLine: {'line': b'\x1b[01m\x1b[K/home/gadzz/Workspace/VTOL-MissionCenter/src/mission_center/src/uav_mission.cpp:91:53:\x1b[m\x1b[K \x1b[01;35m\x1b[Kwarning: \x1b[m\x1b[Kunused parameter \xe2\x80\x98\x1b[01m\x1b[Kresponse\x1b[m\x1b[K\xe2\x80\x99 [\x1b[01;35m\x1b[K\x1b]8;;https://gcc.gnu.org/onlinedocs/gcc/Warning-Options.html#index-Wunused-parameter\x07-Wunused-parameter\x1b]8;;\x07\x1b[m\x1b[K]\n'}
[7.426128] (mission_center) StderrLine: {'line': b'   91 | \x1b[01;35m\x1b[Ktd::shared_ptr<std_srvs::srv::Empty::Response> response\x1b[m\x1b[K) {\n'}
[7.426187] (mission_center) StderrLine: {'line': b'      | \x1b[01;35m\x1b[K~~~~~~~~~~~~~~~~~~~~~~~~~~~~~~~~~~~~~~~~~~~~~~~^~~~~~~~\x1b[m\x1b[K\n'}
[7.426228] (mission_center) StderrLine: {'line': b'\n'}
[7.463010] (-) TimerEvent: {}
[7.556433] (mission_center) StderrLine: {'line': b'\x1b[01m\x1b[K/home/gadzz/Workspace/VTOL-MissionCenter/src/mission_center/src/uav_mission.cpp:\x1b[m\x1b[K In member function \xe2\x80\x98\x1b[01m\x1b[Kvoid UAV_Mission::switch_mode(std::string)\x1b[m\x1b[K\xe2\x80\x99:\n'}
[7.557050] (mission_center) StderrLine: {'line': b'\x1b[01m\x1b[K/home/gadzz/Workspace/VTOL-MissionCenter/src/mission_center/src/uav_mission.cpp:186:11:\x1b[m\x1b[K \x1b[01;35m\x1b[Kwarning: \x1b[m\x1b[Kunused variable \xe2\x80\x98\x1b[01m\x1b[KgotTopic\x1b[m\x1b[K\xe2\x80\x99 [\x1b[01;35m\x1b[K\x1b]8;;https://gcc.gnu.org/onlinedocs/gcc/Warning-Options.html#index-Wunused-variable\x07-Wunused-variable\x1b]8;;\x07\x1b[m\x1b[K]\n'}
[7.557206] (mission_center) StderrLine: {'line': b'  186 |       int \x1b[01;35m\x1b[KgotTopic\x1b[m\x1b[K =\n'}
[7.557268] (mission_center) StderrLine: {'line': b'      |           \x1b[01;35m\x1b[K^~~~~~~~\x1b[m\x1b[K\n'}
[7.563157] (-) TimerEvent: {}
[7.663638] (-) TimerEvent: {}
[7.688261] (mission_center) StderrLine: {'line': b'\x1b[01m\x1b[K/home/gadzz/Workspace/VTOL-MissionCenter/src/mission_center/src/uav_mission.cpp:\x1b[m\x1b[K In member function \xe2\x80\x98\x1b[01m\x1b[Kvoid UAV_Mission::arm_throttle()\x1b[m\x1b[K\xe2\x80\x99:\n'}
[7.688702] (mission_center) StderrLine: {'line': b'\x1b[01m\x1b[K/home/gadzz/Workspace/VTOL-MissionCenter/src/mission_center/src/uav_mission.cpp:327:11:\x1b[m\x1b[K \x1b[01;35m\x1b[Kwarning: \x1b[m\x1b[Kunused variable \xe2\x80\x98\x1b[01m\x1b[KgotTopic\x1b[m\x1b[K\xe2\x80\x99 [\x1b[01;35m\x1b[K\x1b]8;;https://gcc.gnu.org/onlinedocs/gcc/Warning-Options.html#index-Wunused-variable\x07-Wunused-variable\x1b]8;;\x07\x1b[m\x1b[K]\n'}
[7.688869] (mission_center) StderrLine: {'line': b'  327 |       int \x1b[01;35m\x1b[KgotTopic\x1b[m\x1b[K =\n'}
[7.688982] (mission_center) StderrLine: {'line': b'      |           \x1b[01;35m\x1b[K^~~~~~~~\x1b[m\x1b[K\n'}
[7.763785] (-) TimerEvent: {}
[7.799610] (mission_center) StderrLine: {'line': b'\x1b[01m\x1b[K/home/gadzz/Workspace/VTOL-MissionCenter/src/mission_center/src/uav_mission.cpp:\x1b[m\x1b[K In member function \xe2\x80\x98\x1b[01m\x1b[Kvoid UAV_Mission::move_servo(int, int)\x1b[m\x1b[K\xe2\x80\x99:\n'}
[7.799805] (mission_center) StderrLine: {'line': b'\x1b[01m\x1b[K/home/gadzz/Workspace/VTOL-MissionCenter/src/mission_center/src/uav_mission.cpp:344:10:\x1b[m\x1b[K \x1b[01;35m\x1b[Kwarning: \x1b[m\x1b[Kunused variable \xe2\x80\x98\x1b[01m\x1b[Kstart_time\x1b[m\x1b[K\xe2\x80\x99 [\x1b[01;35m\x1b[K\x1b]8;;https://gcc.gnu.org/onlinedocs/gcc/Warning-Options.html#index-Wunused-variable\x07-Wunused-variable\x1b]8;;\x07\x1b[m\x1b[K]\n'}
[7.799860] (mission_center) StderrLine: {'line': b'  344 |   double \x1b[01;35m\x1b[Kstart_time\x1b[m\x1b[K = nh->now().seconds();\n'}
[7.799913] (mission_center) StderrLine: {'line': b'      |          \x1b[01;35m\x1b[K^~~~~~~~~~\x1b[m\x1b[K\n'}
[7.864085] (-) TimerEvent: {}
[7.915110] (mission_center) StderrLine: {'line': b'\x1b[01m\x1b[K/home/gadzz/Workspace/VTOL-MissionCenter/src/mission_center/src/uav_mission.cpp:\x1b[m\x1b[K In member function \xe2\x80\x98\x1b[01m\x1b[Kvoid UAV_Mission::takeoff(double)\x1b[m\x1b[K\xe2\x80\x99:\n'}
[7.915355] (mission_center) StderrLine: {'line': b'\x1b[01m\x1b[K/home/gadzz/Workspace/VTOL-MissionCenter/src/mission_center/src/uav_mission.cpp:379:8:\x1b[m\x1b[K \x1b[01;35m\x1b[Kwarning: \x1b[m\x1b[Kunused variable \xe2\x80\x98\x1b[01m\x1b[Ktmp_check\x1b[m\x1b[K\xe2\x80\x99 [\x1b[01;35m\x1b[K\x1b]8;;https://gcc.gnu.org/onlinedocs/gcc/Warning-Options.html#index-Wunused-variable\x07-Wunused-variable\x1b]8;;\x07\x1b[m\x1b[K]\n'}
[7.915888] (mission_center) StderrLine: {'line': b'  379 |   bool \x1b[01;35m\x1b[Ktmp_check\x1b[m\x1b[K = getAlt(current_alt, "local_pose");\n'}
[7.916042] (mission_center) StderrLine: {'line': b'      |        \x1b[01;35m\x1b[K^~~~~~~~~\x1b[m\x1b[K\n'}
[7.964233] (-) TimerEvent: {}
[8.064794] (-) TimerEvent: {}
[8.165551] (-) TimerEvent: {}
[8.265977] (-) TimerEvent: {}
[8.366462] (-) TimerEvent: {}
[8.405107] (mission_center) StderrLine: {'line': b'\x1b[01m\x1b[K/home/gadzz/Workspace/VTOL-MissionCenter/src/mission_center/src/uav_mission.cpp:\x1b[m\x1b[K In member function \xe2\x80\x98\x1b[01m\x1b[Kbool UAV_Mission::init()\x1b[m\x1b[K\xe2\x80\x99:\n'}
[8.405678] (mission_center) StderrLine: {'line': b'\x1b[01m\x1b[K/home/gadzz/Workspace/VTOL-MissionCenter/src/mission_center/src/uav_mission.cpp:491:8:\x1b[m\x1b[K \x1b[01;35m\x1b[Kwarning: \x1b[m\x1b[Kvariable \xe2\x80\x98\x1b[01m\x1b[Kqos_profile\x1b[m\x1b[K\xe2\x80\x99 set but not used [\x1b[01;35m\x1b[K\x1b]8;;https://gcc.gnu.org/onlinedocs/gcc/Warning-Options.html#index-Wunused-but-set-variable\x07-Wunused-but-set-variable\x1b]8;;\x07\x1b[m\x1b[K]\n'}
[8.405811] (mission_center) StderrLine: {'line': b'  491 |   auto \x1b[01;35m\x1b[Kqos_profile\x1b[m\x1b[K = rclcpp::QoS(rclcpp::QoSInitialization::from_rmw(qos), qos);\n'}
[8.405889] (mission_center) StderrLine: {'line': b'      |        \x1b[01;35m\x1b[K^~~~~~~~~~~\x1b[m\x1b[K\n'}
[8.466763] (-) TimerEvent: {}
[8.567220] (-) TimerEvent: {}
[8.667565] (-) TimerEvent: {}
[8.761311] (mission_center) StderrLine: {'line': b'/home/gadzz/Workspace/VTOL-MissionCenter/src/mission_center/src/uav_mission.cpp: In instantiation of \xe2\x80\x98\x1b[01m\x1b[Kbool UAV_Mission::getTopicVal(T&, const string&, std::chrono::seconds) [with T = mavros_msgs::msg::State_<std::allocator<void> >; std::string = std::__cxx11::basic_string<char>; std::chrono::seconds = std::chrono::duration<long int>]\x1b[m\x1b[K\xe2\x80\x99:\n'}
[8.761830] (mission_center) StderrLine: {'line': b'\x1b[01m\x1b[K/home/gadzz/Workspace/VTOL-MissionCenter/src/mission_center/src/uav_mission.cpp:187:22:\x1b[m\x1b[K   required from here\n'}
[8.761906] (mission_center) StderrLine: {'line': b'\x1b[01m\x1b[K/home/gadzz/Workspace/VTOL-MissionCenter/src/mission_center/src/uav_mission.cpp:102:21:\x1b[m\x1b[K \x1b[01;35m\x1b[Kwarning: \x1b[m\x1b[Kvariable \xe2\x80\x98\x1b[01m\x1b[Kqos\x1b[m\x1b[K\xe2\x80\x99 set but not used [\x1b[01;35m\x1b[K\x1b]8;;https://gcc.gnu.org/onlinedocs/gcc/Warning-Options.html#index-Wunused-but-set-variable\x07-Wunused-but-set-variable\x1b]8;;\x07\x1b[m\x1b[K]\n'}
[8.761982] (mission_center) StderrLine: {'line': b'  102 |   rmw_qos_profile_t \x1b[01;35m\x1b[Kqos\x1b[m\x1b[K = rmw_qos_profile_default;\n'}
[8.762041] (mission_center) StderrLine: {'line': b'      |                     \x1b[01;35m\x1b[K^~~\x1b[m\x1b[K\n'}
[8.768883] (-) TimerEvent: {}
[8.870503] (-) TimerEvent: {}
[8.972683] (mission_center) StderrLine: {'line': b'/home/gadzz/Workspace/VTOL-MissionCenter/src/mission_center/src/uav_mission.cpp: In instantiation of \xe2\x80\x98\x1b[01m\x1b[Kbool UAV_Mission::getTopicVal(T&, const string&, std::chrono::seconds) [with T = std_msgs::msg::Float64_<std::allocator<void> >; std::string = std::__cxx11::basic_string<char>; std::chrono::seconds = std::chrono::duration<long int>]\x1b[m\x1b[K\xe2\x80\x99:\n'}
[8.972965] (-) TimerEvent: {}
[8.974286] (mission_center) StderrLine: {'line': b'\x1b[01m\x1b[K/home/gadzz/Workspace/VTOL-MissionCenter/src/mission_center/src/uav_mission.cpp:217:14:\x1b[m\x1b[K   required from here\n'}
[8.975659] (mission_center) StderrLine: {'line': b'\x1b[01m\x1b[K/home/gadzz/Workspace/VTOL-MissionCenter/src/mission_center/src/uav_mission.cpp:102:21:\x1b[m\x1b[K \x1b[01;35m\x1b[Kwarning: \x1b[m\x1b[Kvariable \xe2\x80\x98\x1b[01m\x1b[Kqos\x1b[m\x1b[K\xe2\x80\x99 set but not used [\x1b[01;35m\x1b[K\x1b]8;;https://gcc.gnu.org/onlinedocs/gcc/Warning-Options.html#index-Wunused-but-set-variable\x07-Wunused-but-set-variable\x1b]8;;\x07\x1b[m\x1b[K]\n'}
[9.073318] (-) TimerEvent: {}
[9.113088] (mission_center) StderrLine: {'line': b'/home/gadzz/Workspace/VTOL-MissionCenter/src/mission_center/src/uav_mission.cpp: In instantiation of \xe2\x80\x98\x1b[01m\x1b[Kbool UAV_Mission::getTopicVal(T&, const string&, std::chrono::seconds) [with T = geometry_msgs::msg::PoseStamped_<std::allocator<void> >; std::string = std::__cxx11::basic_string<char>; std::chrono::seconds = std::chrono::duration<long int>]\x1b[m\x1b[K\xe2\x80\x99:\n'}
[9.113361] (mission_center) StderrLine: {'line': b'\x1b[01m\x1b[K/home/gadzz/Workspace/VTOL-MissionCenter/src/mission_center/src/uav_mission.cpp:261:14:\x1b[m\x1b[K   required from here\n'}
[9.113441] (mission_center) StderrLine: {'line': b'\x1b[01m\x1b[K/home/gadzz/Workspace/VTOL-MissionCenter/src/mission_center/src/uav_mission.cpp:102:21:\x1b[m\x1b[K \x1b[01;35m\x1b[Kwarning: \x1b[m\x1b[Kvariable \xe2\x80\x98\x1b[01m\x1b[Kqos\x1b[m\x1b[K\xe2\x80\x99 set but not used [\x1b[01;35m\x1b[K\x1b]8;;https://gcc.gnu.org/onlinedocs/gcc/Warning-Options.html#index-Wunused-but-set-variable\x07-Wunused-but-set-variable\x1b]8;;\x07\x1b[m\x1b[K]\n'}
[9.174734] (-) TimerEvent: {}
[9.276617] (-) TimerEvent: {}
[9.377357] (-) TimerEvent: {}
[9.478361] (-) TimerEvent: {}
[9.579443] (-) TimerEvent: {}
[9.680084] (-) TimerEvent: {}
[9.781037] (-) TimerEvent: {}
[9.882087] (-) TimerEvent: {}
[9.982855] (-) TimerEvent: {}
[10.083458] (-) TimerEvent: {}
[10.184006] (-) TimerEvent: {}
[10.284594] (-) TimerEvent: {}
[10.385132] (-) TimerEvent: {}
[10.485834] (-) TimerEvent: {}
[10.587634] (-) TimerEvent: {}
[10.688039] (-) TimerEvent: {}
[10.790074] (-) TimerEvent: {}
[10.890631] (-) TimerEvent: {}
[10.991293] (-) TimerEvent: {}
[11.092446] (-) TimerEvent: {}
[11.193392] (-) TimerEvent: {}
[11.294275] (-) TimerEvent: {}
[11.394949] (-) TimerEvent: {}
[11.495345] (-) TimerEvent: {}
[11.595795] (-) TimerEvent: {}
[11.696724] (-) TimerEvent: {}
[11.797380] (-) TimerEvent: {}
[11.898276] (-) TimerEvent: {}
[11.999325] (-) TimerEvent: {}
[12.099906] (-) TimerEvent: {}
[12.201578] (-) TimerEvent: {}
[12.302013] (-) TimerEvent: {}
[12.402714] (-) TimerEvent: {}
[12.503249] (-) TimerEvent: {}
[12.604068] (-) TimerEvent: {}
[12.705150] (-) TimerEvent: {}
[12.805804] (-) TimerEvent: {}
[12.906455] (-) TimerEvent: {}
[13.006878] (-) TimerEvent: {}
[13.107460] (-) TimerEvent: {}
[13.207898] (-) TimerEvent: {}
[13.308688] (-) TimerEvent: {}
[13.409195] (-) TimerEvent: {}
[13.509732] (-) TimerEvent: {}
[13.610506] (-) TimerEvent: {}
[13.711222] (-) TimerEvent: {}
[13.811839] (-) TimerEvent: {}
[13.912948] (-) TimerEvent: {}
[14.013586] (-) TimerEvent: {}
[14.114176] (-) TimerEvent: {}
[14.215006] (-) TimerEvent: {}
[14.315998] (-) TimerEvent: {}
[14.418145] (-) TimerEvent: {}
[14.518910] (-) TimerEvent: {}
[14.619476] (-) TimerEvent: {}
[14.720601] (-) TimerEvent: {}
[14.821144] (-) TimerEvent: {}
[14.922118] (-) TimerEvent: {}
[15.022869] (-) TimerEvent: {}
[15.123641] (-) TimerEvent: {}
[15.224193] (-) TimerEvent: {}
[15.325698] (-) TimerEvent: {}
[15.426596] (-) TimerEvent: {}
[15.527998] (-) TimerEvent: {}
[15.628663] (-) TimerEvent: {}
[15.730186] (-) TimerEvent: {}
[15.830976] (-) TimerEvent: {}
[15.932580] (-) TimerEvent: {}
[16.033004] (-) TimerEvent: {}
[16.133692] (-) TimerEvent: {}
[16.234111] (-) TimerEvent: {}
[16.334606] (-) TimerEvent: {}
[16.435311] (-) TimerEvent: {}
[16.535841] (-) TimerEvent: {}
[16.636432] (-) TimerEvent: {}
[16.737512] (-) TimerEvent: {}
[16.837869] (-) TimerEvent: {}
[16.938314] (-) TimerEvent: {}
[17.038905] (-) TimerEvent: {}
[17.141143] (-) TimerEvent: {}
[17.241847] (-) TimerEvent: {}
[17.342759] (-) TimerEvent: {}
[17.443183] (-) TimerEvent: {}
[17.543681] (-) TimerEvent: {}
[17.644368] (-) TimerEvent: {}
[17.744932] (-) TimerEvent: {}
[17.845632] (-) TimerEvent: {}
[17.948512] (-) TimerEvent: {}
[18.049547] (-) TimerEvent: {}
[18.150008] (-) TimerEvent: {}
[18.250388] (-) TimerEvent: {}
[18.352432] (-) TimerEvent: {}
[18.452935] (-) TimerEvent: {}
[18.553291] (-) TimerEvent: {}
[18.653906] (-) TimerEvent: {}
[18.755212] (-) TimerEvent: {}
[18.855884] (-) TimerEvent: {}
[18.956724] (-) TimerEvent: {}
[19.057653] (-) TimerEvent: {}
[19.158216] (-) TimerEvent: {}
[19.259537] (-) TimerEvent: {}
[19.360748] (-) TimerEvent: {}
[19.461639] (-) TimerEvent: {}
[19.562263] (-) TimerEvent: {}
[19.662770] (-) TimerEvent: {}
[19.764196] (-) TimerEvent: {}
[19.864826] (-) TimerEvent: {}
[19.965539] (-) TimerEvent: {}
[20.066141] (-) TimerEvent: {}
[20.166508] (-) TimerEvent: {}
[20.267141] (-) TimerEvent: {}
[20.367674] (-) TimerEvent: {}
[20.468332] (-) TimerEvent: {}
[20.570064] (-) TimerEvent: {}
[20.670551] (-) TimerEvent: {}
[20.771027] (-) TimerEvent: {}
[20.871509] (-) TimerEvent: {}
[20.971989] (-) TimerEvent: {}
[21.072396] (-) TimerEvent: {}
[21.173053] (-) TimerEvent: {}
[21.273553] (-) TimerEvent: {}
[21.374870] (-) TimerEvent: {}
[21.475404] (-) TimerEvent: {}
[21.575921] (-) TimerEvent: {}
[21.677141] (-) TimerEvent: {}
[21.777475] (-) TimerEvent: {}
[21.877806] (-) TimerEvent: {}
[21.979020] (-) TimerEvent: {}
[22.079378] (-) TimerEvent: {}
[22.179764] (-) TimerEvent: {}
[22.280339] (-) TimerEvent: {}
[22.380812] (-) TimerEvent: {}
[22.481519] (-) TimerEvent: {}
[22.582098] (-) TimerEvent: {}
[22.683258] (-) TimerEvent: {}
[22.784703] (-) TimerEvent: {}
[22.890694] (-) TimerEvent: {}
[22.991357] (-) TimerEvent: {}
[23.092182] (-) TimerEvent: {}
[23.192853] (-) TimerEvent: {}
[23.293798] (-) TimerEvent: {}
[23.394447] (-) TimerEvent: {}
[23.495229] (-) TimerEvent: {}
[23.595588] (-) TimerEvent: {}
[23.696143] (-) TimerEvent: {}
[23.796965] (-) TimerEvent: {}
[23.897999] (-) TimerEvent: {}
[23.998614] (-) TimerEvent: {}
[24.099285] (-) TimerEvent: {}
[24.199841] (-) TimerEvent: {}
[24.300518] (-) TimerEvent: {}
[24.401595] (-) TimerEvent: {}
[24.502236] (-) TimerEvent: {}
[24.602683] (-) TimerEvent: {}
[24.703371] (-) TimerEvent: {}
[24.803855] (-) TimerEvent: {}
[24.904477] (-) TimerEvent: {}
[25.005106] (-) TimerEvent: {}
[25.105550] (-) TimerEvent: {}
[25.205940] (-) TimerEvent: {}
[25.306328] (-) TimerEvent: {}
[25.406998] (-) TimerEvent: {}
[25.507495] (-) TimerEvent: {}
[25.608097] (-) TimerEvent: {}
[25.708470] (-) TimerEvent: {}
[25.809176] (-) TimerEvent: {}
[25.909917] (-) TimerEvent: {}
[26.011134] (-) TimerEvent: {}
[26.111992] (-) TimerEvent: {}
[26.212464] (-) TimerEvent: {}
[26.312789] (-) TimerEvent: {}
[26.413492] (-) TimerEvent: {}
[26.514572] (-) TimerEvent: {}
[26.615311] (-) TimerEvent: {}
[26.715786] (-) TimerEvent: {}
[26.816367] (-) TimerEvent: {}
[26.916796] (-) TimerEvent: {}
[27.017690] (-) TimerEvent: {}
[27.118448] (-) TimerEvent: {}
[27.219139] (-) TimerEvent: {}
[27.319704] (-) TimerEvent: {}
[27.420820] (-) TimerEvent: {}
[27.522220] (-) TimerEvent: {}
[27.622940] (-) TimerEvent: {}
[27.724107] (-) TimerEvent: {}
[27.824540] (-) TimerEvent: {}
[27.925393] (-) TimerEvent: {}
[28.026267] (-) TimerEvent: {}
[28.127374] (-) TimerEvent: {}
[28.227833] (-) TimerEvent: {}
[28.328367] (-) TimerEvent: {}
[28.429109] (-) TimerEvent: {}
[28.529505] (-) TimerEvent: {}
[28.629980] (-) TimerEvent: {}
[28.730404] (-) TimerEvent: {}
[28.830964] (-) TimerEvent: {}
[28.931451] (-) TimerEvent: {}
[29.031915] (-) TimerEvent: {}
[29.132444] (-) TimerEvent: {}
[29.232959] (-) TimerEvent: {}
[29.333720] (-) TimerEvent: {}
[29.434379] (-) TimerEvent: {}
[29.535820] (-) TimerEvent: {}
[29.636620] (-) TimerEvent: {}
[29.737216] (-) TimerEvent: {}
[29.837850] (-) TimerEvent: {}
[29.938361] (-) TimerEvent: {}
[30.038913] (-) TimerEvent: {}
[30.139502] (-) TimerEvent: {}
[30.239826] (-) TimerEvent: {}
[30.340282] (-) TimerEvent: {}
[30.440768] (-) TimerEvent: {}
[30.541679] (-) TimerEvent: {}
[30.642872] (-) TimerEvent: {}
[30.743636] (-) TimerEvent: {}
[30.844174] (-) TimerEvent: {}
[30.945045] (-) TimerEvent: {}
[31.045625] (-) TimerEvent: {}
[31.146268] (-) TimerEvent: {}
[31.246678] (-) TimerEvent: {}
[31.347140] (-) TimerEvent: {}
[31.447859] (-) TimerEvent: {}
[31.548584] (-) TimerEvent: {}
[31.649186] (-) TimerEvent: {}
[31.749859] (-) TimerEvent: {}
[31.850316] (-) TimerEvent: {}
[31.950787] (-) TimerEvent: {}
[32.051725] (-) TimerEvent: {}
[32.152394] (-) TimerEvent: {}
[32.253775] (-) TimerEvent: {}
[32.354746] (-) TimerEvent: {}
[32.455116] (-) TimerEvent: {}
[32.555539] (-) TimerEvent: {}
[32.656034] (-) TimerEvent: {}
[32.756850] (-) TimerEvent: {}
[32.857978] (-) TimerEvent: {}
[32.958314] (-) TimerEvent: {}
[33.059046] (-) TimerEvent: {}
[33.159596] (-) TimerEvent: {}
[33.260099] (-) TimerEvent: {}
[33.360910] (-) TimerEvent: {}
[33.461301] (-) TimerEvent: {}
[33.561712] (-) TimerEvent: {}
[33.662211] (-) TimerEvent: {}
[33.762781] (-) TimerEvent: {}
[33.863504] (-) TimerEvent: {}
[33.964621] (-) TimerEvent: {}
[34.065095] (-) TimerEvent: {}
[34.165637] (-) TimerEvent: {}
[34.266296] (-) TimerEvent: {}
[34.366801] (-) TimerEvent: {}
[34.467492] (-) TimerEvent: {}
[34.568102] (-) TimerEvent: {}
[34.668742] (-) TimerEvent: {}
[34.769468] (-) TimerEvent: {}
[34.869819] (-) TimerEvent: {}
[34.970682] (-) TimerEvent: {}
[35.071273] (-) TimerEvent: {}
[35.171886] (-) TimerEvent: {}
[35.273438] (-) TimerEvent: {}
[35.374648] (-) TimerEvent: {}
[35.475911] (-) TimerEvent: {}
[35.576404] (-) TimerEvent: {}
[35.676660] (-) TimerEvent: {}
[35.776993] (-) TimerEvent: {}
[35.877367] (-) TimerEvent: {}
[35.977922] (-) TimerEvent: {}
[36.078248] (-) TimerEvent: {}
[36.179843] (-) TimerEvent: {}
[36.280404] (-) TimerEvent: {}
[36.381058] (-) TimerEvent: {}
[36.481793] (-) TimerEvent: {}
[36.582266] (-) TimerEvent: {}
[36.682707] (-) TimerEvent: {}
[36.783225] (-) TimerEvent: {}
[36.883753] (-) TimerEvent: {}
[36.984718] (-) TimerEvent: {}
[37.085322] (-) TimerEvent: {}
[37.185935] (-) TimerEvent: {}
[37.286361] (-) TimerEvent: {}
[37.386920] (-) TimerEvent: {}
[37.487463] (-) TimerEvent: {}
[37.588076] (-) TimerEvent: {}
[37.688863] (-) TimerEvent: {}
[37.789623] (-) TimerEvent: {}
[37.890602] (-) TimerEvent: {}
[37.991195] (-) TimerEvent: {}
[38.091841] (-) TimerEvent: {}
[38.192611] (-) TimerEvent: {}
[38.292948] (-) TimerEvent: {}
[38.393356] (-) TimerEvent: {}
[38.493738] (-) TimerEvent: {}
[38.594246] (-) TimerEvent: {}
[38.694784] (-) TimerEvent: {}
[38.795138] (-) TimerEvent: {}
[38.895520] (-) TimerEvent: {}
[38.996201] (-) TimerEvent: {}
[39.097587] (-) TimerEvent: {}
[39.197957] (-) TimerEvent: {}
[39.298548] (-) TimerEvent: {}
[39.398958] (-) TimerEvent: {}
[39.499602] (-) TimerEvent: {}
[39.600684] (-) TimerEvent: {}
[39.701603] (-) TimerEvent: {}
[39.801969] (-) TimerEvent: {}
[39.902382] (-) TimerEvent: {}
[40.004187] (-) TimerEvent: {}
[40.104530] (-) TimerEvent: {}
[40.205026] (-) TimerEvent: {}
[40.306317] (-) TimerEvent: {}
[40.406712] (-) TimerEvent: {}
[40.507404] (-) TimerEvent: {}
[40.608160] (-) TimerEvent: {}
[40.708635] (-) TimerEvent: {}
[40.809192] (-) TimerEvent: {}
[40.910354] (-) TimerEvent: {}
[41.011078] (-) TimerEvent: {}
[41.111686] (-) TimerEvent: {}
[41.212319] (-) TimerEvent: {}
[41.312964] (-) TimerEvent: {}
[41.413592] (-) TimerEvent: {}
[41.514452] (-) TimerEvent: {}
[41.614962] (-) TimerEvent: {}
[41.715651] (-) TimerEvent: {}
[41.816515] (-) TimerEvent: {}
[41.917309] (-) TimerEvent: {}
[42.018135] (-) TimerEvent: {}
[42.119427] (-) TimerEvent: {}
[42.220017] (-) TimerEvent: {}
[42.321547] (-) TimerEvent: {}
[42.422670] (-) TimerEvent: {}
[42.523253] (-) TimerEvent: {}
[42.623967] (-) TimerEvent: {}
[42.724473] (-) TimerEvent: {}
[42.824980] (-) TimerEvent: {}
[42.925493] (-) TimerEvent: {}
[43.026115] (-) TimerEvent: {}
[43.127314] (-) TimerEvent: {}
[43.229201] (-) TimerEvent: {}
[43.330200] (-) TimerEvent: {}
[43.431429] (-) TimerEvent: {}
[43.531765] (-) TimerEvent: {}
[43.632331] (-) TimerEvent: {}
[43.732751] (-) TimerEvent: {}
[43.833419] (-) TimerEvent: {}
[43.933856] (-) TimerEvent: {}
[44.034280] (-) TimerEvent: {}
[44.135037] (-) TimerEvent: {}
[44.235751] (-) TimerEvent: {}
[44.336647] (-) TimerEvent: {}
[44.437425] (-) TimerEvent: {}
[44.537821] (-) TimerEvent: {}
[44.638617] (-) TimerEvent: {}
[44.739101] (-) TimerEvent: {}
[44.839479] (-) TimerEvent: {}
[44.939832] (-) TimerEvent: {}
[45.040374] (-) TimerEvent: {}
[45.141320] (-) TimerEvent: {}
[45.241898] (-) TimerEvent: {}
[45.342635] (-) TimerEvent: {}
[45.443621] (-) TimerEvent: {}
[45.544253] (-) TimerEvent: {}
[45.576609] (mission_center) StdoutLine: {'line': b'[ 12%] \x1b[32m\x1b[1mLinking CXX shared library libuav_mission.so\x1b[0m\n'}
[45.644442] (-) TimerEvent: {}
[45.745398] (-) TimerEvent: {}
[45.846113] (-) TimerEvent: {}
[45.947998] (-) TimerEvent: {}
[46.049575] (-) TimerEvent: {}
[46.150550] (-) TimerEvent: {}
[46.251592] (-) TimerEvent: {}
[46.354049] (-) TimerEvent: {}
[46.455568] (-) TimerEvent: {}
[46.556388] (-) TimerEvent: {}
[46.657239] (-) TimerEvent: {}
[46.758180] (-) TimerEvent: {}
[46.859034] (-) TimerEvent: {}
[46.960041] (-) TimerEvent: {}
[47.060398] (-) TimerEvent: {}
[47.161123] (-) TimerEvent: {}
[47.261736] (-) TimerEvent: {}
[47.363489] (-) TimerEvent: {}
[47.466089] (-) TimerEvent: {}
[47.568628] (-) TimerEvent: {}
[47.669709] (-) TimerEvent: {}
[47.770395] (-) TimerEvent: {}
[47.871058] (-) TimerEvent: {}
[47.971732] (-) TimerEvent: {}
[48.072282] (-) TimerEvent: {}
[48.173072] (-) TimerEvent: {}
[48.273782] (-) TimerEvent: {}
[48.374682] (-) TimerEvent: {}
[48.475498] (-) TimerEvent: {}
[48.576094] (-) TimerEvent: {}
[48.676590] (-) TimerEvent: {}
[48.777268] (-) TimerEvent: {}
[48.877656] (-) TimerEvent: {}
[48.978063] (-) TimerEvent: {}
[49.079015] (-) TimerEvent: {}
[49.179538] (-) TimerEvent: {}
[49.280515] (-) TimerEvent: {}
[49.381022] (-) TimerEvent: {}
[49.481614] (-) TimerEvent: {}
[49.503182] (mission_center) StdoutLine: {'line': b'[ 12%] Built target uav_mission\n'}
[49.545764] (mission_center) StdoutLine: {'line': b'[ 25%] Built target trajectory_streamer\n'}
[49.581876] (-) TimerEvent: {}
[49.590139] (mission_center) StdoutLine: {'line': b'[ 31%] \x1b[32m\x1b[1mLinking CXX executable ui_node\x1b[0m\n'}
[49.682369] (-) TimerEvent: {}
[49.783267] (-) TimerEvent: {}
[49.883767] (-) TimerEvent: {}
[49.985373] (-) TimerEvent: {}
[50.086114] (-) TimerEvent: {}
[50.186548] (-) TimerEvent: {}
[50.286913] (-) TimerEvent: {}
[50.387662] (-) TimerEvent: {}
[50.459512] (mission_center) StdoutLine: {'line': b'[ 75%] Built target ui_node\n'}
[50.482623] (mission_center) StdoutLine: {'line': b'\x1b[35m\x1b[1mConsolidate compiler generated dependencies of target pilot_node\x1b[0m\n'}
[50.487859] (-) TimerEvent: {}
[50.512363] (mission_center) StdoutLine: {'line': b'[ 81%] \x1b[32mBuilding CXX object CMakeFiles/pilot_node.dir/src/pilot_node.cpp.o\x1b[0m\n'}
[50.588040] (-) TimerEvent: {}
[50.688781] (-) TimerEvent: {}
[50.789348] (-) TimerEvent: {}
[50.889962] (-) TimerEvent: {}
[50.990476] (-) TimerEvent: {}
[51.090987] (-) TimerEvent: {}
[51.191589] (-) TimerEvent: {}
[51.292397] (-) TimerEvent: {}
[51.392839] (-) TimerEvent: {}
[51.493296] (-) TimerEvent: {}
[51.593713] (-) TimerEvent: {}
[51.694087] (-) TimerEvent: {}
[51.794711] (-) TimerEvent: {}
[51.895630] (-) TimerEvent: {}
[51.996192] (-) TimerEvent: {}
[52.096579] (-) TimerEvent: {}
[52.196998] (-) TimerEvent: {}
[52.297429] (-) TimerEvent: {}
[52.397899] (-) TimerEvent: {}
[52.498754] (-) TimerEvent: {}
[52.599273] (-) TimerEvent: {}
[52.699791] (-) TimerEvent: {}
[52.800460] (-) TimerEvent: {}
[52.901322] (-) TimerEvent: {}
[53.001880] (-) TimerEvent: {}
[53.102367] (-) TimerEvent: {}
[53.202721] (-) TimerEvent: {}
[53.304047] (-) TimerEvent: {}
[53.404524] (-) TimerEvent: {}
[53.505452] (-) TimerEvent: {}
[53.606259] (-) TimerEvent: {}
[53.707318] (-) TimerEvent: {}
[53.807780] (-) TimerEvent: {}
[53.908224] (-) TimerEvent: {}
[54.008649] (-) TimerEvent: {}
[54.109644] (-) TimerEvent: {}
[54.210700] (-) TimerEvent: {}
[54.311813] (-) TimerEvent: {}
[54.412244] (-) TimerEvent: {}
[54.512837] (-) TimerEvent: {}
[54.613560] (-) TimerEvent: {}
[54.714773] (-) TimerEvent: {}
[54.815653] (-) TimerEvent: {}
[54.916876] (-) TimerEvent: {}
[55.017352] (-) TimerEvent: {}
[55.117951] (-) TimerEvent: {}
[55.219066] (-) TimerEvent: {}
[55.319646] (-) TimerEvent: {}
[55.420070] (-) TimerEvent: {}
[55.520900] (-) TimerEvent: {}
[55.621779] (-) TimerEvent: {}
[55.722847] (-) TimerEvent: {}
[55.823644] (-) TimerEvent: {}
[55.924875] (-) TimerEvent: {}
[55.933949] (mission_center) StderrLine: {'line': b'In file included from \x1b[01m\x1b[K/home/gadzz/Workspace/VTOL-MissionCenter/src/mission_center/src/pilot_node.cpp:1\x1b[m\x1b[K:\n'}
[55.934420] (mission_center) StderrLine: {'line': b'\x1b[01m\x1b[K/home/gadzz/Workspace/VTOL-MissionCenter/src/mission_center/include/mission_center/uav_mission.hpp:\x1b[m\x1b[K In member function \xe2\x80\x98\x1b[01m\x1b[Kbool UAV_Mission::killPilotCb(std::shared_ptr<std_srvs::srv::Empty_Request_<std::allocator<void> > >, std::shared_ptr<std_srvs::srv::Empty_Response_<std::allocator<void> > >)\x1b[m\x1b[K\xe2\x80\x99:\n'}
[55.934500] (mission_center) StderrLine: {'line': b'\x1b[01m\x1b[K/home/gadzz/Workspace/VTOL-MissionCenter/src/mission_center/include/mission_center/uav_mission.hpp:98:73:\x1b[m\x1b[K \x1b[01;35m\x1b[Kwarning: \x1b[m\x1b[Kunused parameter \xe2\x80\x98\x1b[01m\x1b[Krequest\x1b[m\x1b[K\xe2\x80\x99 [\x1b[01;35m\x1b[K\x1b]8;;https://gcc.gnu.org/onlinedocs/gcc/Warning-Options.html#index-Wunused-parameter\x07-Wunused-parameter\x1b]8;;\x07\x1b[m\x1b[K]\n'}
[55.934562] (mission_center) StderrLine: {'line': b'   98 | \x1b[01;35m\x1b[Kst std::shared_ptr<std_srvs::srv::Empty::Request> request\x1b[m\x1b[K,\n'}
[55.934616] (mission_center) StderrLine: {'line': b'      | \x1b[01;35m\x1b[K~~~~~~~~~~~~~~~~~~~~~~~~~~~~~~~~~~~~~~~~~~~~~~~~~~^~~~~~~\x1b[m\x1b[K\n'}
[55.934670] (mission_center) StderrLine: {'line': b'\n'}
[55.934732] (mission_center) StderrLine: {'line': b'\x1b[01m\x1b[K/home/gadzz/Workspace/VTOL-MissionCenter/src/mission_center/include/mission_center/uav_mission.hpp:99:68:\x1b[m\x1b[K \x1b[01;35m\x1b[Kwarning: \x1b[m\x1b[Kunused parameter \xe2\x80\x98\x1b[01m\x1b[Kresponse\x1b[m\x1b[K\xe2\x80\x99 [\x1b[01;35m\x1b[K\x1b]8;;https://gcc.gnu.org/onlinedocs/gcc/Warning-Options.html#index-Wunused-parameter\x07-Wunused-parameter\x1b]8;;\x07\x1b[m\x1b[K]\n'}
[55.934784] (mission_center) StderrLine: {'line': b'   99 | \x1b[01;35m\x1b[Ktd::shared_ptr<std_srvs::srv::Empty::Response> response\x1b[m\x1b[K) {\n'}
[55.934822] (mission_center) StderrLine: {'line': b'      | \x1b[01;35m\x1b[K~~~~~~~~~~~~~~~~~~~~~~~~~~~~~~~~~~~~~~~~~~~~~~~^~~~~~~~\x1b[m\x1b[K\n'}
[55.934877] (mission_center) StderrLine: {'line': b'\n'}
[55.962002] (mission_center) StderrLine: {'line': b'\x1b[01m\x1b[K/home/gadzz/Workspace/VTOL-MissionCenter/src/mission_center/src/pilot_node.cpp:\x1b[m\x1b[K In member function \xe2\x80\x98\x1b[01m\x1b[Kbool PilotNode::killPilotCb(std::shared_ptr<std_srvs::srv::Empty_Request_<std::allocator<void> > >, std::shared_ptr<std_srvs::srv::Empty_Response_<std::allocator<void> > >)\x1b[m\x1b[K\xe2\x80\x99:\n'}
[55.962336] (mission_center) StderrLine: {'line': b'\x1b[01m\x1b[K/home/gadzz/Workspace/VTOL-MissionCenter/src/mission_center/src/pilot_node.cpp:27:73:\x1b[m\x1b[K \x1b[01;35m\x1b[Kwarning: \x1b[m\x1b[Kunused parameter \xe2\x80\x98\x1b[01m\x1b[Krequest\x1b[m\x1b[K\xe2\x80\x99 [\x1b[01;35m\x1b[K\x1b]8;;https://gcc.gnu.org/onlinedocs/gcc/Warning-Options.html#index-Wunused-parameter\x07-Wunused-parameter\x1b]8;;\x07\x1b[m\x1b[K]\n'}
[55.962394] (mission_center) StderrLine: {'line': b'   27 | \x1b[01;35m\x1b[Kst std::shared_ptr<std_srvs::srv::Empty::Request> request\x1b[m\x1b[K,\n'}
[55.962438] (mission_center) StderrLine: {'line': b'      | \x1b[01;35m\x1b[K~~~~~~~~~~~~~~~~~~~~~~~~~~~~~~~~~~~~~~~~~~~~~~~~~~^~~~~~~\x1b[m\x1b[K\n'}
[55.962480] (mission_center) StderrLine: {'line': b'\n'}
[55.962519] (mission_center) StderrLine: {'line': b'\x1b[01m\x1b[K/home/gadzz/Workspace/VTOL-MissionCenter/src/mission_center/src/pilot_node.cpp:28:68:\x1b[m\x1b[K \x1b[01;35m\x1b[Kwarning: \x1b[m\x1b[Kunused parameter \xe2\x80\x98\x1b[01m\x1b[Kresponse\x1b[m\x1b[K\xe2\x80\x99 [\x1b[01;35m\x1b[K\x1b]8;;https://gcc.gnu.org/onlinedocs/gcc/Warning-Options.html#index-Wunused-parameter\x07-Wunused-parameter\x1b]8;;\x07\x1b[m\x1b[K]\n'}
[55.962580] (mission_center) StderrLine: {'line': b'   28 | \x1b[01;35m\x1b[Ktd::shared_ptr<std_srvs::srv::Empty::Response> response\x1b[m\x1b[K) {\n'}
[55.962624] (mission_center) StderrLine: {'line': b'      | \x1b[01;35m\x1b[K~~~~~~~~~~~~~~~~~~~~~~~~~~~~~~~~~~~~~~~~~~~~~~~^~~~~~~~\x1b[m\x1b[K\n'}
[55.962663] (mission_center) StderrLine: {'line': b'\n'}
[56.025032] (-) TimerEvent: {}
[56.125616] (-) TimerEvent: {}
[56.225988] (-) TimerEvent: {}
[56.326442] (-) TimerEvent: {}
[56.426902] (-) TimerEvent: {}
[56.527228] (-) TimerEvent: {}
[56.627750] (-) TimerEvent: {}
[56.728322] (-) TimerEvent: {}
[56.829083] (-) TimerEvent: {}
[56.929868] (-) TimerEvent: {}
[57.030688] (-) TimerEvent: {}
[57.131119] (-) TimerEvent: {}
[57.231769] (-) TimerEvent: {}
[57.332563] (-) TimerEvent: {}
[57.433140] (-) TimerEvent: {}
[57.533530] (-) TimerEvent: {}
[57.634130] (-) TimerEvent: {}
[57.735070] (-) TimerEvent: {}
[57.835581] (-) TimerEvent: {}
[57.936083] (-) TimerEvent: {}
[58.038152] (-) TimerEvent: {}
[58.138921] (-) TimerEvent: {}
[58.239393] (-) TimerEvent: {}
[58.339916] (-) TimerEvent: {}
[58.440464] (-) TimerEvent: {}
[58.524895] (mission_center) StdoutLine: {'line': b'[ 87%] \x1b[32m\x1b[1mLinking CXX executable pilot_node\x1b[0m\n'}
[58.540705] (-) TimerEvent: {}
[58.641378] (-) TimerEvent: {}
[58.743094] (-) TimerEvent: {}
[58.843769] (-) TimerEvent: {}
[58.944747] (-) TimerEvent: {}
[59.045975] (-) TimerEvent: {}
[59.147674] (-) TimerEvent: {}
[59.251088] (-) TimerEvent: {}
[59.352260] (-) TimerEvent: {}
[59.453261] (-) TimerEvent: {}
[59.555116] (-) TimerEvent: {}
[59.655691] (-) TimerEvent: {}
[59.756673] (-) TimerEvent: {}
[59.857361] (-) TimerEvent: {}
[59.958718] (-) TimerEvent: {}
[60.059740] (-) TimerEvent: {}
[60.160478] (-) TimerEvent: {}
[60.261152] (-) TimerEvent: {}
[60.362222] (-) TimerEvent: {}
[60.463896] (-) TimerEvent: {}
[60.565177] (-) TimerEvent: {}
[60.614214] (mission_center) StdoutLine: {'line': b'[ 87%] Built target pilot_node\n'}
[60.654542] (mission_center) StdoutLine: {'line': b'[100%] Built target safety_node\n'}
[60.665396] (-) TimerEvent: {}
[60.675546] (mission_center) CommandEnded: {'returncode': 0}
[60.677044] (mission_center) JobProgress: {'identifier': 'mission_center', 'progress': 'install'}
[60.677771] (mission_center) Command: {'cmd': ['/usr/bin/cmake', '--install', '/home/gadzz/Workspace/VTOL-MissionCenter/build/mission_center'], 'cwd': '/home/gadzz/Workspace/VTOL-MissionCenter/build/mission_center', 'env': OrderedDict([('LESSOPEN', '| /usr/bin/lesspipe %s'), ('KDE_FULL_SESSION', 'true'), ('TMUX', '/tmp/tmux-1000/default,12136,0'), ('USER', 'gadzz'), ('PAM_KWALLET5_LOGIN', '/run/user/1000/kwallet5.socket'), ('LC_TIME', 'id_ID.UTF-8'), ('XDG_SEAT', 'seat0'), ('SSH_AGENT_PID', '2500'), ('XDG_SESSION_TYPE', 'x11'), ('XCURSOR_SIZE', '24'), ('SHLVL', '3'), ('LD_LIBRARY_PATH', '/home/gadzz/Workspace/VTOL-MissionCenter/install/keyboard_msgs/lib:/home/gadzz/Workspace/VTOL-MissionCenter/install/mission_center/lib:/opt/ros/humble/opt/rviz_ogre_vendor/lib:/opt/ros/humble/lib/x86_64-linux-gnu:/opt/ros/humble/lib'), ('LESS', '-R'), ('HOME', '/home/gadzz'), ('KDE_APPLICATIONS_AS_SCOPE', '1'), ('OLDPWD', '/home/gadzz/Workspace/VTOL-MissionCenter/build/mission_center'), ('TERM_PROGRAM_VERSION', '3.5a'), ('DESKTOP_SESSION', 'plasma'), ('LSCOLORS', 'Gxfxcxdxbxegedabagacad'), ('ZSH', '/home/gadzz/.oh-my-zsh'), ('ROS_PYTHON_VERSION', '3'), ('GTK_RC_FILES', '/etc/gtk/gtkrc:/home/gadzz/.gtkrc:/home/gadzz/.config/gtkrc'), ('GTK_MODULES', 'gail:atk-bridge'), ('XDG_SEAT_PATH', '/org/freedesktop/DisplayManager/Seat0'), ('KDE_SESSION_VERSION', '5'), ('PAGER', 'less'), ('LC_MONETARY', 'id_ID.UTF-8'), ('SYSTEMD_EXEC_PID', '2353'), ('DBUS_SESSION_BUS_ADDRESS', 'unix:path=/run/user/1000/bus'), ('COLORTERM', 'truecolor'), ('LIBVIRT_DEFAULT_URI', 'qemu:///system'), ('IM_CONFIG_PHASE', '1'), ('ROS_DISTRO', 'humble'), ('COLCON_PREFIX_PATH', '/home/gadzz/Workspace/VTOL-MissionCenter/install'), ('GTK_IM_MODULE', 'ibus'), ('LOGNAME', 'gadzz'), ('ALACRITTY_SOCKET', '/run/user/1000/Alacritty-:0-11977.sock'), ('WINDOWID', '113246213'), ('QT_AUTO_SCREEN_SCALE_FACTOR', '0'), ('_', '/usr/bin/colcon'), ('ROS_VERSION', '2'), ('XDG_SESSION_CLASS', 'user'), ('TERM', 'tmux-256color'), ('XDG_SESSION_ID', '4'), ('ALACRITTY_LOG', '/tmp/Alacritty-11977.log'), ('ROS_LOCALHOST_ONLY', '0'), ('GTK2_RC_FILES', '/etc/gtk-2.0/gtkrc:/home/gadzz/.gtkrc-2.0:/home/gadzz/.config/gtkrc-2.0'), ('PATH', '/home/gadzz/.cargo/bin:/home/gadzz/local/bin:/opt/ros/humble/bin:/home/gadzz/.cargo/bin:/home/gadzz/local/bin:/home/gadzz/.cargo/bin:/opt/gcc-arm-none-eabi-9-2020-q2-update/bin:/home/gadzz/.local/bin:/usr/local/sbin:/usr/local/bin:/usr/sbin:/usr/bin:/sbin:/bin:/usr/games:/usr/local/games:/snap/bin:/home/gadzz/.fzf/bin:/home/gadzz/Downloads/Micro-XRCE-DDS-Gen/scripts'), ('SESSION_MANAGER', 'local/gadzz:@/tmp/.ICE-unix/2714,unix/gadzz:/tmp/.ICE-unix/2714'), ('XDG_SESSION_PATH', '/org/freedesktop/DisplayManager/Session1'), ('LC_ADDRESS', 'id_ID.UTF-8'), ('XDG_RUNTIME_DIR', '/run/user/1000'), ('XCURSOR_THEME', 'breeze_cursors'), ('DISPLAY', ':0'), ('LANG', 'en_US.UTF-8'), ('XDG_CURRENT_DESKTOP', 'KDE'), ('LC_TELEPHONE', 'id_ID.UTF-8'), ('XMODIFIERS', '@im=ibus'), ('XDG_SESSION_DESKTOP', 'KDE'), ('XAUTHORITY', '/home/gadzz/.Xauthority'), ('LS_COLORS', 'rs=0:di=01;34:ln=01;36:mh=00:pi=40;33:so=01;35:do=01;35:bd=40;33;01:cd=40;33;01:or=40;31;01:mi=00:su=37;41:sg=30;43:ca=30;41:tw=30;42:ow=34;42:st=37;44:ex=01;32:*.tar=01;31:*.tgz=01;31:*.arc=01;31:*.arj=01;31:*.taz=01;31:*.lha=01;31:*.lz4=01;31:*.lzh=01;31:*.lzma=01;31:*.tlz=01;31:*.txz=01;31:*.tzo=01;31:*.t7z=01;31:*.zip=01;31:*.z=01;31:*.dz=01;31:*.gz=01;31:*.lrz=01;31:*.lz=01;31:*.lzo=01;31:*.xz=01;31:*.zst=01;31:*.tzst=01;31:*.bz2=01;31:*.bz=01;31:*.tbz=01;31:*.tbz2=01;31:*.tz=01;31:*.deb=01;31:*.rpm=01;31:*.jar=01;31:*.war=01;31:*.ear=01;31:*.sar=01;31:*.rar=01;31:*.alz=01;31:*.ace=01;31:*.zoo=01;31:*.cpio=01;31:*.7z=01;31:*.rz=01;31:*.cab=01;31:*.wim=01;31:*.swm=01;31:*.dwm=01;31:*.esd=01;31:*.jpg=01;35:*.jpeg=01;35:*.mjpg=01;35:*.mjpeg=01;35:*.gif=01;35:*.bmp=01;35:*.pbm=01;35:*.pgm=01;35:*.ppm=01;35:*.tga=01;35:*.xbm=01;35:*.xpm=01;35:*.tif=01;35:*.tiff=01;35:*.png=01;35:*.svg=01;35:*.svgz=01;35:*.mng=01;35:*.pcx=01;35:*.mov=01;35:*.mpg=01;35:*.mpeg=01;35:*.m2v=01;35:*.mkv=01;35:*.webm=01;35:*.webp=01;35:*.ogm=01;35:*.mp4=01;35:*.m4v=01;35:*.mp4v=01;35:*.vob=01;35:*.qt=01;35:*.nuv=01;35:*.wmv=01;35:*.asf=01;35:*.rm=01;35:*.rmvb=01;35:*.flc=01;35:*.avi=01;35:*.fli=01;35:*.flv=01;35:*.gl=01;35:*.dl=01;35:*.xcf=01;35:*.xwd=01;35:*.yuv=01;35:*.cgm=01;35:*.emf=01;35:*.ogv=01;35:*.ogx=01;35:*.aac=00;36:*.au=00;36:*.flac=00;36:*.m4a=00;36:*.mid=00;36:*.midi=00;36:*.mka=00;36:*.mp3=00;36:*.mpc=00;36:*.ogg=00;36:*.ra=00;36:*.wav=00;36:*.oga=00;36:*.opus=00;36:*.spx=00;36:*.xspf=00;36:'), ('TERM_PROGRAM', 'tmux'), ('SSH_AUTH_SOCK', '/tmp/ssh-XXXXXXhQJ7UG/agent.2413'), ('AMENT_PREFIX_PATH', '/home/gadzz/Workspace/VTOL-MissionCenter/install/mission_center:/home/gadzz/Workspace/VTOL-MissionCenter/install/keyboard:/home/gadzz/Workspace/VTOL-MissionCenter/install/keyboard_msgs:/opt/ros/humble'), ('SHELL', '/bin/bash'), ('LC_NAME', 'id_ID.UTF-8'), ('QT_ACCESSIBILITY', '1'), ('LESSCLOSE', '/usr/bin/lesspipe %s %s'), ('LC_MEASUREMENT', 'id_ID.UTF-8'), ('GPG_AGENT_INFO', '/run/user/1000/gnupg/S.gpg-agent:0:1'), ('LC_IDENTIFICATION', 'id_ID.UTF-8'), ('QT_IM_MODULE', 'ibus'), ('XDG_VTNR', '1'), ('ALACRITTY_WINDOW_ID', '113246213'), ('PWD', '/home/gadzz/Workspace/VTOL-MissionCenter/build/mission_center'), ('LC_ALL', 'en_US.UTF-8'), ('XDG_CONFIG_DIRS', '/home/gadzz/.config/kdedefaults:/etc/xdg/xdg-plasma:/etc/xdg'), ('CLUTTER_IM_MODULE', 'ibus'), ('XDG_DATA_DIRS', '/usr/share/plasma:/usr/share/gnome:/usr/local/share:/usr/share:/var/lib/snapd/desktop'), ('PYTHONPATH', '/home/gadzz/Workspace/VTOL-MissionCenter/install/keyboard_msgs/local/lib/python3.10/dist-packages:/opt/ros/humble/lib/python3.10/site-packages:/opt/ros/humble/local/lib/python3.10/dist-packages'), ('LC_NUMERIC', 'id_ID.UTF-8'), ('TMUX_PLUGIN_MANAGER_PATH', '/home/gadzz/.config/tmux/plugins/'), ('LC_PAPER', 'id_ID.UTF-8'), ('KDE_SESSION_UID', '1000'), ('COLCON', '1'), ('TMUX_PANE', '%1'), ('CMAKE_PREFIX_PATH', '/home/gadzz/Workspace/VTOL-MissionCenter/install/keyboard_msgs:/home/gadzz/Workspace/VTOL-MissionCenter/install/mission_center:/home/gadzz/Workspace/VTOL-MissionCenter/install/keyboard:/opt/ros/humble')]), 'shell': False}
[60.691574] (mission_center) StdoutLine: {'line': b'-- Install configuration: ""\n'}
[60.691973] (mission_center) StdoutLine: {'line': b'-- Installing: /home/gadzz/Workspace/VTOL-MissionCenter/install/mission_center/lib/libuav_mission.so\n'}
[60.722910] (mission_center) StdoutLine: {'line': b'-- Set runtime path of "/home/gadzz/Workspace/VTOL-MissionCenter/install/mission_center/lib/libuav_mission.so" to ""\n'}
[60.723396] (mission_center) StdoutLine: {'line': b'-- Installing: /home/gadzz/Workspace/VTOL-MissionCenter/install/mission_center/lib/mission_center/pilot_node\n'}
[60.725165] (mission_center) StdoutLine: {'line': b'-- Set runtime path of "/home/gadzz/Workspace/VTOL-MissionCenter/install/mission_center/lib/mission_center/pilot_node" to ""\n'}
[60.725690] (mission_center) StdoutLine: {'line': b'-- Up-to-date: /home/gadzz/Workspace/VTOL-MissionCenter/install/mission_center/lib/mission_center/safety_node\n'}
[60.725851] (mission_center) StdoutLine: {'line': b'-- Installing: /home/gadzz/Workspace/VTOL-MissionCenter/install/mission_center/lib/mission_center/ui_node\n'}
[60.729820] (mission_center) StdoutLine: {'line': b'-- Set runtime path of "/home/gadzz/Workspace/VTOL-MissionCenter/install/mission_center/lib/mission_center/ui_node" to ""\n'}
[60.730276] (mission_center) StdoutLine: {'line': b'-- Up-to-date: /home/gadzz/Workspace/VTOL-MissionCenter/install/mission_center/share/mission_center//launch\n'}
[60.730407] (mission_center) StdoutLine: {'line': b'-- Up-to-date: /home/gadzz/Workspace/VTOL-MissionCenter/install/mission_center/share/mission_center//launch/mav.tlog.raw\n'}
[60.730484] (mission_center) StdoutLine: {'line': b'-- Up-to-date: /home/gadzz/Workspace/VTOL-MissionCenter/install/mission_center/share/mission_center//launch/sim_apm.launch\n'}
[60.730612] (mission_center) StdoutLine: {'line': b'-- Up-to-date: /home/gadzz/Workspace/VTOL-MissionCenter/install/mission_center/share/mission_center//launch/test\n'}
[60.730668] (mission_center) StdoutLine: {'line': b'-- Up-to-date: /home/gadzz/Workspace/VTOL-MissionCenter/install/mission_center/share/mission_center//launch/test/logs\n'}
[60.730722] (mission_center) StdoutLine: {'line': b'-- Up-to-date: /home/gadzz/Workspace/VTOL-MissionCenter/install/mission_center/share/mission_center//launch/test/logs/2025-10-07\n'}
[60.730776] (mission_center) StdoutLine: {'line': b'-- Up-to-date: /home/gadzz/Workspace/VTOL-MissionCenter/install/mission_center/share/mission_center//launch/test/logs/2025-10-07/flight1\n'}
[60.730829] (mission_center) StdoutLine: {'line': b'-- Up-to-date: /home/gadzz/Workspace/VTOL-MissionCenter/install/mission_center/share/mission_center//launch/test/logs/2025-10-07/flight1/flight.tlog.raw\n'}
[60.730885] (mission_center) StdoutLine: {'line': b'-- Up-to-date: /home/gadzz/Workspace/VTOL-MissionCenter/install/mission_center/share/mission_center//launch/test/logs/2025-10-07/flight1/flight.tlog\n'}
[60.730945] (mission_center) StdoutLine: {'line': b'-- Up-to-date: /home/gadzz/Workspace/VTOL-MissionCenter/install/mission_center/share/mission_center//launch/test/logs/2025-10-07/flight1/defaults.parm\n'}
[60.731027] (mission_center) StdoutLine: {'line': b'-- Up-to-date: /home/gadzz/Workspace/VTOL-MissionCenter/install/mission_center/share/mission_center//launch/test/logs/2025-10-07/flight1/mav.parm\n'}
[60.731084] (mission_center) StdoutLine: {'line': b'-- Up-to-date: /home/gadzz/Workspace/VTOL-MissionCenter/install/mission_center/share/mission_center//launch/mav.tlog\n'}
[60.731126] (mission_center) StdoutLine: {'line': b'-- Up-to-date: /home/gadzz/Workspace/VTOL-MissionCenter/install/mission_center/share/mission_center//launch/eeprom.bin\n'}
[60.731191] (mission_center) StdoutLine: {'line': b'-- Up-to-date: /home/gadzz/Workspace/VTOL-MissionCenter/install/mission_center/share/mission_center//launch/real_apm.launch\n'}
[60.731255] (mission_center) StdoutLine: {'line': b'-- Up-to-date: /home/gadzz/Workspace/VTOL-MissionCenter/install/mission_center/lib/mission_center/trajectory_streamer\n'}
[60.731332] (mission_center) StdoutLine: {'line': b'-- Up-to-date: /home/gadzz/Workspace/VTOL-MissionCenter/install/mission_center/share/mission_center/environment/library_path.sh\n'}
[60.731420] (mission_center) StdoutLine: {'line': b'-- Up-to-date: /home/gadzz/Workspace/VTOL-MissionCenter/install/mission_center/share/mission_center/environment/library_path.dsv\n'}
[60.731799] (mission_center) StdoutLine: {'line': b'-- Up-to-date: /home/gadzz/Workspace/VTOL-MissionCenter/install/mission_center/share/ament_index/resource_index/package_run_dependencies/mission_center\n'}
[60.731904] (mission_center) StdoutLine: {'line': b'-- Up-to-date: /home/gadzz/Workspace/VTOL-MissionCenter/install/mission_center/share/ament_index/resource_index/parent_prefix_path/mission_center\n'}
[60.732001] (mission_center) StdoutLine: {'line': b'-- Up-to-date: /home/gadzz/Workspace/VTOL-MissionCenter/install/mission_center/share/mission_center/environment/ament_prefix_path.sh\n'}
[60.732072] (mission_center) StdoutLine: {'line': b'-- Up-to-date: /home/gadzz/Workspace/VTOL-MissionCenter/install/mission_center/share/mission_center/environment/ament_prefix_path.dsv\n'}
[60.732164] (mission_center) StdoutLine: {'line': b'-- Up-to-date: /home/gadzz/Workspace/VTOL-MissionCenter/install/mission_center/share/mission_center/environment/path.sh\n'}
[60.732207] (mission_center) StdoutLine: {'line': b'-- Up-to-date: /home/gadzz/Workspace/VTOL-MissionCenter/install/mission_center/share/mission_center/environment/path.dsv\n'}
[60.732248] (mission_center) StdoutLine: {'line': b'-- Up-to-date: /home/gadzz/Workspace/VTOL-MissionCenter/install/mission_center/share/mission_center/local_setup.bash\n'}
[60.732287] (mission_center) StdoutLine: {'line': b'-- Up-to-date: /home/gadzz/Workspace/VTOL-MissionCenter/install/mission_center/share/mission_center/local_setup.sh\n'}
[60.732335] (mission_center) StdoutLine: {'line': b'-- Up-to-date: /home/gadzz/Workspace/VTOL-MissionCenter/install/mission_center/share/mission_center/local_setup.zsh\n'}
[60.732381] (mission_center) StdoutLine: {'line': b'-- Up-to-date: /home/gadzz/Workspace/VTOL-MissionCenter/install/mission_center/share/mission_center/local_setup.dsv\n'}
[60.732423] (mission_center) StdoutLine: {'line': b'-- Installing: /home/gadzz/Workspace/VTOL-MissionCenter/install/mission_center/share/mission_center/package.dsv\n'}
[60.732470] (mission_center) StdoutLine: {'line': b'-- Up-to-date: /home/gadzz/Workspace/VTOL-MissionCenter/install/mission_center/share/ament_index/resource_index/packages/mission_center\n'}
[60.732516] (mission_center) StdoutLine: {'line': b'-- Up-to-date: /home/gadzz/Workspace/VTOL-MissionCenter/install/mission_center/share/mission_center/cmake/ament_cmake_export_include_directories-extras.cmake\n'}
[60.732558] (mission_center) StdoutLine: {'line': b'-- Up-to-date: /home/gadzz/Workspace/VTOL-MissionCenter/install/mission_center/share/mission_center/cmake/ament_cmake_export_libraries-extras.cmake\n'}
[60.732597] (mission_center) StdoutLine: {'line': b'-- Up-to-date: /home/gadzz/Workspace/VTOL-MissionCenter/install/mission_center/share/mission_center/cmake/mission_centerConfig.cmake\n'}
[60.732662] (mission_center) StdoutLine: {'line': b'-- Up-to-date: /home/gadzz/Workspace/VTOL-MissionCenter/install/mission_center/share/mission_center/cmake/mission_centerConfig-version.cmake\n'}
[60.732735] (mission_center) StdoutLine: {'line': b'-- Up-to-date: /home/gadzz/Workspace/VTOL-MissionCenter/install/mission_center/share/mission_center/package.xml\n'}
[60.735362] (mission_center) CommandEnded: {'returncode': 0}
[60.757551] (mission_center) JobEnded: {'identifier': 'mission_center', 'rc': 0}
[60.759552] (-) EventReactorShutdown: {}
